well_id,cycle_num,day_count_in_cycle,phase,temperature_C,viscosity_cP,spm,stroke_length_in,vfd_frequency_hz,water_cut_frac,cum_production_this_cycle_bbl,lagged_bopd,bopd,is_synthetic,data_source
BGW-001,4,1.35,production,96.569,747.12,6.82,135.4,42.0,0.121,12.2,9.02,9.02,True,physics_chained_synthetic
BGW-001,4,2.02,production,94.718,853.75,6.82,135.4,42.0,0.121,18.4,9.02,9.23,True,physics_chained_synthetic
BGW-001,4,4.74,production,85.667,1671.73,6.82,135.4,42.0,0.121,30.7,9.23,4.53,True,physics_chained_synthetic
BGW-001,4,4.77,production,85.588,1681.81,6.82,135.4,42.0,0.121,30.8,4.53,4.56,True,physics_chained_synthetic
BGW-001,4,5.05,production,84.67,1803.91,6.82,135.4,42.0,0.121,31.9,4.56,3.81,True,physics_chained_synthetic
BGW-001,4,12.0,production,58.224,16049.68,6.82,135.4,42.0,0.121,32.6,3.81,0.11,True,physics_chained_synthetic
BGW-001,4,12.36,production,57.372,17320.91,6.82,135.4,42.0,0.121,32.9,0.11,0.61,True,physics_chained_synthetic
BGW-001,4,13.67,production,54.494,22474.84,6.82,135.4,42.0,0.121,32.9,0.61,0.0,True,physics_chained_synthetic
BGW-001,4,18.04,production,48.608,38845.52,6.82,135.4,42.0,0.121,32.9,0.0,0.0,True,physics_chained_synthetic
BGW-001,4,19.42,production,47.852,41734.14,6.82,135.4,42.0,0.121,33.6,0.0,0.55,True,physics_chained_synthetic
BGW-001,4,21.41,production,47.242,44228.66,6.82,135.4,42.0,0.121,33.9,0.55,0.16,True,physics_chained_synthetic
BGW-001,4,22.04,production,47.133,44695.07,6.82,135.4,42.0,0.121,34.1,0.16,0.25,True,physics_chained_synthetic
BGW-001,4,22.22,production,47.108,44802.17,6.82,135.4,42.0,0.121,34.1,0.25,0.29,True,physics_chained_synthetic
BGW-001,4,23.73,production,46.956,45456.03,6.82,135.4,42.0,0.121,34.1,0.29,0.0,True,physics_chained_synthetic
BGW-001,4,30.45,production,46.841,45960.75,6.82,135.4,42.0,0.121,34.1,0.0,0.0,True,physics_chained_synthetic
BGW-001,4,33.53,production,46.84,45963.44,6.82,135.4,42.0,0.121,35.0,0.0,0.27,True,physics_chained_synthetic
BGW-001,4,37.71,production,46.84,45963.58,6.82,135.4,42.0,0.121,35.0,0.27,0.0,True,physics_chained_synthetic
BGW-001,4,37.81,production,46.84,45963.58,6.82,135.4,42.0,0.121,35.0,0.0,0.17,True,physics_chained_synthetic
BGW-001,4,38.07,production,46.84,45963.58,6.82,135.4,42.0,0.121,35.0,0.17,0.04,True,physics_chained_synthetic
BGW-001,4,39.92,production,46.84,45963.58,6.82,135.4,42.0,0.121,35.0,0.04,0.0,True,physics_chained_synthetic
BGW-001,3,8.78,production,57.574,17011.13,5.27,134.3,55.7,0.318,0.9,0.1,0.1,True,physics_chained_synthetic
BGW-001,3,8.99,production,57.098,17753.69,5.27,134.3,55.7,0.318,1.0,0.1,0.8,True,physics_chained_synthetic
BGW-001,3,15.98,production,47.759,42105.64,5.27,134.3,55.7,0.318,1.0,0.8,0.0,True,physics_chained_synthetic
BGW-001,3,16.07,production,47.725,42241.05,5.27,134.3,55.7,0.318,1.0,0.0,0.0,True,physics_chained_synthetic
BGW-001,3,19.45,production,46.982,45342.0,5.27,134.3,55.7,0.318,1.0,0.0,0.0,True,physics_chained_synthetic
BGW-001,3,20.11,production,46.928,45579.22,5.27,134.3,55.7,0.318,1.2,0.0,0.23,True,physics_chained_synthetic
BGW-001,3,21.46,production,46.856,45893.37,5.27,134.3,55.7,0.318,1.2,0.23,0.0,True,physics_chained_synthetic
BGW-001,3,24.97,production,46.798,46147.52,5.27,134.3,55.7,0.318,1.5,0.0,0.1,True,physics_chained_synthetic
BGW-001,3,25.66,production,46.796,46158.27,5.27,134.3,55.7,0.318,1.5,0.1,0.0,True,physics_chained_synthetic
BGW-001,3,26.36,production,46.794,46164.95,5.27,134.3,55.7,0.318,1.5,0.0,0.0,True,physics_chained_synthetic
BGW-001,3,26.96,production,46.793,46168.6,5.27,134.3,55.7,0.318,1.7,0.0,0.33,True,physics_chained_synthetic
BGW-001,3,27.48,production,46.793,46170.65,5.27,134.3,55.7,0.318,1.7,0.33,0.01,True,physics_chained_synthetic
BGW-001,3,27.78,production,46.793,46171.51,5.27,134.3,55.7,0.318,1.7,0.01,0.0,True,physics_chained_synthetic
BGW-001,3,27.95,production,46.793,46171.91,5.27,134.3,55.7,0.318,1.8,0.0,0.41,True,physics_chained_synthetic
BGW-001,3,33.02,production,46.792,46174.54,5.27,134.3,55.7,0.318,3.7,0.41,0.38,True,physics_chained_synthetic
BGW-001,3,33.16,production,46.792,46174.54,5.27,134.3,55.7,0.318,3.7,0.38,0.0,True,physics_chained_synthetic
BGW-001,3,35.23,production,46.792,46174.55,5.27,134.3,55.7,0.318,3.7,0.0,0.0,True,physics_chained_synthetic
BGW-001,3,35.27,production,46.792,46174.55,5.27,134.3,55.7,0.318,3.8,0.0,0.47,True,physics_chained_synthetic
BGW-001,3,36.78,production,46.792,46174.55,5.27,134.3,55.7,0.318,3.8,0.47,0.0,True,physics_chained_synthetic
BGW-001,3,37.08,production,46.792,46174.55,5.27,134.3,55.7,0.318,3.8,0.0,0.02,True,physics_chained_synthetic
BGW-001,3,0.4,production,135.928,58.32,5.71,124.3,49.3,0.053,57.0,143.13,143.13,True,physics_chained_synthetic
BGW-001,3,1.61,production,130.541,80.29,5.71,124.3,49.3,0.053,185.6,143.13,105.77,True,physics_chained_synthetic
BGW-001,3,3.98,production,117.592,179.49,5.71,124.3,49.3,0.053,275.9,105.77,38.16,True,physics_chained_synthetic
BGW-001,3,5.1,production,111.104,274.13,5.71,124.3,49.3,0.053,303.8,38.16,25.04,True,physics_chained_synthetic
BGW-001,3,5.79,production,106.964,361.89,5.71,124.3,49.3,0.053,316.5,25.04,18.34,True,physics_chained_synthetic
BGW-001,3,6.38,production,103.379,462.61,5.71,124.3,49.3,0.053,324.3,18.34,13.19,True,physics_chained_synthetic
BGW-001,3,8.44,production,89.971,1209.37,5.71,124.3,49.3,0.053,334.6,13.19,5.04,True,physics_chained_synthetic
BGW-001,3,8.95,production,86.849,1528.35,5.71,124.3,49.3,0.053,336.9,5.04,4.47,True,physics_chained_synthetic
BGW-001,3,12.18,production,68.009,6872.06,5.71,124.3,49.3,0.053,340.0,4.47,0.94,True,physics_chained_synthetic
BGW-001,3,17.13,production,51.591,29364.39,5.71,124.3,49.3,0.053,340.0,0.94,0.0,True,physics_chained_synthetic
BGW-001,3,19.68,production,48.736,38377.29,5.71,124.3,49.3,0.053,341.3,0.0,0.52,True,physics_chained_synthetic
BGW-001,3,21.52,production,47.838,41789.02,5.71,124.3,49.3,0.053,341.6,0.52,0.13,True,physics_chained_synthetic
BGW-001,3,24.4,production,47.331,43857.47,5.71,124.3,49.3,0.053,343.3,0.13,0.6,True,physics_chained_synthetic
BGW-001,3,25.57,production,47.269,44118.04,5.71,124.3,49.3,0.053,343.3,0.6,0.0,True,physics_chained_synthetic
BGW-001,3,26.07,production,47.253,44184.72,5.71,124.3,49.3,0.053,343.8,0.0,0.97,True,physics_chained_synthetic
BGW-001,3,33.93,production,47.214,44348.76,5.71,124.3,49.3,0.053,343.8,0.97,0.0,True,physics_chained_synthetic
BGW-001,3,37.32,production,47.214,44348.85,5.71,124.3,49.3,0.053,343.8,0.0,0.0,True,physics_chained_synthetic
BGW-001,3,37.47,production,47.214,44348.85,5.71,124.3,49.3,0.053,343.8,0.0,0.0,True,physics_chained_synthetic
BGW-001,3,38.39,production,47.214,44348.85,5.71,124.3,49.3,0.053,344.1,0.0,0.31,True,physics_chained_synthetic
BGW-001,3,38.45,production,47.214,44348.85,5.71,124.3,49.3,0.053,344.1,0.31,0.3,True,physics_chained_synthetic
BGW-002,2,0.13,production,128.708,89.69,5.24,127.5,51.8,0.134,12.7,101.15,101.15,True,physics_chained_synthetic
BGW-002,2,0.28,production,127.919,94.1,5.24,127.5,51.8,0.134,24.0,101.15,74.79,True,physics_chained_synthetic
BGW-002,2,1.96,production,118.964,164.41,5.24,127.5,51.8,0.134,99.6,74.79,45.0,True,physics_chained_synthetic
BGW-002,2,4.1,production,107.31,353.53,5.24,127.5,51.8,0.134,143.8,45.0,20.66,True,physics_chained_synthetic
BGW-002,2,4.63,production,104.448,429.73,5.24,127.5,51.8,0.134,152.8,20.66,16.66,True,physics_chained_synthetic
BGW-002,2,5.67,production,98.822,636.32,5.24,127.5,51.8,0.134,164.2,16.66,11.04,True,physics_chained_synthetic
BGW-002,2,5.9,production,97.606,693.73,5.24,127.5,51.8,0.134,166.2,11.04,8.47,True,physics_chained_synthetic
BGW-002,2,11.97,production,64.805,9023.34,5.24,127.5,51.8,0.134,169.4,8.47,0.53,True,physics_chained_synthetic
BGW-002,2,13.21,production,60.415,13216.16,5.24,127.5,51.8,0.134,169.6,0.53,0.22,True,physics_chained_synthetic
BGW-002,2,16.3,production,52.341,27391.3,5.24,127.5,51.8,0.134,171.4,0.22,0.57,True,physics_chained_synthetic
BGW-002,2,19.75,production,48.113,40709.11,5.24,127.5,51.8,0.134,171.6,0.57,0.05,True,physics_chained_synthetic
BGW-002,2,21.07,production,47.407,43538.39,5.24,127.5,51.8,0.134,171.7,0.05,0.09,True,physics_chained_synthetic
BGW-002,2,23.23,production,46.807,46108.39,5.24,127.5,51.8,0.134,172.0,0.09,0.13,True,physics_chained_synthetic
BGW-002,2,23.51,production,46.764,46300.81,5.24,127.5,51.8,0.134,172.0,0.13,0.0,True,physics_chained_synthetic
BGW-002,2,25.32,production,46.588,47085.12,5.24,127.5,51.8,0.134,172.4,0.0,0.23,True,physics_chained_synthetic
BGW-002,2,29.19,production,46.5,47485.69,5.24,127.5,51.8,0.134,172.4,0.23,0.0,True,physics_chained_synthetic
BGW-002,2,33.72,production,46.494,47512.82,5.24,127.5,51.8,0.134,172.9,0.0,0.11,True,physics_chained_synthetic
BGW-002,2,33.74,production,46.494,47512.83,5.24,127.5,51.8,0.134,172.9,0.11,0.0,True,physics_chained_synthetic
BGW-002,2,37.36,production,46.494,47513.26,5.24,127.5,51.8,0.134,174.4,0.0,0.41,True,physics_chained_synthetic
BGW-002,2,39.14,production,46.494,47513.26,5.24,127.5,51.8,0.134,174.5,0.41,0.06,True,physics_chained_synthetic
BGW-002,1,1.33,production,122.541,131.16,4.11,88.1,36.2,0.123,90.4,67.78,67.78,True,physics_chained_synthetic
BGW-002,1,2.26,production,119.158,162.39,4.11,88.1,36.2,0.123,133.2,67.78,45.98,True,physics_chained_synthetic
BGW-002,1,8.15,production,84.851,1779.06,4.11,88.1,36.2,0.123,159.0,45.98,4.39,True,physics_chained_synthetic
BGW-002,1,8.28,production,84.187,1871.96,4.11,88.1,36.2,0.123,159.5,4.39,4.3,True,physics_chained_synthetic
BGW-002,1,10.45,production,72.859,4594.52,4.11,88.1,36.2,0.123,163.7,4.3,1.91,True,physics_chained_synthetic
BGW-002,1,12.88,production,62.09,11412.6,4.11,88.1,36.2,0.123,165.0,1.91,0.55,True,physics_chained_synthetic
BGW-002,1,13.78,production,58.96,15032.63,4.11,88.1,36.2,0.123,165.4,0.55,0.47,True,physics_chained_synthetic
BGW-002,1,13.92,production,58.501,15659.17,4.11,88.1,36.2,0.123,165.5,0.47,0.14,True,physics_chained_synthetic
BGW-002,1,16.36,production,52.113,27975.44,4.11,88.1,36.2,0.123,165.7,0.14,0.11,True,physics_chained_synthetic
BGW-002,1,19.47,production,47.989,41191.64,4.11,88.1,36.2,0.123,165.7,0.11,0.0,True,physics_chained_synthetic
BGW-002,1,20.29,production,47.458,43329.35,4.11,88.1,36.2,0.123,166.2,0.0,0.53,True,physics_chained_synthetic
BGW-002,1,21.09,production,47.078,44930.29,4.11,88.1,36.2,0.123,166.2,0.53,0.0,True,physics_chained_synthetic
BGW-002,1,21.29,production,47.001,45260.0,4.11,88.1,36.2,0.123,166.2,0.0,0.0,True,physics_chained_synthetic
BGW-002,1,21.4,production,46.962,45429.47,4.11,88.1,36.2,0.123,166.2,0.0,0.22,True,physics_chained_synthetic
BGW-002,1,22.28,production,46.699,46586.29,4.11,88.1,36.2,0.123,166.3,0.22,0.16,True,physics_chained_synthetic
BGW-002,1,23.54,production,46.466,47641.6,4.11,88.1,36.2,0.123,166.3,0.16,0.0,True,physics_chained_synthetic
BGW-002,1,32.56,production,46.233,48719.73,4.11,88.1,36.2,0.123,168.3,0.0,0.22,True,physics_chained_synthetic
BGW-002,1,34.09,production,46.233,48720.13,4.11,88.1,36.2,0.123,168.3,0.22,0.0,True,physics_chained_synthetic
BGW-002,1,34.1,production,46.233,48720.13,4.11,88.1,36.2,0.123,168.3,0.0,0.26,True,physics_chained_synthetic
BGW-002,1,38.9,production,46.233,48720.23,4.11,88.1,36.2,0.123,168.7,0.26,0.09,True,physics_chained_synthetic
BGW-002,2,0.3,production,150.287,25.88,3.72,66.9,36.4,0.184,36.5,122.06,122.06,True,physics_chained_synthetic
BGW-002,2,2.13,production,140.748,44.12,3.72,66.9,36.4,0.184,243.1,122.06,113.03,True,physics_chained_synthetic
BGW-002,2,3.4,production,133.587,66.94,3.72,66.9,36.4,0.184,375.4,113.03,103.99,True,physics_chained_synthetic
BGW-002,2,10.1,production,83.314,2001.93,3.72,66.9,36.4,0.184,399.1,103.99,3.53,True,physics_chained_synthetic
BGW-002,2,13.66,production,64.069,9612.75,3.72,66.9,36.4,0.184,401.8,3.53,0.76,True,physics_chained_synthetic
BGW-002,2,13.82,production,63.461,10131.5,3.72,66.9,36.4,0.184,401.8,0.76,0.09,True,physics_chained_synthetic
BGW-002,2,16.16,production,55.676,20184.46,3.72,66.9,36.4,0.184,401.8,0.09,0.0,True,physics_chained_synthetic
BGW-002,2,16.71,production,54.358,22755.91,3.72,66.9,36.4,0.184,401.8,0.0,0.04,True,physics_chained_synthetic
BGW-002,2,21.02,production,48.6,38874.13,3.72,66.9,36.4,0.184,401.8,0.04,0.0,True,physics_chained_synthetic
BGW-002,2,22.43,production,48.009,41116.45,3.72,66.9,36.4,0.184,401.8,0.0,0.0,True,physics_chained_synthetic
BGW-002,2,25.53,production,47.509,43117.94,3.72,66.9,36.4,0.184,403.1,0.0,0.41,True,physics_chained_synthetic
BGW-002,2,28.07,production,47.428,43453.83,3.72,66.9,36.4,0.184,403.1,0.41,0.0,True,physics_chained_synthetic
BGW-002,2,28.13,production,47.427,43456.61,3.72,66.9,36.4,0.184,403.1,0.0,0.42,True,physics_chained_synthetic
BGW-002,2,31.85,production,47.412,43520.13,3.72,66.9,36.4,0.184,404.7,0.42,0.43,True,physics_chained_synthetic
BGW-002,2,32.14,production,47.412,43520.8,3.72,66.9,36.4,0.184,404.7,0.43,0.09,True,physics_chained_synthetic
BGW-002,2,35.71,production,47.411,43522.88,3.72,66.9,36.4,0.184,404.7,0.09,0.0,True,physics_chained_synthetic
BGW-002,2,36.34,production,47.411,43522.9,3.72,66.9,36.4,0.184,405.0,0.0,0.46,True,physics_chained_synthetic
BGW-002,2,36.69,production,47.411,43522.91,3.72,66.9,36.4,0.184,405.0,0.46,0.0,True,physics_chained_synthetic
BGW-002,2,38.76,production,47.411,43522.92,3.72,66.9,36.4,0.184,405.5,0.0,0.21,True,physics_chained_synthetic
BGW-002,2,39.38,production,47.411,43522.92,3.72,66.9,36.4,0.184,405.6,0.21,0.15,True,physics_chained_synthetic
BGW-003,2,3.75,production,74.297,4086.11,4.73,77.7,56.7,0.132,4.8,1.28,1.28,True,physics_chained_synthetic
BGW-003,2,7.16,production,63.256,10312.38,4.73,77.7,56.7,0.132,6.2,1.28,0.41,True,physics_chained_synthetic
BGW-003,2,7.6,production,62.072,11430.42,4.73,77.7,56.7,0.132,6.5,0.41,0.74,True,physics_chained_synthetic
BGW-003,2,9.05,production,58.336,15891.25,4.73,77.7,56.7,0.132,6.9,0.74,0.29,True,physics_chained_synthetic
BGW-003,2,12.42,production,51.513,29577.41,4.73,77.7,56.7,0.132,9.6,0.29,0.81,True,physics_chained_synthetic
BGW-003,2,13.82,production,49.734,34930.98,4.73,77.7,56.7,0.132,10.3,0.81,0.49,True,physics_chained_synthetic
BGW-003,2,14.88,production,48.712,38462.5,4.73,77.7,56.7,0.132,10.3,0.49,0.0,True,physics_chained_synthetic
BGW-003,2,22.59,production,46.226,48750.6,4.73,77.7,56.7,0.132,10.3,0.0,0.0,True,physics_chained_synthetic
BGW-003,2,22.6,production,46.226,48752.58,4.73,77.7,56.7,0.132,10.3,0.0,0.0,True,physics_chained_synthetic
BGW-003,2,23.67,production,46.201,48866.84,4.73,77.7,56.7,0.132,10.5,0.0,0.2,True,physics_chained_synthetic
BGW-003,2,27.9,production,46.176,48983.9,4.73,77.7,56.7,0.132,10.5,0.2,0.0,True,physics_chained_synthetic
BGW-003,2,29.12,production,46.176,48987.09,4.73,77.7,56.7,0.132,10.5,0.0,0.0,True,physics_chained_synthetic
BGW-003,2,30.69,production,46.175,48988.4,4.73,77.7,56.7,0.132,10.5,0.0,0.0,True,physics_chained_synthetic
BGW-003,2,31.37,production,46.175,48988.59,4.73,77.7,56.7,0.132,10.8,0.0,0.34,True,physics_chained_synthetic
BGW-003,2,32.62,production,46.175,48988.74,4.73,77.7,56.7,0.132,10.8,0.34,0.0,True,physics_chained_synthetic
BGW-003,2,33.45,production,46.175,48988.78,4.73,77.7,56.7,0.132,10.8,0.0,0.0,True,physics_chained_synthetic
BGW-003,2,35.15,production,46.175,48988.8,4.73,77.7,56.7,0.132,10.8,0.0,0.0,True,physics_chained_synthetic
BGW-003,2,36.49,production,46.175,48988.8,4.73,77.7,56.7,0.132,11.0,0.0,0.18,True,physics_chained_synthetic
BGW-003,2,36.51,production,46.175,48988.8,4.73,77.7,56.7,0.132,11.0,0.18,0.13,True,physics_chained_synthetic
BGW-003,2,37.68,production,46.175,48988.8,4.73,77.7,56.7,0.132,11.3,0.13,0.28,True,physics_chained_synthetic
BGW-003,5,0.56,production,143.405,37.94,6.31,136.3,56.6,0.176,107.9,191.69,191.69,True,physics_chained_synthetic
BGW-003,5,1.65,production,138.341,50.68,6.31,136.3,56.6,0.176,261.6,191.69,141.97,True,physics_chained_synthetic
BGW-003,5,4.98,production,119.147,162.51,6.31,136.3,56.6,0.176,403.1,141.97,42.47,True,physics_chained_synthetic
BGW-003,5,5.28,production,117.414,181.56,6.31,136.3,56.6,0.176,415.0,42.47,39.78,True,physics_chained_synthetic
BGW-003,5,5.83,production,114.15,224.31,6.31,136.3,56.6,0.176,432.4,39.78,31.53,True,physics_chained_synthetic
BGW-003,5,8.68,production,95.283,819.57,6.31,136.3,56.6,0.176,453.2,31.53,7.3,True,physics_chained_synthetic
BGW-003,5,11.81,production,75.799,3619.04,6.31,136.3,56.6,0.176,457.5,7.3,1.36,True,physics_chained_synthetic
BGW-003,5,12.01,production,74.724,3947.11,6.31,136.3,56.6,0.176,457.6,1.36,0.82,True,physics_chained_synthetic
BGW-003,5,14.02,production,65.008,8868.14,6.31,136.3,56.6,0.176,459.0,0.82,0.68,True,physics_chained_synthetic
BGW-003,5,15.11,production,60.853,12716.92,6.31,136.3,56.6,0.176,459.6,0.68,0.58,True,physics_chained_synthetic
BGW-003,5,15.62,production,59.158,14770.48,6.31,136.3,56.6,0.176,460.0,0.58,0.7,True,physics_chained_synthetic
BGW-003,5,16.62,production,56.241,19178.8,6.31,136.3,56.6,0.176,460.6,0.7,0.63,True,physics_chained_synthetic
BGW-003,5,18.32,production,52.527,26925.16,6.31,136.3,56.6,0.176,461.0,0.63,0.25,True,physics_chained_synthetic
BGW-003,5,18.94,production,51.564,29438.93,6.31,136.3,56.6,0.176,461.1,0.25,0.07,True,physics_chained_synthetic
BGW-003,5,24.25,production,47.966,41284.31,6.31,136.3,56.6,0.176,465.3,0.07,0.79,True,physics_chained_synthetic
BGW-003,5,24.31,production,47.957,41316.96,6.31,136.3,56.6,0.176,465.3,0.79,0.0,True,physics_chained_synthetic
BGW-003,5,28.1,production,47.706,42317.57,6.31,136.3,56.6,0.176,465.3,0.0,0.0,True,physics_chained_synthetic
BGW-003,5,33.63,production,47.684,42406.0,6.31,136.3,56.6,0.176,465.3,0.0,0.0,True,physics_chained_synthetic
BGW-003,5,35.07,production,47.684,42406.49,6.31,136.3,56.6,0.176,465.5,0.0,0.17,True,physics_chained_synthetic
BGW-003,5,39.17,production,47.684,42406.63,6.31,136.3,56.6,0.176,467.7,0.17,0.52,True,physics_chained_synthetic
BGW-004,3,2.56,production,84.041,1893.01,5.52,99.9,58.1,0.155,11.8,4.62,4.62,True,physics_chained_synthetic
BGW-004,3,2.62,production,83.849,1921.13,5.52,99.9,58.1,0.155,12.1,4.62,4.04,True,physics_chained_synthetic
BGW-004,3,3.24,production,81.949,2225.13,5.52,99.9,58.1,0.155,14.1,4.04,3.33,True,physics_chained_synthetic
BGW-004,3,4.0,production,79.61,2671.91,5.52,99.9,58.1,0.155,16.4,3.33,2.98,True,physics_chained_synthetic
BGW-004,3,4.23,production,78.899,2826.1,5.52,99.9,58.1,0.155,16.8,2.98,2.03,True,physics_chained_synthetic
BGW-004,3,4.93,production,76.665,3375.91,5.52,99.9,58.1,0.155,18.1,2.03,1.79,True,physics_chained_synthetic
BGW-004,3,8.01,production,66.374,7891.9,5.52,99.9,58.1,0.155,21.4,1.79,1.09,True,physics_chained_synthetic
BGW-004,3,10.16,production,60.194,13476.89,5.52,99.9,58.1,0.155,22.6,1.09,0.52,True,physics_chained_synthetic
BGW-004,3,10.89,production,58.424,15766.63,5.52,99.9,58.1,0.155,23.0,0.52,0.53,True,physics_chained_synthetic
BGW-004,3,11.8,production,56.408,18891.77,5.52,99.9,58.1,0.155,23.3,0.53,0.34,True,physics_chained_synthetic
BGW-004,3,12.57,production,54.89,21678.25,5.52,99.9,58.1,0.155,23.3,0.34,0.0,True,physics_chained_synthetic
BGW-004,3,13.34,production,53.547,24509.86,5.52,99.9,58.1,0.155,23.5,0.0,0.36,True,physics_chained_synthetic
BGW-004,3,16.38,production,49.72,34975.22,5.52,99.9,58.1,0.155,25.2,0.36,0.55,True,physics_chained_synthetic
BGW-004,3,19.79,production,47.976,41243.84,5.52,99.9,58.1,0.155,26.2,0.55,0.28,True,physics_chained_synthetic
BGW-004,3,22.05,production,47.607,42715.85,5.52,99.9,58.1,0.155,26.9,0.28,0.33,True,physics_chained_synthetic
BGW-004,3,24.41,production,47.481,43235.21,5.52,99.9,58.1,0.155,26.9,0.33,0.0,True,physics_chained_synthetic
BGW-004,3,27.66,production,47.444,43385.96,5.52,99.9,58.1,0.155,27.0,0.0,0.02,True,physics_chained_synthetic
BGW-004,3,30.32,production,47.441,43399.92,5.52,99.9,58.1,0.155,27.0,0.02,0.0,True,physics_chained_synthetic
BGW-004,3,32.92,production,47.44,43401.37,5.52,99.9,58.1,0.155,27.0,0.0,0.0,True,physics_chained_synthetic
BGW-004,3,35.24,production,47.44,43401.48,5.52,99.9,58.1,0.155,27.0,0.0,0.0,True,physics_chained_synthetic
BGW-004,4,5.1,production,92.17,1028.08,6.68,114.3,59.9,0.173,27.6,5.41,5.41,True,physics_chained_synthetic
BGW-004,4,5.15,production,91.893,1049.23,6.68,114.3,59.9,0.173,27.9,5.41,6.71,True,physics_chained_synthetic
BGW-004,4,7.38,production,79.911,2609.43,6.68,114.3,59.9,0.173,32.8,6.71,2.19,True,physics_chained_synthetic
BGW-004,4,7.44,production,79.639,2665.77,6.68,114.3,59.9,0.173,33.0,2.19,3.07,True,physics_chained_synthetic
BGW-004,4,7.5,production,79.355,2726.23,6.68,114.3,59.9,0.173,33.1,3.07,2.68,True,physics_chained_synthetic
BGW-004,4,8.99,production,72.167,4862.76,6.68,114.3,59.9,0.173,34.3,2.68,0.81,True,physics_chained_synthetic
BGW-004,4,10.69,production,64.884,8962.84,6.68,114.3,59.9,0.173,36.0,0.81,0.99,True,physics_chained_synthetic
BGW-004,4,11.22,production,62.955,10585.2,6.68,114.3,59.9,0.173,36.0,0.99,0.0,True,physics_chained_synthetic
BGW-004,4,11.28,production,62.72,10803.37,6.68,114.3,59.9,0.173,36.1,0.0,0.8,True,physics_chained_synthetic
BGW-004,4,12.1,production,59.951,13769.11,6.68,114.3,59.9,0.173,36.4,0.8,0.39,True,physics_chained_synthetic
BGW-004,4,14.93,production,52.606,26728.11,6.68,114.3,59.9,0.173,36.4,0.39,0.0,True,physics_chained_synthetic
BGW-004,4,16.2,production,50.573,32286.72,6.68,114.3,59.9,0.173,37.0,0.0,0.46,True,physics_chained_synthetic
BGW-004,4,18.51,production,48.284,40056.16,6.68,114.3,59.9,0.173,37.8,0.46,0.36,True,physics_chained_synthetic
BGW-004,4,18.73,production,48.146,40584.09,6.68,114.3,59.9,0.173,37.8,0.36,0.17,True,physics_chained_synthetic
BGW-004,4,21.25,production,47.149,44624.94,6.68,114.3,59.9,0.173,38.3,0.17,0.19,True,physics_chained_synthetic
BGW-004,4,27.5,production,46.731,46446.13,6.68,114.3,59.9,0.173,39.6,0.19,0.2,True,physics_chained_synthetic
BGW-004,4,29.1,production,46.727,46465.44,6.68,114.3,59.9,0.173,39.6,0.2,0.0,True,physics_chained_synthetic
BGW-004,4,30.23,production,46.726,46469.96,6.68,114.3,59.9,0.173,39.9,0.0,0.25,True,physics_chained_synthetic
BGW-004,4,35.98,production,46.725,46472.61,6.68,114.3,59.9,0.173,39.9,0.25,0.0,True,physics_chained_synthetic
BGW-004,4,38.7,production,46.725,46472.62,6.68,114.3,59.9,0.173,39.9,0.0,0.0,True,physics_chained_synthetic
BGW-004,3,3.54,production,111.836,261.16,4.1,138.5,50.9,0.203,83.2,23.53,23.53,True,physics_chained_synthetic
BGW-004,3,4.1,production,108.997,315.52,4.1,138.5,50.9,0.203,94.2,23.53,19.65,True,physics_chained_synthetic
BGW-004,3,4.49,production,106.978,361.56,4.1,138.5,50.9,0.203,101.0,19.65,17.3,True,physics_chained_synthetic
BGW-004,3,10.99,production,67.498,7174.72,4.1,138.5,50.9,0.203,106.3,17.3,0.82,True,physics_chained_synthetic
BGW-004,3,14.28,production,55.712,20117.69,4.1,138.5,50.9,0.203,108.9,0.82,0.8,True,physics_chained_synthetic
BGW-004,3,14.91,production,54.207,23071.41,4.1,138.5,50.9,0.203,109.0,0.8,0.23,True,physics_chained_synthetic
BGW-004,3,17.1,production,50.27,33216.66,4.1,138.5,50.9,0.203,109.8,0.23,0.34,True,physics_chained_synthetic
BGW-004,3,17.73,production,49.528,35613.54,4.1,138.5,50.9,0.203,110.0,0.34,0.39,True,physics_chained_synthetic
BGW-004,3,20.39,production,47.554,42933.32,4.1,138.5,50.9,0.203,110.6,0.39,0.21,True,physics_chained_synthetic
BGW-004,3,20.58,production,47.48,43239.49,4.1,138.5,50.9,0.203,110.7,0.21,0.66,True,physics_chained_synthetic
BGW-004,3,21.17,production,47.274,44094.11,4.1,138.5,50.9,0.203,110.7,0.66,0.0,True,physics_chained_synthetic
BGW-004,3,22.71,production,46.926,45588.65,4.1,138.5,50.9,0.203,110.7,0.0,0.0,True,physics_chained_synthetic
BGW-004,3,23.37,production,46.839,45969.44,4.1,138.5,50.9,0.203,110.7,0.0,0.0,True,physics_chained_synthetic
BGW-004,3,25.03,production,46.716,46513.64,4.1,138.5,50.9,0.203,110.7,0.0,0.0,True,physics_chained_synthetic
BGW-004,3,26.51,production,46.672,46710.46,4.1,138.5,50.9,0.203,110.7,0.0,0.0,True,physics_chained_synthetic
BGW-004,3,28.66,production,46.651,46802.59,4.1,138.5,50.9,0.203,111.2,0.0,0.25,True,physics_chained_synthetic
BGW-004,3,31.05,production,46.647,46821.95,4.1,138.5,50.9,0.203,111.2,0.25,0.0,True,physics_chained_synthetic
BGW-004,3,33.75,production,46.646,46824.51,4.1,138.5,50.9,0.203,111.9,0.0,0.25,True,physics_chained_synthetic
BGW-004,3,36.03,production,46.646,46824.68,4.1,138.5,50.9,0.203,112.3,0.25,0.15,True,physics_chained_synthetic
BGW-004,3,38.34,production,46.646,46824.7,4.1,138.5,50.9,0.203,112.3,0.15,0.0,True,physics_chained_synthetic
BGW-004,5,1.46,production,125.611,108.39,6.53,75.1,47.4,0.173,94.1,64.55,64.55,True,physics_chained_synthetic
BGW-004,5,1.97,production,123.061,126.97,6.53,75.1,47.4,0.173,124.4,64.55,59.26,True,physics_chained_synthetic
BGW-004,5,4.02,production,111.399,268.83,6.53,75.1,47.4,0.173,176.3,59.26,25.28,True,physics_chained_synthetic
BGW-004,5,5.95,production,99.685,598.7,6.53,75.1,47.4,0.173,191.9,25.28,8.05,True,physics_chained_synthetic
BGW-004,5,12.33,production,61.692,11815.11,6.53,75.1,47.4,0.173,194.7,8.05,0.44,True,physics_chained_synthetic
BGW-004,5,12.54,production,60.95,12608.98,6.53,75.1,47.4,0.173,194.9,0.44,0.81,True,physics_chained_synthetic
BGW-004,5,13.52,production,57.714,16798.55,6.53,75.1,47.4,0.173,195.2,0.81,0.35,True,physics_chained_synthetic
BGW-004,5,16.59,production,50.625,32131.99,6.53,75.1,47.4,0.173,197.4,0.35,0.71,True,physics_chained_synthetic
BGW-004,5,16.82,production,50.298,33130.09,6.53,75.1,47.4,0.173,197.4,0.71,0.0,True,physics_chained_synthetic
BGW-004,5,17.81,production,49.087,37126.5,6.53,75.1,47.4,0.173,198.1,0.0,0.69,True,physics_chained_synthetic
BGW-004,5,22.11,production,46.732,46439.3,6.53,75.1,47.4,0.173,198.4,0.69,0.07,True,physics_chained_synthetic
BGW-004,5,22.57,production,46.659,46768.79,6.53,75.1,47.4,0.173,198.4,0.07,0.0,True,physics_chained_synthetic
BGW-004,5,24.34,production,46.488,47539.33,6.53,75.1,47.4,0.173,198.8,0.0,0.23,True,physics_chained_synthetic
BGW-004,5,24.92,production,46.461,47665.46,6.53,75.1,47.4,0.173,199.1,0.23,0.58,True,physics_chained_synthetic
BGW-004,5,26.17,production,46.425,47829.61,6.53,75.1,47.4,0.173,199.3,0.58,0.12,True,physics_chained_synthetic
BGW-004,5,27.07,production,46.412,47888.2,6.53,75.1,47.4,0.173,199.4,0.12,0.13,True,physics_chained_synthetic
BGW-004,5,31.44,production,46.398,47951.08,6.53,75.1,47.4,0.173,199.8,0.13,0.09,True,physics_chained_synthetic
BGW-004,5,32.79,production,46.398,47952.11,6.53,75.1,47.4,0.173,199.8,0.09,0.0,True,physics_chained_synthetic
BGW-004,5,33.35,production,46.398,47952.27,6.53,75.1,47.4,0.173,200.1,0.0,0.67,True,physics_chained_synthetic
BGW-004,5,39.45,production,46.398,47952.47,6.53,75.1,47.4,0.173,203.9,0.67,0.62,True,physics_chained_synthetic
BGW-005,5,2.72,production,138.41,50.48,6.81,122.7,40.9,0.206,403.2,148.31,148.31,True,physics_chained_synthetic
BGW-005,5,3.24,production,135.36,60.29,6.81,122.7,40.9,0.206,456.9,148.31,102.99,True,physics_chained_synthetic
BGW-005,5,3.38,production,134.52,63.35,6.81,122.7,40.9,0.206,471.9,102.99,104.82,True,physics_chained_synthetic
BGW-005,5,6.29,production,114.613,217.63,6.81,122.7,40.9,0.206,572.3,104.82,34.51,True,physics_chained_synthetic
BGW-005,5,6.52,production,113.074,240.7,6.81,122.7,40.9,0.206,577.9,34.51,24.02,True,physics_chained_synthetic
BGW-005,5,6.77,production,111.462,267.7,6.81,122.7,40.9,0.206,583.5,24.02,23.4,True,physics_chained_synthetic
BGW-005,5,10.73,production,82.901,2066.94,6.81,122.7,40.9,0.206,595.3,23.4,2.98,True,physics_chained_synthetic
BGW-005,5,10.79,production,82.501,2131.9,6.81,122.7,40.9,0.206,595.5,2.98,2.96,True,physics_chained_synthetic
BGW-005,5,12.42,production,72.963,4555.55,6.81,122.7,40.9,0.206,598.6,2.96,1.91,True,physics_chained_synthetic
BGW-005,5,12.48,production,72.648,4674.39,6.81,122.7,40.9,0.206,598.6,1.91,0.88,True,physics_chained_synthetic
BGW-005,5,19.0,production,50.048,33913.85,6.81,122.7,40.9,0.206,599.9,0.88,0.19,True,physics_chained_synthetic
BGW-005,5,19.18,production,49.828,34622.62,6.81,122.7,40.9,0.206,599.9,0.19,0.38,True,physics_chained_synthetic
BGW-005,5,24.06,production,47.089,44881.86,6.81,122.7,40.9,0.206,600.0,0.38,0.01,True,physics_chained_synthetic
BGW-005,5,24.78,production,47.001,45262.76,6.81,122.7,40.9,0.206,600.0,0.01,0.0,True,physics_chained_synthetic
BGW-005,5,25.57,production,46.934,45551.1,6.81,122.7,40.9,0.206,600.0,0.0,0.0,True,physics_chained_synthetic
BGW-005,5,26.09,production,46.904,45682.42,6.81,122.7,40.9,0.206,600.0,0.0,0.0,True,physics_chained_synthetic
BGW-005,5,27.59,production,46.854,45900.54,6.81,122.7,40.9,0.206,600.1,0.0,0.09,True,physics_chained_synthetic
BGW-005,5,28.64,production,46.839,45966.59,6.81,122.7,40.9,0.206,600.6,0.09,0.43,True,physics_chained_synthetic
BGW-005,5,29.02,production,46.836,45981.2,6.81,122.7,40.9,0.206,600.6,0.43,0.0,True,physics_chained_synthetic
BGW-005,5,29.55,production,46.833,45995.82,6.81,122.7,40.9,0.206,600.7,0.0,0.3,True,physics_chained_synthetic
BGW-005,5,6.12,production,85.782,1657.22,5.01,123.5,51.7,0.0,37.4,6.11,6.11,True,physics_chained_synthetic
BGW-005,5,6.55,production,83.631,1953.67,5.01,123.5,51.7,0.0,39.1,6.11,3.93,True,physics_chained_synthetic
BGW-005,5,11.46,production,61.007,12546.77,5.01,123.5,51.7,0.0,46.2,3.93,1.45,True,physics_chained_synthetic
BGW-005,5,11.58,production,60.654,12941.99,5.01,123.5,51.7,0.0,46.2,1.45,0.0,True,physics_chained_synthetic
BGW-005,5,11.74,production,60.174,13500.72,5.01,123.5,51.7,0.0,46.3,0.0,0.6,True,physics_chained_synthetic
BGW-005,5,14.61,production,53.2,25304.06,5.01,123.5,51.7,0.0,46.4,0.6,0.03,True,physics_chained_synthetic
BGW-005,5,15.87,production,51.351,30026.57,5.01,123.5,51.7,0.0,46.9,0.03,0.38,True,physics_chained_synthetic
BGW-005,5,16.2,production,50.958,31146.48,5.01,123.5,51.7,0.0,46.9,0.38,0.0,True,physics_chained_synthetic
BGW-005,5,16.77,production,50.358,32945.0,5.01,123.5,51.7,0.0,46.9,0.0,0.0,True,physics_chained_synthetic
BGW-005,5,17.22,production,49.958,34203.43,5.01,123.5,51.7,0.0,46.9,0.0,0.19,True,physics_chained_synthetic
BGW-005,5,17.87,production,49.461,35840.25,5.01,123.5,51.7,0.0,46.9,0.19,0.0,True,physics_chained_synthetic
BGW-005,5,20.43,production,48.281,40065.03,5.01,123.5,51.7,0.0,49.8,0.0,1.12,True,physics_chained_synthetic
BGW-005,5,22.29,production,47.952,41339.78,5.01,123.5,51.7,0.0,50.7,1.12,0.49,True,physics_chained_synthetic
BGW-005,5,24.96,production,47.793,41967.29,5.01,123.5,51.7,0.0,51.7,0.49,0.38,True,physics_chained_synthetic
BGW-005,5,30.47,production,47.757,42112.08,5.01,123.5,51.7,0.0,53.0,0.38,0.23,True,physics_chained_synthetic
BGW-005,5,33.59,production,47.757,42113.51,5.01,123.5,51.7,0.0,53.8,0.23,0.26,True,physics_chained_synthetic
BGW-005,5,34.1,production,47.757,42113.54,5.01,123.5,51.7,0.0,53.9,0.26,0.06,True,physics_chained_synthetic
BGW-005,5,34.95,production,47.757,42113.56,5.01,123.5,51.7,0.0,54.0,0.06,0.18,True,physics_chained_synthetic
BGW-005,5,36.4,production,47.757,42113.57,5.01,123.5,51.7,0.0,54.0,0.18,0.03,True,physics_chained_synthetic
BGW-005,5,37.85,production,47.757,42113.57,5.01,123.5,51.7,0.0,54.0,0.03,0.0,True,physics_chained_synthetic
BGW-005,5,1.28,production,154.102,21.05,6.23,117.0,43.2,0.113,501.7,393.26,393.26,True,physics_chained_synthetic
BGW-005,5,2.07,production,150.427,25.69,6.23,117.0,43.2,0.113,742.7,393.26,303.13,True,physics_chained_synthetic
BGW-005,5,7.81,production,107.473,349.64,6.23,117.0,43.2,0.113,861.2,303.13,20.65,True,physics_chained_synthetic
BGW-005,5,8.14,production,105.125,410.22,6.23,117.0,43.2,0.113,867.3,20.65,18.36,True,physics_chained_synthetic
BGW-005,5,11.58,production,79.757,2641.26,6.23,117.0,43.2,0.113,875.8,18.36,2.45,True,physics_chained_synthetic
BGW-005,5,11.66,production,79.281,2742.27,6.23,117.0,43.2,0.113,876.0,2.45,2.98,True,physics_chained_synthetic
BGW-005,5,15.12,production,60.682,12909.77,6.23,117.0,43.2,0.113,876.8,2.98,0.24,True,physics_chained_synthetic
BGW-005,5,16.77,production,55.178,21117.07,6.23,117.0,43.2,0.113,877.0,0.24,0.1,True,physics_chained_synthetic
BGW-005,5,20.37,production,48.687,38555.85,6.23,117.0,43.2,0.113,877.1,0.1,0.03,True,physics_chained_synthetic
BGW-005,5,22.32,production,47.41,43527.16,6.23,117.0,43.2,0.113,877.6,0.03,0.27,True,physics_chained_synthetic
BGW-005,5,22.67,production,47.274,44095.26,6.23,117.0,43.2,0.113,877.6,0.27,0.0,True,physics_chained_synthetic
BGW-005,5,29.45,production,46.573,47154.08,6.23,117.0,43.2,0.113,880.8,0.0,0.46,True,physics_chained_synthetic
BGW-005,5,33.63,production,46.567,47181.09,6.23,117.0,43.2,0.113,880.8,0.46,0.0,True,physics_chained_synthetic
BGW-005,5,34.93,production,46.567,47181.49,6.23,117.0,43.2,0.113,880.8,0.0,0.05,True,physics_chained_synthetic
BGW-005,5,35.0,production,46.567,47181.5,6.23,117.0,43.2,0.113,880.9,0.05,0.21,True,physics_chained_synthetic
BGW-005,5,36.65,production,46.567,47181.61,6.23,117.0,43.2,0.113,880.9,0.21,0.0,True,physics_chained_synthetic
BGW-005,5,36.66,production,46.567,47181.61,6.23,117.0,43.2,0.113,880.9,0.0,0.21,True,physics_chained_synthetic
BGW-005,5,37.03,production,46.567,47181.62,6.23,117.0,43.2,0.113,881.0,0.21,0.35,True,physics_chained_synthetic
BGW-005,5,38.46,production,46.567,47181.63,6.23,117.0,43.2,0.113,881.2,0.35,0.17,True,physics_chained_synthetic
BGW-005,5,39.37,production,46.567,47181.63,6.23,117.0,43.2,0.113,881.3,0.17,0.08,True,physics_chained_synthetic
BGW-005,5,0.94,production,141.651,41.91,4.05,120.6,37.6,0.177,155.0,165.65,165.65,True,physics_chained_synthetic
BGW-005,5,1.0,production,141.352,42.63,4.05,120.6,37.6,0.177,167.0,165.65,197.2,True,physics_chained_synthetic
BGW-005,5,1.92,production,136.514,56.36,4.05,120.6,37.6,0.177,290.7,197.2,133.51,True,physics_chained_synthetic
BGW-005,5,3.89,production,124.842,113.67,4.05,120.6,37.6,0.177,410.0,133.51,60.53,True,physics_chained_synthetic
BGW-005,5,6.75,production,105.45,401.22,4.05,120.6,37.6,0.177,456.1,60.53,16.17,True,physics_chained_synthetic
BGW-005,5,12.02,production,69.831,5899.89,4.05,120.6,37.6,0.177,464.4,16.17,1.57,True,physics_chained_synthetic
BGW-005,5,15.37,production,56.342,19004.3,4.05,120.6,37.6,0.177,466.1,1.57,0.52,True,physics_chained_synthetic
BGW-005,5,15.97,production,54.785,21885.84,4.05,120.6,37.6,0.177,466.1,0.52,0.0,True,physics_chained_synthetic
BGW-005,5,18.76,production,49.795,34730.9,4.05,120.6,37.6,0.177,466.1,0.0,0.01,True,physics_chained_synthetic
BGW-005,5,19.07,production,49.462,35835.74,4.05,120.6,37.6,0.177,466.3,0.01,0.42,True,physics_chained_synthetic
BGW-005,5,19.22,production,49.318,36324.47,4.05,120.6,37.6,0.177,466.3,0.42,0.0,True,physics_chained_synthetic
BGW-005,5,19.39,production,49.153,36895.99,4.05,120.6,37.6,0.177,466.3,0.0,0.24,True,physics_chained_synthetic
BGW-005,5,22.17,production,47.537,43004.08,4.05,120.6,37.6,0.177,466.3,0.24,0.0,True,physics_chained_synthetic
BGW-005,5,23.35,production,47.258,44162.28,4.05,120.6,37.6,0.177,466.3,0.0,0.0,True,physics_chained_synthetic
BGW-005,5,25.01,production,47.062,44999.27,4.05,120.6,37.6,0.177,466.5,0.0,0.13,True,physics_chained_synthetic
BGW-005,5,33.98,production,46.945,45505.36,4.05,120.6,37.6,0.177,469.2,0.13,0.3,True,physics_chained_synthetic
BGW-005,5,34.86,production,46.945,45505.45,4.05,120.6,37.6,0.177,469.2,0.3,0.0,True,physics_chained_synthetic
BGW-005,5,35.48,production,46.945,45505.48,4.05,120.6,37.6,0.177,469.4,0.0,0.35,True,physics_chained_synthetic
BGW-005,5,36.0,production,46.945,45505.5,4.05,120.6,37.6,0.177,469.4,0.35,0.0,True,physics_chained_synthetic
BGW-005,5,38.35,production,46.945,45505.51,4.05,120.6,37.6,0.177,469.4,0.0,0.01,True,physics_chained_synthetic
BGW-006,4,0.27,production,154.549,20.55,6.1,73.1,35.9,0.298,49.6,185.6,185.6,True,physics_chained_synthetic
BGW-006,4,0.76,production,151.819,23.81,6.1,73.1,35.9,0.298,132.0,185.6,167.25,True,physics_chained_synthetic
BGW-006,4,2.02,production,144.583,35.5,6.1,73.1,35.9,0.298,375.6,167.25,192.87,True,physics_chained_synthetic
BGW-006,4,2.47,production,141.985,41.12,6.1,73.1,35.9,0.298,447.3,192.87,158.78,True,physics_chained_synthetic
BGW-006,4,5.19,production,124.243,117.96,6.1,73.1,35.9,0.298,579.6,158.78,48.69,True,physics_chained_synthetic
BGW-006,4,6.98,production,111.936,259.44,6.1,73.1,35.9,0.298,624.4,48.69,25.09,True,physics_chained_synthetic
BGW-006,4,15.31,production,57.755,16737.51,6.1,73.1,35.9,0.298,625.8,25.09,0.16,True,physics_chained_synthetic
BGW-006,4,16.16,production,55.242,20995.29,6.1,73.1,35.9,0.298,625.8,0.16,0.0,True,physics_chained_synthetic
BGW-006,4,19.2,production,49.269,36492.3,6.1,73.1,35.9,0.298,626.0,0.0,0.06,True,physics_chained_synthetic
BGW-006,4,20.64,production,47.862,41694.17,6.1,73.1,35.9,0.298,626.1,0.06,0.11,True,physics_chained_synthetic
BGW-006,4,20.92,production,47.664,42485.43,6.1,73.1,35.9,0.298,626.1,0.11,0.0,True,physics_chained_synthetic
BGW-006,4,26.43,production,46.164,49042.27,6.1,73.1,35.9,0.298,627.6,0.0,0.28,True,physics_chained_synthetic
BGW-006,4,26.45,production,46.163,49046.03,6.1,73.1,35.9,0.298,627.6,0.28,0.37,True,physics_chained_synthetic
BGW-006,4,29.3,production,46.103,49329.03,6.1,73.1,35.9,0.298,627.6,0.37,0.0,True,physics_chained_synthetic
BGW-006,4,30.19,production,46.099,49349.94,6.1,73.1,35.9,0.298,627.6,0.0,0.0,True,physics_chained_synthetic
BGW-006,4,30.2,production,46.099,49350.13,6.1,73.1,35.9,0.298,627.6,0.0,0.0,True,physics_chained_synthetic
BGW-006,4,30.43,production,46.098,49353.7,6.1,73.1,35.9,0.298,627.6,0.0,0.0,True,physics_chained_synthetic
BGW-006,4,34.13,production,46.095,49370.32,6.1,73.1,35.9,0.298,628.3,0.0,0.19,True,physics_chained_synthetic
BGW-006,4,34.27,production,46.095,49370.39,6.1,73.1,35.9,0.298,628.4,0.19,0.08,True,physics_chained_synthetic
BGW-006,4,34.85,production,46.095,49370.6,6.1,73.1,35.9,0.298,628.4,0.08,0.0,True,physics_chained_synthetic
BGW-006,4,4.29,production,134.685,62.74,4.65,117.5,36.1,0.138,441.3,102.91,102.91,True,physics_chained_synthetic
BGW-006,4,6.95,production,114.809,214.87,4.65,117.5,36.1,0.138,530.5,102.91,33.48,True,physics_chained_synthetic
BGW-006,4,10.25,production,89.711,1233.03,4.65,117.5,36.1,0.138,545.5,33.48,4.55,True,physics_chained_synthetic
BGW-006,4,13.19,production,70.808,5440.0,4.65,117.5,36.1,0.138,548.6,4.55,1.03,True,physics_chained_synthetic
BGW-006,4,13.66,production,68.427,6635.14,4.65,117.5,36.1,0.138,548.9,1.03,0.71,True,physics_chained_synthetic
BGW-006,4,15.63,production,59.648,14142.55,4.65,117.5,36.1,0.138,549.3,0.71,0.22,True,physics_chained_synthetic
BGW-006,4,17.32,production,54.262,22957.22,4.65,117.5,36.1,0.138,549.3,0.22,0.0,True,physics_chained_synthetic
BGW-006,4,17.5,production,53.816,23913.72,4.65,117.5,36.1,0.138,549.5,0.0,0.72,True,physics_chained_synthetic
BGW-006,4,18.56,production,51.484,29658.44,4.65,117.5,36.1,0.138,549.7,0.72,0.26,True,physics_chained_synthetic
BGW-006,4,18.59,production,51.429,29809.06,4.65,117.5,36.1,0.138,549.7,0.26,0.0,True,physics_chained_synthetic
BGW-006,4,24.65,production,46.352,48164.24,4.65,117.5,36.1,0.138,549.7,0.0,0.0,True,physics_chained_synthetic
BGW-006,4,27.87,production,46.104,49326.52,4.65,117.5,36.1,0.138,550.5,0.0,0.23,True,physics_chained_synthetic
BGW-006,4,28.16,production,46.098,49356.46,4.65,117.5,36.1,0.138,550.5,0.23,0.2,True,physics_chained_synthetic
BGW-006,4,28.92,production,46.085,49415.04,4.65,117.5,36.1,0.138,550.9,0.2,0.44,True,physics_chained_synthetic
BGW-006,4,30.45,production,46.074,49470.78,4.65,117.5,36.1,0.138,551.1,0.44,0.15,True,physics_chained_synthetic
BGW-006,4,32.51,production,46.069,49490.98,4.65,117.5,36.1,0.138,551.1,0.15,0.0,True,physics_chained_synthetic
BGW-006,4,33.69,production,46.069,49493.7,4.65,117.5,36.1,0.138,551.1,0.0,0.01,True,physics_chained_synthetic
BGW-006,4,35.25,production,46.068,49494.76,4.65,117.5,36.1,0.138,551.3,0.01,0.15,True,physics_chained_synthetic
BGW-006,4,35.47,production,46.068,49494.81,4.65,117.5,36.1,0.138,551.4,0.15,0.22,True,physics_chained_synthetic
BGW-006,4,39.92,production,46.068,49495.03,4.65,117.5,36.1,0.138,551.4,0.22,0.0,True,physics_chained_synthetic
BGW-007,5,0.23,production,141.022,43.44,4.45,77.6,57.7,0.23,38.7,171.87,171.87,True,physics_chained_synthetic
BGW-007,5,0.75,production,138.606,49.91,4.45,77.6,57.7,0.23,111.4,171.87,138.73,True,physics_chained_synthetic
BGW-007,5,6.48,production,100.025,584.51,4.45,77.6,57.7,0.23,175.4,138.73,11.17,True,physics_chained_synthetic
BGW-007,5,7.12,production,96.098,772.85,4.45,77.6,57.7,0.23,179.8,11.17,6.78,True,physics_chained_synthetic
BGW-007,5,9.03,production,84.254,1862.41,4.45,77.6,57.7,0.23,185.1,6.78,2.79,True,physics_chained_synthetic
BGW-007,5,10.84,production,73.97,4196.41,4.45,77.6,57.7,0.23,187.7,2.79,1.46,True,physics_chained_synthetic
BGW-007,5,10.84,production,73.961,4199.2,4.45,77.6,57.7,0.23,187.7,1.46,1.87,True,physics_chained_synthetic
BGW-007,5,15.34,production,55.312,20861.54,4.45,77.6,57.7,0.23,187.7,1.87,0.0,True,physics_chained_synthetic
BGW-007,5,17.44,production,51.196,30462.54,4.45,77.6,57.7,0.23,187.7,0.0,0.0,True,physics_chained_synthetic
BGW-007,5,17.73,production,50.792,31632.31,4.45,77.6,57.7,0.23,187.8,0.0,0.28,True,physics_chained_synthetic
BGW-007,5,21.45,production,47.903,41531.07,4.45,77.6,57.7,0.23,190.0,0.28,0.58,True,physics_chained_synthetic
BGW-007,5,23.83,production,47.425,43467.07,4.45,77.6,57.7,0.23,190.8,0.58,0.34,True,physics_chained_synthetic
BGW-007,5,25.68,production,47.305,43967.29,4.45,77.6,57.7,0.23,191.3,0.34,0.3,True,physics_chained_synthetic
BGW-007,5,26.73,production,47.277,44083.57,4.45,77.6,57.7,0.23,191.3,0.3,0.0,True,physics_chained_synthetic
BGW-007,5,28.6,production,47.257,44167.3,4.45,77.6,57.7,0.23,191.6,0.0,0.15,True,physics_chained_synthetic
BGW-007,5,28.66,production,47.257,44168.39,4.45,77.6,57.7,0.23,191.6,0.15,0.23,True,physics_chained_synthetic
BGW-007,5,32.06,production,47.251,44192.64,4.45,77.6,57.7,0.23,192.1,0.23,0.13,True,physics_chained_synthetic
BGW-007,5,35.74,production,47.251,44193.8,4.45,77.6,57.7,0.23,192.7,0.13,0.15,True,physics_chained_synthetic
BGW-007,5,35.97,production,47.251,44193.8,4.45,77.6,57.7,0.23,192.7,0.15,0.29,True,physics_chained_synthetic
BGW-007,5,39.9,production,47.251,44193.82,4.45,77.6,57.7,0.23,192.7,0.29,0.0,True,physics_chained_synthetic
BGW-007,4,1.2,production,149.712,26.71,3.53,70.5,37.9,0.146,137.8,115.11,115.11,True,physics_chained_synthetic
BGW-007,4,2.88,production,140.824,43.93,3.53,70.5,37.9,0.146,340.7,115.11,120.27,True,physics_chained_synthetic
BGW-007,4,2.96,production,140.426,44.94,3.53,70.5,37.9,0.146,349.5,120.27,117.32,True,physics_chained_synthetic
BGW-007,4,7.98,production,103.394,462.12,3.53,70.5,37.9,0.146,414.9,117.32,13.04,True,physics_chained_synthetic
BGW-007,4,11.73,production,77.178,3240.39,3.53,70.5,37.9,0.146,420.3,13.04,1.43,True,physics_chained_synthetic
BGW-007,4,13.19,production,69.311,6161.53,3.53,70.5,37.9,0.146,420.3,1.43,0.0,True,physics_chained_synthetic
BGW-007,4,13.66,production,67.12,7408.09,3.53,70.5,37.9,0.146,420.5,0.0,0.41,True,physics_chained_synthetic
BGW-007,4,17.01,production,55.038,21387.64,3.53,70.5,37.9,0.146,421.0,0.41,0.16,True,physics_chained_synthetic
BGW-007,4,20.25,production,49.902,34383.07,3.53,70.5,37.9,0.146,421.0,0.16,0.0,True,physics_chained_synthetic
BGW-007,4,21.48,production,49.054,37239.98,3.53,70.5,37.9,0.146,421.0,0.0,0.0,True,physics_chained_synthetic
BGW-007,4,26.66,production,47.962,41297.36,3.53,70.5,37.9,0.146,424.7,0.0,0.71,True,physics_chained_synthetic
BGW-007,4,27.58,production,47.939,41389.86,3.53,70.5,37.9,0.146,424.7,0.71,0.0,True,physics_chained_synthetic
BGW-007,4,29.88,production,47.917,41475.53,3.53,70.5,37.9,0.146,425.1,0.0,0.16,True,physics_chained_synthetic
BGW-007,4,31.45,production,47.914,41488.19,3.53,70.5,37.9,0.146,425.1,0.16,0.0,True,physics_chained_synthetic
BGW-007,4,31.75,production,47.914,41489.24,3.53,70.5,37.9,0.146,425.1,0.0,0.13,True,physics_chained_synthetic
BGW-007,4,33.17,production,47.913,41491.69,3.53,70.5,37.9,0.146,425.1,0.13,0.0,True,physics_chained_synthetic
BGW-007,4,33.96,production,47.913,41492.16,3.53,70.5,37.9,0.146,425.4,0.0,0.43,True,physics_chained_synthetic
BGW-007,4,36.26,production,47.913,41492.51,3.53,70.5,37.9,0.146,425.4,0.43,0.0,True,physics_chained_synthetic
BGW-007,4,37.63,production,47.913,41492.54,3.53,70.5,37.9,0.146,426.2,0.0,0.58,True,physics_chained_synthetic
BGW-007,4,38.94,production,47.913,41492.54,3.53,70.5,37.9,0.146,426.8,0.58,0.47,True,physics_chained_synthetic
BGW-007,3,0.84,production,110.63,282.9,3.68,98.7,56.0,0.119,26.1,30.93,30.93,True,physics_chained_synthetic
BGW-007,3,2.88,production,102.654,486.41,3.68,98.7,56.0,0.119,60.7,30.93,16.96,True,physics_chained_synthetic
BGW-007,3,4.8,production,94.469,869.27,3.68,98.7,56.0,0.119,75.8,16.96,7.91,True,physics_chained_synthetic
BGW-007,3,9.13,production,73.686,4294.38,3.68,98.7,56.0,0.119,83.0,7.91,1.65,True,physics_chained_synthetic
BGW-007,3,12.71,production,60.033,13669.29,3.68,98.7,56.0,0.119,85.8,1.65,0.79,True,physics_chained_synthetic
BGW-007,3,12.79,production,59.797,13957.9,3.68,98.7,56.0,0.119,85.9,0.79,1.12,True,physics_chained_synthetic
BGW-007,3,16.67,production,51.354,30019.75,3.68,98.7,56.0,0.119,86.9,1.12,0.27,True,physics_chained_synthetic
BGW-007,3,18.38,production,49.57,35474.18,3.68,98.7,56.0,0.119,87.1,0.27,0.12,True,physics_chained_synthetic
BGW-007,3,19.6,production,48.771,38249.16,3.68,98.7,56.0,0.119,87.3,0.12,0.1,True,physics_chained_synthetic
BGW-007,3,19.64,production,48.748,38334.89,3.68,98.7,56.0,0.119,87.3,0.1,0.32,True,physics_chained_synthetic
BGW-007,3,22.4,production,47.847,41753.93,3.68,98.7,56.0,0.119,87.3,0.32,0.0,True,physics_chained_synthetic
BGW-007,3,26.73,production,47.551,42947.63,3.68,98.7,56.0,0.119,87.3,0.0,0.01,True,physics_chained_synthetic
BGW-007,3,28.42,production,47.536,43006.28,3.68,98.7,56.0,0.119,87.5,0.01,0.09,True,physics_chained_synthetic
BGW-007,3,29.29,production,47.533,43017.82,3.68,98.7,56.0,0.119,87.7,0.09,0.24,True,physics_chained_synthetic
BGW-007,3,35.13,production,47.531,43029.36,3.68,98.7,56.0,0.119,88.3,0.24,0.1,True,physics_chained_synthetic
BGW-007,3,36.84,production,47.531,43029.38,3.68,98.7,56.0,0.119,88.3,0.1,0.04,True,physics_chained_synthetic
BGW-007,3,36.94,production,47.531,43029.38,3.68,98.7,56.0,0.119,88.3,0.04,0.0,True,physics_chained_synthetic
BGW-007,3,38.22,production,47.531,43029.39,3.68,98.7,56.0,0.119,88.5,0.0,0.14,True,physics_chained_synthetic
BGW-007,3,38.89,production,47.531,43029.39,3.68,98.7,56.0,0.119,88.7,0.14,0.28,True,physics_chained_synthetic
BGW-007,3,39.4,production,47.531,43029.39,3.68,98.7,56.0,0.119,88.8,0.28,0.23,True,physics_chained_synthetic
BGW-007,5,0.23,production,152.084,23.47,3.46,109.5,49.2,0.093,67.7,292.85,292.85,True,physics_chained_synthetic
BGW-007,5,2.05,production,139.801,46.58,3.46,109.5,49.2,0.093,371.0,292.85,167.08,True,physics_chained_synthetic
BGW-007,5,2.45,production,137.128,54.38,3.46,109.5,49.2,0.093,425.8,167.08,135.07,True,physics_chained_synthetic
BGW-007,5,5.91,production,111.916,259.78,3.46,109.5,49.2,0.093,515.3,135.07,25.85,True,physics_chained_synthetic
BGW-007,5,7.21,production,102.866,479.33,3.46,109.5,49.2,0.093,535.8,25.85,15.83,True,physics_chained_synthetic
BGW-007,5,14.69,production,58.366,15848.31,3.46,109.5,49.2,0.093,536.4,15.83,0.07,True,physics_chained_synthetic
BGW-007,5,18.84,production,50.137,33632.58,3.46,109.5,49.2,0.093,538.5,0.07,0.52,True,physics_chained_synthetic
BGW-007,5,20.91,production,48.636,38740.17,3.46,109.5,49.2,0.093,538.5,0.52,0.0,True,physics_chained_synthetic
BGW-007,5,26.06,production,47.646,42557.91,3.46,109.5,49.2,0.093,539.0,0.0,0.1,True,physics_chained_synthetic
BGW-007,5,26.25,production,47.64,42583.0,3.46,109.5,49.2,0.093,539.1,0.1,0.3,True,physics_chained_synthetic
BGW-007,5,27.03,production,47.621,42660.55,3.46,109.5,49.2,0.093,539.1,0.3,0.0,True,physics_chained_synthetic
BGW-007,5,28.16,production,47.606,42722.43,3.46,109.5,49.2,0.093,539.1,0.0,0.0,True,physics_chained_synthetic
BGW-007,5,28.73,production,47.602,42739.71,3.46,109.5,49.2,0.093,539.2,0.0,0.21,True,physics_chained_synthetic
BGW-007,5,28.87,production,47.601,42742.84,3.46,109.5,49.2,0.093,539.2,0.21,0.0,True,physics_chained_synthetic
BGW-007,5,30.95,production,47.595,42766.83,3.46,109.5,49.2,0.093,540.1,0.0,0.41,True,physics_chained_synthetic
BGW-007,5,36.02,production,47.594,42772.01,3.46,109.5,49.2,0.093,540.1,0.41,0.0,True,physics_chained_synthetic
BGW-007,5,36.64,production,47.594,42772.03,3.46,109.5,49.2,0.093,540.2,0.0,0.22,True,physics_chained_synthetic
BGW-007,5,37.15,production,47.594,42772.03,3.46,109.5,49.2,0.093,540.2,0.22,0.0,True,physics_chained_synthetic
BGW-007,5,37.19,production,47.594,42772.03,3.46,109.5,49.2,0.093,540.2,0.0,0.03,True,physics_chained_synthetic
BGW-007,5,37.26,production,47.594,42772.03,3.46,109.5,49.2,0.093,540.2,0.03,0.03,True,physics_chained_synthetic
BGW-008,2,0.66,production,152.225,23.29,4.62,117.0,59.3,0.248,213.4,323.79,323.79,True,physics_chained_synthetic
BGW-008,2,2.49,production,142.694,39.49,4.62,117.0,59.3,0.248,505.7,323.79,159.29,True,physics_chained_synthetic
BGW-008,2,6.63,production,114.291,222.26,4.62,117.0,59.3,0.248,617.3,159.29,27.0,True,physics_chained_synthetic
BGW-008,2,6.84,production,112.846,244.32,4.62,117.0,59.3,0.248,623.0,27.0,26.75,True,physics_chained_synthetic
BGW-008,2,6.99,production,111.867,260.62,4.62,117.0,59.3,0.248,626.4,26.75,22.88,True,physics_chained_synthetic
BGW-008,2,10.93,production,82.874,2071.18,4.62,117.0,59.3,0.248,637.1,22.88,2.71,True,physics_chained_synthetic
BGW-008,2,13.17,production,69.575,6027.17,4.62,117.0,59.3,0.248,639.0,2.71,0.86,True,physics_chained_synthetic
BGW-008,2,22.19,production,47.042,45083.8,4.62,117.0,59.3,0.248,641.9,0.86,0.33,True,physics_chained_synthetic
BGW-008,2,23.51,production,46.72,46492.9,4.62,117.0,59.3,0.248,643.3,0.33,1.03,True,physics_chained_synthetic
BGW-008,2,24.57,production,46.574,47148.06,4.62,117.0,59.3,0.248,643.3,1.03,0.0,True,physics_chained_synthetic
BGW-008,2,26.1,production,46.466,47638.31,4.62,117.0,59.3,0.248,643.3,0.0,0.0,True,physics_chained_synthetic
BGW-008,2,26.94,production,46.438,47769.75,4.62,117.0,59.3,0.248,643.4,0.0,0.18,True,physics_chained_synthetic
BGW-008,2,27.72,production,46.421,47844.48,4.62,117.0,59.3,0.248,643.4,0.18,0.0,True,physics_chained_synthetic
BGW-008,2,28.23,production,46.415,47876.22,4.62,117.0,59.3,0.248,643.4,0.0,0.0,True,physics_chained_synthetic
BGW-008,2,28.93,production,46.408,47905.33,4.62,117.0,59.3,0.248,643.4,0.0,0.0,True,physics_chained_synthetic
BGW-008,2,31.2,production,46.4,47941.08,4.62,117.0,59.3,0.248,643.6,0.0,0.08,True,physics_chained_synthetic
BGW-008,2,32.89,production,46.399,47946.0,4.62,117.0,59.3,0.248,643.6,0.08,0.0,True,physics_chained_synthetic
BGW-008,2,33.51,production,46.399,47946.6,4.62,117.0,59.3,0.248,643.6,0.0,0.0,True,physics_chained_synthetic
BGW-008,2,34.06,production,46.399,47946.9,4.62,117.0,59.3,0.248,643.6,0.0,0.0,True,physics_chained_synthetic
BGW-008,2,37.31,production,46.399,47947.3,4.62,117.0,59.3,0.248,643.6,0.0,0.0,True,physics_chained_synthetic
BGW-008,2,0.38,production,149.059,27.68,4.51,82.0,55.6,0.155,109.2,286.19,286.19,True,physics_chained_synthetic
BGW-008,2,4.25,production,126.337,103.66,4.51,82.0,55.6,0.155,373.0,286.19,68.24,True,physics_chained_synthetic
BGW-008,2,6.77,production,109.281,309.56,4.51,82.0,55.6,0.155,422.8,68.24,19.77,True,physics_chained_synthetic
BGW-008,2,7.29,production,105.823,391.11,4.51,82.0,55.6,0.155,429.9,19.77,13.6,True,physics_chained_synthetic
BGW-008,2,10.1,production,85.989,1631.25,4.51,82.0,55.6,0.155,438.2,13.6,2.95,True,physics_chained_synthetic
BGW-008,2,13.19,production,67.371,7252.35,4.51,82.0,55.6,0.155,439.7,2.95,0.47,True,physics_chained_synthetic
BGW-008,2,14.51,production,61.517,11997.77,4.51,82.0,55.6,0.155,440.5,0.47,0.62,True,physics_chained_synthetic
BGW-008,2,20.49,production,47.691,42375.56,4.51,82.0,55.6,0.155,442.2,0.62,0.3,True,physics_chained_synthetic
BGW-008,2,28.0,production,46.072,49479.52,4.51,82.0,55.6,0.155,442.2,0.3,0.0,True,physics_chained_synthetic
BGW-008,2,29.65,production,46.062,49527.37,4.51,82.0,55.6,0.155,442.2,0.0,0.0,True,physics_chained_synthetic
BGW-008,2,32.93,production,46.058,49544.46,4.51,82.0,55.6,0.155,442.6,0.0,0.1,True,physics_chained_synthetic
BGW-008,2,32.94,production,46.058,49544.46,4.51,82.0,55.6,0.155,442.6,0.1,0.0,True,physics_chained_synthetic
BGW-008,2,34.53,production,46.058,49545.16,4.51,82.0,55.6,0.155,442.6,0.0,0.0,True,physics_chained_synthetic
BGW-008,2,35.0,production,46.058,49545.23,4.51,82.0,55.6,0.155,442.6,0.0,0.09,True,physics_chained_synthetic
BGW-008,2,35.71,production,46.058,49545.28,4.51,82.0,55.6,0.155,442.7,0.09,0.12,True,physics_chained_synthetic
BGW-008,2,37.51,production,46.058,49545.32,4.51,82.0,55.6,0.155,442.7,0.12,0.0,True,physics_chained_synthetic
BGW-008,2,37.58,production,46.058,49545.32,4.51,82.0,55.6,0.155,442.7,0.0,0.04,True,physics_chained_synthetic
BGW-008,2,39.37,production,46.058,49545.33,4.51,82.0,55.6,0.155,443.0,0.04,0.14,True,physics_chained_synthetic
BGW-008,2,39.4,production,46.058,49545.33,4.51,82.0,55.6,0.155,443.0,0.14,0.57,True,physics_chained_synthetic
BGW-008,2,39.91,production,46.058,49545.33,4.51,82.0,55.6,0.155,443.1,0.57,0.26,True,physics_chained_synthetic
BGW-009,3,3.02,production,80.038,2583.51,5.47,96.3,36.7,0.178,9.5,3.14,3.14,True,physics_chained_synthetic
BGW-009,3,4.07,production,76.816,3335.58,5.47,96.3,36.7,0.178,11.3,3.14,1.69,True,physics_chained_synthetic
BGW-009,3,4.51,production,75.484,3711.96,5.47,96.3,36.7,0.178,12.0,1.69,1.69,True,physics_chained_synthetic
BGW-009,3,5.43,production,72.682,4661.46,5.47,96.3,36.7,0.178,13.6,1.69,1.71,True,physics_chained_synthetic
BGW-009,3,5.74,production,71.746,5034.32,5.47,96.3,36.7,0.178,14.1,1.71,1.75,True,physics_chained_synthetic
BGW-009,3,6.83,production,68.422,6637.69,5.47,96.3,36.7,0.178,14.9,1.75,0.75,True,physics_chained_synthetic
BGW-009,3,7.88,production,65.35,8611.99,5.47,96.3,36.7,0.178,15.5,0.75,0.53,True,physics_chained_synthetic
BGW-009,3,8.06,production,64.84,8996.2,5.47,96.3,36.7,0.178,15.5,0.53,0.28,True,physics_chained_synthetic
BGW-009,3,8.28,production,64.255,9459.92,5.47,96.3,36.7,0.178,15.8,0.28,1.12,True,physics_chained_synthetic
BGW-009,3,8.79,production,62.854,10677.94,5.47,96.3,36.7,0.178,16.2,1.12,0.9,True,physics_chained_synthetic
BGW-009,3,9.65,production,60.587,13017.37,5.47,96.3,36.7,0.178,16.6,0.9,0.44,True,physics_chained_synthetic
BGW-009,3,13.96,production,51.565,29434.98,5.47,96.3,36.7,0.178,16.6,0.44,0.0,True,physics_chained_synthetic
BGW-009,3,16.88,production,48.7,38506.39,5.47,96.3,36.7,0.178,16.9,0.0,0.09,True,physics_chained_synthetic
BGW-009,3,24.29,production,47.032,45126.01,5.47,96.3,36.7,0.178,17.6,0.09,0.1,True,physics_chained_synthetic
BGW-009,3,26.39,production,47.009,45225.11,5.47,96.3,36.7,0.178,18.1,0.1,0.24,True,physics_chained_synthetic
BGW-009,3,31.86,production,47.002,45254.97,5.47,96.3,36.7,0.178,18.1,0.24,0.0,True,physics_chained_synthetic
BGW-009,3,33.69,production,47.002,45255.16,5.47,96.3,36.7,0.178,18.7,0.0,0.3,True,physics_chained_synthetic
BGW-009,3,34.29,production,47.002,45255.17,5.47,96.3,36.7,0.178,18.7,0.3,0.0,True,physics_chained_synthetic
BGW-009,3,36.58,production,47.002,45255.19,5.47,96.3,36.7,0.178,19.6,0.0,0.38,True,physics_chained_synthetic
BGW-009,3,39.34,production,47.002,45255.19,5.47,96.3,36.7,0.178,20.2,0.38,0.25,True,physics_chained_synthetic
BGW-009,2,2.52,production,113.697,231.06,3.72,80.4,42.3,0.184,70.7,28.07,28.07,True,physics_chained_synthetic
BGW-009,2,2.83,production,112.189,255.14,3.72,80.4,42.3,0.184,79.3,28.07,27.37,True,physics_chained_synthetic
BGW-009,2,3.55,production,108.599,324.06,3.72,80.4,42.3,0.184,93.5,27.37,19.7,True,physics_chained_synthetic
BGW-009,2,6.79,production,89.603,1242.99,3.72,80.4,42.3,0.184,106.9,19.7,4.16,True,physics_chained_synthetic
BGW-009,2,7.01,production,88.426,1357.21,3.72,80.4,42.3,0.184,107.7,4.16,3.43,True,physics_chained_synthetic
BGW-009,2,9.16,production,76.674,3373.55,3.72,80.4,42.3,0.184,111.1,3.43,1.58,True,physics_chained_synthetic
BGW-009,2,13.16,production,59.103,14842.69,3.72,80.4,42.3,0.184,112.3,1.58,0.31,True,physics_chained_synthetic
BGW-009,2,14.49,production,55.495,20517.93,3.72,80.4,42.3,0.184,112.4,0.31,0.1,True,physics_chained_synthetic
BGW-009,2,14.82,production,54.771,21914.13,3.72,80.4,42.3,0.184,112.4,0.1,0.0,True,physics_chained_synthetic
BGW-009,2,15.04,production,54.307,22861.3,3.72,80.4,42.3,0.184,112.5,0.0,0.28,True,physics_chained_synthetic
BGW-009,2,21.07,production,48.135,40625.44,3.72,80.4,42.3,0.184,112.5,0.28,0.0,True,physics_chained_synthetic
BGW-009,2,28.33,production,47.689,42384.69,3.72,80.4,42.3,0.184,114.5,0.0,0.28,True,physics_chained_synthetic
BGW-009,2,28.99,production,47.688,42388.83,3.72,80.4,42.3,0.184,114.6,0.28,0.13,True,physics_chained_synthetic
BGW-009,2,34.2,production,47.687,42394.39,3.72,80.4,42.3,0.184,114.6,0.13,0.0,True,physics_chained_synthetic
BGW-009,2,34.71,production,47.687,42394.4,3.72,80.4,42.3,0.184,114.8,0.0,0.33,True,physics_chained_synthetic
BGW-009,2,34.8,production,47.687,42394.4,3.72,80.4,42.3,0.184,114.8,0.33,0.0,True,physics_chained_synthetic
BGW-009,2,35.07,production,47.687,42394.41,3.72,80.4,42.3,0.184,114.8,0.0,0.0,True,physics_chained_synthetic
BGW-009,2,35.37,production,47.687,42394.41,3.72,80.4,42.3,0.184,114.8,0.0,0.07,True,physics_chained_synthetic
BGW-009,2,35.54,production,47.687,42394.41,3.72,80.4,42.3,0.184,114.8,0.07,0.28,True,physics_chained_synthetic
BGW-009,2,39.59,production,47.687,42394.42,3.72,80.4,42.3,0.184,114.8,0.28,0.0,True,physics_chained_synthetic
BGW-009,2,3.23,production,103.366,463.02,6.56,100.7,36.1,0.118,52.7,16.31,16.31,True,physics_chained_synthetic
BGW-009,2,3.6,production,101.49,527.48,6.56,100.7,36.1,0.118,57.1,16.31,12.19,True,physics_chained_synthetic
BGW-009,2,8.8,production,71.884,4977.12,6.56,100.7,36.1,0.118,64.0,12.19,1.32,True,physics_chained_synthetic
BGW-009,2,10.24,production,65.772,8306.68,6.56,100.7,36.1,0.118,65.2,1.32,0.82,True,physics_chained_synthetic
BGW-009,2,11.86,production,59.924,13801.28,6.56,100.7,36.1,0.118,66.6,0.82,0.89,True,physics_chained_synthetic
BGW-009,2,13.55,production,55.163,21145.56,6.56,100.7,36.1,0.118,66.6,0.89,0.0,True,physics_chained_synthetic
BGW-009,2,20.99,production,46.879,45793.35,6.56,100.7,36.1,0.118,67.3,0.0,0.09,True,physics_chained_synthetic
BGW-009,2,22.43,production,46.69,46626.72,6.56,100.7,36.1,0.118,67.5,0.09,0.17,True,physics_chained_synthetic
BGW-009,2,22.96,production,46.649,46812.85,6.56,100.7,36.1,0.118,67.5,0.17,0.0,True,physics_chained_synthetic
BGW-009,2,28.31,production,46.534,47331.78,6.56,100.7,36.1,0.118,70.0,0.0,0.47,True,physics_chained_synthetic
BGW-009,2,28.73,production,46.533,47334.84,6.56,100.7,36.1,0.118,70.1,0.47,0.14,True,physics_chained_synthetic
BGW-009,2,28.9,production,46.533,47335.78,6.56,100.7,36.1,0.118,70.1,0.14,0.27,True,physics_chained_synthetic
BGW-009,2,32.18,production,46.532,47341.86,6.56,100.7,36.1,0.118,70.2,0.27,0.03,True,physics_chained_synthetic
BGW-009,2,32.3,production,46.532,47341.89,6.56,100.7,36.1,0.118,70.2,0.03,0.0,True,physics_chained_synthetic
BGW-009,2,32.54,production,46.532,47341.94,6.56,100.7,36.1,0.118,70.2,0.0,0.0,True,physics_chained_synthetic
BGW-009,2,33.02,production,46.532,47342.02,6.56,100.7,36.1,0.118,70.4,0.0,0.29,True,physics_chained_synthetic
BGW-009,2,36.77,production,46.531,47342.14,6.56,100.7,36.1,0.118,71.8,0.29,0.39,True,physics_chained_synthetic
BGW-009,2,37.91,production,46.531,47342.14,6.56,100.7,36.1,0.118,72.1,0.39,0.25,True,physics_chained_synthetic
BGW-009,2,38.57,production,46.531,47342.14,6.56,100.7,36.1,0.118,72.1,0.25,0.0,True,physics_chained_synthetic
BGW-009,2,39.8,production,46.531,47342.14,6.56,100.7,36.1,0.118,72.1,0.0,0.0,True,physics_chained_synthetic
BGW-009,2,0.84,production,150.111,26.13,6.82,125.6,46.3,0.169,258.5,307.78,307.78,True,physics_chained_synthetic
BGW-009,2,4.56,production,127.539,96.31,6.82,125.6,46.3,0.169,495.2,307.78,63.6,True,physics_chained_synthetic
BGW-009,2,5.74,production,119.908,154.83,6.82,125.6,46.3,0.169,542.5,63.6,40.06,True,physics_chained_synthetic
BGW-009,2,8.02,production,103.804,449.21,6.82,125.6,46.3,0.169,574.4,40.06,14.03,True,physics_chained_synthetic
BGW-009,2,9.65,production,92.371,1013.05,6.82,125.6,46.3,0.169,583.0,14.03,5.29,True,physics_chained_synthetic
BGW-009,2,12.63,production,73.003,4540.81,6.82,125.6,46.3,0.169,585.0,5.29,0.66,True,physics_chained_synthetic
BGW-009,2,12.93,production,71.443,5161.57,6.82,125.6,46.3,0.169,585.3,0.66,1.06,True,physics_chained_synthetic
BGW-009,2,13.06,production,70.741,5470.23,6.82,125.6,46.3,0.169,585.5,1.06,1.53,True,physics_chained_synthetic
BGW-009,2,13.81,production,67.051,7451.51,6.82,125.6,46.3,0.169,585.6,1.53,0.14,True,physics_chained_synthetic
BGW-009,2,16.17,production,57.537,17067.71,6.82,125.6,46.3,0.169,585.9,0.14,0.1,True,physics_chained_synthetic
BGW-009,2,16.83,production,55.646,20238.57,6.82,125.6,46.3,0.169,585.9,0.1,0.11,True,physics_chained_synthetic
BGW-009,2,21.21,production,48.509,39208.36,6.82,125.6,46.3,0.169,587.0,0.11,0.24,True,physics_chained_synthetic
BGW-009,2,23.72,production,47.453,43347.55,6.82,125.6,46.3,0.169,587.4,0.24,0.16,True,physics_chained_synthetic
BGW-009,2,25.05,production,47.237,44253.05,6.82,125.6,46.3,0.169,587.7,0.16,0.24,True,physics_chained_synthetic
BGW-009,2,25.43,production,47.198,44415.6,6.82,125.6,46.3,0.169,588.0,0.24,0.63,True,physics_chained_synthetic
BGW-009,2,25.62,production,47.182,44486.48,6.82,125.6,46.3,0.169,588.0,0.63,0.05,True,physics_chained_synthetic
BGW-009,2,29.15,production,47.059,45012.77,6.82,125.6,46.3,0.169,588.0,0.05,0.0,True,physics_chained_synthetic
BGW-009,2,33.91,production,47.048,45058.24,6.82,125.6,46.3,0.169,588.3,0.0,0.07,True,physics_chained_synthetic
BGW-009,2,34.87,production,47.048,45058.6,6.82,125.6,46.3,0.169,588.8,0.07,0.5,True,physics_chained_synthetic
BGW-009,2,37.24,production,47.048,45058.79,6.82,125.6,46.3,0.169,588.8,0.5,0.0,True,physics_chained_synthetic
BGW-010,4,0.26,production,116.429,193.45,6.05,68.7,49.6,0.176,10.6,40.81,40.81,True,physics_chained_synthetic
BGW-010,4,0.56,production,115.652,203.42,6.05,68.7,49.6,0.176,20.0,40.81,30.77,True,physics_chained_synthetic
BGW-010,4,3.33,production,105.637,396.11,6.05,68.7,49.6,0.176,64.7,30.77,16.21,True,physics_chained_synthetic
BGW-010,4,3.53,production,104.872,417.41,6.05,68.7,49.6,0.176,67.8,16.21,14.89,True,physics_chained_synthetic
BGW-010,4,3.97,production,103.194,468.54,6.05,68.7,49.6,0.176,72.9,14.89,11.77,True,physics_chained_synthetic
BGW-010,4,5.85,production,94.636,858.82,6.05,68.7,49.6,0.176,84.9,11.77,6.32,True,physics_chained_synthetic
BGW-010,4,6.05,production,93.762,915.09,6.05,68.7,49.6,0.176,85.8,6.32,4.97,True,physics_chained_synthetic
BGW-010,4,10.14,production,72.151,4869.27,6.05,68.7,49.6,0.176,92.7,4.97,1.67,True,physics_chained_synthetic
BGW-010,4,16.0,production,51.429,29811.09,6.05,68.7,49.6,0.176,92.7,1.67,0.0,True,physics_chained_synthetic
BGW-010,4,17.24,production,49.6,35373.97,6.05,68.7,49.6,0.176,92.7,0.0,0.0,True,physics_chained_synthetic
BGW-010,4,22.42,production,46.422,47843.96,6.05,68.7,49.6,0.176,94.1,0.0,0.29,True,physics_chained_synthetic
BGW-010,4,25.5,production,46.174,48995.59,6.05,68.7,49.6,0.176,94.1,0.29,0.0,True,physics_chained_synthetic
BGW-010,4,25.7,production,46.169,49020.32,6.05,68.7,49.6,0.176,94.2,0.0,0.25,True,physics_chained_synthetic
BGW-010,4,30.09,production,46.132,49192.09,6.05,68.7,49.6,0.176,94.2,0.25,0.0,True,physics_chained_synthetic
BGW-010,4,32.69,production,46.131,49196.74,6.05,68.7,49.6,0.176,94.2,0.0,0.01,True,physics_chained_synthetic
BGW-010,4,33.12,production,46.131,49196.89,6.05,68.7,49.6,0.176,94.2,0.01,0.0,True,physics_chained_synthetic
BGW-010,4,33.97,production,46.131,49197.05,6.05,68.7,49.6,0.176,94.5,0.0,0.3,True,physics_chained_synthetic
BGW-010,4,34.51,production,46.131,49197.1,6.05,68.7,49.6,0.176,94.5,0.3,0.0,True,physics_chained_synthetic
BGW-010,4,37.34,production,46.131,49197.16,6.05,68.7,49.6,0.176,94.5,0.0,0.0,True,physics_chained_synthetic
BGW-010,4,39.14,production,46.131,49197.16,6.05,68.7,49.6,0.176,94.6,0.0,0.05,True,physics_chained_synthetic
BGW-010,3,1.88,production,132.689,70.61,5.48,133.1,49.4,0.063,227.4,121.16,121.16,True,physics_chained_synthetic
BGW-010,3,3.07,production,126.208,104.48,5.48,133.1,49.4,0.063,316.1,121.16,74.31,True,physics_chained_synthetic
BGW-010,3,7.3,production,97.457,701.18,5.48,133.1,49.4,0.063,354.5,74.31,9.09,True,physics_chained_synthetic
BGW-010,3,7.76,production,94.579,862.4,5.48,133.1,49.4,0.063,357.5,9.09,6.43,True,physics_chained_synthetic
BGW-010,3,8.5,production,89.961,1210.3,5.48,133.1,49.4,0.063,360.6,6.43,4.26,True,physics_chained_synthetic
BGW-010,3,9.52,production,83.745,1936.68,5.48,133.1,49.4,0.063,364.8,4.26,4.08,True,physics_chained_synthetic
BGW-010,3,12.77,production,65.618,8416.8,5.48,133.1,49.4,0.063,365.8,4.08,0.32,True,physics_chained_synthetic
BGW-010,3,13.29,production,63.431,10157.59,5.48,133.1,49.4,0.063,365.8,0.32,0.0,True,physics_chained_synthetic
BGW-010,3,15.73,production,55.066,21332.77,5.48,133.1,49.4,0.063,366.5,0.0,0.29,True,physics_chained_synthetic
BGW-010,3,18.16,production,50.192,33459.75,5.48,133.1,49.4,0.063,366.5,0.29,0.0,True,physics_chained_synthetic
BGW-010,3,19.07,production,49.112,37036.99,5.48,133.1,49.4,0.063,366.6,0.0,0.12,True,physics_chained_synthetic
BGW-010,3,21.62,production,47.352,43769.91,5.48,133.1,49.4,0.063,366.8,0.12,0.06,True,physics_chained_synthetic
BGW-010,3,22.83,production,46.986,45325.28,5.48,133.1,49.4,0.063,366.8,0.06,0.0,True,physics_chained_synthetic
BGW-010,3,24.81,production,46.696,46599.5,5.48,133.1,49.4,0.063,366.8,0.0,0.0,True,physics_chained_synthetic
BGW-010,3,25.01,production,46.681,46668.95,5.48,133.1,49.4,0.063,366.8,0.0,0.03,True,physics_chained_synthetic
BGW-010,3,27.77,production,46.58,47121.22,5.48,133.1,49.4,0.063,367.9,0.03,0.4,True,physics_chained_synthetic
BGW-010,3,33.66,production,46.563,47199.04,5.48,133.1,49.4,0.063,367.9,0.4,0.0,True,physics_chained_synthetic
BGW-010,3,37.26,production,46.563,47199.36,5.48,133.1,49.4,0.063,368.3,0.0,0.1,True,physics_chained_synthetic
BGW-010,3,38.09,production,46.563,47199.36,5.48,133.1,49.4,0.063,368.5,0.1,0.26,True,physics_chained_synthetic
BGW-010,3,38.69,production,46.563,47199.36,5.48,133.1,49.4,0.063,368.5,0.26,0.0,True,physics_chained_synthetic
BGW-011,3,1.49,production,104.762,420.58,5.14,65.5,57.9,0.301,25.5,17.12,17.12,True,physics_chained_synthetic
BGW-011,3,1.78,production,103.676,453.21,5.14,65.5,57.9,0.301,29.5,17.12,13.86,True,physics_chained_synthetic
BGW-011,3,2.01,production,102.799,481.55,5.14,65.5,57.9,0.301,32.6,13.86,13.7,True,physics_chained_synthetic
BGW-011,3,3.47,production,96.658,742.39,5.14,65.5,57.9,0.301,45.6,13.7,8.83,True,physics_chained_synthetic
BGW-011,3,3.62,production,96.058,775.07,5.14,65.5,57.9,0.301,46.7,8.83,7.54,True,physics_chained_synthetic
BGW-011,3,6.66,production,81.63,2281.02,5.14,65.5,57.9,0.301,51.3,7.54,1.51,True,physics_chained_synthetic
BGW-011,3,6.94,production,80.405,2510.11,5.14,65.5,57.9,0.301,51.8,1.51,1.82,True,physics_chained_synthetic
BGW-011,3,10.16,production,66.269,7962.92,5.14,65.5,57.9,0.301,54.8,1.82,0.93,True,physics_chained_synthetic
BGW-011,3,12.51,production,58.43,15758.36,5.14,65.5,57.9,0.301,55.3,0.93,0.21,True,physics_chained_synthetic
BGW-011,3,12.54,production,58.347,15875.69,5.14,65.5,57.9,0.301,55.3,0.21,0.63,True,physics_chained_synthetic
BGW-011,3,16.32,production,50.67,31997.14,5.14,65.5,57.9,0.301,55.3,0.63,0.0,True,physics_chained_synthetic
BGW-011,3,18.26,production,48.897,37795.2,5.14,65.5,57.9,0.301,55.8,0.0,0.26,True,physics_chained_synthetic
BGW-011,3,20.24,production,47.961,41303.91,5.14,65.5,57.9,0.301,55.8,0.26,0.0,True,physics_chained_synthetic
BGW-011,3,22.88,production,47.468,43287.46,5.14,65.5,57.9,0.301,55.8,0.0,0.0,True,physics_chained_synthetic
BGW-011,3,25.65,production,47.338,43828.45,5.14,65.5,57.9,0.301,56.6,0.0,0.27,True,physics_chained_synthetic
BGW-011,3,26.2,production,47.329,43863.4,5.14,65.5,57.9,0.301,56.7,0.27,0.25,True,physics_chained_synthetic
BGW-011,3,27.38,production,47.319,43906.72,5.14,65.5,57.9,0.301,56.7,0.25,0.0,True,physics_chained_synthetic
BGW-011,3,29.6,production,47.313,43932.76,5.14,65.5,57.9,0.301,57.3,0.0,0.28,True,physics_chained_synthetic
BGW-011,3,37.95,production,47.312,43937.65,5.14,65.5,57.9,0.301,58.0,0.28,0.07,True,physics_chained_synthetic
BGW-011,3,38.16,production,47.312,43937.65,5.14,65.5,57.9,0.301,58.0,0.07,0.25,True,physics_chained_synthetic
BGW-011,4,0.47,production,152.182,23.35,6.84,141.3,57.1,0.001,191.8,409.88,409.88,True,physics_chained_synthetic
BGW-011,4,4.53,production,128.37,91.55,6.84,141.3,57.1,0.001,550.6,409.88,88.37,True,physics_chained_synthetic
BGW-011,4,5.11,production,124.831,113.74,6.84,141.3,57.1,0.001,590.5,88.37,69.08,True,physics_chained_synthetic
BGW-011,4,6.94,production,112.165,255.54,6.84,141.3,57.1,0.001,647.1,69.08,30.83,True,physics_chained_synthetic
BGW-011,4,8.61,production,100.18,578.17,6.84,141.3,57.1,0.001,667.8,30.83,12.44,True,physics_chained_synthetic
BGW-011,4,11.07,production,82.679,2102.62,6.84,141.3,57.1,0.001,676.0,12.44,3.31,True,physics_chained_synthetic
BGW-011,4,16.61,production,55.203,21068.76,6.84,141.3,57.1,0.001,676.3,3.31,0.06,True,physics_chained_synthetic
BGW-011,4,18.26,production,51.81,28774.1,6.84,141.3,57.1,0.001,676.4,0.06,0.04,True,physics_chained_synthetic
BGW-011,4,18.76,production,51.07,30822.96,6.84,141.3,57.1,0.001,676.6,0.04,0.44,True,physics_chained_synthetic
BGW-011,4,19.55,production,50.103,33739.38,6.84,141.3,57.1,0.001,677.2,0.44,0.84,True,physics_chained_synthetic
BGW-011,4,19.94,production,49.71,35008.67,6.84,141.3,57.1,0.001,677.4,0.84,0.52,True,physics_chained_synthetic
BGW-011,4,20.11,production,49.558,35512.98,6.84,141.3,57.1,0.001,677.5,0.52,0.38,True,physics_chained_synthetic
BGW-011,4,25.79,production,47.59,42787.19,6.84,141.3,57.1,0.001,677.5,0.38,0.0,True,physics_chained_synthetic
BGW-011,4,27.16,production,47.542,42981.72,6.84,141.3,57.1,0.001,677.9,0.0,0.26,True,physics_chained_synthetic
BGW-011,4,27.35,production,47.538,42997.73,6.84,141.3,57.1,0.001,677.9,0.26,0.0,True,physics_chained_synthetic
BGW-011,4,27.87,production,47.53,43031.38,6.84,141.3,57.1,0.001,678.1,0.0,0.48,True,physics_chained_synthetic
BGW-011,4,29.0,production,47.52,43074.83,6.84,141.3,57.1,0.001,678.1,0.48,0.0,True,physics_chained_synthetic
BGW-011,4,31.66,production,47.513,43102.93,6.84,141.3,57.1,0.001,678.1,0.0,0.0,True,physics_chained_synthetic
BGW-011,4,36.53,production,47.512,43105.94,6.84,141.3,57.1,0.001,682.3,0.0,0.86,True,physics_chained_synthetic
BGW-011,4,39.19,production,47.512,43105.95,6.84,141.3,57.1,0.001,682.8,0.86,0.19,True,physics_chained_synthetic
BGW-012,3,0.6,production,130.103,82.43,6.67,88.6,52.2,0.176,60.2,100.99,100.99,True,physics_chained_synthetic
BGW-012,3,1.06,production,128.48,90.94,6.67,88.6,52.2,0.176,94.6,100.99,74.0,True,physics_chained_synthetic
BGW-012,3,12.35,production,60.919,12643.89,6.67,88.6,52.2,0.176,97.8,74.0,0.28,True,physics_chained_synthetic
BGW-012,3,14.68,production,54.27,22938.78,6.67,88.6,52.2,0.176,99.0,0.28,0.52,True,physics_chained_synthetic
BGW-012,3,16.71,production,50.461,32628.46,6.67,88.6,52.2,0.176,99.0,0.52,0.0,True,physics_chained_synthetic
BGW-012,3,18.45,production,48.425,39523.3,6.67,88.6,52.2,0.176,99.1,0.0,0.05,True,physics_chained_synthetic
BGW-012,3,22.27,production,46.513,47427.66,6.67,88.6,52.2,0.176,99.1,0.05,0.0,True,physics_chained_synthetic
BGW-012,3,22.87,production,46.408,47907.76,6.67,88.6,52.2,0.176,99.2,0.0,0.15,True,physics_chained_synthetic
BGW-012,3,23.43,production,46.332,48255.47,6.67,88.6,52.2,0.176,99.6,0.15,0.7,True,physics_chained_synthetic
BGW-012,3,25.18,production,46.196,48893.73,6.67,88.6,52.2,0.176,99.6,0.7,0.0,True,physics_chained_synthetic
BGW-012,3,27.42,production,46.137,49169.1,6.67,88.6,52.2,0.176,99.6,0.0,0.0,True,physics_chained_synthetic
BGW-012,3,28.27,production,46.129,49205.35,6.67,88.6,52.2,0.176,99.8,0.0,0.26,True,physics_chained_synthetic
BGW-012,3,28.73,production,46.127,49217.52,6.67,88.6,52.2,0.176,100.0,0.26,0.39,True,physics_chained_synthetic
BGW-012,3,31.02,production,46.122,49242.47,6.67,88.6,52.2,0.176,100.4,0.39,0.19,True,physics_chained_synthetic
BGW-012,3,36.31,production,46.121,49246.72,6.67,88.6,52.2,0.176,102.0,0.19,0.31,True,physics_chained_synthetic
BGW-012,3,37.58,production,46.121,49246.73,6.67,88.6,52.2,0.176,102.0,0.31,0.0,True,physics_chained_synthetic
BGW-012,3,37.68,production,46.121,49246.73,6.67,88.6,52.2,0.176,102.0,0.0,0.1,True,physics_chained_synthetic
BGW-012,3,39.52,production,46.121,49246.73,6.67,88.6,52.2,0.176,102.0,0.1,0.0,True,physics_chained_synthetic
BGW-012,3,39.55,production,46.121,49246.73,6.67,88.6,52.2,0.176,102.0,0.0,0.0,True,physics_chained_synthetic
BGW-012,3,39.98,production,46.121,49246.73,6.67,88.6,52.2,0.176,102.0,0.0,0.01,True,physics_chained_synthetic
BGW-013,1,0.97,production,150.647,25.38,3.79,74.2,44.3,0.198,131.8,135.48,135.48,True,physics_chained_synthetic
BGW-013,1,5.21,production,122.103,134.81,3.79,74.2,44.3,0.198,311.2,135.48,42.36,True,physics_chained_synthetic
BGW-013,1,6.42,production,113.808,229.39,3.79,74.2,44.3,0.198,347.8,42.36,30.22,True,physics_chained_synthetic
BGW-013,1,7.94,production,103.099,471.64,3.79,74.2,44.3,0.198,364.6,30.22,11.04,True,physics_chained_synthetic
BGW-013,1,14.54,production,60.778,12801.3,3.79,74.2,44.3,0.198,367.2,11.04,0.4,True,physics_chained_synthetic
BGW-013,1,16.54,production,54.406,22655.81,3.79,74.2,44.3,0.198,368.0,0.4,0.41,True,physics_chained_synthetic
BGW-013,1,17.11,production,53.052,25651.71,3.79,74.2,44.3,0.198,368.2,0.41,0.3,True,physics_chained_synthetic
BGW-013,1,20.51,production,47.992,41181.61,3.79,74.2,44.3,0.198,370.0,0.3,0.53,True,physics_chained_synthetic
BGW-013,1,23.14,production,46.66,46763.29,3.79,74.2,44.3,0.198,372.1,0.53,0.8,True,physics_chained_synthetic
BGW-013,1,26.16,production,46.224,48759.84,3.79,74.2,44.3,0.198,372.1,0.8,0.0,True,physics_chained_synthetic
BGW-013,1,27.87,production,46.163,49045.28,3.79,74.2,44.3,0.198,372.1,0.0,0.0,True,physics_chained_synthetic
BGW-013,1,28.11,production,46.159,49065.82,3.79,74.2,44.3,0.198,372.2,0.0,0.39,True,physics_chained_synthetic
BGW-013,1,28.16,production,46.158,49070.1,3.79,74.2,44.3,0.198,372.2,0.39,0.0,True,physics_chained_synthetic
BGW-013,1,28.35,production,46.155,49083.2,3.79,74.2,44.3,0.198,372.2,0.0,0.0,True,physics_chained_synthetic
BGW-013,1,28.45,production,46.154,49089.77,3.79,74.2,44.3,0.198,372.2,0.0,0.16,True,physics_chained_synthetic
BGW-013,1,32.08,production,46.136,49172.98,3.79,74.2,44.3,0.198,372.2,0.16,0.0,True,physics_chained_synthetic
BGW-013,1,32.31,production,46.136,49173.78,3.79,74.2,44.3,0.198,372.2,0.0,0.0,True,physics_chained_synthetic
BGW-013,1,33.37,production,46.136,49175.92,3.79,74.2,44.3,0.198,372.2,0.0,0.0,True,physics_chained_synthetic
BGW-013,1,33.37,production,46.136,49175.93,3.79,74.2,44.3,0.198,372.2,0.0,0.0,True,physics_chained_synthetic
BGW-013,1,38.25,production,46.135,49177.17,3.79,74.2,44.3,0.198,372.9,0.0,0.13,True,physics_chained_synthetic
BGW-014,2,1.2,production,129.363,86.2,4.63,70.7,40.3,0.202,104.2,86.89,86.89,True,physics_chained_synthetic
BGW-014,2,2.25,production,124.341,117.25,4.63,70.7,40.3,0.202,164.8,86.89,57.53,True,physics_chained_synthetic
BGW-014,2,4.0,production,115.246,208.85,4.63,70.7,40.3,0.202,225.4,57.53,34.69,True,physics_chained_synthetic
BGW-014,2,13.11,production,60.745,12838.71,4.63,70.7,40.3,0.202,227.1,34.69,0.19,True,physics_chained_synthetic
BGW-014,2,14.43,production,56.95,17990.73,4.63,70.7,40.3,0.202,227.7,0.19,0.47,True,physics_chained_synthetic
BGW-014,2,15.21,production,55.08,21306.61,4.63,70.7,40.3,0.202,228.0,0.47,0.31,True,physics_chained_synthetic
BGW-014,2,18.55,production,49.876,34466.82,4.63,70.7,40.3,0.202,228.7,0.31,0.21,True,physics_chained_synthetic
BGW-014,2,23.15,production,47.789,41983.42,4.63,70.7,40.3,0.202,228.7,0.21,0.0,True,physics_chained_synthetic
BGW-014,2,23.17,production,47.787,41993.36,4.63,70.7,40.3,0.202,228.7,0.0,0.0,True,physics_chained_synthetic
BGW-014,2,24.53,production,47.654,42526.08,4.63,70.7,40.3,0.202,228.7,0.0,0.03,True,physics_chained_synthetic
BGW-014,2,25.12,production,47.62,42664.66,4.63,70.7,40.3,0.202,228.9,0.03,0.28,True,physics_chained_synthetic
BGW-014,2,26.5,production,47.574,42852.88,4.63,70.7,40.3,0.202,228.9,0.28,0.0,True,physics_chained_synthetic
BGW-014,2,29.17,production,47.546,42965.22,4.63,70.7,40.3,0.202,228.9,0.0,0.0,True,physics_chained_synthetic
BGW-014,2,31.43,production,47.543,42980.18,4.63,70.7,40.3,0.202,229.4,0.0,0.21,True,physics_chained_synthetic
BGW-014,2,33.23,production,47.542,42982.23,4.63,70.7,40.3,0.202,229.6,0.21,0.12,True,physics_chained_synthetic
BGW-014,2,33.75,production,47.542,42982.41,4.63,70.7,40.3,0.202,229.6,0.12,0.11,True,physics_chained_synthetic
BGW-014,2,36.84,production,47.542,42982.67,4.63,70.7,40.3,0.202,229.8,0.11,0.05,True,physics_chained_synthetic
BGW-014,2,37.57,production,47.542,42982.68,4.63,70.7,40.3,0.202,229.8,0.05,0.0,True,physics_chained_synthetic
BGW-014,2,37.77,production,47.542,42982.68,4.63,70.7,40.3,0.202,229.8,0.0,0.0,True,physics_chained_synthetic
BGW-014,2,39.8,production,47.542,42982.68,4.63,70.7,40.3,0.202,229.9,0.0,0.03,True,physics_chained_synthetic
BGW-014,1,4.02,production,87.407,1465.34,3.91,123.9,55.3,0.127,17.3,4.3,4.3,True,physics_chained_synthetic
BGW-014,1,5.34,production,81.943,2226.17,3.91,123.9,55.3,0.127,21.8,4.3,3.42,True,physics_chained_synthetic
BGW-014,1,6.6,production,76.785,3343.62,3.91,123.9,55.3,0.127,24.2,3.42,1.93,True,physics_chained_synthetic
BGW-014,1,9.84,production,63.907,9748.65,3.91,123.9,55.3,0.127,25.5,1.93,0.4,True,physics_chained_synthetic
BGW-014,1,9.95,production,63.532,10068.72,3.91,123.9,55.3,0.127,25.6,0.4,0.49,True,physics_chained_synthetic
BGW-014,1,12.78,production,55.182,21110.47,3.91,123.9,55.3,0.127,27.9,0.49,0.84,True,physics_chained_synthetic
BGW-014,1,12.82,production,55.1,21266.88,3.91,123.9,55.3,0.127,28.0,0.84,0.45,True,physics_chained_synthetic
BGW-014,1,16.92,production,48.421,39539.24,3.91,123.9,55.3,0.127,28.0,0.45,0.0,True,physics_chained_synthetic
BGW-014,1,17.59,production,47.89,41581.21,3.91,123.9,55.3,0.127,28.1,0.0,0.26,True,physics_chained_synthetic
BGW-014,1,25.63,production,46.028,49685.92,3.91,123.9,55.3,0.127,29.1,0.26,0.11,True,physics_chained_synthetic
BGW-014,1,25.79,production,46.027,49694.51,3.91,123.9,55.3,0.127,29.1,0.11,0.0,True,physics_chained_synthetic
BGW-014,1,27.87,production,46.014,49754.3,3.91,123.9,55.3,0.127,29.1,0.0,0.03,True,physics_chained_synthetic
BGW-014,1,29.95,production,46.011,49767.55,3.91,123.9,55.3,0.127,29.1,0.03,0.0,True,physics_chained_synthetic
BGW-014,1,32.28,production,46.011,49770.02,3.91,123.9,55.3,0.127,29.6,0.0,0.2,True,physics_chained_synthetic
BGW-014,1,33.03,production,46.011,49770.18,3.91,123.9,55.3,0.127,29.6,0.2,0.0,True,physics_chained_synthetic
BGW-014,1,34.41,production,46.011,49770.29,3.91,123.9,55.3,0.127,29.6,0.0,0.0,True,physics_chained_synthetic
BGW-014,1,35.76,production,46.011,49770.31,3.91,123.9,55.3,0.127,29.6,0.0,0.0,True,physics_chained_synthetic
BGW-014,1,35.76,production,46.011,49770.31,3.91,123.9,55.3,0.127,29.6,0.0,0.52,True,physics_chained_synthetic
BGW-014,1,39.27,production,46.011,49770.32,3.91,123.9,55.3,0.127,29.6,0.52,0.0,True,physics_chained_synthetic
BGW-014,1,39.95,production,46.011,49770.32,3.91,123.9,55.3,0.127,29.6,0.0,0.0,True,physics_chained_synthetic
BGW-015,3,2.81,production,112.148,255.83,4.08,78.1,54.6,0.179,82.3,29.32,29.32,True,physics_chained_synthetic
BGW-015,3,9.75,production,69.01,6318.35,4.08,78.1,54.6,0.179,86.7,29.32,0.63,True,physics_chained_synthetic
BGW-015,3,10.86,production,64.433,9316.78,4.08,78.1,54.6,0.179,87.4,0.63,0.67,True,physics_chained_synthetic
BGW-015,3,12.16,production,59.793,13962.71,4.08,78.1,54.6,0.179,87.7,0.67,0.23,True,physics_chained_synthetic
BGW-015,3,12.63,production,58.336,15891.22,4.08,78.1,54.6,0.179,87.7,0.23,0.0,True,physics_chained_synthetic
BGW-015,3,14.86,production,52.633,26662.45,4.08,78.1,54.6,0.179,89.3,0.0,0.71,True,physics_chained_synthetic
BGW-015,3,15.47,production,51.529,29534.32,4.08,78.1,54.6,0.179,89.3,0.71,0.06,True,physics_chained_synthetic
BGW-015,3,17.23,production,49.06,37218.72,4.08,78.1,54.6,0.179,89.3,0.06,0.0,True,physics_chained_synthetic
BGW-015,3,18.22,production,48.15,40566.26,4.08,78.1,54.6,0.179,89.3,0.0,0.0,True,physics_chained_synthetic
BGW-015,3,22.47,production,46.415,47872.52,4.08,78.1,54.6,0.179,89.3,0.0,0.0,True,physics_chained_synthetic
BGW-015,3,30.0,production,46.175,48989.11,4.08,78.1,54.6,0.179,89.3,0.0,0.0,True,physics_chained_synthetic
BGW-015,3,30.63,production,46.175,48990.7,4.08,78.1,54.6,0.179,89.3,0.0,0.0,True,physics_chained_synthetic
BGW-015,3,32.51,production,46.175,48992.45,4.08,78.1,54.6,0.179,89.6,0.0,0.15,True,physics_chained_synthetic
BGW-015,3,32.94,production,46.175,48992.57,4.08,78.1,54.6,0.179,89.6,0.15,0.0,True,physics_chained_synthetic
BGW-015,3,33.46,production,46.175,48992.66,4.08,78.1,54.6,0.179,89.6,0.0,0.0,True,physics_chained_synthetic
BGW-015,3,33.72,production,46.175,48992.7,4.08,78.1,54.6,0.179,89.7,0.0,0.45,True,physics_chained_synthetic
BGW-015,3,33.78,production,46.175,48992.7,4.08,78.1,54.6,0.179,89.7,0.45,0.26,True,physics_chained_synthetic
BGW-015,3,36.63,production,46.174,48992.79,4.08,78.1,54.6,0.179,89.7,0.26,0.0,True,physics_chained_synthetic
BGW-015,3,37.33,production,46.174,48992.79,4.08,78.1,54.6,0.179,90.0,0.0,0.4,True,physics_chained_synthetic
BGW-015,3,38.45,production,46.174,48992.79,4.08,78.1,54.6,0.179,90.2,0.4,0.19,True,physics_chained_synthetic
BGW-015,1,0.13,production,108.546,325.22,5.16,82.9,55.6,0.057,3.5,26.02,26.02,True,physics_chained_synthetic
BGW-015,1,0.47,production,107.598,346.71,5.16,82.9,55.6,0.057,11.9,26.02,25.18,True,physics_chained_synthetic
BGW-015,1,0.7,production,106.931,362.72,5.16,82.9,55.6,0.057,17.6,25.18,24.88,True,physics_chained_synthetic
BGW-015,1,4.29,production,93.321,945.01,5.16,82.9,55.6,0.057,51.1,24.88,9.33,True,physics_chained_synthetic
BGW-015,1,5.75,production,87.48,1457.23,5.16,82.9,55.6,0.057,59.3,9.33,5.59,True,physics_chained_synthetic
BGW-015,1,8.16,production,77.139,3250.56,5.16,82.9,55.6,0.057,65.0,5.59,2.36,True,physics_chained_synthetic
BGW-015,1,11.02,production,65.572,8449.83,5.16,82.9,55.6,0.057,66.3,2.36,0.45,True,physics_chained_synthetic
BGW-015,1,11.68,production,63.344,10234.44,5.16,82.9,55.6,0.057,66.5,0.45,0.39,True,physics_chained_synthetic
BGW-015,1,13.71,production,57.258,17500.09,5.16,82.9,55.6,0.057,66.5,0.39,0.0,True,physics_chained_synthetic
BGW-015,1,14.32,production,55.795,19966.69,5.16,82.9,55.6,0.057,66.7,0.0,0.23,True,physics_chained_synthetic
BGW-015,1,16.7,production,51.359,30003.61,5.16,82.9,55.6,0.057,67.2,0.23,0.24,True,physics_chained_synthetic
BGW-015,1,28.14,production,47.223,44309.4,5.16,82.9,55.6,0.057,74.3,0.24,0.62,True,physics_chained_synthetic
BGW-015,1,29.46,production,47.221,44318.86,5.16,82.9,55.6,0.057,74.3,0.62,0.0,True,physics_chained_synthetic
BGW-015,1,33.69,production,47.22,44323.67,5.16,82.9,55.6,0.057,74.3,0.0,0.0,True,physics_chained_synthetic
BGW-015,1,34.46,production,47.22,44323.71,5.16,82.9,55.6,0.057,74.3,0.0,0.0,True,physics_chained_synthetic
BGW-015,1,35.01,production,47.22,44323.73,5.16,82.9,55.6,0.057,74.3,0.0,0.03,True,physics_chained_synthetic
BGW-015,1,36.16,production,47.22,44323.74,5.16,82.9,55.6,0.057,74.3,0.03,0.0,True,physics_chained_synthetic
BGW-015,1,36.57,production,47.22,44323.74,5.16,82.9,55.6,0.057,74.6,0.0,0.77,True,physics_chained_synthetic
BGW-015,1,38.23,production,47.22,44323.74,5.16,82.9,55.6,0.057,75.4,0.77,0.48,True,physics_chained_synthetic
BGW-015,1,38.6,production,47.22,44323.74,5.16,82.9,55.6,0.057,75.5,0.48,0.13,True,physics_chained_synthetic
BGW-016,4,0.47,production,129.424,85.89,4.7,111.5,35.1,0.172,36.8,78.68,78.68,True,physics_chained_synthetic
BGW-016,4,5.87,production,95.776,790.92,4.7,111.5,35.1,0.172,87.6,78.68,9.41,True,physics_chained_synthetic
BGW-016,4,6.64,production,91.419,1086.48,4.7,111.5,35.1,0.172,93.1,9.41,7.06,True,physics_chained_synthetic
BGW-016,4,7.7,production,85.355,1711.99,4.7,111.5,35.1,0.172,96.7,7.06,3.47,True,physics_chained_synthetic
BGW-016,4,9.57,production,74.971,3869.0,4.7,111.5,35.1,0.172,98.9,3.47,1.14,True,physics_chained_synthetic
BGW-016,4,9.93,production,73.186,4473.1,4.7,111.5,35.1,0.172,99.2,1.14,0.78,True,physics_chained_synthetic
BGW-016,4,10.16,production,72.091,4893.36,4.7,111.5,35.1,0.172,99.3,0.78,0.64,True,physics_chained_synthetic
BGW-016,4,10.49,production,70.48,5589.56,4.7,111.5,35.1,0.172,99.7,0.64,1.18,True,physics_chained_synthetic
BGW-016,4,13.07,production,59.45,14392.37,4.7,111.5,35.1,0.172,101.5,1.18,0.69,True,physics_chained_synthetic
BGW-016,4,14.92,production,53.991,23532.06,4.7,111.5,35.1,0.172,102.1,0.69,0.34,True,physics_chained_synthetic
BGW-016,4,19.91,production,47.111,44786.7,4.7,111.5,35.1,0.172,105.1,0.34,0.59,True,physics_chained_synthetic
BGW-016,4,20.71,production,46.783,46216.9,4.7,111.5,35.1,0.172,105.1,0.59,0.09,True,physics_chained_synthetic
BGW-016,4,21.27,production,46.608,46995.64,4.7,111.5,35.1,0.172,105.1,0.09,0.0,True,physics_chained_synthetic
BGW-016,4,21.76,production,46.49,47531.34,4.7,111.5,35.1,0.172,105.1,0.0,0.0,True,physics_chained_synthetic
BGW-016,4,22.98,production,46.284,48477.72,4.7,111.5,35.1,0.172,105.2,0.0,0.06,True,physics_chained_synthetic
BGW-016,4,27.6,production,46.079,49445.42,4.7,111.5,35.1,0.172,108.7,0.06,0.75,True,physics_chained_synthetic
BGW-016,4,28.57,production,46.074,49466.51,4.7,111.5,35.1,0.172,108.9,0.75,0.26,True,physics_chained_synthetic
BGW-016,4,30.21,production,46.071,49480.41,4.7,111.5,35.1,0.172,109.5,0.26,0.32,True,physics_chained_synthetic
BGW-016,4,31.54,production,46.071,49483.58,4.7,111.5,35.1,0.172,110.2,0.32,0.55,True,physics_chained_synthetic
BGW-016,4,39.89,production,46.071,49484.86,4.7,111.5,35.1,0.172,110.2,0.55,0.0,True,physics_chained_synthetic
BGW-016,2,1.03,production,153.894,21.29,3.57,75.6,52.0,0.163,185.7,179.99,179.99,True,physics_chained_synthetic
BGW-016,2,2.63,production,144.864,34.95,3.57,75.6,52.0,0.163,445.0,179.99,162.35,True,physics_chained_synthetic
BGW-016,2,2.96,production,142.972,38.88,3.57,75.6,52.0,0.163,495.6,162.35,152.6,True,physics_chained_synthetic
BGW-016,2,8.94,production,97.256,711.32,3.57,75.6,52.0,0.163,533.0,152.6,6.27,True,physics_chained_synthetic
BGW-016,2,11.83,production,77.782,3087.96,3.57,75.6,52.0,0.163,537.5,6.27,1.56,True,physics_chained_synthetic
BGW-016,2,14.01,production,66.124,8061.13,3.57,75.6,52.0,0.163,539.8,1.56,1.06,True,physics_chained_synthetic
BGW-016,2,14.97,production,62.084,11418.38,3.57,75.6,52.0,0.163,540.5,1.06,0.68,True,physics_chained_synthetic
BGW-016,2,15.36,production,60.62,12980.68,3.57,75.6,52.0,0.163,540.6,0.68,0.39,True,physics_chained_synthetic
BGW-016,2,15.79,production,59.129,14807.94,3.57,75.6,52.0,0.163,540.9,0.39,0.58,True,physics_chained_synthetic
BGW-016,2,18.58,production,51.886,28570.61,3.57,75.6,52.0,0.163,541.3,0.58,0.13,True,physics_chained_synthetic
BGW-016,2,25.89,production,47.2,44410.39,3.57,75.6,52.0,0.163,541.3,0.13,0.0,True,physics_chained_synthetic
BGW-016,2,26.43,production,47.17,44534.69,3.57,75.6,52.0,0.163,541.3,0.0,0.0,True,physics_chained_synthetic
BGW-016,2,26.5,production,47.167,44548.26,3.57,75.6,52.0,0.163,541.3,0.0,0.39,True,physics_chained_synthetic
BGW-016,2,27.44,production,47.135,44685.2,3.57,75.6,52.0,0.163,541.3,0.39,0.0,True,physics_chained_synthetic
BGW-016,2,29.82,production,47.105,44815.04,3.57,75.6,52.0,0.163,542.0,0.0,0.3,True,physics_chained_synthetic
BGW-016,2,30.08,production,47.103,44819.88,3.57,75.6,52.0,0.163,542.0,0.3,0.03,True,physics_chained_synthetic
BGW-016,2,31.26,production,47.1,44833.12,3.57,75.6,52.0,0.163,542.2,0.03,0.19,True,physics_chained_synthetic
BGW-016,2,31.54,production,47.1,44834.82,3.57,75.6,52.0,0.163,542.2,0.19,0.03,True,physics_chained_synthetic
BGW-016,2,32.88,production,47.099,44839.19,3.57,75.6,52.0,0.163,542.9,0.03,0.53,True,physics_chained_synthetic
BGW-016,2,39.95,production,47.099,44841.0,3.57,75.6,52.0,0.163,543.6,0.53,0.09,True,physics_chained_synthetic
BGW-016,5,0.73,production,96.599,745.53,6.71,142.4,57.0,0.058,8.6,11.74,11.74,True,physics_chained_synthetic
BGW-016,5,0.74,production,96.575,746.82,6.71,142.4,57.0,0.058,8.7,11.74,10.58,True,physics_chained_synthetic
BGW-016,5,3.25,production,88.69,1330.65,6.71,142.4,57.0,0.058,25.6,10.58,6.75,True,physics_chained_synthetic
BGW-016,5,4.49,production,84.692,1800.92,6.71,142.4,57.0,0.058,29.9,6.75,3.5,True,physics_chained_synthetic
BGW-016,5,4.54,production,84.512,1825.92,6.71,142.4,57.0,0.058,30.2,3.5,4.77,True,physics_chained_synthetic
BGW-016,5,5.91,production,79.909,2609.82,6.71,142.4,57.0,0.058,34.2,4.77,2.95,True,physics_chained_synthetic
BGW-016,5,14.66,production,52.417,27200.83,6.71,142.4,57.0,0.058,34.8,2.95,0.06,True,physics_chained_synthetic
BGW-016,5,16.76,production,50.08,33814.11,6.71,142.4,57.0,0.058,35.8,0.06,0.46,True,physics_chained_synthetic
BGW-016,5,17.28,production,49.677,35117.36,6.71,142.4,57.0,0.058,36.0,0.46,0.57,True,physics_chained_synthetic
BGW-016,5,17.86,production,49.288,36426.39,6.71,142.4,57.0,0.058,36.3,0.57,0.49,True,physics_chained_synthetic
BGW-016,5,18.46,production,48.952,37599.95,6.71,142.4,57.0,0.058,36.4,0.49,0.17,True,physics_chained_synthetic
BGW-016,5,22.46,production,47.822,41851.75,6.71,142.4,57.0,0.058,39.5,0.17,0.76,True,physics_chained_synthetic
BGW-016,5,24.75,production,47.678,42429.19,6.71,142.4,57.0,0.058,39.6,0.76,0.05,True,physics_chained_synthetic
BGW-016,5,25.22,production,47.665,42483.27,6.71,142.4,57.0,0.058,39.8,0.05,0.4,True,physics_chained_synthetic
BGW-016,5,30.22,production,47.627,42637.41,6.71,142.4,57.0,0.058,40.2,0.4,0.07,True,physics_chained_synthetic
BGW-016,5,32.98,production,47.626,42640.44,6.71,142.4,57.0,0.058,40.2,0.07,0.0,True,physics_chained_synthetic
BGW-016,5,35.78,production,47.626,42640.67,6.71,142.4,57.0,0.058,40.8,0.0,0.23,True,physics_chained_synthetic
BGW-016,5,36.09,production,47.626,42640.67,6.71,142.4,57.0,0.058,40.8,0.23,0.0,True,physics_chained_synthetic
BGW-016,5,37.76,production,47.626,42640.68,6.71,142.4,57.0,0.058,41.2,0.0,0.26,True,physics_chained_synthetic
BGW-016,5,38.36,production,47.626,42640.68,6.71,142.4,57.0,0.058,41.6,0.26,0.53,True,physics_chained_synthetic
BGW-016,2,1.09,production,123.512,123.45,3.43,68.4,39.1,0.098,78.7,72.25,72.25,True,physics_chained_synthetic
BGW-016,2,2.65,production,115.031,211.79,3.43,68.4,39.1,0.098,141.0,72.25,39.89,True,physics_chained_synthetic
BGW-016,2,4.66,production,103.475,459.54,3.43,68.4,39.1,0.098,170.8,39.89,14.79,True,physics_chained_synthetic
BGW-016,2,5.02,production,101.497,527.22,3.43,68.4,39.1,0.098,175.7,14.79,13.96,True,physics_chained_synthetic
BGW-016,2,6.37,production,93.729,917.33,3.43,68.4,39.1,0.098,185.2,13.96,7.01,True,physics_chained_synthetic
BGW-016,2,8.1,production,83.836,1923.17,3.43,68.4,39.1,0.098,190.4,7.01,2.99,True,physics_chained_synthetic
BGW-016,2,14.32,production,55.339,20811.44,3.43,68.4,39.1,0.098,193.2,2.99,0.46,True,physics_chained_synthetic
BGW-016,2,14.61,production,54.665,22126.21,3.43,68.4,39.1,0.098,193.3,0.46,0.3,True,physics_chained_synthetic
BGW-016,2,18.21,production,48.984,37488.64,3.43,68.4,39.1,0.098,194.4,0.3,0.3,True,physics_chained_synthetic
BGW-016,2,19.43,production,48.118,40691.58,3.43,68.4,39.1,0.098,194.4,0.3,0.0,True,physics_chained_synthetic
BGW-016,2,21.28,production,47.356,43752.59,3.43,68.4,39.1,0.098,194.8,0.0,0.24,True,physics_chained_synthetic
BGW-016,2,21.79,production,47.231,44278.55,3.43,68.4,39.1,0.098,195.0,0.24,0.38,True,physics_chained_synthetic
BGW-016,2,24.45,production,46.898,45711.04,3.43,68.4,39.1,0.098,195.4,0.38,0.12,True,physics_chained_synthetic
BGW-016,2,28.31,production,46.812,46088.89,3.43,68.4,39.1,0.098,196.4,0.12,0.27,True,physics_chained_synthetic
BGW-016,2,30.09,production,46.807,46108.07,3.43,68.4,39.1,0.098,196.4,0.27,0.0,True,physics_chained_synthetic
BGW-016,2,32.73,production,46.806,46113.28,3.43,68.4,39.1,0.098,196.9,0.0,0.19,True,physics_chained_synthetic
BGW-016,2,34.55,production,46.806,46113.67,3.43,68.4,39.1,0.098,196.9,0.19,0.0,True,physics_chained_synthetic
BGW-016,2,34.84,production,46.806,46113.69,3.43,68.4,39.1,0.098,196.9,0.0,0.0,True,physics_chained_synthetic
BGW-016,2,37.94,production,46.806,46113.74,3.43,68.4,39.1,0.098,197.2,0.0,0.11,True,physics_chained_synthetic
BGW-016,2,38.81,production,46.806,46113.74,3.43,68.4,39.1,0.098,197.2,0.11,0.0,True,physics_chained_synthetic
BGW-017,3,2.51,production,104.014,442.77,6.49,103.9,46.2,0.017,47.8,19.04,19.04,True,physics_chained_synthetic
BGW-017,3,3.01,production,101.658,521.31,6.49,103.9,46.2,0.017,55.4,19.04,15.05,True,physics_chained_synthetic
BGW-017,3,3.98,production,97.078,720.39,6.49,103.9,46.2,0.017,66.3,15.05,11.32,True,physics_chained_synthetic
BGW-017,3,8.59,production,73.793,4257.2,6.49,103.9,46.2,0.017,72.6,11.32,1.36,True,physics_chained_synthetic
BGW-017,3,9.24,production,71.142,5291.49,6.49,103.9,46.2,0.017,73.1,1.36,0.79,True,physics_chained_synthetic
BGW-017,3,9.71,production,69.329,6151.99,6.49,103.9,46.2,0.017,73.4,0.79,0.73,True,physics_chained_synthetic
BGW-017,3,11.35,production,63.367,10213.44,6.49,103.9,46.2,0.017,73.7,0.73,0.15,True,physics_chained_synthetic
BGW-017,3,13.87,production,56.198,19252.22,6.49,103.9,46.2,0.017,74.3,0.15,0.23,True,physics_chained_synthetic
BGW-017,3,15.44,production,53.152,25416.8,6.49,103.9,46.2,0.017,74.9,0.23,0.41,True,physics_chained_synthetic
BGW-017,3,17.18,production,50.842,31485.27,6.49,103.9,46.2,0.017,75.0,0.41,0.04,True,physics_chained_synthetic
BGW-017,3,17.48,production,50.546,32367.86,6.49,103.9,46.2,0.017,75.1,0.04,0.25,True,physics_chained_synthetic
BGW-017,3,18.58,production,49.653,35195.77,6.49,103.9,46.2,0.017,75.1,0.25,0.0,True,physics_chained_synthetic
BGW-017,3,21.84,production,48.319,39923.68,6.49,103.9,46.2,0.017,75.4,0.0,0.11,True,physics_chained_synthetic
BGW-017,3,26.04,production,47.978,41236.43,6.49,103.9,46.2,0.017,75.9,0.11,0.11,True,physics_chained_synthetic
BGW-017,3,27.31,production,47.961,41301.0,6.49,103.9,46.2,0.017,75.9,0.11,0.0,True,physics_chained_synthetic
BGW-017,3,29.58,production,47.952,41338.44,6.49,103.9,46.2,0.017,76.7,0.0,0.37,True,physics_chained_synthetic
BGW-017,3,30.16,production,47.951,41341.27,6.49,103.9,46.2,0.017,77.0,0.37,0.47,True,physics_chained_synthetic
BGW-017,3,33.14,production,47.95,41345.57,6.49,103.9,46.2,0.017,77.0,0.47,0.0,True,physics_chained_synthetic
BGW-017,3,36.08,production,47.95,41345.82,6.49,103.9,46.2,0.017,77.0,0.0,0.0,True,physics_chained_synthetic
BGW-017,3,37.35,production,47.95,41345.83,6.49,103.9,46.2,0.017,77.0,0.0,0.0,True,physics_chained_synthetic
BGW-017,1,0.43,production,104.946,415.3,5.46,91.2,57.5,0.174,7.6,17.84,17.84,True,physics_chained_synthetic
BGW-017,1,1.34,production,102.264,499.78,5.46,91.2,57.5,0.174,20.5,17.84,14.14,True,physics_chained_synthetic
BGW-017,1,2.75,production,97.603,693.9,5.46,91.2,57.5,0.174,35.2,14.14,10.4,True,physics_chained_synthetic
BGW-017,1,5.34,production,87.397,1466.36,5.46,91.2,57.5,0.174,46.8,10.4,4.51,True,physics_chained_synthetic
BGW-017,1,8.13,production,75.434,3727.13,5.46,91.2,57.5,0.174,52.8,4.51,2.14,True,physics_chained_synthetic
BGW-017,1,8.45,production,74.171,4128.27,5.46,91.2,57.5,0.174,53.3,2.14,1.56,True,physics_chained_synthetic
BGW-017,1,10.43,production,66.329,7922.01,5.46,91.2,57.5,0.174,54.5,1.56,0.61,True,physics_chained_synthetic
BGW-017,1,10.55,production,65.926,8198.54,5.46,91.2,57.5,0.174,54.5,0.61,0.17,True,physics_chained_synthetic
BGW-017,1,11.73,production,61.857,11646.43,5.46,91.2,57.5,0.174,55.5,0.17,0.78,True,physics_chained_synthetic
BGW-017,1,14.27,production,54.611,22236.84,5.46,91.2,57.5,0.174,55.7,0.78,0.09,True,physics_chained_synthetic
BGW-017,1,14.59,production,53.915,23697.08,5.46,91.2,57.5,0.174,55.8,0.09,0.2,True,physics_chained_synthetic
BGW-017,1,22.41,production,46.561,47208.24,5.46,91.2,57.5,0.174,62.3,0.2,0.84,True,physics_chained_synthetic
BGW-017,1,23.09,production,46.489,47533.34,5.46,91.2,57.5,0.174,62.3,0.84,0.0,True,physics_chained_synthetic
BGW-017,1,25.24,production,46.375,48058.84,5.46,91.2,57.5,0.174,62.9,0.0,0.25,True,physics_chained_synthetic
BGW-017,1,26.71,production,46.348,48181.27,5.46,91.2,57.5,0.174,62.9,0.25,0.0,True,physics_chained_synthetic
BGW-017,1,27.54,production,46.342,48212.74,5.46,91.2,57.5,0.174,63.2,0.0,0.37,True,physics_chained_synthetic
BGW-017,1,30.24,production,46.334,48246.65,5.46,91.2,57.5,0.174,63.8,0.37,0.25,True,physics_chained_synthetic
BGW-017,1,32.42,production,46.333,48250.16,5.46,91.2,57.5,0.174,64.7,0.25,0.38,True,physics_chained_synthetic
BGW-017,1,32.62,production,46.333,48250.25,5.46,91.2,57.5,0.174,64.7,0.38,0.0,True,physics_chained_synthetic
BGW-017,1,34.24,production,46.333,48250.59,5.46,91.2,57.5,0.174,65.0,0.0,0.2,True,physics_chained_synthetic
BGW-018,5,1.65,production,126.459,102.89,4.43,92.2,50.5,0.22,112.9,68.59,68.59,True,physics_chained_synthetic
BGW-018,5,3.0,production,119.173,162.23,4.43,92.2,50.5,0.22,166.1,68.59,39.4,True,physics_chained_synthetic
BGW-018,5,3.22,production,117.978,175.11,4.43,92.2,50.5,0.22,173.3,39.4,31.81,True,physics_chained_synthetic
BGW-018,5,3.83,production,114.691,216.53,4.43,92.2,50.5,0.22,191.2,31.81,29.36,True,physics_chained_synthetic
BGW-018,5,4.19,production,112.721,246.34,4.43,92.2,50.5,0.22,200.8,29.36,26.58,True,physics_chained_synthetic
BGW-018,5,7.6,production,92.522,1001.85,4.43,92.2,50.5,0.22,217.5,26.58,4.88,True,physics_chained_synthetic
BGW-018,5,13.74,production,60.867,12700.86,4.43,92.2,50.5,0.22,218.5,4.88,0.17,True,physics_chained_synthetic
BGW-018,5,16.29,production,54.005,23501.93,4.43,92.2,50.5,0.22,218.5,0.17,0.0,True,physics_chained_synthetic
BGW-018,5,19.19,production,49.772,34804.89,4.43,92.2,50.5,0.22,219.8,0.0,0.44,True,physics_chained_synthetic
BGW-018,5,19.4,production,49.584,35424.58,4.43,92.2,50.5,0.22,219.8,0.44,0.11,True,physics_chained_synthetic
BGW-018,5,19.56,production,49.455,35858.49,4.43,92.2,50.5,0.22,219.8,0.11,0.0,True,physics_chained_synthetic
BGW-018,5,20.16,production,49.017,37372.54,4.43,92.2,50.5,0.22,219.8,0.0,0.0,True,physics_chained_synthetic
BGW-018,5,21.98,production,48.118,40690.07,4.43,92.2,50.5,0.22,221.0,0.0,0.65,True,physics_chained_synthetic
BGW-018,5,23.21,production,47.798,41949.69,4.43,92.2,50.5,0.22,221.0,0.65,0.0,True,physics_chained_synthetic
BGW-018,5,25.56,production,47.516,43088.0,4.43,92.2,50.5,0.22,221.8,0.0,0.34,True,physics_chained_synthetic
BGW-018,5,28.86,production,47.428,43453.23,4.43,92.2,50.5,0.22,223.0,0.34,0.36,True,physics_chained_synthetic
BGW-018,5,31.52,production,47.419,43489.45,4.43,92.2,50.5,0.22,223.0,0.36,0.0,True,physics_chained_synthetic
BGW-018,5,33.72,production,47.418,43493.44,4.43,92.2,50.5,0.22,223.5,0.0,0.24,True,physics_chained_synthetic
BGW-018,5,35.8,production,47.418,43493.95,4.43,92.2,50.5,0.22,223.6,0.24,0.05,True,physics_chained_synthetic
BGW-018,5,36.96,production,47.418,43494.0,4.43,92.2,50.5,0.22,223.6,0.05,0.0,True,physics_chained_synthetic
BGW-018,3,0.23,production,89.766,1228.04,3.15,82.2,41.1,0.091,1.7,7.48,7.48,True,physics_chained_synthetic
BGW-018,3,0.42,production,89.263,1274.87,3.15,82.2,41.1,0.091,3.0,7.48,6.33,True,physics_chained_synthetic
BGW-018,3,0.47,production,89.155,1285.23,3.15,82.2,41.1,0.091,3.2,6.33,6.99,True,physics_chained_synthetic
BGW-018,3,1.08,production,87.526,1452.26,3.15,82.2,41.1,0.091,6.4,6.99,5.13,True,physics_chained_synthetic
BGW-018,3,2.06,production,84.791,1787.24,3.15,82.2,41.1,0.091,10.1,5.13,3.79,True,physics_chained_synthetic
BGW-018,3,7.25,production,66.976,7499.06,3.15,82.2,41.1,0.091,14.4,3.79,0.82,True,physics_chained_synthetic
BGW-018,3,9.31,production,61.179,12358.03,3.15,82.2,41.1,0.091,14.6,0.82,0.13,True,physics_chained_synthetic
BGW-018,3,10.08,production,59.284,14605.64,3.15,82.2,41.1,0.091,14.8,0.13,0.2,True,physics_chained_synthetic
BGW-018,3,12.26,production,54.564,22332.61,3.15,82.2,41.1,0.091,15.9,0.2,0.49,True,physics_chained_synthetic
BGW-018,3,12.65,production,53.891,23748.96,3.15,82.2,41.1,0.091,16.0,0.49,0.45,True,physics_chained_synthetic
BGW-018,3,16.15,production,49.427,35952.23,3.15,82.2,41.1,0.091,16.0,0.45,0.0,True,physics_chained_synthetic
BGW-018,3,18.43,production,48.127,40657.64,3.15,82.2,41.1,0.091,16.1,0.0,0.03,True,physics_chained_synthetic
BGW-018,3,19.67,production,47.751,42135.31,3.15,82.2,41.1,0.091,16.4,0.03,0.22,True,physics_chained_synthetic
BGW-018,3,19.82,production,47.717,42273.47,3.15,82.2,41.1,0.091,16.4,0.22,0.0,True,physics_chained_synthetic
BGW-018,3,22.2,production,47.377,43666.56,3.15,82.2,41.1,0.091,16.4,0.0,0.0,True,physics_chained_synthetic
BGW-018,3,29.1,production,47.239,44243.32,3.15,82.2,41.1,0.091,16.4,0.0,0.0,True,physics_chained_synthetic
BGW-018,3,30.02,production,47.239,44245.11,3.15,82.2,41.1,0.091,16.7,0.0,0.39,True,physics_chained_synthetic
BGW-018,3,35.57,production,47.238,44246.56,3.15,82.2,41.1,0.091,19.9,0.39,0.58,True,physics_chained_synthetic
BGW-018,3,37.71,production,47.238,44246.56,3.15,82.2,41.1,0.091,20.3,0.58,0.17,True,physics_chained_synthetic
BGW-018,3,37.99,production,47.238,44246.56,3.15,82.2,41.1,0.091,20.3,0.17,0.0,True,physics_chained_synthetic
BGW-018,4,0.43,production,156.143,18.88,6.01,117.0,58.6,0.184,172.3,402.04,402.04,True,physics_chained_synthetic
BGW-018,4,5.6,production,118.596,168.31,6.01,117.0,58.6,0.184,385.0,402.04,41.13,True,physics_chained_synthetic
BGW-018,4,6.44,production,112.708,246.56,6.01,117.0,58.6,0.184,406.3,41.13,25.46,True,physics_chained_synthetic
BGW-018,4,8.67,production,96.526,749.45,6.01,117.0,58.6,0.184,425.5,25.46,8.56,True,physics_chained_synthetic
BGW-018,4,11.97,production,74.695,3956.4,6.01,117.0,58.6,0.184,432.0,8.56,1.98,True,physics_chained_synthetic
BGW-018,4,14.98,production,60.296,13356.23,6.01,117.0,58.6,0.184,433.3,1.98,0.45,True,physics_chained_synthetic
BGW-018,4,15.22,production,59.481,14353.56,6.01,117.0,58.6,0.184,433.5,0.45,0.74,True,physics_chained_synthetic
BGW-018,4,18.58,production,50.955,31156.86,6.01,117.0,58.6,0.184,435.0,0.74,0.44,True,physics_chained_synthetic
BGW-018,4,18.97,production,50.393,32834.94,6.01,117.0,58.6,0.184,435.1,0.44,0.35,True,physics_chained_synthetic
BGW-018,4,19.14,production,50.172,33522.01,6.01,117.0,58.6,0.184,435.1,0.35,0.13,True,physics_chained_synthetic
BGW-018,4,19.15,production,50.154,33578.0,6.01,117.0,58.6,0.184,435.1,0.13,0.27,True,physics_chained_synthetic
BGW-018,4,23.39,production,47.218,44333.47,6.01,117.0,58.6,0.184,435.1,0.27,0.0,True,physics_chained_synthetic
BGW-018,4,24.18,production,47.059,45008.59,6.01,117.0,58.6,0.184,435.5,0.0,0.5,True,physics_chained_synthetic
BGW-018,4,25.2,production,46.928,45579.32,6.01,117.0,58.6,0.184,436.2,0.5,0.67,True,physics_chained_synthetic
BGW-018,4,29.6,production,46.769,46276.5,6.01,117.0,58.6,0.184,436.2,0.67,0.0,True,physics_chained_synthetic
BGW-018,4,32.71,production,46.762,46306.13,6.01,117.0,58.6,0.184,436.2,0.0,0.0,True,physics_chained_synthetic
BGW-018,4,34.71,production,46.762,46307.92,6.01,117.0,58.6,0.184,436.4,0.0,0.09,True,physics_chained_synthetic
BGW-018,4,37.5,production,46.762,46308.19,6.01,117.0,58.6,0.184,436.4,0.09,0.0,True,physics_chained_synthetic
BGW-018,4,38.69,production,46.762,46308.2,6.01,117.0,58.6,0.184,436.7,0.0,0.26,True,physics_chained_synthetic
BGW-018,4,39.53,production,46.762,46308.2,6.01,117.0,58.6,0.184,436.7,0.26,0.0,True,physics_chained_synthetic
BGW-018,3,0.59,production,134.108,64.91,4.47,119.0,41.3,0.031,78.5,132.79,132.79,True,physics_chained_synthetic
BGW-018,3,1.72,production,129.197,87.07,4.47,119.0,41.3,0.031,196.8,132.79,104.38,True,physics_chained_synthetic
BGW-018,3,4.23,production,115.385,206.97,4.47,119.0,41.3,0.031,287.1,104.38,36.03,True,physics_chained_synthetic
BGW-018,3,4.24,production,115.331,207.7,4.47,119.0,41.3,0.031,287.5,36.03,44.91,True,physics_chained_synthetic
BGW-018,3,6.66,production,100.057,583.2,4.47,119.0,41.3,0.031,326.8,44.91,16.21,True,physics_chained_synthetic
BGW-018,3,8.41,production,88.97,1303.13,4.47,119.0,41.3,0.031,336.5,16.21,5.59,True,physics_chained_synthetic
BGW-018,3,8.43,production,88.819,1317.87,4.47,119.0,41.3,0.031,336.7,5.59,5.67,True,physics_chained_synthetic
BGW-018,3,9.99,production,79.43,2710.19,4.47,119.0,41.3,0.031,341.6,5.67,3.16,True,physics_chained_synthetic
BGW-018,3,11.26,production,72.518,4724.69,4.47,119.0,41.3,0.031,343.2,3.16,1.29,True,physics_chained_synthetic
BGW-018,3,13.11,production,63.806,9833.25,4.47,119.0,41.3,0.031,344.2,1.29,0.51,True,physics_chained_synthetic
BGW-018,3,17.43,production,51.482,29663.2,4.47,119.0,41.3,0.031,346.2,0.51,0.47,True,physics_chained_synthetic
BGW-018,3,17.63,production,51.214,30412.5,4.47,119.0,41.3,0.031,346.2,0.47,0.21,True,physics_chained_synthetic
BGW-018,3,17.97,production,50.781,31665.75,4.47,119.0,41.3,0.031,346.4,0.21,0.43,True,physics_chained_synthetic
BGW-018,3,18.5,production,50.181,33493.39,4.47,119.0,41.3,0.031,346.7,0.43,0.66,True,physics_chained_synthetic
BGW-018,3,19.16,production,49.573,35463.56,4.47,119.0,41.3,0.031,346.7,0.66,0.0,True,physics_chained_synthetic
BGW-018,3,21.81,production,48.17,40492.52,4.47,119.0,41.3,0.031,347.3,0.0,0.22,True,physics_chained_synthetic
BGW-018,3,22.13,production,48.088,40808.88,4.47,119.0,41.3,0.031,347.3,0.22,0.0,True,physics_chained_synthetic
BGW-018,3,22.61,production,47.986,41206.4,4.47,119.0,41.3,0.031,347.6,0.0,0.46,True,physics_chained_synthetic
BGW-018,3,33.97,production,47.646,42558.46,4.47,119.0,41.3,0.031,348.5,0.46,0.09,True,physics_chained_synthetic
BGW-018,3,37.19,production,47.646,42558.49,4.47,119.0,41.3,0.031,349.1,0.09,0.18,True,physics_chained_synthetic
BGW-019,4,0.45,production,121.053,144.02,5.8,66.7,53.0,0.093,27.1,60.59,60.59,True,physics_chained_synthetic
BGW-019,4,2.59,production,110.995,276.11,5.8,66.7,53.0,0.093,81.9,60.59,25.57,True,physics_chained_synthetic
BGW-019,4,7.26,production,85.347,1713.01,5.8,66.7,53.0,0.093,102.8,25.57,4.48,True,physics_chained_synthetic
BGW-019,4,7.48,production,84.265,1860.81,5.8,66.7,53.0,0.093,103.6,4.48,3.48,True,physics_chained_synthetic
BGW-019,4,11.39,production,65.339,8619.82,5.8,66.7,53.0,0.093,108.3,3.48,1.2,True,physics_chained_synthetic
BGW-019,4,12.48,production,61.374,12149.21,5.8,66.7,53.0,0.093,108.3,1.2,0.0,True,physics_chained_synthetic
BGW-019,4,16.8,production,50.453,32651.08,5.8,66.7,53.0,0.093,108.3,0.0,0.0,True,physics_chained_synthetic
BGW-019,4,17.44,production,49.629,35276.04,5.8,66.7,53.0,0.093,108.3,0.0,0.0,True,physics_chained_synthetic
BGW-019,4,21.31,production,46.876,45803.58,5.8,66.7,53.0,0.093,108.3,0.0,0.0,True,physics_chained_synthetic
BGW-019,4,21.61,production,46.791,46178.78,5.8,66.7,53.0,0.093,108.5,0.0,0.76,True,physics_chained_synthetic
BGW-019,4,24.96,production,46.328,48273.86,5.8,66.7,53.0,0.093,108.5,0.76,0.0,True,physics_chained_synthetic
BGW-019,4,25.73,production,46.298,48416.61,5.8,66.7,53.0,0.093,108.6,0.0,0.07,True,physics_chained_synthetic
BGW-019,4,27.03,production,46.269,48552.14,5.8,66.7,53.0,0.093,108.6,0.07,0.03,True,physics_chained_synthetic
BGW-019,4,29.4,production,46.251,48631.87,5.8,66.7,53.0,0.093,108.6,0.03,0.0,True,physics_chained_synthetic
BGW-019,4,33.89,production,46.248,48647.21,5.8,66.7,53.0,0.093,108.6,0.0,0.0,True,physics_chained_synthetic
BGW-019,4,34.09,production,46.248,48647.25,5.8,66.7,53.0,0.093,108.7,0.0,0.27,True,physics_chained_synthetic
BGW-019,4,34.36,production,46.248,48647.29,5.8,66.7,53.0,0.093,108.7,0.27,0.0,True,physics_chained_synthetic
BGW-019,4,35.64,production,46.248,48647.39,5.8,66.7,53.0,0.093,108.9,0.0,0.17,True,physics_chained_synthetic
BGW-019,4,35.76,production,46.248,48647.4,5.8,66.7,53.0,0.093,108.9,0.17,0.25,True,physics_chained_synthetic
BGW-019,4,36.36,production,46.248,48647.41,5.8,66.7,53.0,0.093,108.9,0.25,0.0,True,physics_chained_synthetic
BGW-019,4,1.21,production,138.222,51.03,5.79,115.8,36.7,0.009,216.0,177.98,177.98,True,physics_chained_synthetic
BGW-019,4,1.86,production,135.954,58.23,5.79,115.8,36.7,0.009,311.6,177.98,148.72,True,physics_chained_synthetic
BGW-019,4,1.86,production,135.925,58.33,5.79,115.8,36.7,0.009,312.9,148.72,155.14,True,physics_chained_synthetic
BGW-019,4,3.5,production,129.221,86.95,5.79,115.8,36.7,0.009,495.1,155.14,111.71,True,physics_chained_synthetic
BGW-019,4,9.39,production,92.263,1021.11,5.79,115.8,36.7,0.009,536.4,111.71,7.01,True,physics_chained_synthetic
BGW-019,4,12.67,production,73.078,4512.98,5.79,115.8,36.7,0.009,542.7,7.01,1.92,True,physics_chained_synthetic
BGW-019,4,13.88,production,67.388,7242.03,5.79,115.8,36.7,0.009,543.7,1.92,0.86,True,physics_chained_synthetic
BGW-019,4,17.47,production,54.935,21589.5,5.79,115.8,36.7,0.009,547.4,0.86,1.03,True,physics_chained_synthetic
BGW-019,4,17.49,production,54.898,21662.51,5.79,115.8,36.7,0.009,547.4,1.03,0.0,True,physics_chained_synthetic
BGW-019,4,18.55,production,52.801,26251.42,5.79,115.8,36.7,0.009,547.4,0.0,0.0,True,physics_chained_synthetic
BGW-019,4,19.51,production,51.338,30063.8,5.79,115.8,36.7,0.009,547.4,0.0,0.0,True,physics_chained_synthetic
BGW-019,4,21.02,production,49.741,34908.64,5.79,115.8,36.7,0.009,547.6,0.0,0.11,True,physics_chained_synthetic
BGW-019,4,21.32,production,49.513,35665.09,5.79,115.8,36.7,0.009,547.7,0.11,0.28,True,physics_chained_synthetic
BGW-019,4,24.67,production,48.149,40573.06,5.79,115.8,36.7,0.009,547.7,0.28,0.0,True,physics_chained_synthetic
BGW-019,4,25.77,production,48.009,41116.42,5.79,115.8,36.7,0.009,547.7,0.0,0.0,True,physics_chained_synthetic
BGW-019,4,28.59,production,47.875,41640.89,5.79,115.8,36.7,0.009,547.7,0.0,0.0,True,physics_chained_synthetic
BGW-019,4,29.72,production,47.862,41693.5,5.79,115.8,36.7,0.009,548.2,0.0,0.48,True,physics_chained_synthetic
BGW-019,4,31.68,production,47.854,41725.28,5.79,115.8,36.7,0.009,548.2,0.48,0.0,True,physics_chained_synthetic
BGW-019,4,32.68,production,47.853,41729.86,5.79,115.8,36.7,0.009,548.2,0.0,0.0,True,physics_chained_synthetic
BGW-019,4,37.6,production,47.852,41733.03,5.79,115.8,36.7,0.009,550.2,0.0,0.4,True,physics_chained_synthetic
BGW-019,1,1.63,production,100.693,557.74,3.72,132.4,40.7,0.049,23.0,14.06,14.06,True,physics_chained_synthetic
BGW-019,1,1.93,production,99.738,596.44,3.72,132.4,40.7,0.049,27.0,14.06,13.57,True,physics_chained_synthetic
BGW-019,1,2.05,production,99.356,612.74,3.72,132.4,40.7,0.049,28.6,13.57,13.71,True,physics_chained_synthetic
BGW-019,1,2.42,production,98.115,669.08,3.72,132.4,40.7,0.049,33.1,13.71,12.11,True,physics_chained_synthetic
BGW-019,1,3.56,production,93.997,899.62,3.72,132.4,40.7,0.049,42.6,12.11,8.35,True,physics_chained_synthetic
BGW-019,1,3.75,production,93.321,945.01,3.72,132.4,40.7,0.049,44.0,8.35,7.59,True,physics_chained_synthetic
BGW-019,1,4.31,production,91.249,1100.23,3.72,132.4,40.7,0.049,48.3,7.59,7.57,True,physics_chained_synthetic
BGW-019,1,4.78,production,89.465,1255.88,3.72,132.4,40.7,0.049,51.4,7.57,6.67,True,physics_chained_synthetic
BGW-019,1,7.58,production,77.499,3158.3,3.72,132.4,40.7,0.049,58.7,6.67,2.6,True,physics_chained_synthetic
BGW-019,1,11.03,production,63.54,10061.79,3.72,132.4,40.7,0.049,62.0,2.6,0.95,True,physics_chained_synthetic
BGW-019,1,12.51,production,58.876,15144.65,3.72,132.4,40.7,0.049,63.0,0.95,0.71,True,physics_chained_synthetic
BGW-019,1,19.69,production,47.262,44148.26,3.72,132.4,40.7,0.049,63.0,0.71,0.0,True,physics_chained_synthetic
BGW-019,1,22.23,production,46.609,46990.37,3.72,132.4,40.7,0.049,63.2,0.0,0.07,True,physics_chained_synthetic
BGW-019,1,28.3,production,46.354,48154.35,3.72,132.4,40.7,0.049,67.3,0.07,0.67,True,physics_chained_synthetic
BGW-019,1,29.73,production,46.352,48166.43,3.72,132.4,40.7,0.049,67.3,0.67,0.0,True,physics_chained_synthetic
BGW-019,1,31.72,production,46.351,48170.93,3.72,132.4,40.7,0.049,67.3,0.0,0.0,True,physics_chained_synthetic
BGW-019,1,35.83,production,46.35,48171.8,3.72,132.4,40.7,0.049,67.3,0.0,0.01,True,physics_chained_synthetic
BGW-019,1,36.9,production,46.35,48171.81,3.72,132.4,40.7,0.049,67.3,0.01,0.0,True,physics_chained_synthetic
BGW-019,1,37.38,production,46.35,48171.81,3.72,132.4,40.7,0.049,67.6,0.0,0.42,True,physics_chained_synthetic
BGW-019,1,39.91,production,46.35,48171.81,3.72,132.4,40.7,0.049,67.6,0.42,0.0,True,physics_chained_synthetic
BGW-020,3,2.47,production,118.968,164.37,6.6,122.7,51.8,0.229,106.6,43.2,43.2,True,physics_chained_synthetic
BGW-020,3,5.22,production,102.426,494.2,6.6,122.7,51.8,0.229,136.8,43.2,10.99,True,physics_chained_synthetic
BGW-020,3,5.56,production,100.513,564.79,6.6,122.7,51.8,0.229,140.8,10.99,11.86,True,physics_chained_synthetic
BGW-020,3,5.9,production,98.561,648.21,6.6,122.7,51.8,0.229,143.9,11.86,9.03,True,physics_chained_synthetic
BGW-020,3,8.16,production,85.053,1751.85,6.6,122.7,51.8,0.229,150.2,9.03,2.79,True,physics_chained_synthetic
BGW-020,3,10.36,production,73.171,4478.64,6.6,122.7,51.8,0.229,151.9,2.79,0.76,True,physics_chained_synthetic
BGW-020,3,11.36,production,68.56,6561.25,6.6,122.7,51.8,0.229,152.8,0.76,0.95,True,physics_chained_synthetic
BGW-020,3,12.93,production,62.222,11281.28,6.6,122.7,51.8,0.229,154.1,0.95,0.79,True,physics_chained_synthetic
BGW-020,3,16.63,production,52.373,27311.78,6.6,122.7,51.8,0.229,154.4,0.79,0.08,True,physics_chained_synthetic
BGW-020,3,17.55,production,51.079,30798.71,6.6,122.7,51.8,0.229,155.0,0.08,0.66,True,physics_chained_synthetic
BGW-020,3,21.15,production,48.424,39525.92,6.6,122.7,51.8,0.229,155.0,0.66,0.0,True,physics_chained_synthetic
BGW-020,3,23.99,production,47.901,41537.71,6.6,122.7,51.8,0.229,155.0,0.0,0.0,True,physics_chained_synthetic
BGW-020,3,27.1,production,47.783,42006.74,6.6,122.7,51.8,0.229,155.2,0.0,0.06,True,physics_chained_synthetic
BGW-020,3,30.77,production,47.768,42068.29,6.6,122.7,51.8,0.229,157.0,0.06,0.49,True,physics_chained_synthetic
BGW-020,3,33.02,production,47.767,42070.9,6.6,122.7,51.8,0.229,157.0,0.49,0.01,True,physics_chained_synthetic
BGW-020,3,34.21,production,47.767,42071.14,6.6,122.7,51.8,0.229,157.0,0.01,0.0,True,physics_chained_synthetic
BGW-020,3,34.78,production,47.767,42071.18,6.6,122.7,51.8,0.229,157.1,0.0,0.2,True,physics_chained_synthetic
BGW-020,3,37.4,production,47.767,42071.23,6.6,122.7,51.8,0.229,157.7,0.2,0.23,True,physics_chained_synthetic
BGW-020,3,37.72,production,47.767,42071.23,6.6,122.7,51.8,0.229,157.7,0.23,0.0,True,physics_chained_synthetic
BGW-020,3,39.26,production,47.767,42071.23,6.6,122.7,51.8,0.229,157.7,0.0,0.0,True,physics_chained_synthetic
BGW-020,5,0.48,production,137.581,52.96,4.58,113.0,43.2,0.134,73.2,153.0,153.0,True,physics_chained_synthetic
BGW-020,5,1.3,production,133.13,68.78,4.58,113.0,43.2,0.134,182.5,153.0,132.55,True,physics_chained_synthetic
BGW-020,5,6.73,production,96.052,775.39,4.58,113.0,43.2,0.134,233.0,132.55,9.3,True,physics_chained_synthetic
BGW-020,5,7.42,production,91.842,1053.16,4.58,113.0,43.2,0.134,237.5,9.3,6.49,True,physics_chained_synthetic
BGW-020,5,14.5,production,55.649,20234.24,4.58,113.0,43.2,0.134,238.5,6.49,0.14,True,physics_chained_synthetic
BGW-020,5,15.71,production,52.982,25817.17,4.58,113.0,43.2,0.134,238.7,0.14,0.21,True,physics_chained_synthetic
BGW-020,5,18.14,production,49.515,35658.1,4.58,113.0,43.2,0.134,238.9,0.21,0.05,True,physics_chained_synthetic
BGW-020,5,19.38,production,48.529,39136.31,4.58,113.0,43.2,0.134,239.5,0.05,0.49,True,physics_chained_synthetic
BGW-020,5,21.9,production,47.494,43178.68,4.58,113.0,43.2,0.134,240.3,0.49,0.35,True,physics_chained_synthetic
BGW-020,5,22.18,production,47.437,43415.55,4.58,113.0,43.2,0.134,240.4,0.35,0.34,True,physics_chained_synthetic
BGW-020,5,22.62,production,47.358,43742.87,4.58,113.0,43.2,0.134,240.6,0.34,0.4,True,physics_chained_synthetic
BGW-020,5,23.06,production,47.294,44011.41,4.58,113.0,43.2,0.134,240.6,0.4,0.0,True,physics_chained_synthetic
BGW-020,5,24.25,production,47.176,44509.02,4.58,113.0,43.2,0.134,240.6,0.0,0.0,True,physics_chained_synthetic
BGW-020,5,25.01,production,47.132,44697.26,4.58,113.0,43.2,0.134,240.9,0.0,0.41,True,physics_chained_synthetic
BGW-020,5,30.37,production,47.06,45007.62,4.58,113.0,43.2,0.134,240.9,0.41,0.0,True,physics_chained_synthetic
BGW-020,5,32.85,production,47.059,45011.76,4.58,113.0,43.2,0.134,240.9,0.0,0.0,True,physics_chained_synthetic
BGW-020,5,33.94,production,47.059,45012.05,4.58,113.0,43.2,0.134,240.9,0.0,0.01,True,physics_chained_synthetic
BGW-020,5,35.77,production,47.059,45012.17,4.58,113.0,43.2,0.134,240.9,0.01,0.0,True,physics_chained_synthetic
BGW-020,5,38.69,production,47.059,45012.19,4.58,113.0,43.2,0.134,242.0,0.0,0.36,True,physics_chained_synthetic
BGW-020,5,38.86,production,47.059,45012.19,4.58,113.0,43.2,0.134,242.0,0.36,0.24,True,physics_chained_synthetic
BGW-020,3,0.08,production,144.928,34.82,4.79,96.5,38.6,0.169,17.2,212.45,212.45,True,physics_chained_synthetic
BGW-020,3,0.92,production,141.118,43.2,4.79,96.5,38.6,0.169,150.0,212.45,157.42,True,physics_chained_synthetic
BGW-020,3,1.93,production,136.218,57.34,4.79,96.5,38.6,0.169,288.0,157.42,137.01,True,physics_chained_synthetic
BGW-020,3,5.6,production,112.87,243.94,4.79,96.5,38.6,0.169,396.9,137.01,29.71,True,physics_chained_synthetic
BGW-020,3,11.27,production,73.002,4540.86,4.79,96.5,38.6,0.169,407.6,29.71,1.88,True,physics_chained_synthetic
BGW-020,3,12.56,production,66.6,7742.06,4.79,96.5,38.6,0.169,408.5,1.88,0.71,True,physics_chained_synthetic
BGW-020,3,13.67,production,61.932,11570.48,4.79,96.5,38.6,0.169,408.6,0.71,0.09,True,physics_chained_synthetic
BGW-020,3,14.23,production,59.861,13878.64,4.79,96.5,38.6,0.169,409.0,0.09,0.73,True,physics_chained_synthetic
BGW-020,3,17.15,production,51.755,28920.92,4.79,96.5,38.6,0.169,410.7,0.73,0.59,True,physics_chained_synthetic
BGW-020,3,17.42,production,51.283,30217.93,4.79,96.5,38.6,0.169,410.7,0.59,0.0,True,physics_chained_synthetic
BGW-020,3,17.95,production,50.441,32689.78,4.79,96.5,38.6,0.169,410.7,0.0,0.0,True,physics_chained_synthetic
BGW-020,3,18.85,production,49.267,36498.11,4.79,96.5,38.6,0.169,410.7,0.0,0.0,True,physics_chained_synthetic
BGW-020,3,18.99,production,49.119,37014.08,4.79,96.5,38.6,0.169,410.7,0.0,0.04,True,physics_chained_synthetic
BGW-020,3,19.39,production,48.719,38438.84,4.79,96.5,38.6,0.169,410.7,0.04,0.0,True,physics_chained_synthetic
BGW-020,3,30.91,production,46.426,47823.05,4.79,96.5,38.6,0.169,416.3,0.0,0.48,True,physics_chained_synthetic
BGW-020,3,33.2,production,46.426,47825.02,4.79,96.5,38.6,0.169,416.3,0.48,0.0,True,physics_chained_synthetic
BGW-020,3,34.99,production,46.426,47825.22,4.79,96.5,38.6,0.169,416.3,0.0,0.0,True,physics_chained_synthetic
BGW-020,3,35.2,production,46.426,47825.23,4.79,96.5,38.6,0.169,416.4,0.0,0.48,True,physics_chained_synthetic
BGW-020,3,35.48,production,46.426,47825.23,4.79,96.5,38.6,0.169,416.4,0.48,0.0,True,physics_chained_synthetic
BGW-020,3,37.87,production,46.426,47825.25,4.79,96.5,38.6,0.169,417.1,0.0,0.28,True,physics_chained_synthetic
BGW-021,5,4.03,production,95.938,781.79,3.4,87.7,56.2,0.11,36.8,9.14,9.14,True,physics_chained_synthetic
BGW-021,5,4.75,production,92.202,1025.62,3.4,87.7,56.2,0.11,43.1,9.14,8.73,True,physics_chained_synthetic
BGW-021,5,6.02,production,85.625,1677.14,3.4,87.7,56.2,0.11,48.5,8.73,4.25,True,physics_chained_synthetic
BGW-021,5,7.5,production,78.151,2998.78,3.4,87.7,56.2,0.11,50.8,4.25,1.56,True,physics_chained_synthetic
BGW-021,5,7.68,production,77.278,3214.46,3.4,87.7,56.2,0.11,51.2,1.56,1.9,True,physics_chained_synthetic
BGW-021,5,9.88,production,67.28,7308.13,3.4,87.7,56.2,0.11,54.0,1.9,1.26,True,physics_chained_synthetic
BGW-021,5,11.73,production,60.49,13129.89,3.4,87.7,56.2,0.11,55.0,1.26,0.55,True,physics_chained_synthetic
BGW-021,5,12.56,production,58.028,16334.04,3.4,87.7,56.2,0.11,55.2,0.55,0.32,True,physics_chained_synthetic
BGW-021,5,17.17,production,49.4,36044.59,3.4,87.7,56.2,0.11,55.2,0.32,0.0,True,physics_chained_synthetic
BGW-021,5,17.95,production,48.794,38167.75,3.4,87.7,56.2,0.11,55.4,0.0,0.21,True,physics_chained_synthetic
BGW-021,5,21.08,production,47.503,43141.26,3.4,87.7,56.2,0.11,55.5,0.21,0.04,True,physics_chained_synthetic
BGW-021,5,21.69,production,47.401,43566.09,3.4,87.7,56.2,0.11,55.5,0.04,0.0,True,physics_chained_synthetic
BGW-021,5,22.68,production,47.285,44048.83,3.4,87.7,56.2,0.11,55.5,0.0,0.0,True,physics_chained_synthetic
BGW-021,5,25.2,production,47.16,44579.85,3.4,87.7,56.2,0.11,55.8,0.0,0.11,True,physics_chained_synthetic
BGW-021,5,27.5,production,47.134,44690.07,3.4,87.7,56.2,0.11,56.8,0.11,0.43,True,physics_chained_synthetic
BGW-021,5,34.41,production,47.128,44714.83,3.4,87.7,56.2,0.11,59.4,0.43,0.37,True,physics_chained_synthetic
BGW-021,5,34.99,production,47.128,44714.84,3.4,87.7,56.2,0.11,59.5,0.37,0.32,True,physics_chained_synthetic
BGW-021,5,35.07,production,47.128,44714.84,3.4,87.7,56.2,0.11,59.6,0.32,0.22,True,physics_chained_synthetic
BGW-021,5,35.26,production,47.128,44714.84,3.4,87.7,56.2,0.11,59.6,0.22,0.02,True,physics_chained_synthetic
BGW-021,5,38.96,production,47.128,44714.85,3.4,87.7,56.2,0.11,60.9,0.02,0.36,True,physics_chained_synthetic
BGW-021,1,1.99,production,132.608,70.95,6.33,118.1,39.6,0.143,212.2,106.73,106.73,True,physics_chained_synthetic
BGW-021,1,2.44,production,130.113,82.38,6.33,118.1,39.6,0.143,251.2,106.73,86.69,True,physics_chained_synthetic
BGW-021,1,3.9,production,121.37,141.17,6.33,118.1,39.6,0.143,319.0,86.69,46.26,True,physics_chained_synthetic
BGW-021,1,4.41,production,118.359,170.89,6.33,118.1,39.6,0.143,338.3,46.26,38.26,True,physics_chained_synthetic
BGW-021,1,4.55,production,117.52,180.32,6.33,118.1,39.6,0.143,343.3,38.26,36.33,True,physics_chained_synthetic
BGW-021,1,4.63,production,117.006,186.38,6.33,118.1,39.6,0.143,346.2,36.33,33.33,True,physics_chained_synthetic
BGW-021,1,4.64,production,116.956,186.99,6.33,118.1,39.6,0.143,346.5,33.33,33.33,True,physics_chained_synthetic
BGW-021,1,9.48,production,83.284,2006.6,6.33,118.1,39.6,0.143,361.2,33.33,3.04,True,physics_chained_synthetic
BGW-021,1,14.02,production,59.704,14073.0,6.33,118.1,39.6,0.143,362.5,3.04,0.28,True,physics_chained_synthetic
BGW-021,1,15.97,production,53.93,23663.95,6.33,118.1,39.6,0.143,363.1,0.28,0.31,True,physics_chained_synthetic
BGW-021,1,16.17,production,53.467,24690.99,6.33,118.1,39.6,0.143,363.1,0.31,0.12,True,physics_chained_synthetic
BGW-021,1,20.5,production,47.491,43193.04,6.33,118.1,39.6,0.143,363.1,0.12,0.0,True,physics_chained_synthetic
BGW-021,1,21.09,production,47.183,44479.39,6.33,118.1,39.6,0.143,363.3,0.0,0.38,True,physics_chained_synthetic
BGW-021,1,23.8,production,46.429,47809.5,6.33,118.1,39.6,0.143,363.3,0.38,0.0,True,physics_chained_synthetic
BGW-021,1,28.57,production,46.199,48875.55,6.33,118.1,39.6,0.143,363.3,0.0,0.0,True,physics_chained_synthetic
BGW-021,1,30.42,production,46.193,48907.42,6.33,118.1,39.6,0.143,363.7,0.0,0.2,True,physics_chained_synthetic
BGW-021,1,33.83,production,46.191,48916.08,6.33,118.1,39.6,0.143,363.7,0.2,0.0,True,physics_chained_synthetic
BGW-021,1,34.52,production,46.191,48916.25,6.33,118.1,39.6,0.143,363.7,0.0,0.02,True,physics_chained_synthetic
BGW-021,1,35.31,production,46.191,48916.35,6.33,118.1,39.6,0.143,363.7,0.02,0.0,True,physics_chained_synthetic
BGW-021,1,37.8,production,46.191,48916.41,6.33,118.1,39.6,0.143,364.2,0.0,0.19,True,physics_chained_synthetic
BGW-022,5,4.48,production,120.783,146.49,6.76,123.8,49.9,0.031,271.3,60.58,60.58,True,physics_chained_synthetic
BGW-022,5,6.52,production,107.523,348.45,6.76,123.8,49.9,0.031,314.8,60.58,21.32,True,physics_chained_synthetic
BGW-022,5,7.46,production,101.471,528.17,6.76,123.8,49.9,0.031,327.4,21.32,13.38,True,physics_chained_synthetic
BGW-022,5,7.87,production,98.889,633.32,6.76,123.8,49.9,0.031,331.7,13.38,10.7,True,physics_chained_synthetic
BGW-022,5,9.1,production,91.01,1119.77,6.76,123.8,49.9,0.031,339.7,10.7,6.5,True,physics_chained_synthetic
BGW-022,5,9.6,production,87.899,1412.02,6.76,123.8,49.9,0.031,342.0,6.5,4.41,True,physics_chained_synthetic
BGW-022,5,11.21,production,78.276,2969.06,6.76,123.8,49.9,0.031,344.9,4.41,1.82,True,physics_chained_synthetic
BGW-022,5,13.95,production,64.277,9442.58,6.76,123.8,49.9,0.031,346.2,1.82,0.48,True,physics_chained_synthetic
BGW-022,5,15.73,production,57.777,16704.48,6.76,123.8,49.9,0.031,346.2,0.48,0.0,True,physics_chained_synthetic
BGW-022,5,16.54,production,55.512,20486.99,6.76,123.8,49.9,0.031,346.4,0.0,0.2,True,physics_chained_synthetic
BGW-022,5,19.12,production,50.404,32803.45,6.76,123.8,49.9,0.031,347.1,0.2,0.29,True,physics_chained_synthetic
BGW-022,5,19.46,production,49.97,34163.01,6.76,123.8,49.9,0.031,347.2,0.29,0.25,True,physics_chained_synthetic
BGW-022,5,20.74,production,48.712,38462.81,6.76,123.8,49.9,0.031,347.4,0.25,0.15,True,physics_chained_synthetic
BGW-022,5,22.78,production,47.582,42819.01,6.76,123.8,49.9,0.031,347.4,0.15,0.0,True,physics_chained_synthetic
BGW-022,5,23.52,production,47.362,43725.82,6.76,123.8,49.9,0.031,347.4,0.0,0.07,True,physics_chained_synthetic
BGW-022,5,28.02,production,46.905,45678.12,6.76,123.8,49.9,0.031,348.3,0.07,0.2,True,physics_chained_synthetic
BGW-022,5,29.01,production,46.891,45739.07,6.76,123.8,49.9,0.031,348.3,0.2,0.0,True,physics_chained_synthetic
BGW-022,5,33.26,production,46.878,45795.84,6.76,123.8,49.9,0.031,348.3,0.0,0.0,True,physics_chained_synthetic
BGW-022,5,37.01,production,46.878,45797.19,6.76,123.8,49.9,0.031,348.9,0.0,0.14,True,physics_chained_synthetic
BGW-022,5,39.39,production,46.878,45797.22,6.76,123.8,49.9,0.031,349.7,0.14,0.37,True,physics_chained_synthetic
BGW-023,4,1.03,production,106.22,380.67,5.29,64.4,40.8,0.072,20.4,19.8,19.8,True,physics_chained_synthetic
BGW-023,4,2.12,production,102.612,487.82,5.29,64.4,40.8,0.072,38.0,19.8,16.15,True,physics_chained_synthetic
BGW-023,4,7.43,production,78.177,2992.54,5.29,64.4,40.8,0.072,51.4,16.15,2.52,True,physics_chained_synthetic
BGW-023,4,9.13,production,71.131,5296.23,5.29,64.4,40.8,0.072,54.1,2.52,1.63,True,physics_chained_synthetic
BGW-023,4,9.29,production,70.517,5572.54,5.29,64.4,40.8,0.072,54.4,1.63,1.68,True,physics_chained_synthetic
BGW-023,4,11.46,production,62.413,11095.84,5.29,64.4,40.8,0.072,55.9,1.68,0.67,True,physics_chained_synthetic
BGW-023,4,13.6,production,56.107,19411.62,5.29,64.4,40.8,0.072,56.7,0.67,0.4,True,physics_chained_synthetic
BGW-023,4,13.71,production,55.851,19865.77,5.29,64.4,40.8,0.072,56.8,0.4,0.66,True,physics_chained_synthetic
BGW-023,4,19.81,production,47.512,43106.83,5.29,64.4,40.8,0.072,58.2,0.66,0.24,True,physics_chained_synthetic
BGW-023,4,21.4,production,47.036,45109.76,5.29,64.4,40.8,0.072,59.1,0.24,0.56,True,physics_chained_synthetic
BGW-023,4,22.35,production,46.874,45813.33,5.29,64.4,40.8,0.072,59.1,0.56,0.0,True,physics_chained_synthetic
BGW-023,4,22.42,production,46.864,45856.07,5.29,64.4,40.8,0.072,59.1,0.0,0.0,True,physics_chained_synthetic
BGW-023,4,24.93,production,46.673,46703.2,5.29,64.4,40.8,0.072,59.1,0.0,0.0,True,physics_chained_synthetic
BGW-023,4,26.4,production,46.639,46856.17,5.29,64.4,40.8,0.072,59.6,0.0,0.31,True,physics_chained_synthetic
BGW-023,4,28.59,production,46.623,46929.21,5.29,64.4,40.8,0.072,59.6,0.31,0.0,True,physics_chained_synthetic
BGW-023,4,29.71,production,46.621,46939.52,5.29,64.4,40.8,0.072,59.6,0.0,0.0,True,physics_chained_synthetic
BGW-023,4,31.24,production,46.619,46944.52,5.29,64.4,40.8,0.072,59.8,0.0,0.12,True,physics_chained_synthetic
BGW-023,4,31.71,production,46.619,46945.12,5.29,64.4,40.8,0.072,59.8,0.12,0.0,True,physics_chained_synthetic
BGW-023,4,33.51,production,46.619,46946.04,5.29,64.4,40.8,0.072,59.8,0.0,0.0,True,physics_chained_synthetic
BGW-023,4,34.35,production,46.619,46946.14,5.29,64.4,40.8,0.072,59.8,0.0,0.0,True,physics_chained_synthetic
BGW-024,3,0.05,production,165.446,11.63,3.74,116.6,50.3,0.041,18.2,366.51,366.51,True,physics_chained_synthetic
BGW-024,3,0.23,production,164.7,12.08,3.74,116.6,50.3,0.041,86.8,366.51,381.39,True,physics_chained_synthetic
BGW-024,3,1.9,production,156.897,18.14,3.74,116.6,50.3,0.041,644.1,381.39,333.86,True,physics_chained_synthetic
BGW-024,3,4.37,production,142.568,39.78,3.74,116.6,50.3,0.041,1181.4,333.86,217.11,True,physics_chained_synthetic
BGW-024,3,12.03,production,78.952,2814.4,3.74,116.6,50.3,0.041,1199.1,217.11,2.31,True,physics_chained_synthetic
BGW-024,3,14.56,production,64.781,9041.81,3.74,116.6,50.3,0.041,1202.0,2.31,1.17,True,physics_chained_synthetic
BGW-024,3,14.79,production,63.759,9873.79,3.74,116.6,50.3,0.041,1202.2,1.17,0.72,True,physics_chained_synthetic
BGW-024,3,14.9,production,63.303,10270.52,3.74,116.6,50.3,0.041,1202.2,0.72,0.33,True,physics_chained_synthetic
BGW-024,3,16.48,production,57.207,17579.68,3.74,116.6,50.3,0.041,1203.2,0.33,0.65,True,physics_chained_synthetic
BGW-024,3,18.56,production,51.742,28955.91,3.74,116.6,50.3,0.041,1203.9,0.65,0.31,True,physics_chained_synthetic
BGW-024,3,19.35,production,50.343,32988.79,3.74,116.6,50.3,0.041,1204.3,0.31,0.54,True,physics_chained_synthetic
BGW-024,3,21.16,production,48.144,40590.52,3.74,116.6,50.3,0.041,1204.5,0.54,0.09,True,physics_chained_synthetic
BGW-024,3,21.84,production,47.629,42629.87,3.74,116.6,50.3,0.041,1204.7,0.09,0.3,True,physics_chained_synthetic
BGW-024,3,26.21,production,46.287,48463.99,3.74,116.6,50.3,0.041,1205.3,0.3,0.14,True,physics_chained_synthetic
BGW-024,3,28.72,production,46.185,48943.35,3.74,116.6,50.3,0.041,1205.3,0.14,0.0,True,physics_chained_synthetic
BGW-024,3,31.19,production,46.166,49031.5,3.74,116.6,50.3,0.041,1205.3,0.0,0.0,True,physics_chained_synthetic
BGW-024,3,32.12,production,46.165,49039.31,3.74,116.6,50.3,0.041,1205.4,0.0,0.15,True,physics_chained_synthetic
BGW-024,3,36.58,production,46.163,49045.53,3.74,116.6,50.3,0.041,1205.4,0.15,0.0,True,physics_chained_synthetic
BGW-024,3,36.68,production,46.163,49045.53,3.74,116.6,50.3,0.041,1205.4,0.0,0.0,True,physics_chained_synthetic
BGW-024,3,39.41,production,46.163,49045.59,3.74,116.6,50.3,0.041,1206.2,0.0,0.27,True,physics_chained_synthetic
BGW-024,5,1.87,production,127.849,94.5,6.19,81.7,54.3,0.125,135.8,72.58,72.58,True,physics_chained_synthetic
BGW-024,5,5.55,production,104.372,431.98,6.19,81.7,54.3,0.125,191.8,72.58,15.19,True,physics_chained_synthetic
BGW-024,5,8.07,production,88.375,1362.46,6.19,81.7,54.3,0.125,203.4,15.19,4.64,True,physics_chained_synthetic
BGW-024,5,11.3,production,69.974,5829.61,6.19,81.7,54.3,0.125,205.3,4.64,0.58,True,physics_chained_synthetic
BGW-024,5,11.65,production,68.4,6650.02,6.19,81.7,54.3,0.125,205.5,0.58,0.5,True,physics_chained_synthetic
BGW-024,5,18.93,production,49.062,37213.54,6.19,81.7,54.3,0.125,205.5,0.5,0.0,True,physics_chained_synthetic
BGW-024,5,20.27,production,48.309,39960.01,6.19,81.7,54.3,0.125,205.5,0.0,0.0,True,physics_chained_synthetic
BGW-024,5,20.58,production,48.185,40433.19,6.19,81.7,54.3,0.125,205.5,0.0,0.0,True,physics_chained_synthetic
BGW-024,5,21.1,production,48.009,41115.49,6.19,81.7,54.3,0.125,205.7,0.0,0.41,True,physics_chained_synthetic
BGW-024,5,22.33,production,47.715,42280.47,6.19,81.7,54.3,0.125,205.7,0.41,0.0,True,physics_chained_synthetic
BGW-024,5,27.61,production,47.395,43589.88,6.19,81.7,54.3,0.125,208.9,0.0,0.61,True,physics_chained_synthetic
BGW-024,5,30.01,production,47.387,43622.41,6.19,81.7,54.3,0.125,209.2,0.61,0.1,True,physics_chained_synthetic
BGW-024,5,31.79,production,47.386,43626.63,6.19,81.7,54.3,0.125,209.6,0.1,0.24,True,physics_chained_synthetic
BGW-024,5,32.99,production,47.386,43627.33,6.19,81.7,54.3,0.125,209.6,0.24,0.0,True,physics_chained_synthetic
BGW-024,5,33.56,production,47.386,43627.46,6.19,81.7,54.3,0.125,209.6,0.0,0.0,True,physics_chained_synthetic
BGW-024,5,34.85,production,47.386,43627.59,6.19,81.7,54.3,0.125,209.6,0.0,0.0,True,physics_chained_synthetic
BGW-024,5,38.33,production,47.386,43627.63,6.19,81.7,54.3,0.125,209.6,0.0,0.0,True,physics_chained_synthetic
BGW-024,5,39.05,production,47.386,43627.63,6.19,81.7,54.3,0.125,209.9,0.0,0.42,True,physics_chained_synthetic
BGW-024,5,39.56,production,47.386,43627.63,6.19,81.7,54.3,0.125,210.0,0.42,0.2,True,physics_chained_synthetic
BGW-024,5,39.99,production,47.386,43627.63,6.19,81.7,54.3,0.125,210.2,0.2,0.44,True,physics_chained_synthetic
BGW-025,1,4.02,production,92.859,977.45,3.41,136.9,47.4,0.113,28.7,7.14,7.14,True,physics_chained_synthetic
BGW-025,1,5.24,production,86.903,1522.09,3.41,136.9,47.4,0.113,34.2,7.14,4.48,True,physics_chained_synthetic
BGW-025,1,7.77,production,74.747,3939.81,3.41,136.9,47.4,0.113,39.5,4.48,2.09,True,physics_chained_synthetic
BGW-025,1,7.98,production,73.846,4238.92,3.41,136.9,47.4,0.113,39.8,2.09,1.32,True,physics_chained_synthetic
BGW-025,1,8.38,production,72.175,4859.69,3.41,136.9,47.4,0.113,40.4,1.32,1.56,True,physics_chained_synthetic
BGW-025,1,9.03,production,69.539,6045.1,3.41,136.9,47.4,0.113,41.2,1.56,1.31,True,physics_chained_synthetic
BGW-025,1,9.2,production,68.875,6390.03,3.41,136.9,47.4,0.113,41.5,1.31,1.27,True,physics_chained_synthetic
BGW-025,1,10.13,production,65.362,8602.69,3.41,136.9,47.4,0.113,42.3,1.27,0.87,True,physics_chained_synthetic
BGW-025,1,13.7,production,54.766,21924.13,3.41,136.9,47.4,0.113,42.8,0.87,0.14,True,physics_chained_synthetic
BGW-025,1,14.52,production,53.249,25190.54,3.41,136.9,47.4,0.113,43.2,0.14,0.52,True,physics_chained_synthetic
BGW-025,1,14.72,production,52.916,25974.42,3.41,136.9,47.4,0.113,43.2,0.52,0.0,True,physics_chained_synthetic
BGW-025,1,17.84,production,49.353,36205.4,3.41,136.9,47.4,0.113,43.4,0.0,0.08,True,physics_chained_synthetic
BGW-025,1,17.98,production,49.263,36513.01,3.41,136.9,47.4,0.113,43.4,0.08,0.0,True,physics_chained_synthetic
BGW-025,1,19.11,production,48.673,38606.99,3.41,136.9,47.4,0.113,44.0,0.0,0.53,True,physics_chained_synthetic
BGW-025,1,21.97,production,47.941,41383.15,3.41,136.9,47.4,0.113,44.0,0.53,0.0,True,physics_chained_synthetic
BGW-025,1,22.22,production,47.912,41494.54,3.41,136.9,47.4,0.113,44.2,0.0,0.51,True,physics_chained_synthetic
BGW-025,1,29.69,production,47.717,42271.79,3.41,136.9,47.4,0.113,47.4,0.51,0.44,True,physics_chained_synthetic
BGW-025,1,30.44,production,47.717,42273.02,3.41,136.9,47.4,0.113,47.7,0.44,0.35,True,physics_chained_synthetic
BGW-025,1,31.2,production,47.717,42273.67,3.41,136.9,47.4,0.113,47.8,0.35,0.15,True,physics_chained_synthetic
BGW-025,1,39.38,production,47.717,42274.29,3.41,136.9,47.4,0.113,49.2,0.15,0.17,True,physics_chained_synthetic
BGW-025,3,3.18,production,132.792,70.18,5.18,97.4,59.9,0.117,292.2,91.76,91.76,True,physics_chained_synthetic
BGW-025,3,7.54,production,102.062,506.83,5.18,97.4,59.9,0.117,353.6,91.76,14.1,True,physics_chained_synthetic
BGW-025,3,8.74,production,94.068,894.97,5.18,97.4,59.9,0.117,363.1,14.1,7.88,True,physics_chained_synthetic
BGW-025,3,9.59,production,88.673,1332.33,5.18,97.4,59.9,0.117,367.3,7.88,5.03,True,physics_chained_synthetic
BGW-025,3,13.83,production,64.372,9365.44,5.18,97.4,59.9,0.117,370.3,5.03,0.7,True,physics_chained_synthetic
BGW-025,3,17.32,production,53.073,25601.75,5.18,97.4,59.9,0.117,371.2,0.7,0.24,True,physics_chained_synthetic
BGW-025,3,19.51,production,49.555,35524.08,5.18,97.4,59.9,0.117,371.5,0.24,0.15,True,physics_chained_synthetic
BGW-025,3,20.78,production,48.37,39728.61,5.18,97.4,59.9,0.117,372.4,0.15,0.75,True,physics_chained_synthetic
BGW-025,3,23.42,production,47.121,44746.43,5.18,97.4,59.9,0.117,372.4,0.75,0.0,True,physics_chained_synthetic
BGW-025,3,23.74,production,47.048,45056.01,5.18,97.4,59.9,0.117,372.5,0.0,0.19,True,physics_chained_synthetic
BGW-025,3,24.65,production,46.888,45754.39,5.18,97.4,59.9,0.117,372.7,0.19,0.2,True,physics_chained_synthetic
BGW-025,3,27.76,production,46.674,46700.42,5.18,97.4,59.9,0.117,373.1,0.2,0.14,True,physics_chained_synthetic
BGW-025,3,29.41,production,46.65,46805.68,5.18,97.4,59.9,0.117,373.6,0.14,0.31,True,physics_chained_synthetic
BGW-025,3,30.19,production,46.646,46826.02,5.18,97.4,59.9,0.117,373.8,0.31,0.28,True,physics_chained_synthetic
BGW-025,3,30.87,production,46.644,46836.27,5.18,97.4,59.9,0.117,373.8,0.28,0.0,True,physics_chained_synthetic
BGW-025,3,32.43,production,46.641,46846.67,5.18,97.4,59.9,0.117,373.8,0.0,0.0,True,physics_chained_synthetic
BGW-025,3,34.33,production,46.641,46849.68,5.18,97.4,59.9,0.117,373.9,0.0,0.05,True,physics_chained_synthetic
BGW-025,3,34.71,production,46.641,46849.86,5.18,97.4,59.9,0.117,373.9,0.05,0.0,True,physics_chained_synthetic
BGW-025,3,35.24,production,46.64,46850.03,5.18,97.4,59.9,0.117,374.1,0.0,0.33,True,physics_chained_synthetic
BGW-025,3,36.24,production,46.64,46850.18,5.18,97.4,59.9,0.117,374.1,0.33,0.0,True,physics_chained_synthetic
BGW-026,1,0.19,production,127.621,95.83,3.59,129.3,35.3,0.216,14.7,78.92,78.92,True,physics_chained_synthetic
BGW-026,1,0.4,production,126.771,100.93,3.59,129.3,35.3,0.216,29.6,78.92,68.82,True,physics_chained_synthetic
BGW-026,1,1.61,production,121.471,140.27,3.59,129.3,35.3,0.216,90.8,68.82,50.59,True,physics_chained_synthetic
BGW-026,1,2.17,production,118.95,164.56,3.59,129.3,35.3,0.216,116.8,50.59,46.73,True,physics_chained_synthetic
BGW-026,1,6.35,production,93.857,908.82,3.59,129.3,35.3,0.216,141.9,46.73,5.99,True,physics_chained_synthetic
BGW-026,1,9.48,production,75.849,3604.65,3.59,129.3,35.3,0.216,145.7,5.99,1.24,True,physics_chained_synthetic
BGW-026,1,11.02,production,68.496,6596.32,3.59,129.3,35.3,0.216,147.2,1.24,0.95,True,physics_chained_synthetic
BGW-026,1,13.63,production,58.501,15658.01,3.59,129.3,35.3,0.216,148.6,0.95,0.55,True,physics_chained_synthetic
BGW-026,1,14.58,production,55.935,19715.25,3.59,129.3,35.3,0.216,148.9,0.55,0.3,True,physics_chained_synthetic
BGW-026,1,15.48,production,53.916,23695.79,3.59,129.3,35.3,0.216,148.9,0.3,0.0,True,physics_chained_synthetic
BGW-026,1,18.24,production,49.855,34535.23,3.59,129.3,35.3,0.216,148.9,0.0,0.0,True,physics_chained_synthetic
BGW-026,1,19.47,production,48.949,37613.24,3.59,129.3,35.3,0.216,148.9,0.0,0.0,True,physics_chained_synthetic
BGW-026,1,20.32,production,48.522,39162.35,3.59,129.3,35.3,0.216,148.9,0.0,0.0,True,physics_chained_synthetic
BGW-026,1,22.05,production,48.0,41149.95,3.59,129.3,35.3,0.216,148.9,0.0,0.0,True,physics_chained_synthetic
BGW-026,1,27.21,production,47.648,42552.93,3.59,129.3,35.3,0.216,148.9,0.0,0.0,True,physics_chained_synthetic
BGW-026,1,27.68,production,47.644,42565.8,3.59,129.3,35.3,0.216,148.9,0.0,0.0,True,physics_chained_synthetic
BGW-026,1,27.79,production,47.644,42568.33,3.59,129.3,35.3,0.216,148.9,0.0,0.0,True,physics_chained_synthetic
BGW-026,1,33.4,production,47.637,42595.64,3.59,129.3,35.3,0.216,148.9,0.0,0.0,True,physics_chained_synthetic
BGW-026,1,36.76,production,47.637,42595.76,3.59,129.3,35.3,0.216,149.2,0.0,0.09,True,physics_chained_synthetic
BGW-026,1,39.41,production,47.637,42595.76,3.59,129.3,35.3,0.216,149.4,0.09,0.07,True,physics_chained_synthetic
BGW-026,1,0.43,production,123.738,121.72,5.0,65.6,41.2,0.023,30.1,70.89,70.89,True,physics_chained_synthetic
BGW-026,1,1.02,production,121.878,136.73,5.0,65.6,41.2,0.023,68.4,70.89,64.21,True,physics_chained_synthetic
BGW-026,1,4.4,production,108.718,321.49,5.0,65.6,41.2,0.023,146.9,64.21,23.24,True,physics_chained_synthetic
BGW-026,1,9.83,production,80.524,2486.94,5.0,65.6,41.2,0.023,161.6,23.24,2.72,True,physics_chained_synthetic
BGW-026,1,10.76,production,76.202,3503.59,5.0,65.6,41.2,0.023,163.2,2.72,1.68,True,physics_chained_synthetic
BGW-026,1,13.14,production,65.841,8258.44,5.0,65.6,41.2,0.023,165.1,1.68,0.79,True,physics_chained_synthetic
BGW-026,1,13.79,production,63.457,10134.82,5.0,65.6,41.2,0.023,165.2,0.79,0.26,True,physics_chained_synthetic
BGW-026,1,15.93,production,56.746,18324.56,5.0,65.6,41.2,0.023,165.7,0.26,0.23,True,physics_chained_synthetic
BGW-026,1,23.69,production,47.685,42403.1,5.0,65.6,41.2,0.023,165.7,0.23,0.0,True,physics_chained_synthetic
BGW-026,1,25.9,production,47.447,43373.77,5.0,65.6,41.2,0.023,165.7,0.0,0.0,True,physics_chained_synthetic
BGW-026,1,29.77,production,47.36,43733.55,5.0,65.6,41.2,0.023,165.7,0.0,0.0,True,physics_chained_synthetic
BGW-026,1,31.61,production,47.356,43752.34,5.0,65.6,41.2,0.023,166.0,0.0,0.14,True,physics_chained_synthetic
BGW-026,1,31.89,production,47.356,43753.45,5.0,65.6,41.2,0.023,166.0,0.14,0.0,True,physics_chained_synthetic
BGW-026,1,33.19,production,47.355,43756.31,5.0,65.6,41.2,0.023,166.6,0.0,0.45,True,physics_chained_synthetic
BGW-026,1,33.33,production,47.355,43756.47,5.0,65.6,41.2,0.023,166.6,0.45,0.0,True,physics_chained_synthetic
BGW-026,1,34.16,production,47.355,43757.07,5.0,65.6,41.2,0.023,166.6,0.0,0.0,True,physics_chained_synthetic
BGW-026,1,35.88,production,47.355,43757.48,5.0,65.6,41.2,0.023,167.0,0.0,0.23,True,physics_chained_synthetic
BGW-026,1,36.06,production,47.355,43757.5,5.0,65.6,41.2,0.023,167.0,0.23,0.13,True,physics_chained_synthetic
BGW-026,1,38.36,production,47.355,43757.56,5.0,65.6,41.2,0.023,167.0,0.13,0.0,True,physics_chained_synthetic
BGW-026,1,39.8,production,47.355,43757.56,5.0,65.6,41.2,0.023,167.0,0.0,0.0,True,physics_chained_synthetic
BGW-026,5,4.5,production,91.041,1117.2,6.84,70.2,43.8,0.004,34.0,7.55,7.55,True,physics_chained_synthetic
BGW-026,5,5.81,production,84.624,1810.3,6.84,70.2,43.8,0.004,39.1,7.55,3.95,True,physics_chained_synthetic
BGW-026,5,6.3,production,82.288,2167.29,6.84,70.2,43.8,0.004,41.2,3.95,4.23,True,physics_chained_synthetic
BGW-026,5,10.73,production,61.896,11606.61,6.84,70.2,43.8,0.004,43.0,4.23,0.41,True,physics_chained_synthetic
BGW-026,5,11.98,production,58.004,16369.03,6.84,70.2,43.8,0.004,43.9,0.41,0.65,True,physics_chained_synthetic
BGW-026,5,12.33,production,57.069,17798.68,6.84,70.2,43.8,0.004,44.0,0.65,0.44,True,physics_chained_synthetic
BGW-026,5,14.02,production,53.08,25586.51,6.84,70.2,43.8,0.004,44.6,0.44,0.37,True,physics_chained_synthetic
BGW-026,5,18.61,production,47.604,42730.11,6.84,70.2,43.8,0.004,44.6,0.37,0.0,True,physics_chained_synthetic
BGW-026,5,20.56,production,46.931,45566.48,6.84,70.2,43.8,0.004,44.6,0.0,0.0,True,physics_chained_synthetic
BGW-026,5,21.32,production,46.786,46200.76,6.84,70.2,43.8,0.004,44.8,0.0,0.21,True,physics_chained_synthetic
BGW-026,5,21.46,production,46.765,46296.35,6.84,70.2,43.8,0.004,44.8,0.21,0.05,True,physics_chained_synthetic
BGW-026,5,22.92,production,46.608,46995.98,6.84,70.2,43.8,0.004,44.8,0.05,0.0,True,physics_chained_synthetic
BGW-026,5,22.97,production,46.605,47011.04,6.84,70.2,43.8,0.004,44.8,0.0,0.01,True,physics_chained_synthetic
BGW-026,5,25.53,production,46.508,47449.82,6.84,70.2,43.8,0.004,46.5,0.01,0.67,True,physics_chained_synthetic
BGW-026,5,29.45,production,46.487,47546.49,6.84,70.2,43.8,0.004,47.7,0.67,0.29,True,physics_chained_synthetic
BGW-026,5,30.64,production,46.486,47549.25,6.84,70.2,43.8,0.004,48.0,0.29,0.25,True,physics_chained_synthetic
BGW-026,5,31.7,production,46.486,47550.16,6.84,70.2,43.8,0.004,48.1,0.25,0.18,True,physics_chained_synthetic
BGW-026,5,32.33,production,46.486,47550.4,6.84,70.2,43.8,0.004,48.2,0.18,0.03,True,physics_chained_synthetic
BGW-026,5,36.63,production,46.486,47550.68,6.84,70.2,43.8,0.004,48.2,0.03,0.0,True,physics_chained_synthetic
BGW-026,5,39.6,production,46.486,47550.68,6.84,70.2,43.8,0.004,48.4,0.0,0.09,True,physics_chained_synthetic
BGW-026,2,0.42,production,107.146,357.47,6.66,129.1,40.1,0.133,10.1,24.06,24.06,True,physics_chained_synthetic
BGW-026,2,2.06,production,101.264,535.86,6.66,129.1,40.1,0.133,35.2,24.06,15.28,True,physics_chained_synthetic
BGW-026,2,5.52,production,86.035,1625.58,6.66,129.1,40.1,0.133,50.0,15.28,4.29,True,physics_chained_synthetic
BGW-026,2,8.25,production,73.807,4252.23,6.66,129.1,40.1,0.133,54.1,4.29,1.49,True,physics_chained_synthetic
BGW-026,2,8.31,production,73.563,4337.67,6.66,129.1,40.1,0.133,54.2,1.49,2.13,True,physics_chained_synthetic
BGW-026,2,10.79,production,63.731,9897.71,6.66,129.1,40.1,0.133,56.7,2.13,1.01,True,physics_chained_synthetic
BGW-026,2,15.87,production,50.585,32250.59,6.66,129.1,40.1,0.133,57.8,1.01,0.22,True,physics_chained_synthetic
BGW-026,2,16.04,production,50.375,32891.86,6.66,129.1,40.1,0.133,57.8,0.22,0.24,True,physics_chained_synthetic
BGW-026,2,17.84,production,48.552,39052.12,6.66,129.1,40.1,0.133,58.0,0.24,0.06,True,physics_chained_synthetic
BGW-026,2,20.34,production,47.265,44134.82,6.66,129.1,40.1,0.133,58.0,0.06,0.03,True,physics_chained_synthetic
BGW-026,2,21.63,production,46.963,45426.05,6.66,129.1,40.1,0.133,58.0,0.03,0.0,True,physics_chained_synthetic
BGW-026,2,22.7,production,46.817,46063.69,6.66,129.1,40.1,0.133,58.0,0.0,0.0,True,physics_chained_synthetic
BGW-026,2,23.46,production,46.751,46355.76,6.66,129.1,40.1,0.133,58.2,0.0,0.28,True,physics_chained_synthetic
BGW-026,2,24.2,production,46.708,46545.96,6.66,129.1,40.1,0.133,58.2,0.28,0.0,True,physics_chained_synthetic
BGW-026,2,27.12,production,46.642,46845.35,6.66,129.1,40.1,0.133,59.5,0.0,0.43,True,physics_chained_synthetic
BGW-026,2,27.33,production,46.64,46851.71,6.66,129.1,40.1,0.133,59.7,0.43,0.88,True,physics_chained_synthetic
BGW-026,2,27.94,production,46.637,46866.0,6.66,129.1,40.1,0.133,59.8,0.88,0.28,True,physics_chained_synthetic
BGW-026,2,30.32,production,46.632,46886.72,6.66,129.1,40.1,0.133,60.2,0.28,0.17,True,physics_chained_synthetic
BGW-026,2,38.81,production,46.632,46889.83,6.66,129.1,40.1,0.133,63.4,0.17,0.38,True,physics_chained_synthetic
BGW-026,2,39.08,production,46.632,46889.83,6.66,129.1,40.1,0.133,63.4,0.38,0.0,True,physics_chained_synthetic
BGW-027,2,0.23,production,128.071,93.23,3.63,90.2,58.2,0.255,19.2,82.51,82.51,True,physics_chained_synthetic
BGW-027,2,1.04,production,125.504,109.11,3.63,90.2,58.2,0.255,68.5,82.51,60.78,True,physics_chained_synthetic
BGW-027,2,2.07,production,121.842,137.04,3.63,90.2,58.2,0.255,119.7,60.78,49.99,True,physics_chained_synthetic
BGW-027,2,6.17,production,100.025,584.52,3.63,90.2,58.2,0.255,167.4,49.99,11.62,True,physics_chained_synthetic
BGW-027,2,8.41,production,87.233,1484.7,3.63,90.2,58.2,0.255,176.0,11.62,3.84,True,physics_chained_synthetic
BGW-027,2,9.71,production,80.123,2566.42,3.63,90.2,58.2,0.255,179.4,3.84,2.64,True,physics_chained_synthetic
BGW-027,2,9.71,production,80.085,2573.97,3.63,90.2,58.2,0.255,179.4,2.64,2.66,True,physics_chained_synthetic
BGW-027,2,16.96,production,50.831,31518.73,3.63,90.2,58.2,0.255,180.0,2.66,0.09,True,physics_chained_synthetic
BGW-027,2,17.04,production,50.704,31895.27,3.63,90.2,58.2,0.255,180.1,0.09,0.5,True,physics_chained_synthetic
BGW-027,2,18.02,production,49.438,35918.11,3.63,90.2,58.2,0.255,180.5,0.5,0.45,True,physics_chained_synthetic
BGW-027,2,19.82,production,47.876,41639.79,3.63,90.2,58.2,0.255,181.1,0.45,0.31,True,physics_chained_synthetic
BGW-027,2,22.85,production,46.769,46278.91,3.63,90.2,58.2,0.255,182.3,0.31,0.39,True,physics_chained_synthetic
BGW-027,2,23.07,production,46.733,46435.18,3.63,90.2,58.2,0.255,182.3,0.39,0.04,True,physics_chained_synthetic
BGW-027,2,28.42,production,46.472,47615.06,3.63,90.2,58.2,0.255,184.5,0.04,0.41,True,physics_chained_synthetic
BGW-027,2,28.95,production,46.469,47624.62,3.63,90.2,58.2,0.255,184.8,0.41,0.68,True,physics_chained_synthetic
BGW-027,2,30.79,production,46.466,47639.2,3.63,90.2,58.2,0.255,184.8,0.68,0.0,True,physics_chained_synthetic
BGW-027,2,31.35,production,46.466,47640.69,3.63,90.2,58.2,0.255,185.0,0.0,0.29,True,physics_chained_synthetic
BGW-027,2,34.42,production,46.465,47642.83,3.63,90.2,58.2,0.255,185.5,0.29,0.15,True,physics_chained_synthetic
BGW-027,2,35.92,production,46.465,47642.91,3.63,90.2,58.2,0.255,185.5,0.15,0.0,True,physics_chained_synthetic
BGW-027,2,36.0,production,46.465,47642.91,3.63,90.2,58.2,0.255,185.5,0.0,0.54,True,physics_chained_synthetic
BGW-027,3,1.3,production,158.347,16.8,5.95,75.4,47.8,0.139,357.3,274.81,274.81,True,physics_chained_synthetic
BGW-027,3,2.44,production,152.164,23.37,5.95,75.4,47.8,0.139,652.4,274.81,257.77,True,physics_chained_synthetic
BGW-027,3,6.56,production,123.138,126.36,5.95,75.4,47.8,0.139,861.1,257.77,50.67,True,physics_chained_synthetic
BGW-027,3,8.75,production,106.507,373.31,5.95,75.4,47.8,0.139,898.1,50.67,16.88,True,physics_chained_synthetic
BGW-027,3,11.97,production,82.478,2135.72,5.95,75.4,47.8,0.139,906.5,16.88,2.65,True,physics_chained_synthetic
BGW-027,3,13.88,production,70.815,5436.81,5.95,75.4,47.8,0.139,907.6,2.65,0.57,True,physics_chained_synthetic
BGW-027,3,15.0,production,65.254,8683.0,5.95,75.4,47.8,0.139,908.7,0.57,0.96,True,physics_chained_synthetic
BGW-027,3,15.06,production,64.96,8904.33,5.95,75.4,47.8,0.139,908.7,0.96,0.05,True,physics_chained_synthetic
BGW-027,3,15.16,production,64.55,9223.24,5.95,75.4,47.8,0.139,908.7,0.05,0.1,True,physics_chained_synthetic
BGW-027,3,16.31,production,59.84,13904.53,5.95,75.4,47.8,0.139,908.7,0.1,0.02,True,physics_chained_synthetic
BGW-027,3,18.23,production,53.971,23575.25,5.95,75.4,47.8,0.139,909.6,0.02,0.45,True,physics_chained_synthetic
BGW-027,3,20.31,production,50.178,33504.74,5.95,75.4,47.8,0.139,909.6,0.45,0.0,True,physics_chained_synthetic
BGW-027,3,21.24,production,49.135,36955.99,5.95,75.4,47.8,0.139,909.7,0.0,0.07,True,physics_chained_synthetic
BGW-027,3,25.69,production,47.15,44623.04,5.95,75.4,47.8,0.139,909.7,0.07,0.0,True,physics_chained_synthetic
BGW-027,3,28.6,production,46.976,45367.22,5.95,75.4,47.8,0.139,910.0,0.0,0.1,True,physics_chained_synthetic
BGW-027,3,30.87,production,46.953,45469.82,5.95,75.4,47.8,0.139,910.0,0.1,0.0,True,physics_chained_synthetic
BGW-027,3,38.22,production,46.948,45490.77,5.95,75.4,47.8,0.139,913.0,0.0,0.41,True,physics_chained_synthetic
BGW-027,3,38.7,production,46.948,45490.78,5.95,75.4,47.8,0.139,913.2,0.41,0.38,True,physics_chained_synthetic
BGW-027,3,39.72,production,46.948,45490.78,5.95,75.4,47.8,0.139,913.8,0.38,0.61,True,physics_chained_synthetic
BGW-027,3,40.0,production,46.948,45490.78,5.95,75.4,47.8,0.139,913.8,0.61,0.0,True,physics_chained_synthetic
BGW-027,4,6.86,production,72.476,4740.93,5.35,143.3,42.7,0.077,11.8,1.71,1.71,True,physics_chained_synthetic
BGW-027,4,7.18,production,71.176,5276.44,5.35,143.3,42.7,0.077,12.2,1.71,1.41,True,physics_chained_synthetic
BGW-027,4,7.86,production,68.495,6597.17,5.35,143.3,42.7,0.077,12.2,1.41,0.0,True,physics_chained_synthetic
BGW-027,4,9.06,production,64.066,9615.71,5.35,143.3,42.7,0.077,12.5,0.0,0.27,True,physics_chained_synthetic
BGW-027,4,21.23,production,46.499,47487.96,5.35,143.3,42.7,0.077,23.4,0.27,0.89,True,physics_chained_synthetic
BGW-027,4,23.25,production,46.431,47801.29,5.35,143.3,42.7,0.077,24.0,0.89,0.31,True,physics_chained_synthetic
BGW-027,4,23.75,production,46.423,47837.33,5.35,143.3,42.7,0.077,24.3,0.31,0.52,True,physics_chained_synthetic
BGW-027,4,23.88,production,46.421,47844.82,5.35,143.3,42.7,0.077,24.3,0.52,0.0,True,physics_chained_synthetic
BGW-027,4,25.33,production,46.409,47900.42,5.35,143.3,42.7,0.077,24.3,0.0,0.0,True,physics_chained_synthetic
BGW-027,4,26.28,production,46.406,47916.62,5.35,143.3,42.7,0.077,24.3,0.0,0.0,True,physics_chained_synthetic
BGW-027,4,26.81,production,46.405,47921.86,5.35,143.3,42.7,0.077,24.3,0.0,0.0,True,physics_chained_synthetic
BGW-027,4,28.57,production,46.403,47930.01,5.35,143.3,42.7,0.077,24.3,0.0,0.0,True,physics_chained_synthetic
BGW-027,4,28.91,production,46.403,47930.64,5.35,143.3,42.7,0.077,24.3,0.0,0.11,True,physics_chained_synthetic
BGW-027,4,33.64,production,46.402,47932.47,5.35,143.3,42.7,0.077,24.3,0.11,0.0,True,physics_chained_synthetic
BGW-027,4,34.8,production,46.402,47932.48,5.35,143.3,42.7,0.077,24.6,0.0,0.19,True,physics_chained_synthetic
BGW-027,4,36.19,production,46.402,47932.48,5.35,143.3,42.7,0.077,24.6,0.19,0.0,True,physics_chained_synthetic
BGW-027,4,37.43,production,46.402,47932.48,5.35,143.3,42.7,0.077,24.6,0.0,0.0,True,physics_chained_synthetic
BGW-027,4,38.06,production,46.402,47932.48,5.35,143.3,42.7,0.077,24.7,0.0,0.17,True,physics_chained_synthetic
BGW-027,4,38.31,production,46.402,47932.48,5.35,143.3,42.7,0.077,24.8,0.17,0.42,True,physics_chained_synthetic
BGW-027,4,39.34,production,46.402,47932.48,5.35,143.3,42.7,0.077,25.2,0.42,0.42,True,physics_chained_synthetic
BGW-028,2,5.59,production,89.894,1216.38,5.1,115.3,38.0,0.198,30.7,5.5,5.5,True,physics_chained_synthetic
BGW-028,2,6.02,production,87.674,1436.12,5.1,115.3,38.0,0.198,32.5,5.5,4.23,True,physics_chained_synthetic
BGW-028,2,8.55,production,74.555,4001.64,5.1,115.3,38.0,0.198,37.6,4.23,2.0,True,physics_chained_synthetic
BGW-028,2,9.01,production,72.497,4732.64,5.1,115.3,38.0,0.198,38.1,2.0,1.03,True,physics_chained_synthetic
BGW-028,2,16.28,production,49.958,34202.89,5.1,115.3,38.0,0.198,38.5,1.03,0.06,True,physics_chained_synthetic
BGW-028,2,20.51,production,47.442,43393.43,5.1,115.3,38.0,0.198,38.7,0.06,0.04,True,physics_chained_synthetic
BGW-028,2,21.55,production,47.259,44157.11,5.1,115.3,38.0,0.198,38.7,0.04,0.0,True,physics_chained_synthetic
BGW-028,2,22.21,production,47.181,44490.61,5.1,115.3,38.0,0.198,38.8,0.0,0.2,True,physics_chained_synthetic
BGW-028,2,24.32,production,47.051,45045.76,5.1,115.3,38.0,0.198,38.8,0.2,0.0,True,physics_chained_synthetic
BGW-028,2,25.66,production,47.021,45173.86,5.1,115.3,38.0,0.198,39.3,0.0,0.38,True,physics_chained_synthetic
BGW-028,2,27.0,production,47.009,45228.11,5.1,115.3,38.0,0.198,39.3,0.38,0.0,True,physics_chained_synthetic
BGW-028,2,27.45,production,47.006,45237.64,5.1,115.3,38.0,0.198,39.3,0.0,0.0,True,physics_chained_synthetic
BGW-028,2,27.99,production,47.005,45245.69,5.1,115.3,38.0,0.198,39.3,0.0,0.0,True,physics_chained_synthetic
BGW-028,2,30.2,production,47.001,45258.76,5.1,115.3,38.0,0.198,39.3,0.0,0.0,True,physics_chained_synthetic
BGW-028,2,38.47,production,47.001,45261.02,5.1,115.3,38.0,0.198,39.3,0.0,0.0,True,physics_chained_synthetic
BGW-028,2,38.92,production,47.001,45261.02,5.1,115.3,38.0,0.198,39.3,0.0,0.0,True,physics_chained_synthetic
BGW-028,2,39.21,production,47.001,45261.02,5.1,115.3,38.0,0.198,39.4,0.0,0.36,True,physics_chained_synthetic
BGW-028,2,39.66,production,47.001,45261.02,5.1,115.3,38.0,0.198,39.6,0.36,0.45,True,physics_chained_synthetic
BGW-028,2,39.73,production,47.001,45261.02,5.1,115.3,38.0,0.198,39.6,0.45,0.0,True,physics_chained_synthetic
BGW-028,2,39.98,production,47.001,45261.02,5.1,115.3,38.0,0.198,39.6,0.0,0.0,True,physics_chained_synthetic
BGW-028,2,2.38,production,122.17,134.25,6.85,76.0,38.7,0.158,119.4,50.11,50.11,True,physics_chained_synthetic
BGW-028,2,3.02,production,118.804,166.1,6.85,76.0,38.7,0.158,144.9,50.11,40.2,True,physics_chained_synthetic
BGW-028,2,4.28,production,111.749,262.66,6.85,76.0,38.7,0.158,178.4,40.2,26.53,True,physics_chained_synthetic
BGW-028,2,9.57,production,77.845,3072.48,6.85,76.0,38.7,0.158,188.1,26.53,1.83,True,physics_chained_synthetic
BGW-028,2,11.85,production,66.578,7756.44,6.85,76.0,38.7,0.158,188.7,1.83,0.26,True,physics_chained_synthetic
BGW-028,2,17.31,production,50.067,33855.53,6.85,76.0,38.7,0.158,188.7,0.26,0.0,True,physics_chained_synthetic
BGW-028,2,19.27,production,47.964,41292.08,6.85,76.0,38.7,0.158,188.7,0.0,0.0,True,physics_chained_synthetic
BGW-028,2,20.98,production,46.979,45357.91,6.85,76.0,38.7,0.158,189.1,0.0,0.23,True,physics_chained_synthetic
BGW-028,2,24.64,production,46.231,48727.45,6.85,76.0,38.7,0.158,191.1,0.23,0.55,True,physics_chained_synthetic
BGW-028,2,27.07,production,46.141,49151.39,6.85,76.0,38.7,0.158,192.1,0.55,0.44,True,physics_chained_synthetic
BGW-028,2,27.9,production,46.131,49198.44,6.85,76.0,38.7,0.158,192.1,0.44,0.0,True,physics_chained_synthetic
BGW-028,2,29.1,production,46.124,49233.37,6.85,76.0,38.7,0.158,192.3,0.0,0.14,True,physics_chained_synthetic
BGW-028,2,29.44,production,46.122,49238.89,6.85,76.0,38.7,0.158,192.3,0.14,0.0,True,physics_chained_synthetic
BGW-028,2,33.16,production,46.119,49255.77,6.85,76.0,38.7,0.158,192.9,0.0,0.17,True,physics_chained_synthetic
BGW-028,2,33.98,production,46.119,49256.08,6.85,76.0,38.7,0.158,193.1,0.17,0.22,True,physics_chained_synthetic
BGW-028,2,35.26,production,46.119,49256.26,6.85,76.0,38.7,0.158,193.1,0.22,0.0,True,physics_chained_synthetic
BGW-028,2,37.51,production,46.119,49256.31,6.85,76.0,38.7,0.158,193.1,0.0,0.0,True,physics_chained_synthetic
BGW-028,2,37.9,production,46.119,49256.31,6.85,76.0,38.7,0.158,193.1,0.0,0.0,True,physics_chained_synthetic
BGW-028,2,38.7,production,46.119,49256.32,6.85,76.0,38.7,0.158,193.1,0.0,0.0,True,physics_chained_synthetic
BGW-028,2,39.36,production,46.119,49256.32,6.85,76.0,38.7,0.158,193.1,0.0,0.0,True,physics_chained_synthetic
BGW-028,4,1.77,production,134.393,63.83,4.83,67.3,59.4,0.2,187.0,105.66,105.66,True,physics_chained_synthetic
BGW-028,4,2.24,production,132.194,72.72,4.83,67.3,59.4,0.2,232.0,105.66,94.8,True,physics_chained_synthetic
BGW-028,4,2.32,production,131.817,74.38,4.83,67.3,59.4,0.2,239.5,94.8,92.92,True,physics_chained_synthetic
BGW-028,4,8.1,production,93.647,922.81,4.83,67.3,59.4,0.2,275.1,92.92,6.16,True,physics_chained_synthetic
BGW-028,4,9.13,production,87.482,1457.0,4.83,67.3,59.4,0.2,279.7,6.16,4.51,True,physics_chained_synthetic
BGW-028,4,11.56,production,73.594,4326.81,4.83,67.3,59.4,0.2,282.9,4.51,1.3,True,physics_chained_synthetic
BGW-028,4,18.25,production,50.93,31229.35,4.83,67.3,59.4,0.2,282.9,1.3,0.0,True,physics_chained_synthetic
BGW-028,4,19.74,production,49.461,35839.76,4.83,67.3,59.4,0.2,283.1,0.0,0.15,True,physics_chained_synthetic
BGW-028,4,20.45,production,48.99,37467.04,4.83,67.3,59.4,0.2,283.2,0.15,0.08,True,physics_chained_synthetic
BGW-028,4,22.63,production,48.118,40689.77,4.83,67.3,59.4,0.2,283.2,0.08,0.0,True,physics_chained_synthetic
BGW-028,4,26.02,production,47.721,42254.73,4.83,67.3,59.4,0.2,283.7,0.0,0.16,True,physics_chained_synthetic
BGW-028,4,26.91,production,47.695,42359.81,4.83,67.3,59.4,0.2,283.7,0.16,0.0,True,physics_chained_synthetic
BGW-028,4,27.94,production,47.679,42427.28,4.83,67.3,59.4,0.2,283.8,0.0,0.12,True,physics_chained_synthetic
BGW-028,4,27.98,production,47.678,42428.82,4.83,67.3,59.4,0.2,283.8,0.12,0.0,True,physics_chained_synthetic
BGW-028,4,28.32,production,47.675,42442.38,4.83,67.3,59.4,0.2,283.8,0.0,0.0,True,physics_chained_synthetic
BGW-028,4,28.44,production,47.674,42446.44,4.83,67.3,59.4,0.2,283.9,0.0,0.29,True,physics_chained_synthetic
BGW-028,4,32.23,production,47.664,42487.4,4.83,67.3,59.4,0.2,284.7,0.29,0.21,True,physics_chained_synthetic
BGW-028,4,33.31,production,47.663,42488.4,4.83,67.3,59.4,0.2,285.1,0.21,0.38,True,physics_chained_synthetic
BGW-028,4,36.64,production,47.663,42488.93,4.83,67.3,59.4,0.2,285.1,0.38,0.0,True,physics_chained_synthetic
BGW-028,4,38.99,production,47.663,42488.94,4.83,67.3,59.4,0.2,285.1,0.0,0.0,True,physics_chained_synthetic
BGW-029,1,0.42,production,128.039,93.41,4.74,131.6,48.5,0.171,33.9,80.34,80.34,True,physics_chained_synthetic
BGW-029,1,0.56,production,127.527,96.38,4.74,131.6,48.5,0.171,45.2,80.34,84.41,True,physics_chained_synthetic
BGW-029,1,2.27,production,119.683,157.06,4.74,131.6,48.5,0.171,129.5,84.41,49.11,True,physics_chained_synthetic
BGW-029,1,2.78,production,117.276,183.17,4.74,131.6,48.5,0.171,148.0,49.11,36.06,True,physics_chained_synthetic
BGW-029,1,5.53,production,101.334,533.24,4.74,131.6,48.5,0.171,185.4,36.06,13.61,True,physics_chained_synthetic
BGW-029,1,7.0,production,92.657,991.99,4.74,131.6,48.5,0.171,195.7,13.61,7.04,True,physics_chained_synthetic
BGW-029,1,11.57,production,65.876,8233.71,4.74,131.6,48.5,0.171,197.8,7.04,0.47,True,physics_chained_synthetic
BGW-029,1,13.26,production,59.255,14643.08,4.74,131.6,48.5,0.171,197.8,0.47,0.0,True,physics_chained_synthetic
BGW-029,1,15.2,production,53.636,24310.6,4.74,131.6,48.5,0.171,198.7,0.0,0.44,True,physics_chained_synthetic
BGW-029,1,18.95,production,48.006,41127.71,4.74,131.6,48.5,0.171,198.8,0.44,0.05,True,physics_chained_synthetic
BGW-029,1,20.19,production,47.269,44115.91,4.74,131.6,48.5,0.171,198.8,0.05,0.0,True,physics_chained_synthetic
BGW-029,1,21.49,production,46.804,46120.99,4.74,131.6,48.5,0.171,198.8,0.0,0.0,True,physics_chained_synthetic
BGW-029,1,22.34,production,46.62,46942.35,4.74,131.6,48.5,0.171,198.8,0.0,0.0,True,physics_chained_synthetic
BGW-029,1,22.85,production,46.539,47306.09,4.74,131.6,48.5,0.171,198.9,0.0,0.15,True,physics_chained_synthetic
BGW-029,1,26.38,production,46.32,48311.46,4.74,131.6,48.5,0.171,200.0,0.15,0.31,True,physics_chained_synthetic
BGW-029,1,27.77,production,46.305,48381.07,4.74,131.6,48.5,0.171,200.2,0.31,0.15,True,physics_chained_synthetic
BGW-029,1,28.47,production,46.302,48396.96,4.74,131.6,48.5,0.171,200.4,0.15,0.19,True,physics_chained_synthetic
BGW-029,1,33.63,production,46.297,48418.09,4.74,131.6,48.5,0.171,200.4,0.19,0.0,True,physics_chained_synthetic
BGW-029,1,34.63,production,46.297,48418.17,4.74,131.6,48.5,0.171,200.5,0.0,0.18,True,physics_chained_synthetic
BGW-029,1,35.96,production,46.297,48418.2,4.74,131.6,48.5,0.171,201.0,0.18,0.37,True,physics_chained_synthetic
BGW-029,2,3.16,production,111.535,266.4,3.98,90.5,38.1,0.045,102.8,32.56,32.56,True,physics_chained_synthetic
BGW-029,2,4.87,production,102.394,495.27,3.98,90.5,38.1,0.045,129.8,32.56,15.8,True,physics_chained_synthetic
BGW-029,2,6.22,production,94.939,840.22,3.98,90.5,38.1,0.045,141.0,15.8,8.26,True,physics_chained_synthetic
BGW-029,2,8.98,production,79.23,2753.16,3.98,90.5,38.1,0.045,149.0,8.26,2.9,True,physics_chained_synthetic
BGW-029,2,18.71,production,47.886,41598.23,3.98,90.5,38.1,0.045,153.5,2.9,0.47,True,physics_chained_synthetic
BGW-029,2,20.32,production,47.183,44478.61,3.98,90.5,38.1,0.045,154.1,0.47,0.36,True,physics_chained_synthetic
BGW-029,2,20.36,production,47.171,44529.72,3.98,90.5,38.1,0.045,154.1,0.36,0.05,True,physics_chained_synthetic
BGW-029,2,20.71,production,47.074,44947.89,3.98,90.5,38.1,0.045,154.1,0.05,0.0,True,physics_chained_synthetic
BGW-029,2,21.67,production,46.865,45855.01,3.98,90.5,38.1,0.045,154.2,0.0,0.1,True,physics_chained_synthetic
BGW-029,2,26.23,production,46.547,47270.88,3.98,90.5,38.1,0.045,155.5,0.1,0.28,True,physics_chained_synthetic
BGW-029,2,27.51,production,46.536,47321.16,3.98,90.5,38.1,0.045,155.5,0.28,0.03,True,physics_chained_synthetic
BGW-029,2,27.53,production,46.536,47321.58,3.98,90.5,38.1,0.045,155.5,0.03,0.33,True,physics_chained_synthetic
BGW-029,2,29.05,production,46.531,47343.85,3.98,90.5,38.1,0.045,155.9,0.33,0.24,True,physics_chained_synthetic
BGW-029,2,29.08,production,46.531,47344.11,3.98,90.5,38.1,0.045,155.9,0.24,0.0,True,physics_chained_synthetic
BGW-029,2,29.15,production,46.531,47344.61,3.98,90.5,38.1,0.045,155.9,0.0,0.0,True,physics_chained_synthetic
BGW-029,2,32.32,production,46.529,47352.76,3.98,90.5,38.1,0.045,156.0,0.0,0.03,True,physics_chained_synthetic
BGW-029,2,32.83,production,46.529,47352.94,3.98,90.5,38.1,0.045,156.3,0.03,0.69,True,physics_chained_synthetic
BGW-029,2,33.52,production,46.529,47353.07,3.98,90.5,38.1,0.045,156.5,0.69,0.21,True,physics_chained_synthetic
BGW-029,2,36.67,production,46.529,47353.2,3.98,90.5,38.1,0.045,157.8,0.21,0.41,True,physics_chained_synthetic
BGW-029,2,37.66,production,46.529,47353.2,3.98,90.5,38.1,0.045,157.8,0.41,0.0,True,physics_chained_synthetic
BGW-030,1,0.01,production,161.741,14.07,5.54,87.1,48.0,0.003,4.8,375.24,375.24,True,physics_chained_synthetic
BGW-030,1,0.59,production,158.457,16.7,5.54,87.1,48.0,0.003,252.2,375.24,425.56,True,physics_chained_synthetic
BGW-030,1,3.14,production,142.777,39.31,5.54,87.1,48.0,0.003,852.0,425.56,236.05,True,physics_chained_synthetic
BGW-030,1,5.81,production,124.306,117.51,5.54,87.1,48.0,0.003,1041.7,236.05,70.94,True,physics_chained_synthetic
BGW-030,1,5.89,production,123.727,121.81,5.54,87.1,48.0,0.003,1047.6,70.94,69.64,True,physics_chained_synthetic
BGW-030,1,7.88,production,109.224,310.76,5.54,87.1,48.0,0.003,1103.3,69.64,27.98,True,physics_chained_synthetic
BGW-030,1,8.96,production,101.512,526.67,5.54,87.1,48.0,0.003,1119.1,27.98,14.76,True,physics_chained_synthetic
BGW-030,1,17.14,production,54.551,22358.44,5.54,87.1,48.0,0.003,1123.7,14.76,0.56,True,physics_chained_synthetic
BGW-030,1,21.31,production,48.78,38218.34,5.54,87.1,48.0,0.003,1124.9,0.56,0.28,True,physics_chained_synthetic
BGW-030,1,24.76,production,47.658,42509.53,5.54,87.1,48.0,0.003,1124.9,0.28,0.0,True,physics_chained_synthetic
BGW-030,1,25.76,production,47.56,42907.68,5.54,87.1,48.0,0.003,1124.9,0.0,0.0,True,physics_chained_synthetic
BGW-030,1,27.85,production,47.47,43279.2,5.54,87.1,48.0,0.003,1125.2,0.0,0.15,True,physics_chained_synthetic
BGW-030,1,29.75,production,47.447,43373.33,5.54,87.1,48.0,0.003,1125.2,0.15,0.03,True,physics_chained_synthetic
BGW-030,1,30.64,production,47.443,43388.58,5.54,87.1,48.0,0.003,1125.4,0.03,0.17,True,physics_chained_synthetic
BGW-030,1,31.44,production,47.442,43395.82,5.54,87.1,48.0,0.003,1125.4,0.17,0.0,True,physics_chained_synthetic
BGW-030,1,31.57,production,47.442,43396.61,5.54,87.1,48.0,0.003,1125.4,0.0,0.0,True,physics_chained_synthetic
BGW-030,1,34.5,production,47.44,43402.93,5.54,87.1,48.0,0.003,1126.6,0.0,0.42,True,physics_chained_synthetic
BGW-030,1,36.58,production,47.44,43403.29,5.54,87.1,48.0,0.003,1126.6,0.42,0.0,True,physics_chained_synthetic
BGW-030,1,36.99,production,47.44,43403.31,5.54,87.1,48.0,0.003,1126.6,0.0,0.0,True,physics_chained_synthetic
BGW-030,1,39.53,production,47.44,43403.33,5.54,87.1,48.0,0.003,1126.6,0.0,0.0,True,physics_chained_synthetic
BGW-031,2,3.36,production,127.661,95.59,3.17,105.7,52.1,0.131,269.5,80.27,80.27,True,physics_chained_synthetic
BGW-031,2,7.72,production,96.942,727.45,3.17,105.7,52.1,0.131,309.6,80.27,9.19,True,physics_chained_synthetic
BGW-031,2,8.53,production,91.784,1057.65,3.17,105.7,52.1,0.131,314.5,9.19,6.12,True,physics_chained_synthetic
BGW-031,2,8.87,production,89.642,1239.43,3.17,105.7,52.1,0.131,316.4,6.12,5.3,True,physics_chained_synthetic
BGW-031,2,8.93,production,89.302,1271.2,3.17,105.7,52.1,0.131,316.6,5.3,4.42,True,physics_chained_synthetic
BGW-031,2,11.0,production,76.673,3373.83,3.17,105.7,52.1,0.131,320.5,4.42,1.88,True,physics_chained_synthetic
BGW-031,2,12.05,production,71.146,5289.85,3.17,105.7,52.1,0.131,321.0,1.88,0.42,True,physics_chained_synthetic
BGW-031,2,18.33,production,50.314,33078.56,3.17,105.7,52.1,0.131,323.8,0.42,0.46,True,physics_chained_synthetic
BGW-031,2,19.52,production,49.045,37271.77,3.17,105.7,52.1,0.131,323.8,0.46,0.0,True,physics_chained_synthetic
BGW-031,2,20.61,production,48.254,40168.43,3.17,105.7,52.1,0.131,323.8,0.0,0.0,True,physics_chained_synthetic
BGW-031,2,24.18,production,47.129,44710.4,3.17,105.7,52.1,0.131,324.8,0.0,0.27,True,physics_chained_synthetic
BGW-031,2,28.03,production,46.942,45516.33,3.17,105.7,52.1,0.131,327.1,0.27,0.59,True,physics_chained_synthetic
BGW-031,2,30.09,production,46.93,45568.44,3.17,105.7,52.1,0.131,327.6,0.59,0.25,True,physics_chained_synthetic
BGW-031,2,30.2,production,46.93,45569.5,3.17,105.7,52.1,0.131,327.6,0.25,0.0,True,physics_chained_synthetic
BGW-031,2,32.33,production,46.928,45579.33,3.17,105.7,52.1,0.131,327.9,0.0,0.15,True,physics_chained_synthetic
BGW-031,2,32.45,production,46.928,45579.52,3.17,105.7,52.1,0.131,327.9,0.15,0.0,True,physics_chained_synthetic
BGW-031,2,34.78,production,46.927,45580.89,3.17,105.7,52.1,0.131,328.1,0.0,0.08,True,physics_chained_synthetic
BGW-031,2,36.0,production,46.927,45581.0,3.17,105.7,52.1,0.131,328.8,0.08,0.61,True,physics_chained_synthetic
BGW-031,2,37.89,production,46.927,45581.03,3.17,105.7,52.1,0.131,329.2,0.61,0.19,True,physics_chained_synthetic
BGW-031,2,39.17,production,46.927,45581.04,3.17,105.7,52.1,0.131,329.2,0.19,0.0,True,physics_chained_synthetic
BGW-031,5,1.49,production,133.007,69.29,3.29,115.9,52.5,0.0,194.7,130.75,130.75,True,physics_chained_synthetic
BGW-031,5,4.84,production,114.245,222.92,3.29,115.9,52.5,0.0,326.4,130.75,39.35,True,physics_chained_synthetic
BGW-031,5,5.66,production,109.453,306.02,3.29,115.9,52.5,0.0,348.2,39.35,26.39,True,physics_chained_synthetic
BGW-031,5,5.69,production,109.325,308.65,3.29,115.9,52.5,0.0,348.8,26.39,26.27,True,physics_chained_synthetic
BGW-031,5,5.73,production,109.065,314.09,3.29,115.9,52.5,0.0,349.8,26.27,22.28,True,physics_chained_synthetic
BGW-031,5,6.34,production,105.431,401.72,3.29,115.9,52.5,0.0,363.0,22.28,21.7,True,physics_chained_synthetic
BGW-031,5,6.71,production,103.168,469.39,3.29,115.9,52.5,0.0,368.3,21.7,14.16,True,physics_chained_synthetic
BGW-031,5,8.7,production,90.321,1178.4,3.29,115.9,52.5,0.0,380.2,14.16,5.97,True,physics_chained_synthetic
BGW-031,5,13.98,production,60.318,13329.92,3.29,115.9,52.5,0.0,380.2,5.97,0.0,True,physics_chained_synthetic
BGW-031,5,14.4,production,58.866,15157.66,3.29,115.9,52.5,0.0,380.5,0.0,0.71,True,physics_chained_synthetic
BGW-031,5,15.41,production,55.849,19870.5,3.29,115.9,52.5,0.0,380.5,0.71,0.01,True,physics_chained_synthetic
BGW-031,5,18.57,production,49.681,35103.78,3.29,115.9,52.5,0.0,380.5,0.01,0.0,True,physics_chained_synthetic
BGW-031,5,19.69,production,48.601,38869.83,3.29,115.9,52.5,0.0,380.5,0.0,0.01,True,physics_chained_synthetic
BGW-031,5,25.17,production,46.864,45855.74,3.29,115.9,52.5,0.0,382.0,0.01,0.28,True,physics_chained_synthetic
BGW-031,5,25.68,production,46.842,45953.56,3.29,115.9,52.5,0.0,382.2,0.28,0.27,True,physics_chained_synthetic
BGW-031,5,27.44,production,46.801,46133.61,3.29,115.9,52.5,0.0,382.2,0.27,0.0,True,physics_chained_synthetic
BGW-031,5,28.27,production,46.794,46167.41,3.29,115.9,52.5,0.0,382.2,0.0,0.0,True,physics_chained_synthetic
BGW-031,5,29.25,production,46.789,46188.35,3.29,115.9,52.5,0.0,382.3,0.0,0.09,True,physics_chained_synthetic
BGW-031,5,37.62,production,46.785,46205.92,3.29,115.9,52.5,0.0,386.4,0.09,0.49,True,physics_chained_synthetic
BGW-031,5,38.55,production,46.785,46205.92,3.29,115.9,52.5,0.0,386.6,0.49,0.26,True,physics_chained_synthetic
BGW-031,3,1.79,production,122.451,131.91,5.82,135.2,52.1,0.129,106.8,59.57,59.57,True,physics_chained_synthetic
BGW-031,3,7.72,production,89.631,1240.35,5.82,135.2,52.1,0.129,134.5,59.57,4.66,True,physics_chained_synthetic
BGW-031,3,11.3,production,70.47,5594.59,5.82,135.2,52.1,0.129,134.5,4.66,0.0,True,physics_chained_synthetic
BGW-031,3,11.46,production,69.754,5937.87,5.82,135.2,52.1,0.129,134.7,0.0,1.4,True,physics_chained_synthetic
BGW-031,3,12.1,production,67.037,7460.08,5.82,135.2,52.1,0.129,135.2,1.4,0.73,True,physics_chained_synthetic
BGW-031,3,12.84,production,64.032,9643.91,5.82,135.2,52.1,0.129,135.7,0.73,0.71,True,physics_chained_synthetic
BGW-031,3,16.42,production,52.835,26171.39,5.82,135.2,52.1,0.129,136.9,0.71,0.34,True,physics_chained_synthetic
BGW-031,3,21.13,production,47.267,44126.64,5.82,135.2,52.1,0.129,137.4,0.34,0.11,True,physics_chained_synthetic
BGW-031,3,22.49,production,46.805,46116.12,5.82,135.2,52.1,0.129,137.7,0.11,0.18,True,physics_chained_synthetic
BGW-031,3,22.52,production,46.797,46151.75,5.82,135.2,52.1,0.129,137.7,0.18,0.0,True,physics_chained_synthetic
BGW-031,3,22.62,production,46.773,46258.24,5.82,135.2,52.1,0.129,137.7,0.0,0.51,True,physics_chained_synthetic
BGW-031,3,27.4,production,46.34,48220.58,5.82,135.2,52.1,0.129,140.9,0.51,0.66,True,physics_chained_synthetic
BGW-031,3,28.06,production,46.332,48257.53,5.82,135.2,52.1,0.129,141.1,0.66,0.33,True,physics_chained_synthetic
BGW-031,3,30.88,production,46.32,48311.92,5.82,135.2,52.1,0.129,141.1,0.33,0.0,True,physics_chained_synthetic
BGW-031,3,36.05,production,46.319,48317.77,5.82,135.2,52.1,0.129,141.1,0.0,0.0,True,physics_chained_synthetic
BGW-031,3,36.86,production,46.319,48317.79,5.82,135.2,52.1,0.129,141.4,0.0,0.42,True,physics_chained_synthetic
BGW-031,3,37.3,production,46.319,48317.79,5.82,135.2,52.1,0.129,141.4,0.42,0.0,True,physics_chained_synthetic
BGW-031,3,37.42,production,46.319,48317.79,5.82,135.2,52.1,0.129,141.4,0.0,0.0,True,physics_chained_synthetic
BGW-031,3,38.36,production,46.319,48317.79,5.82,135.2,52.1,0.129,141.5,0.0,0.11,True,physics_chained_synthetic
BGW-031,3,38.74,production,46.319,48317.79,5.82,135.2,52.1,0.129,141.7,0.11,0.37,True,physics_chained_synthetic
BGW-032,1,0.75,production,127.781,94.89,5.63,87.3,37.6,0.168,59.0,78.76,78.76,True,physics_chained_synthetic
BGW-032,1,2.03,production,122.473,131.72,5.63,87.3,37.6,0.168,127.4,78.76,53.35,True,physics_chained_synthetic
BGW-032,1,3.53,production,115.453,206.06,5.63,87.3,37.6,0.168,181.2,53.35,35.84,True,physics_chained_synthetic
BGW-032,1,4.63,production,109.944,296.14,5.63,87.3,37.6,0.168,208.3,35.84,24.77,True,physics_chained_synthetic
BGW-032,1,8.24,production,88.175,1383.06,5.63,87.3,37.6,0.168,224.2,24.77,4.39,True,physics_chained_synthetic
BGW-032,1,9.35,production,81.989,2218.26,5.63,87.3,37.6,0.168,228.6,4.39,3.98,True,physics_chained_synthetic
BGW-032,1,9.82,production,79.445,2706.88,5.63,87.3,37.6,0.168,229.5,3.98,1.84,True,physics_chained_synthetic
BGW-032,1,10.15,production,77.718,3103.68,5.63,87.3,37.6,0.168,229.8,1.84,1.17,True,physics_chained_synthetic
BGW-032,1,11.69,production,69.888,5871.85,5.63,87.3,37.6,0.168,231.1,1.17,0.85,True,physics_chained_synthetic
BGW-032,1,14.47,production,58.398,15802.74,5.63,87.3,37.6,0.168,231.8,0.85,0.24,True,physics_chained_synthetic
BGW-032,1,17.52,production,50.941,31196.25,5.63,87.3,37.6,0.168,231.8,0.24,0.0,True,physics_chained_synthetic
BGW-032,1,17.7,production,50.681,31963.13,5.63,87.3,37.6,0.168,231.9,0.0,0.7,True,physics_chained_synthetic
BGW-032,1,23.18,production,46.792,46176.43,5.63,87.3,37.6,0.168,233.1,0.7,0.21,True,physics_chained_synthetic
BGW-032,1,23.58,production,46.734,46432.84,5.63,87.3,37.6,0.168,233.2,0.21,0.37,True,physics_chained_synthetic
BGW-032,1,25.31,production,46.581,47116.31,5.63,87.3,37.6,0.168,233.2,0.37,0.0,True,physics_chained_synthetic
BGW-032,1,28.67,production,46.507,47455.62,5.63,87.3,37.6,0.168,235.2,0.0,0.59,True,physics_chained_synthetic
BGW-032,1,32.84,production,46.5,47486.67,5.63,87.3,37.6,0.168,235.2,0.59,0.0,True,physics_chained_synthetic
BGW-032,1,33.38,production,46.5,47486.96,5.63,87.3,37.6,0.168,235.4,0.0,0.24,True,physics_chained_synthetic
BGW-032,1,33.57,production,46.5,47487.03,5.63,87.3,37.6,0.168,235.4,0.24,0.0,True,physics_chained_synthetic
BGW-032,1,38.36,production,46.5,47487.36,5.63,87.3,37.6,0.168,236.3,0.0,0.21,True,physics_chained_synthetic
BGW-032,2,0.23,production,140.496,44.76,3.78,87.9,35.8,0.12,35.2,151.83,151.83,True,physics_chained_synthetic
BGW-032,2,0.58,production,138.994,48.8,3.78,87.9,35.8,0.12,94.2,151.83,170.77,True,physics_chained_synthetic
BGW-032,2,2.56,production,128.908,88.61,3.78,87.9,35.8,0.12,260.5,170.77,83.89,True,physics_chained_synthetic
BGW-032,2,5.8,production,108.558,324.97,3.78,87.9,35.8,0.12,331.7,83.89,21.96,True,physics_chained_synthetic
BGW-032,2,6.21,production,106.066,384.68,3.78,87.9,35.8,0.12,339.4,21.96,18.94,True,physics_chained_synthetic
BGW-032,2,6.44,production,104.693,422.57,3.78,87.9,35.8,0.12,343.4,18.94,17.92,True,physics_chained_synthetic
BGW-032,2,7.72,production,96.48,751.93,3.78,87.9,35.8,0.12,355.0,17.92,8.98,True,physics_chained_synthetic
BGW-032,2,10.62,production,77.966,3043.06,3.78,87.9,35.8,0.12,361.9,8.98,2.38,True,physics_chained_synthetic
BGW-032,2,14.2,production,60.605,12997.26,3.78,87.9,35.8,0.12,363.0,2.38,0.32,True,physics_chained_synthetic
BGW-032,2,15.59,production,56.304,19069.32,3.78,87.9,35.8,0.12,363.5,0.32,0.35,True,physics_chained_synthetic
BGW-032,2,16.78,production,53.52,24570.87,3.78,87.9,35.8,0.12,363.9,0.35,0.3,True,physics_chained_synthetic
BGW-032,2,20.1,production,49.13,36973.15,3.78,87.9,35.8,0.12,365.6,0.3,0.53,True,physics_chained_synthetic
BGW-032,2,20.27,production,49.015,37378.56,3.78,87.9,35.8,0.12,365.7,0.53,0.44,True,physics_chained_synthetic
BGW-032,2,24.57,production,47.709,42303.48,3.78,87.9,35.8,0.12,368.0,0.44,0.53,True,physics_chained_synthetic
BGW-032,2,25.01,production,47.678,42431.57,3.78,87.9,35.8,0.12,368.1,0.53,0.16,True,physics_chained_synthetic
BGW-032,2,26.82,production,47.606,42721.37,3.78,87.9,35.8,0.12,368.1,0.16,0.0,True,physics_chained_synthetic
BGW-032,2,27.02,production,47.602,42737.65,3.78,87.9,35.8,0.12,368.1,0.0,0.0,True,physics_chained_synthetic
BGW-032,2,30.93,production,47.577,42838.72,3.78,87.9,35.8,0.12,368.1,0.0,0.0,True,physics_chained_synthetic
BGW-032,2,33.65,production,47.576,42842.51,3.78,87.9,35.8,0.12,368.4,0.0,0.12,True,physics_chained_synthetic
BGW-032,2,33.9,production,47.576,42842.58,3.78,87.9,35.8,0.12,368.4,0.12,0.0,True,physics_chained_synthetic
BGW-033,3,0.74,production,128.236,92.3,6.4,84.1,36.9,0.031,63.7,85.81,85.81,True,physics_chained_synthetic
BGW-033,3,1.38,production,125.569,108.67,6.4,84.1,36.9,0.031,117.1,85.81,83.41,True,physics_chained_synthetic
BGW-033,3,2.34,production,121.264,142.11,6.4,84.1,36.9,0.031,176.2,83.41,61.57,True,physics_chained_synthetic
BGW-033,3,4.25,production,111.377,269.21,6.4,84.1,36.9,0.031,226.6,61.57,26.48,True,physics_chained_synthetic
BGW-033,3,4.25,production,111.366,269.41,6.4,84.1,36.9,0.031,226.7,26.48,29.87,True,physics_chained_synthetic
BGW-033,3,6.95,production,95.329,816.84,6.4,84.1,36.9,0.031,247.9,29.87,7.88,True,physics_chained_synthetic
BGW-033,3,10.04,production,76.961,3296.9,6.4,84.1,36.9,0.031,252.5,7.88,1.47,True,physics_chained_synthetic
BGW-033,3,17.07,production,50.912,31280.02,6.4,84.1,36.9,0.031,252.5,1.47,0.0,True,physics_chained_synthetic
BGW-033,3,17.45,production,50.44,32691.77,6.4,84.1,36.9,0.031,252.7,0.0,0.69,True,physics_chained_synthetic
BGW-033,3,20.41,production,48.098,40768.81,6.4,84.1,36.9,0.031,253.4,0.69,0.22,True,physics_chained_synthetic
BGW-033,3,21.03,production,47.87,41663.26,6.4,84.1,36.9,0.031,253.7,0.22,0.5,True,physics_chained_synthetic
BGW-033,3,21.55,production,47.717,42274.33,6.4,84.1,36.9,0.031,253.9,0.5,0.34,True,physics_chained_synthetic
BGW-033,3,23.78,production,47.347,43789.44,6.4,84.1,36.9,0.031,253.9,0.34,0.0,True,physics_chained_synthetic
BGW-033,3,24.96,production,47.27,44110.68,6.4,84.1,36.9,0.031,253.9,0.0,0.0,True,physics_chained_synthetic
BGW-033,3,24.97,production,47.27,44112.7,6.4,84.1,36.9,0.031,253.9,0.0,0.0,True,physics_chained_synthetic
BGW-033,3,28.07,production,47.207,44380.25,6.4,84.1,36.9,0.031,253.9,0.0,0.02,True,physics_chained_synthetic
BGW-033,3,30.1,production,47.201,44406.0,6.4,84.1,36.9,0.031,253.9,0.02,0.0,True,physics_chained_synthetic
BGW-033,3,31.14,production,47.2,44409.49,6.4,84.1,36.9,0.031,253.9,0.0,0.0,True,physics_chained_synthetic
BGW-033,3,38.29,production,47.199,44411.74,6.4,84.1,36.9,0.031,253.9,0.0,0.0,True,physics_chained_synthetic
BGW-033,3,39.01,production,47.199,44411.74,6.4,84.1,36.9,0.031,253.9,0.0,0.0,True,physics_chained_synthetic
BGW-034,4,1.89,production,112.267,253.83,5.66,84.4,35.3,0.203,55.7,29.49,29.49,True,physics_chained_synthetic
BGW-034,4,3.87,production,104.076,440.87,5.66,84.4,35.3,0.203,87.1,29.49,15.85,True,physics_chained_synthetic
BGW-034,4,4.39,production,101.89,512.96,5.66,84.4,35.3,0.203,94.0,15.85,13.38,True,physics_chained_synthetic
BGW-034,4,7.36,production,87.183,1490.28,5.66,84.4,35.3,0.203,112.7,13.38,6.29,True,physics_chained_synthetic
BGW-034,4,12.96,production,60.801,12775.77,5.66,84.4,35.3,0.203,118.1,6.29,0.97,True,physics_chained_synthetic
BGW-034,4,13.55,production,59.022,14949.77,5.66,84.4,35.3,0.203,118.8,0.97,1.05,True,physics_chained_synthetic
BGW-034,4,16.49,production,52.191,27773.89,5.66,84.4,35.3,0.203,118.8,1.05,0.01,True,physics_chained_synthetic
BGW-034,4,19.0,production,49.209,36699.2,5.66,84.4,35.3,0.203,119.8,0.01,0.42,True,physics_chained_synthetic
BGW-034,4,20.72,production,48.19,40414.7,5.66,84.4,35.3,0.203,119.8,0.42,0.0,True,physics_chained_synthetic
BGW-034,4,23.99,production,47.431,43441.57,5.66,84.4,35.3,0.203,121.2,0.0,0.41,True,physics_chained_synthetic
BGW-034,4,25.73,production,47.326,43878.7,5.66,84.4,35.3,0.203,121.2,0.41,0.0,True,physics_chained_synthetic
BGW-034,4,27.88,production,47.283,44056.25,5.66,84.4,35.3,0.203,121.2,0.0,0.0,True,physics_chained_synthetic
BGW-034,4,28.96,production,47.277,44084.35,5.66,84.4,35.3,0.203,121.2,0.0,0.0,True,physics_chained_synthetic
BGW-034,4,28.96,production,47.277,44084.35,5.66,84.4,35.3,0.203,121.2,0.0,0.0,True,physics_chained_synthetic
BGW-034,4,30.38,production,47.273,44099.37,5.66,84.4,35.3,0.203,121.2,0.0,0.0,True,physics_chained_synthetic
BGW-034,4,31.48,production,47.272,44103.52,5.66,84.4,35.3,0.203,121.5,0.0,0.32,True,physics_chained_synthetic
BGW-034,4,32.09,production,47.272,44104.61,5.66,84.4,35.3,0.203,121.8,0.32,0.33,True,physics_chained_synthetic
BGW-034,4,37.19,production,47.272,44106.03,5.66,84.4,35.3,0.203,123.9,0.33,0.42,True,physics_chained_synthetic
BGW-034,4,38.61,production,47.272,44106.04,5.66,84.4,35.3,0.203,123.9,0.42,0.0,True,physics_chained_synthetic
BGW-034,4,38.87,production,47.272,44106.04,5.66,84.4,35.3,0.203,123.9,0.0,0.05,True,physics_chained_synthetic
BGW-034,5,0.11,production,125.816,107.03,6.78,142.2,46.7,0.065,8.8,80.62,80.62,True,physics_chained_synthetic
BGW-034,5,1.49,production,119.623,157.66,6.78,142.2,46.7,0.065,84.3,80.62,54.67,True,physics_chained_synthetic
BGW-034,5,3.45,production,109.656,301.89,6.78,142.2,46.7,0.065,141.7,54.67,29.25,True,physics_chained_synthetic
BGW-034,5,3.86,production,107.624,346.1,6.78,142.2,46.7,0.065,149.7,29.25,19.89,True,physics_chained_synthetic
BGW-034,5,4.42,production,104.677,423.02,6.78,142.2,46.7,0.065,160.3,19.89,18.67,True,physics_chained_synthetic
BGW-034,5,12.15,production,60.082,13610.68,6.78,142.2,46.7,0.065,160.3,18.67,0.0,True,physics_chained_synthetic
BGW-034,5,13.85,production,55.254,20971.83,6.78,142.2,46.7,0.065,161.3,0.0,0.57,True,physics_chained_synthetic
BGW-034,5,20.73,production,47.238,44249.66,6.78,142.2,46.7,0.065,161.3,0.57,0.0,True,physics_chained_synthetic
BGW-034,5,22.77,production,46.935,45548.99,6.78,142.2,46.7,0.065,162.1,0.0,0.39,True,physics_chained_synthetic
BGW-034,5,22.78,production,46.934,45553.95,6.78,142.2,46.7,0.065,162.1,0.39,0.47,True,physics_chained_synthetic
BGW-034,5,23.21,production,46.901,45695.86,6.78,142.2,46.7,0.065,162.1,0.47,0.0,True,physics_chained_synthetic
BGW-034,5,24.72,production,46.831,46001.84,6.78,142.2,46.7,0.065,162.1,0.0,0.0,True,physics_chained_synthetic
BGW-034,5,27.03,production,46.796,46158.63,6.78,142.2,46.7,0.065,162.6,0.0,0.21,True,physics_chained_synthetic
BGW-034,5,27.69,production,46.792,46173.53,6.78,142.2,46.7,0.065,162.6,0.21,0.05,True,physics_chained_synthetic
BGW-034,5,34.46,production,46.787,46195.87,6.78,142.2,46.7,0.065,165.2,0.05,0.38,True,physics_chained_synthetic
BGW-034,5,34.93,production,46.787,46195.88,6.78,142.2,46.7,0.065,165.2,0.38,0.09,True,physics_chained_synthetic
BGW-034,5,35.09,production,46.787,46195.88,6.78,142.2,46.7,0.065,165.2,0.09,0.05,True,physics_chained_synthetic
BGW-034,5,36.12,production,46.787,46195.89,6.78,142.2,46.7,0.065,165.2,0.05,0.01,True,physics_chained_synthetic
BGW-034,5,36.29,production,46.787,46195.89,6.78,142.2,46.7,0.065,165.2,0.01,0.0,True,physics_chained_synthetic
BGW-034,5,38.77,production,46.787,46195.89,6.78,142.2,46.7,0.065,165.3,0.0,0.03,True,physics_chained_synthetic
BGW-034,4,5.59,production,90.478,1164.74,4.63,138.8,47.8,0.118,33.8,6.05,6.05,True,physics_chained_synthetic
BGW-034,4,9.47,production,70.607,5531.09,4.63,138.8,47.8,0.118,37.4,6.05,0.93,True,physics_chained_synthetic
BGW-034,4,9.77,production,69.374,6128.81,4.63,138.8,47.8,0.118,37.7,0.93,0.91,True,physics_chained_synthetic
BGW-034,4,10.09,production,68.072,6836.18,4.63,138.8,47.8,0.118,38.0,0.91,1.01,True,physics_chained_synthetic
BGW-034,4,10.2,production,67.657,7079.45,4.63,138.8,47.8,0.118,38.1,1.01,0.74,True,physics_chained_synthetic
BGW-034,4,11.26,production,63.685,9937.19,4.63,138.8,47.8,0.118,39.0,0.74,0.89,True,physics_chained_synthetic
BGW-034,4,12.71,production,58.996,14983.74,4.63,138.8,47.8,0.118,39.7,0.89,0.44,True,physics_chained_synthetic
BGW-034,4,12.92,production,58.424,15766.3,4.63,138.8,47.8,0.118,39.8,0.44,0.71,True,physics_chained_synthetic
BGW-034,4,20.96,production,48.064,40902.26,4.63,138.8,47.8,0.118,39.8,0.71,0.0,True,physics_chained_synthetic
BGW-034,4,22.16,production,47.896,41560.04,4.63,138.8,47.8,0.118,40.2,0.0,0.31,True,physics_chained_synthetic
BGW-034,4,28.71,production,47.711,42298.32,4.63,138.8,47.8,0.118,44.4,0.31,0.64,True,physics_chained_synthetic
BGW-034,4,31.38,production,47.709,42303.67,4.63,138.8,47.8,0.118,44.4,0.64,0.0,True,physics_chained_synthetic
BGW-034,4,31.6,production,47.709,42303.77,4.63,138.8,47.8,0.118,44.4,0.0,0.0,True,physics_chained_synthetic
BGW-034,4,31.8,production,47.709,42303.84,4.63,138.8,47.8,0.118,44.4,0.0,0.2,True,physics_chained_synthetic
BGW-034,4,32.01,production,47.709,42303.9,4.63,138.8,47.8,0.118,44.4,0.2,0.0,True,physics_chained_synthetic
BGW-034,4,33.89,production,47.709,42304.14,4.63,138.8,47.8,0.118,44.9,0.0,0.27,True,physics_chained_synthetic
BGW-034,4,34.72,production,47.709,42304.16,4.63,138.8,47.8,0.118,44.9,0.27,0.0,True,physics_chained_synthetic
BGW-034,4,36.11,production,47.709,42304.17,4.63,138.8,47.8,0.118,45.1,0.0,0.15,True,physics_chained_synthetic
BGW-034,4,37.24,production,47.709,42304.17,4.63,138.8,47.8,0.118,45.2,0.15,0.04,True,physics_chained_synthetic
BGW-034,4,39.55,production,47.709,42304.17,4.63,138.8,47.8,0.118,46.0,0.04,0.35,True,physics_chained_synthetic
BGW-035,5,1.0,production,138.743,49.51,5.91,122.5,40.2,0.069,168.7,169.16,169.16,True,physics_chained_synthetic
BGW-035,5,1.5,production,137.277,53.91,5.91,122.5,40.2,0.069,248.8,169.16,159.72,True,physics_chained_synthetic
BGW-035,5,4.55,production,125.087,111.95,5.91,122.5,40.2,0.069,466.6,159.72,71.47,True,physics_chained_synthetic
BGW-035,5,6.61,production,114.637,217.3,5.91,122.5,40.2,0.069,539.5,71.47,35.31,True,physics_chained_synthetic
BGW-035,5,8.33,production,104.736,421.31,5.91,122.5,40.2,0.069,570.8,35.31,18.28,True,physics_chained_synthetic
BGW-035,5,8.95,production,101.042,544.27,5.91,122.5,40.2,0.069,579.2,18.28,13.31,True,physics_chained_synthetic
BGW-035,5,19.71,production,49.34,36249.82,5.91,122.5,40.2,0.069,579.3,13.31,0.01,True,physics_chained_synthetic
BGW-035,5,21.74,production,47.756,42117.67,5.91,122.5,40.2,0.069,580.3,0.01,0.47,True,physics_chained_synthetic
BGW-035,5,23.4,production,47.113,44778.74,5.91,122.5,40.2,0.069,580.3,0.47,0.0,True,physics_chained_synthetic
BGW-035,5,24.09,production,46.954,45463.9,5.91,122.5,40.2,0.069,580.4,0.0,0.14,True,physics_chained_synthetic
BGW-035,5,27.57,production,46.632,46889.1,5.91,122.5,40.2,0.069,580.4,0.14,0.0,True,physics_chained_synthetic
BGW-035,5,28.82,production,46.607,47000.14,5.91,122.5,40.2,0.069,580.4,0.0,0.0,True,physics_chained_synthetic
BGW-035,5,29.14,production,46.603,47016.51,5.91,122.5,40.2,0.069,580.5,0.0,0.35,True,physics_chained_synthetic
BGW-035,5,29.3,production,46.602,47023.44,5.91,122.5,40.2,0.069,580.5,0.35,0.27,True,physics_chained_synthetic
BGW-035,5,32.18,production,46.591,47073.81,5.91,122.5,40.2,0.069,580.7,0.27,0.07,True,physics_chained_synthetic
BGW-035,5,33.64,production,46.59,47077.55,5.91,122.5,40.2,0.069,580.7,0.07,0.0,True,physics_chained_synthetic
BGW-035,5,33.84,production,46.59,47077.78,5.91,122.5,40.2,0.069,580.8,0.0,0.08,True,physics_chained_synthetic
BGW-035,5,37.68,production,46.59,47078.83,5.91,122.5,40.2,0.069,580.8,0.08,0.0,True,physics_chained_synthetic
BGW-035,5,37.83,production,46.59,47078.84,5.91,122.5,40.2,0.069,580.8,0.0,0.12,True,physics_chained_synthetic
BGW-035,5,39.55,production,46.59,47078.85,5.91,122.5,40.2,0.069,580.8,0.12,0.0,True,physics_chained_synthetic
BGW-035,5,0.35,production,130.768,79.2,3.4,135.4,46.7,0.121,39.1,112.68,112.68,True,physics_chained_synthetic
BGW-035,5,2.08,production,124.382,116.95,3.4,135.4,46.7,0.121,161.9,112.68,70.83,True,physics_chained_synthetic
BGW-035,5,2.34,production,123.411,124.23,3.4,135.4,46.7,0.121,177.4,70.83,60.53,True,physics_chained_synthetic
BGW-035,5,4.77,production,111.402,268.78,3.4,135.4,46.7,0.121,241.7,60.53,26.47,True,physics_chained_synthetic
BGW-035,5,5.72,production,106.356,377.16,3.4,135.4,46.7,0.121,260.8,26.47,20.0,True,physics_chained_synthetic
BGW-035,5,5.93,production,105.217,407.65,3.4,135.4,46.7,0.121,264.7,20.0,18.52,True,physics_chained_synthetic
BGW-035,5,6.26,production,103.453,460.24,3.4,135.4,46.7,0.121,269.5,18.52,14.7,True,physics_chained_synthetic
BGW-035,5,6.36,production,102.923,477.42,3.4,135.4,46.7,0.121,271.0,14.7,15.09,True,physics_chained_synthetic
BGW-035,5,6.73,production,100.832,552.31,3.4,135.4,46.7,0.121,276.0,15.09,13.35,True,physics_chained_synthetic
BGW-035,5,6.8,production,100.474,566.37,3.4,135.4,46.7,0.121,276.8,13.35,13.01,True,physics_chained_synthetic
BGW-035,5,9.47,production,84.0,1899.05,3.4,135.4,46.7,0.121,288.7,13.01,4.42,True,physics_chained_synthetic
BGW-035,5,9.69,production,82.794,2084.1,3.4,135.4,46.7,0.121,289.4,4.42,3.24,True,physics_chained_synthetic
BGW-035,5,18.22,production,49.759,34848.23,3.4,135.4,46.7,0.121,289.4,3.24,0.0,True,physics_chained_synthetic
BGW-035,5,23.2,production,47.512,43105.77,3.4,135.4,46.7,0.121,293.6,0.0,0.84,True,physics_chained_synthetic
BGW-035,5,24.35,production,47.417,43496.53,3.4,135.4,46.7,0.121,293.6,0.84,0.0,True,physics_chained_synthetic
BGW-035,5,29.2,production,47.325,43881.79,3.4,135.4,46.7,0.121,294.4,0.0,0.18,True,physics_chained_synthetic
BGW-035,5,31.05,production,47.323,43889.63,3.4,135.4,46.7,0.121,295.0,0.18,0.3,True,physics_chained_synthetic
BGW-035,5,31.09,production,47.323,43889.69,3.4,135.4,46.7,0.121,295.0,0.3,0.0,True,physics_chained_synthetic
BGW-035,5,31.55,production,47.323,43890.34,3.4,135.4,46.7,0.121,295.0,0.0,0.0,True,physics_chained_synthetic
BGW-035,5,32.74,production,47.323,43891.14,3.4,135.4,46.7,0.121,295.0,0.0,0.0,True,physics_chained_synthetic
BGW-036,3,0.88,production,107.786,342.32,5.47,86.0,53.2,0.252,19.2,21.74,21.74,True,physics_chained_synthetic
BGW-036,3,1.9,production,105.111,410.62,5.47,86.0,53.2,0.252,37.6,21.74,18.14,True,physics_chained_synthetic
BGW-036,3,5.3,production,92.804,981.36,5.47,86.0,53.2,0.252,59.1,18.14,6.34,True,physics_chained_synthetic
BGW-036,3,6.25,production,89.113,1289.24,5.47,86.0,53.2,0.252,62.9,6.34,3.94,True,physics_chained_synthetic
BGW-036,3,7.48,production,84.064,1889.66,5.47,86.0,53.2,0.252,67.5,3.94,3.76,True,physics_chained_synthetic
BGW-036,3,8.68,production,78.989,2806.09,5.47,86.0,53.2,0.252,70.3,3.76,2.29,True,physics_chained_synthetic
BGW-036,3,10.76,production,70.12,5759.58,5.47,86.0,53.2,0.252,73.1,2.29,1.35,True,physics_chained_synthetic
BGW-036,3,11.6,production,66.889,7554.37,5.47,86.0,53.2,0.252,73.7,1.35,0.72,True,physics_chained_synthetic
BGW-036,3,12.96,production,61.983,11519.55,5.47,86.0,53.2,0.252,74.2,0.72,0.39,True,physics_chained_synthetic
BGW-036,3,17.49,production,50.486,32552.59,5.47,86.0,53.2,0.252,74.7,0.39,0.11,True,physics_chained_synthetic
BGW-036,3,23.13,production,46.639,46856.0,5.47,86.0,53.2,0.252,74.8,0.11,0.02,True,physics_chained_synthetic
BGW-036,3,25.38,production,46.413,47881.45,5.47,86.0,53.2,0.252,75.4,0.02,0.26,True,physics_chained_synthetic
BGW-036,3,25.76,production,46.396,47960.88,5.47,86.0,53.2,0.252,75.5,0.26,0.19,True,physics_chained_synthetic
BGW-036,3,25.85,production,46.392,47978.17,5.47,86.0,53.2,0.252,75.5,0.19,0.3,True,physics_chained_synthetic
BGW-036,3,25.95,production,46.389,47996.03,5.47,86.0,53.2,0.252,75.5,0.3,0.0,True,physics_chained_synthetic
BGW-036,3,26.11,production,46.383,48021.87,5.47,86.0,53.2,0.252,75.5,0.0,0.0,True,physics_chained_synthetic
BGW-036,3,33.0,production,46.331,48263.46,5.47,86.0,53.2,0.252,78.0,0.0,0.36,True,physics_chained_synthetic
BGW-036,3,33.39,production,46.331,48263.67,5.47,86.0,53.2,0.252,78.0,0.36,0.0,True,physics_chained_synthetic
BGW-036,3,33.7,production,46.331,48263.78,5.47,86.0,53.2,0.252,78.0,0.0,0.0,True,physics_chained_synthetic
BGW-036,3,35.51,production,46.33,48264.05,5.47,86.0,53.2,0.252,78.5,0.0,0.28,True,physics_chained_synthetic
BGW-036,2,1.96,production,97.286,709.79,6.33,131.9,41.6,0.268,18.8,9.56,9.56,True,physics_chained_synthetic
BGW-036,2,2.09,production,96.889,730.2,6.33,131.9,41.6,0.268,19.8,9.56,8.05,True,physics_chained_synthetic
BGW-036,2,2.42,production,95.906,783.57,6.33,131.9,41.6,0.268,22.3,8.05,7.83,True,physics_chained_synthetic
BGW-036,2,2.74,production,94.881,843.74,6.33,131.9,41.6,0.268,24.7,7.83,7.32,True,physics_chained_synthetic
BGW-036,2,7.88,production,73.419,4388.81,6.33,131.9,41.6,0.268,30.2,7.32,1.06,True,physics_chained_synthetic
BGW-036,2,9.36,production,68.023,6864.15,6.33,131.9,41.6,0.268,31.0,1.06,0.59,True,physics_chained_synthetic
BGW-036,2,17.37,production,48.745,38344.56,6.33,131.9,41.6,0.268,31.0,0.59,0.0,True,physics_chained_synthetic
BGW-036,2,19.84,production,47.507,43125.32,6.33,131.9,41.6,0.268,33.2,0.0,0.88,True,physics_chained_synthetic
BGW-036,2,21.46,production,47.142,44653.18,6.33,131.9,41.6,0.268,33.9,0.88,0.43,True,physics_chained_synthetic
BGW-036,2,24.46,production,46.89,45743.98,6.33,131.9,41.6,0.268,34.1,0.43,0.06,True,physics_chained_synthetic
BGW-036,2,24.77,production,46.881,45784.89,6.33,131.9,41.6,0.268,34.1,0.06,0.0,True,physics_chained_synthetic
BGW-036,2,28.1,production,46.841,45959.3,6.33,131.9,41.6,0.268,34.1,0.0,0.0,True,physics_chained_synthetic
BGW-036,2,31.79,production,46.837,45975.49,6.33,131.9,41.6,0.268,34.2,0.0,0.03,True,physics_chained_synthetic
BGW-036,2,32.47,production,46.837,45975.79,6.33,131.9,41.6,0.268,34.5,0.03,0.43,True,physics_chained_synthetic
BGW-036,2,33.97,production,46.837,45976.03,6.33,131.9,41.6,0.268,34.5,0.43,0.0,True,physics_chained_synthetic
BGW-036,2,34.53,production,46.837,45976.06,6.33,131.9,41.6,0.268,34.5,0.0,0.0,True,physics_chained_synthetic
BGW-036,2,34.63,production,46.837,45976.07,6.33,131.9,41.6,0.268,34.5,0.0,0.42,True,physics_chained_synthetic
BGW-036,2,34.98,production,46.837,45976.08,6.33,131.9,41.6,0.268,34.6,0.42,0.07,True,physics_chained_synthetic
BGW-036,2,36.66,production,46.837,45976.1,6.33,131.9,41.6,0.268,35.3,0.07,0.41,True,physics_chained_synthetic
BGW-036,2,39.42,production,46.837,45976.1,6.33,131.9,41.6,0.268,35.5,0.41,0.1,True,physics_chained_synthetic
BGW-037,2,1.96,production,112.74,246.03,6.53,65.9,41.9,0.174,62.5,31.96,31.96,True,physics_chained_synthetic
BGW-037,2,2.06,production,112.207,254.84,6.53,65.9,41.9,0.174,65.1,31.96,24.55,True,physics_chained_synthetic
BGW-037,2,5.35,production,93.204,953.11,6.53,65.9,41.9,0.174,86.8,24.55,6.58,True,physics_chained_synthetic
BGW-037,2,10.32,production,66.223,7994.14,6.53,65.9,41.9,0.174,89.3,6.58,0.51,True,physics_chained_synthetic
BGW-037,2,14.96,production,51.909,28511.01,6.53,65.9,41.9,0.174,90.8,0.51,0.32,True,physics_chained_synthetic
BGW-037,2,14.97,production,51.891,28558.89,6.53,65.9,41.9,0.174,90.8,0.32,0.0,True,physics_chained_synthetic
BGW-037,2,15.24,production,51.457,29731.91,6.53,65.9,41.9,0.174,90.8,0.0,0.0,True,physics_chained_synthetic
BGW-037,2,15.83,production,50.556,32338.09,6.53,65.9,41.9,0.174,91.0,0.0,0.33,True,physics_chained_synthetic
BGW-037,2,15.87,production,50.497,32517.08,6.53,65.9,41.9,0.174,91.1,0.33,0.62,True,physics_chained_synthetic
BGW-037,2,16.73,production,49.427,35953.2,6.53,65.9,41.9,0.174,91.1,0.62,0.0,True,physics_chained_synthetic
BGW-037,2,17.87,production,48.357,39779.66,6.53,65.9,41.9,0.174,91.1,0.0,0.0,True,physics_chained_synthetic
BGW-037,2,23.83,production,46.46,47665.62,6.53,65.9,41.9,0.174,91.6,0.0,0.09,True,physics_chained_synthetic
BGW-037,2,24.44,production,46.435,47781.36,6.53,65.9,41.9,0.174,91.6,0.09,0.0,True,physics_chained_synthetic
BGW-037,2,25.57,production,46.407,47912.98,6.53,65.9,41.9,0.174,92.1,0.0,0.41,True,physics_chained_synthetic
BGW-037,2,26.63,production,46.393,47975.71,6.53,65.9,41.9,0.174,92.3,0.41,0.21,True,physics_chained_synthetic
BGW-037,2,26.89,production,46.391,47985.32,6.53,65.9,41.9,0.174,92.3,0.21,0.0,True,physics_chained_synthetic
BGW-037,2,28.62,production,46.383,48019.63,6.53,65.9,41.9,0.174,92.7,0.0,0.25,True,physics_chained_synthetic
BGW-037,2,34.88,production,46.381,48031.38,6.53,65.9,41.9,0.174,92.7,0.25,0.0,True,physics_chained_synthetic
BGW-037,2,35.86,production,46.381,48031.39,6.53,65.9,41.9,0.174,92.7,0.0,0.0,True,physics_chained_synthetic
BGW-037,2,37.68,production,46.381,48031.4,6.53,65.9,41.9,0.174,93.1,0.0,0.21,True,physics_chained_synthetic
BGW-037,3,2.98,production,118.961,164.45,3.08,95.1,54.4,0.155,121.6,40.75,40.75,True,physics_chained_synthetic
BGW-037,3,4.24,production,111.814,261.53,3.08,95.1,54.4,0.155,153.9,40.75,25.74,True,physics_chained_synthetic
BGW-037,3,6.24,production,99.478,607.49,3.08,95.1,54.4,0.155,173.7,25.74,9.94,True,physics_chained_synthetic
BGW-037,3,6.82,production,95.99,778.84,3.08,95.1,54.4,0.155,179.1,9.94,9.15,True,physics_chained_synthetic
BGW-037,3,7.94,production,89.212,1279.71,3.08,95.1,54.4,0.155,184.0,9.15,4.43,True,physics_chained_synthetic
BGW-037,3,15.38,production,52.861,26108.36,3.08,95.1,54.4,0.155,184.0,4.43,0.0,True,physics_chained_synthetic
BGW-037,3,18.34,production,48.48,39318.23,3.08,95.1,54.4,0.155,184.0,0.0,0.0,True,physics_chained_synthetic
BGW-037,3,18.54,production,48.311,39951.39,3.08,95.1,54.4,0.155,184.1,0.0,0.16,True,physics_chained_synthetic
BGW-037,3,19.31,production,47.752,42131.52,3.08,95.1,54.4,0.155,184.2,0.16,0.25,True,physics_chained_synthetic
BGW-037,3,20.15,production,47.288,44037.74,3.08,95.1,54.4,0.155,184.5,0.25,0.31,True,physics_chained_synthetic
BGW-037,3,21.98,production,46.68,46674.62,3.08,95.1,54.4,0.155,185.1,0.31,0.31,True,physics_chained_synthetic
BGW-037,3,25.0,production,46.337,48232.76,3.08,95.1,54.4,0.155,185.3,0.31,0.09,True,physics_chained_synthetic
BGW-037,3,25.05,production,46.335,48243.57,3.08,95.1,54.4,0.155,185.3,0.09,0.0,True,physics_chained_synthetic
BGW-037,3,25.17,production,46.33,48266.54,3.08,95.1,54.4,0.155,185.4,0.0,0.29,True,physics_chained_synthetic
BGW-037,3,26.16,production,46.301,48401.68,3.08,95.1,54.4,0.155,185.4,0.29,0.0,True,physics_chained_synthetic
BGW-037,3,27.16,production,46.285,48475.21,3.08,95.1,54.4,0.155,185.8,0.0,0.41,True,physics_chained_synthetic
BGW-037,3,31.75,production,46.27,48544.93,3.08,95.1,54.4,0.155,187.2,0.41,0.31,True,physics_chained_synthetic
BGW-037,3,32.97,production,46.27,48545.83,3.08,95.1,54.4,0.155,187.2,0.31,0.0,True,physics_chained_synthetic
BGW-037,3,34.67,production,46.27,48546.14,3.08,95.1,54.4,0.155,187.2,0.0,0.0,True,physics_chained_synthetic
BGW-037,3,36.49,production,46.27,48546.2,3.08,95.1,54.4,0.155,187.4,0.0,0.11,True,physics_chained_synthetic
BGW-038,3,2.23,production,93.756,915.54,3.89,84.5,38.6,0.083,18.9,8.47,8.47,True,physics_chained_synthetic
BGW-038,3,4.77,production,85.102,1745.26,3.89,84.5,38.6,0.083,29.9,8.47,4.33,True,physics_chained_synthetic
BGW-038,3,7.31,production,75.666,3658.09,3.89,84.5,38.6,0.083,33.6,4.33,1.48,True,physics_chained_synthetic
BGW-038,3,9.01,production,69.508,6060.83,3.89,84.5,38.6,0.083,35.3,1.48,0.99,True,physics_chained_synthetic
BGW-038,3,9.18,production,68.965,6342.25,3.89,84.5,38.6,0.083,35.5,0.99,1.14,True,physics_chained_synthetic
BGW-038,3,14.94,production,52.434,27157.11,3.89,84.5,38.6,0.083,35.5,1.14,0.0,True,physics_chained_synthetic
BGW-038,3,16.15,production,50.768,31703.71,3.89,84.5,38.6,0.083,36.2,0.0,0.57,True,physics_chained_synthetic
BGW-038,3,18.48,production,48.661,38649.24,3.89,84.5,38.6,0.083,37.9,0.57,0.75,True,physics_chained_synthetic
BGW-038,3,18.96,production,48.386,39671.5,3.89,84.5,38.6,0.083,37.9,0.75,0.02,True,physics_chained_synthetic
BGW-038,3,22.37,production,47.346,43793.34,3.89,84.5,38.6,0.083,38.5,0.02,0.17,True,physics_chained_synthetic
BGW-038,3,24.69,production,47.164,44561.81,3.89,84.5,38.6,0.083,39.6,0.17,0.47,True,physics_chained_synthetic
BGW-038,3,26.16,production,47.125,44728.47,3.89,84.5,38.6,0.083,40.2,0.47,0.38,True,physics_chained_synthetic
BGW-038,3,26.22,production,47.124,44732.43,3.89,84.5,38.6,0.083,40.2,0.38,0.0,True,physics_chained_synthetic
BGW-038,3,27.22,production,47.112,44782.19,3.89,84.5,38.6,0.083,40.4,0.0,0.29,True,physics_chained_synthetic
BGW-038,3,27.37,production,47.111,44787.25,3.89,84.5,38.6,0.083,40.4,0.29,0.0,True,physics_chained_synthetic
BGW-038,3,27.83,production,47.108,44800.05,3.89,84.5,38.6,0.083,40.7,0.0,0.43,True,physics_chained_synthetic
BGW-038,3,29.46,production,47.103,44822.57,3.89,84.5,38.6,0.083,40.7,0.43,0.0,True,physics_chained_synthetic
BGW-038,3,30.37,production,47.102,44827.16,3.89,84.5,38.6,0.083,40.8,0.0,0.11,True,physics_chained_synthetic
BGW-038,3,31.34,production,47.101,44829.45,3.89,84.5,38.6,0.083,41.4,0.11,0.63,True,physics_chained_synthetic
BGW-038,3,37.91,production,47.101,44831.08,3.89,84.5,38.6,0.083,43.2,0.63,0.28,True,physics_chained_synthetic
BGW-038,3,6.14,production,85.388,1707.61,3.1,132.3,46.5,0.128,25.9,4.21,4.21,True,physics_chained_synthetic
BGW-038,3,8.52,production,73.238,4454.39,3.1,132.3,46.5,0.128,29.7,4.21,1.62,True,physics_chained_synthetic
BGW-038,3,10.16,production,66.195,8013.11,3.1,132.3,46.5,0.128,32.5,1.62,1.69,True,physics_chained_synthetic
BGW-038,3,10.44,production,65.148,8762.35,3.1,132.3,46.5,0.128,32.7,1.69,0.72,True,physics_chained_synthetic
BGW-038,3,11.34,production,61.943,11559.66,3.1,132.3,46.5,0.128,33.1,0.72,0.48,True,physics_chained_synthetic
BGW-038,3,12.02,production,59.794,13961.03,3.1,132.3,46.5,0.128,33.4,0.48,0.45,True,physics_chained_synthetic
BGW-038,3,16.97,production,49.7,35041.21,3.1,132.3,46.5,0.128,34.9,0.45,0.29,True,physics_chained_synthetic
BGW-038,3,22.35,production,47.354,43759.01,3.1,132.3,46.5,0.128,35.4,0.29,0.1,True,physics_chained_synthetic
BGW-038,3,24.98,production,47.208,44376.44,3.1,132.3,46.5,0.128,36.3,0.1,0.33,True,physics_chained_synthetic
BGW-038,3,26.72,production,47.182,44484.31,3.1,132.3,46.5,0.128,36.5,0.33,0.14,True,physics_chained_synthetic
BGW-038,3,27.9,production,47.176,44511.62,3.1,132.3,46.5,0.128,36.5,0.14,0.0,True,physics_chained_synthetic
BGW-038,3,28.64,production,47.174,44519.96,3.1,132.3,46.5,0.128,36.5,0.0,0.0,True,physics_chained_synthetic
BGW-038,3,30.98,production,47.172,44529.17,3.1,132.3,46.5,0.128,37.0,0.0,0.21,True,physics_chained_synthetic
BGW-038,3,31.9,production,47.171,44529.95,3.1,132.3,46.5,0.128,37.0,0.21,0.0,True,physics_chained_synthetic
BGW-038,3,33.14,production,47.171,44530.35,3.1,132.3,46.5,0.128,37.7,0.0,0.59,True,physics_chained_synthetic
BGW-038,3,37.86,production,47.171,44530.51,3.1,132.3,46.5,0.128,37.9,0.59,0.04,True,physics_chained_synthetic
BGW-038,3,38.93,production,47.171,44530.51,3.1,132.3,46.5,0.128,38.0,0.04,0.03,True,physics_chained_synthetic
BGW-038,3,38.93,production,47.171,44530.51,3.1,132.3,46.5,0.128,38.0,0.03,0.29,True,physics_chained_synthetic
BGW-038,3,39.92,production,47.171,44530.51,3.1,132.3,46.5,0.128,38.2,0.29,0.21,True,physics_chained_synthetic
BGW-038,3,39.98,production,47.171,44530.51,3.1,132.3,46.5,0.128,38.2,0.21,0.0,True,physics_chained_synthetic
BGW-039,4,0.67,production,126.958,99.79,3.42,65.6,45.7,0.349,39.7,59.26,59.26,True,physics_chained_synthetic
BGW-039,4,0.81,production,126.17,104.73,3.42,65.6,45.7,0.349,48.0,59.26,59.43,True,physics_chained_synthetic
BGW-039,4,2.1,production,118.778,166.38,3.42,65.6,45.7,0.349,90.0,59.43,32.5,True,physics_chained_synthetic
BGW-039,4,5.19,production,100.138,579.89,3.42,65.6,45.7,0.349,117.6,32.5,8.94,True,physics_chained_synthetic
BGW-039,4,6.88,production,90.433,1168.67,3.42,65.6,45.7,0.349,125.5,8.94,4.67,True,physics_chained_synthetic
BGW-039,4,12.96,production,59.959,13758.95,3.42,65.6,45.7,0.349,127.7,4.67,0.36,True,physics_chained_synthetic
BGW-039,4,13.47,production,58.441,15742.7,3.42,65.6,45.7,0.349,127.8,0.36,0.27,True,physics_chained_synthetic
BGW-039,4,16.63,production,51.568,29428.46,3.42,65.6,45.7,0.349,127.8,0.27,0.0,True,physics_chained_synthetic
BGW-039,4,23.12,production,47.54,42992.82,3.42,65.6,45.7,0.349,129.6,0.0,0.27,True,physics_chained_synthetic
BGW-039,4,26.17,production,47.376,43669.22,3.42,65.6,45.7,0.349,132.6,0.27,0.99,True,physics_chained_synthetic
BGW-039,4,27.14,production,47.362,43727.61,3.42,65.6,45.7,0.349,132.9,0.99,0.28,True,physics_chained_synthetic
BGW-039,4,32.38,production,47.348,43787.09,3.42,65.6,45.7,0.349,133.6,0.28,0.14,True,physics_chained_synthetic
BGW-039,4,33.58,production,47.348,43787.53,3.42,65.6,45.7,0.349,134.0,0.14,0.37,True,physics_chained_synthetic
BGW-039,4,33.73,production,47.348,43787.55,3.42,65.6,45.7,0.349,134.1,0.37,0.34,True,physics_chained_synthetic
BGW-039,4,34.02,production,47.347,43787.6,3.42,65.6,45.7,0.349,134.2,0.34,0.29,True,physics_chained_synthetic
BGW-039,4,34.88,production,47.347,43787.67,3.42,65.6,45.7,0.349,134.3,0.29,0.14,True,physics_chained_synthetic
BGW-039,4,35.17,production,47.347,43787.68,3.42,65.6,45.7,0.349,134.3,0.14,0.0,True,physics_chained_synthetic
BGW-039,4,35.82,production,47.347,43787.7,3.42,65.6,45.7,0.349,134.4,0.0,0.18,True,physics_chained_synthetic
BGW-039,4,35.96,production,47.347,43787.7,3.42,65.6,45.7,0.349,134.4,0.18,0.12,True,physics_chained_synthetic
BGW-039,4,37.01,production,47.347,43787.71,3.42,65.6,45.7,0.349,134.8,0.12,0.33,True,physics_chained_synthetic
BGW-040,5,0.09,production,121.66,138.61,6.92,87.4,45.3,0.21,4.9,54.52,54.52,True,physics_chained_synthetic
BGW-040,5,2.64,production,111.329,270.08,6.92,87.4,45.3,0.21,71.8,54.52,26.19,True,physics_chained_synthetic
BGW-040,5,3.93,production,105.659,395.52,6.92,87.4,45.3,0.21,89.3,26.19,13.55,True,physics_chained_synthetic
BGW-040,5,7.62,production,86.033,1625.9,6.92,87.4,45.3,0.21,101.6,13.55,3.34,True,physics_chained_synthetic
BGW-040,5,7.82,production,85.06,1750.93,6.92,87.4,45.3,0.21,102.2,3.34,3.28,True,physics_chained_synthetic
BGW-040,5,8.49,production,81.733,2262.77,6.92,87.4,45.3,0.21,103.0,3.28,1.12,True,physics_chained_synthetic
BGW-040,5,16.57,production,50.914,31275.9,6.92,87.4,45.3,0.21,103.5,1.12,0.07,True,physics_chained_synthetic
BGW-040,5,16.86,production,50.548,32362.64,6.92,87.4,45.3,0.21,103.5,0.07,0.0,True,physics_chained_synthetic
BGW-040,5,17.16,production,50.205,33419.37,6.92,87.4,45.3,0.21,103.5,0.0,0.0,True,physics_chained_synthetic
BGW-040,5,17.42,production,49.921,34321.47,6.92,87.4,45.3,0.21,103.5,0.0,0.0,True,physics_chained_synthetic
BGW-040,5,21.56,production,47.48,43239.67,6.92,87.4,45.3,0.21,104.4,0.0,0.22,True,physics_chained_synthetic
BGW-040,5,27.34,production,47.055,45027.86,6.92,87.4,45.3,0.21,107.1,0.22,0.46,True,physics_chained_synthetic
BGW-040,5,27.44,production,47.054,45030.75,6.92,87.4,45.3,0.21,107.1,0.46,0.0,True,physics_chained_synthetic
BGW-040,5,27.46,production,47.054,45031.16,6.92,87.4,45.3,0.21,107.1,0.0,0.0,True,physics_chained_synthetic
BGW-040,5,29.3,production,47.047,45060.31,6.92,87.4,45.3,0.21,108.1,0.0,0.58,True,physics_chained_synthetic
BGW-040,5,34.93,production,47.045,45068.88,6.92,87.4,45.3,0.21,108.1,0.58,0.0,True,physics_chained_synthetic
BGW-040,5,35.21,production,47.045,45068.89,6.92,87.4,45.3,0.21,108.1,0.0,0.0,True,physics_chained_synthetic
BGW-040,5,35.24,production,47.045,45068.89,6.92,87.4,45.3,0.21,108.2,0.0,0.34,True,physics_chained_synthetic
BGW-040,5,36.72,production,47.045,45068.9,6.92,87.4,45.3,0.21,108.5,0.34,0.24,True,physics_chained_synthetic
BGW-040,5,37.97,production,47.045,45068.91,6.92,87.4,45.3,0.21,108.5,0.24,0.0,True,physics_chained_synthetic
BGW-040,1,0.14,production,139.223,48.16,3.23,112.3,49.4,0.148,25.5,184.22,184.22,True,physics_chained_synthetic
BGW-040,1,1.35,production,133.672,66.61,3.23,112.3,49.4,0.148,148.0,184.22,101.46,True,physics_chained_synthetic
BGW-040,1,8.27,production,88.553,1344.34,3.23,112.3,49.4,0.148,180.2,101.46,4.65,True,physics_chained_synthetic
BGW-040,1,9.55,production,81.434,2316.22,3.23,112.3,49.4,0.148,183.9,4.65,2.89,True,physics_chained_synthetic
BGW-040,1,9.73,production,80.497,2492.17,3.23,112.3,49.4,0.148,184.5,2.89,3.46,True,physics_chained_synthetic
BGW-040,1,11.59,production,70.943,5379.14,3.23,112.3,49.4,0.148,187.7,3.46,1.72,True,physics_chained_synthetic
BGW-040,1,14.29,production,59.916,13811.08,3.23,112.3,49.4,0.148,189.8,1.72,0.74,True,physics_chained_synthetic
BGW-040,1,17.22,production,52.568,26822.27,3.23,112.3,49.4,0.148,190.5,0.74,0.25,True,physics_chained_synthetic
BGW-040,1,17.89,production,51.53,29531.21,3.23,112.3,49.4,0.148,190.5,0.25,0.0,True,physics_chained_synthetic
BGW-040,1,23.52,production,47.83,41819.56,3.23,112.3,49.4,0.148,191.4,0.0,0.17,True,physics_chained_synthetic
BGW-040,1,27.17,production,47.594,42772.56,3.23,112.3,49.4,0.148,191.4,0.17,0.0,True,physics_chained_synthetic
BGW-040,1,28.62,production,47.577,42838.7,3.23,112.3,49.4,0.148,191.4,0.0,0.0,True,physics_chained_synthetic
BGW-040,1,31.85,production,47.569,42870.93,3.23,112.3,49.4,0.148,192.5,0.0,0.35,True,physics_chained_synthetic
BGW-040,1,33.18,production,47.569,42872.47,3.23,112.3,49.4,0.148,193.8,0.35,0.96,True,physics_chained_synthetic
BGW-040,1,33.69,production,47.569,42872.71,3.23,112.3,49.4,0.148,193.8,0.96,0.05,True,physics_chained_synthetic
BGW-040,1,33.78,production,47.569,42872.74,3.23,112.3,49.4,0.148,193.8,0.05,0.0,True,physics_chained_synthetic
BGW-040,1,34.18,production,47.569,42872.85,3.23,112.3,49.4,0.148,194.0,0.0,0.28,True,physics_chained_synthetic
BGW-040,1,34.31,production,47.569,42872.88,3.23,112.3,49.4,0.148,194.0,0.28,0.24,True,physics_chained_synthetic
BGW-040,1,34.39,production,47.569,42872.9,3.23,112.3,49.4,0.148,194.0,0.24,0.03,True,physics_chained_synthetic
BGW-040,1,38.47,production,47.569,42873.07,3.23,112.3,49.4,0.148,194.0,0.03,0.0,True,physics_chained_synthetic
BGW-040,4,1.14,production,135.183,60.93,3.02,126.3,35.9,0.21,145.1,127.36,127.36,True,physics_chained_synthetic
BGW-040,4,2.03,production,131.095,77.66,3.02,126.3,35.9,0.21,226.5,127.36,91.03,True,physics_chained_synthetic
BGW-040,4,2.75,production,127.598,95.96,3.02,126.3,35.9,0.21,275.5,91.03,68.58,True,physics_chained_synthetic
BGW-040,4,5.0,production,114.204,223.52,3.02,126.3,35.9,0.21,337.3,68.58,27.39,True,physics_chained_synthetic
BGW-040,4,10.82,production,73.668,4300.79,3.02,126.3,35.9,0.21,343.6,27.39,1.09,True,physics_chained_synthetic
BGW-040,4,13.71,production,60.705,12883.89,3.02,126.3,35.9,0.21,345.7,1.09,0.71,True,physics_chained_synthetic
BGW-040,4,14.96,production,56.897,18076.03,3.02,126.3,35.9,0.21,346.1,0.71,0.34,True,physics_chained_synthetic
BGW-040,4,20.09,production,49.046,37269.34,3.02,126.3,35.9,0.21,346.1,0.34,0.0,True,physics_chained_synthetic
BGW-040,4,27.27,production,47.957,41317.43,3.02,126.3,35.9,0.21,346.1,0.0,0.0,True,physics_chained_synthetic
BGW-040,4,28.75,production,47.951,41343.85,3.02,126.3,35.9,0.21,346.1,0.0,0.0,True,physics_chained_synthetic
BGW-040,4,29.9,production,47.949,41351.1,3.02,126.3,35.9,0.21,346.4,0.0,0.26,True,physics_chained_synthetic
BGW-040,4,32.75,production,47.948,41355.14,3.02,126.3,35.9,0.21,346.7,0.26,0.11,True,physics_chained_synthetic
BGW-040,4,33.44,production,47.948,41355.28,3.02,126.3,35.9,0.21,346.9,0.11,0.17,True,physics_chained_synthetic
BGW-040,4,33.98,production,47.948,41355.34,3.02,126.3,35.9,0.21,346.9,0.17,0.0,True,physics_chained_synthetic
BGW-040,4,34.19,production,47.948,41355.35,3.02,126.3,35.9,0.21,346.9,0.0,0.0,True,physics_chained_synthetic
BGW-040,4,35.41,production,47.948,41355.4,3.02,126.3,35.9,0.21,346.9,0.0,0.0,True,physics_chained_synthetic
BGW-040,4,37.71,production,47.948,41355.41,3.02,126.3,35.9,0.21,346.9,0.0,0.0,True,physics_chained_synthetic
BGW-040,4,38.42,production,47.948,41355.41,3.02,126.3,35.9,0.21,347.0,0.0,0.14,True,physics_chained_synthetic
BGW-040,4,39.25,production,47.948,41355.41,3.02,126.3,35.9,0.21,347.5,0.14,0.6,True,physics_chained_synthetic
BGW-040,4,39.34,production,47.948,41355.41,3.02,126.3,35.9,0.21,347.5,0.6,0.0,True,physics_chained_synthetic
BGW-041,2,1.55,production,106.219,380.69,3.58,113.8,39.4,0.324,21.2,13.72,13.72,True,physics_chained_synthetic
BGW-041,2,2.5,production,102.624,487.44,3.58,113.8,39.4,0.324,32.1,13.72,11.34,True,physics_chained_synthetic
BGW-041,2,2.75,production,101.673,520.77,3.58,113.8,39.4,0.324,35.3,11.34,13.0,True,physics_chained_synthetic
BGW-041,2,4.05,production,96.279,762.87,3.58,113.8,39.4,0.324,46.6,13.0,8.68,True,physics_chained_synthetic
BGW-041,2,5.06,production,91.883,1049.99,3.58,113.8,39.4,0.324,50.7,8.68,4.12,True,physics_chained_synthetic
BGW-041,2,5.89,production,88.161,1384.47,3.58,113.8,39.4,0.324,54.4,4.12,4.45,True,physics_chained_synthetic
BGW-041,2,7.18,production,82.242,2175.03,3.58,113.8,39.4,0.324,56.9,4.45,1.88,True,physics_chained_synthetic
BGW-041,2,11.67,production,61.861,11642.1,3.58,113.8,39.4,0.324,58.6,1.88,0.39,True,physics_chained_synthetic
BGW-041,2,11.86,production,61.241,12291.6,3.58,113.8,39.4,0.324,58.6,0.39,0.04,True,physics_chained_synthetic
BGW-041,2,12.46,production,59.381,14480.26,3.58,113.8,39.4,0.324,58.8,0.04,0.37,True,physics_chained_synthetic
BGW-041,2,12.98,production,57.866,16571.48,3.58,113.8,39.4,0.324,58.9,0.37,0.21,True,physics_chained_synthetic
BGW-041,2,14.13,production,54.896,21665.56,3.58,113.8,39.4,0.324,59.6,0.21,0.54,True,physics_chained_synthetic
BGW-041,2,16.14,production,50.99,31053.45,3.58,113.8,39.4,0.324,60.1,0.54,0.28,True,physics_chained_synthetic
BGW-041,2,18.64,production,48.247,40195.93,3.58,113.8,39.4,0.324,60.1,0.28,0.0,True,physics_chained_synthetic
BGW-041,2,24.6,production,46.595,47056.59,3.58,113.8,39.4,0.324,61.1,0.0,0.17,True,physics_chained_synthetic
BGW-041,2,27.15,production,46.543,47287.95,3.58,113.8,39.4,0.324,61.1,0.17,0.0,True,physics_chained_synthetic
BGW-041,2,31.41,production,46.534,47332.84,3.58,113.8,39.4,0.324,61.5,0.0,0.08,True,physics_chained_synthetic
BGW-041,2,34.52,production,46.533,47333.88,3.58,113.8,39.4,0.324,62.6,0.08,0.36,True,physics_chained_synthetic
BGW-041,2,38.28,production,46.533,47333.92,3.58,113.8,39.4,0.324,63.3,0.36,0.18,True,physics_chained_synthetic
BGW-041,2,39.49,production,46.533,47333.92,3.58,113.8,39.4,0.324,64.1,0.18,0.67,True,physics_chained_synthetic
BGW-041,4,1.03,production,164.263,12.36,3.26,123.2,40.9,0.0,262.3,254.15,254.15,True,physics_chained_synthetic
BGW-041,4,2.51,production,156.803,18.23,3.26,123.2,40.9,0.0,602.0,254.15,229.85,True,physics_chained_synthetic
BGW-041,4,2.7,production,155.828,19.19,3.26,123.2,40.9,0.0,645.0,229.85,227.34,True,physics_chained_synthetic
BGW-041,4,4.05,production,148.052,29.26,3.26,123.2,40.9,0.0,971.0,227.34,241.58,True,physics_chained_synthetic
BGW-041,4,4.12,production,147.658,29.91,3.26,123.2,40.9,0.0,986.6,241.58,231.0,True,physics_chained_synthetic
BGW-041,4,4.42,production,145.862,33.05,3.26,123.2,40.9,0.0,1054.7,231.0,226.95,True,physics_chained_synthetic
BGW-041,4,9.5,production,104.686,422.78,3.26,123.2,40.9,0.0,1143.5,226.95,17.48,True,physics_chained_synthetic
BGW-041,4,10.23,production,99.184,620.24,3.26,123.2,40.9,0.0,1151.9,17.48,11.52,True,physics_chained_synthetic
BGW-041,4,10.79,production,95.07,832.28,3.26,123.2,40.9,0.0,1156.5,11.52,8.19,True,physics_chained_synthetic
BGW-041,4,10.91,production,94.175,888.06,3.26,123.2,40.9,0.0,1157.1,8.19,5.02,True,physics_chained_synthetic
BGW-041,4,11.78,production,87.933,1408.36,3.26,123.2,40.9,0.0,1160.9,5.02,4.37,True,physics_chained_synthetic
BGW-041,4,11.82,production,87.649,1438.8,3.26,123.2,40.9,0.0,1161.2,4.37,5.12,True,physics_chained_synthetic
BGW-041,4,12.65,production,82.033,2210.67,3.26,123.2,40.9,0.0,1163.4,5.12,2.68,True,physics_chained_synthetic
BGW-041,4,14.74,production,69.42,6105.33,3.26,123.2,40.9,0.0,1165.2,2.68,0.89,True,physics_chained_synthetic
BGW-041,4,14.88,production,68.686,6492.0,3.26,123.2,40.9,0.0,1165.4,0.89,1.3,True,physics_chained_synthetic
BGW-041,4,28.91,production,47.947,41359.08,3.26,123.2,40.9,0.0,1169.0,1.3,0.25,True,physics_chained_synthetic
BGW-041,4,33.36,production,47.94,41386.59,3.26,123.2,40.9,0.0,1171.1,0.25,0.48,True,physics_chained_synthetic
BGW-041,4,33.38,production,47.94,41386.6,3.26,123.2,40.9,0.0,1171.1,0.48,0.0,True,physics_chained_synthetic
BGW-041,4,36.29,production,47.94,41387.06,3.26,123.2,40.9,0.0,1172.3,0.0,0.41,True,physics_chained_synthetic
BGW-041,4,39.54,production,47.94,41387.08,3.26,123.2,40.9,0.0,1173.1,0.41,0.25,True,physics_chained_synthetic
BGW-041,5,2.21,production,147.782,29.7,6.81,143.4,52.0,0.111,622.2,281.45,281.45,True,physics_chained_synthetic
BGW-041,5,2.32,production,147.147,30.77,6.81,143.4,52.0,0.111,651.9,281.45,263.98,True,physics_chained_synthetic
BGW-041,5,2.95,production,143.499,37.74,6.81,143.4,52.0,0.111,786.6,263.98,216.34,True,physics_chained_synthetic
BGW-041,5,3.67,production,139.045,48.66,6.81,143.4,52.0,0.111,906.5,216.34,164.47,True,physics_chained_synthetic
BGW-041,5,4.71,production,132.373,71.95,6.81,143.4,52.0,0.111,1007.1,164.47,97.64,True,physics_chained_synthetic
BGW-041,5,8.66,production,101.858,514.11,6.81,143.4,52.0,0.111,1047.3,97.64,10.15,True,physics_chained_synthetic
BGW-041,5,10.24,production,90.511,1161.92,6.81,143.4,52.0,0.111,1055.5,10.15,5.24,True,physics_chained_synthetic
BGW-041,5,14.07,production,66.271,7961.27,6.81,143.4,52.0,0.111,1057.3,5.24,0.47,True,physics_chained_synthetic
BGW-041,5,14.55,production,64.097,9589.92,6.81,143.4,52.0,0.111,1057.6,0.47,0.73,True,physics_chained_synthetic
BGW-041,5,19.97,production,49.065,37202.17,6.81,143.4,52.0,0.111,1057.6,0.73,0.0,True,physics_chained_synthetic
BGW-041,5,21.26,production,47.93,41424.44,6.81,143.4,52.0,0.111,1058.6,0.0,0.73,True,physics_chained_synthetic
BGW-041,5,22.07,production,47.457,43332.63,6.81,143.4,52.0,0.111,1058.6,0.73,0.0,True,physics_chained_synthetic
BGW-041,5,22.56,production,47.236,44256.67,6.81,143.4,52.0,0.111,1058.7,0.0,0.32,True,physics_chained_synthetic
BGW-041,5,24.83,production,46.648,46817.41,6.81,143.4,52.0,0.111,1059.1,0.32,0.18,True,physics_chained_synthetic
BGW-041,5,27.66,production,46.446,47731.23,6.81,143.4,52.0,0.111,1059.4,0.18,0.11,True,physics_chained_synthetic
BGW-041,5,28.16,production,46.435,47782.93,6.81,143.4,52.0,0.111,1059.4,0.11,0.0,True,physics_chained_synthetic
BGW-041,5,31.83,production,46.41,47898.89,6.81,143.4,52.0,0.111,1059.4,0.0,0.0,True,physics_chained_synthetic
BGW-041,5,32.74,production,46.409,47902.19,6.81,143.4,52.0,0.111,1059.4,0.0,0.0,True,physics_chained_synthetic
BGW-041,5,33.47,production,46.409,47903.49,6.81,143.4,52.0,0.111,1059.6,0.0,0.22,True,physics_chained_synthetic
BGW-041,5,34.7,production,46.408,47904.4,6.81,143.4,52.0,0.111,1059.9,0.22,0.25,True,physics_chained_synthetic
BGW-041,5,3.02,production,123.092,126.72,4.87,129.4,47.8,0.085,184.1,60.93,60.93,True,physics_chained_synthetic
BGW-041,5,3.74,production,118.584,168.45,4.87,129.4,47.8,0.085,212.3,60.93,39.3,True,physics_chained_synthetic
BGW-041,5,4.37,production,114.572,218.22,4.87,129.4,47.8,0.085,233.9,39.3,34.26,True,physics_chained_synthetic
BGW-041,5,4.66,production,112.72,246.36,4.87,129.4,47.8,0.085,242.0,34.26,27.37,True,physics_chained_synthetic
BGW-041,5,5.11,production,109.866,297.68,4.87,129.4,47.8,0.085,251.2,27.37,20.62,True,physics_chained_synthetic
BGW-041,5,6.22,production,102.654,486.43,4.87,129.4,47.8,0.085,267.1,20.62,14.26,True,physics_chained_synthetic
BGW-041,5,16.19,production,51.538,29510.32,4.87,129.4,47.8,0.085,269.2,14.26,0.21,True,physics_chained_synthetic
BGW-041,5,20.81,production,47.69,42379.85,4.87,129.4,47.8,0.085,270.1,0.21,0.19,True,physics_chained_synthetic
BGW-041,5,21.06,production,47.62,42664.66,4.87,129.4,47.8,0.085,270.1,0.19,0.0,True,physics_chained_synthetic
BGW-041,5,24.75,production,47.134,44687.96,4.87,129.4,47.8,0.085,270.1,0.0,0.02,True,physics_chained_synthetic
BGW-041,5,25.78,production,47.102,44826.13,4.87,129.4,47.8,0.085,270.1,0.02,0.0,True,physics_chained_synthetic
BGW-041,5,26.56,production,47.088,44885.43,4.87,129.4,47.8,0.085,270.4,0.0,0.36,True,physics_chained_synthetic
BGW-041,5,28.22,production,47.074,44946.29,4.87,129.4,47.8,0.085,270.4,0.36,0.0,True,physics_chained_synthetic
BGW-041,5,28.84,production,47.072,44955.96,4.87,129.4,47.8,0.085,270.4,0.0,0.0,True,physics_chained_synthetic
BGW-041,5,29.55,production,47.07,44962.69,4.87,129.4,47.8,0.085,270.6,0.0,0.31,True,physics_chained_synthetic
BGW-041,5,32.43,production,47.068,44970.71,4.87,129.4,47.8,0.085,271.6,0.31,0.34,True,physics_chained_synthetic
BGW-041,5,33.31,production,47.068,44971.06,4.87,129.4,47.8,0.085,271.6,0.34,0.0,True,physics_chained_synthetic
BGW-041,5,35.14,production,47.068,44971.28,4.87,129.4,47.8,0.085,271.8,0.0,0.11,True,physics_chained_synthetic
BGW-041,5,36.64,production,47.068,44971.31,4.87,129.4,47.8,0.085,271.8,0.11,0.0,True,physics_chained_synthetic
BGW-041,5,37.51,production,47.068,44971.32,4.87,129.4,47.8,0.085,272.4,0.0,0.61,True,physics_chained_synthetic
BGW-042,1,4.89,production,96.044,775.87,5.97,99.0,55.2,0.12,49.5,10.11,10.11,True,physics_chained_synthetic
BGW-042,1,4.95,production,95.803,789.44,5.97,99.0,55.2,0.12,50.0,10.11,9.09,True,physics_chained_synthetic
BGW-042,1,5.26,production,94.544,864.6,5.97,99.0,55.2,0.12,52.8,9.09,8.91,True,physics_chained_synthetic
BGW-042,1,7.59,production,84.268,1860.41,5.97,99.0,55.2,0.12,59.3,8.91,2.8,True,physics_chained_synthetic
BGW-042,1,8.05,production,82.297,2165.83,5.97,99.0,55.2,0.12,60.9,2.8,3.52,True,physics_chained_synthetic
BGW-042,1,10.71,production,70.737,5472.03,5.97,99.0,55.2,0.12,65.0,3.52,1.54,True,physics_chained_synthetic
BGW-042,1,14.94,production,56.211,19229.96,5.97,99.0,55.2,0.12,65.0,1.54,0.0,True,physics_chained_synthetic
BGW-042,1,21.09,production,47.921,41459.65,5.97,99.0,55.2,0.12,66.5,0.0,0.23,True,physics_chained_synthetic
BGW-042,1,21.85,production,47.654,42525.63,5.97,99.0,55.2,0.12,66.5,0.23,0.0,True,physics_chained_synthetic
BGW-042,1,21.86,production,47.653,42532.16,5.97,99.0,55.2,0.12,66.5,0.0,0.61,True,physics_chained_synthetic
BGW-042,1,24.73,production,47.144,44647.72,5.97,99.0,55.2,0.12,66.5,0.61,0.0,True,physics_chained_synthetic
BGW-042,1,25.94,production,47.071,44959.0,5.97,99.0,55.2,0.12,66.5,0.0,0.0,True,physics_chained_synthetic
BGW-042,1,31.86,production,47.004,45249.01,5.97,99.0,55.2,0.12,66.6,0.0,0.02,True,physics_chained_synthetic
BGW-042,1,32.52,production,47.003,45250.23,5.97,99.0,55.2,0.12,66.7,0.02,0.26,True,physics_chained_synthetic
BGW-042,1,32.89,production,47.003,45250.66,5.97,99.0,55.2,0.12,66.7,0.26,0.0,True,physics_chained_synthetic
BGW-042,1,35.96,production,47.003,45251.68,5.97,99.0,55.2,0.12,67.9,0.0,0.37,True,physics_chained_synthetic
BGW-042,1,36.73,production,47.003,45251.71,5.97,99.0,55.2,0.12,68.2,0.37,0.46,True,physics_chained_synthetic
BGW-042,1,37.55,production,47.003,45251.72,5.97,99.0,55.2,0.12,68.2,0.46,0.0,True,physics_chained_synthetic
BGW-042,1,37.71,production,47.003,45251.72,5.97,99.0,55.2,0.12,68.3,0.0,0.48,True,physics_chained_synthetic
BGW-042,1,39.62,production,47.003,45251.73,5.97,99.0,55.2,0.12,68.3,0.48,0.0,True,physics_chained_synthetic
BGW-042,2,2.38,production,105.827,391.0,4.06,121.5,57.4,0.092,57.9,24.32,24.32,True,physics_chained_synthetic
BGW-042,2,6.99,production,82.037,2210.07,4.06,121.5,57.4,0.092,72.8,24.32,3.22,True,physics_chained_synthetic
BGW-042,2,9.0,production,72.763,4630.75,4.06,121.5,57.4,0.092,77.4,3.22,2.29,True,physics_chained_synthetic
BGW-042,2,9.29,production,71.588,5100.31,4.06,121.5,57.4,0.092,77.8,2.29,1.3,True,physics_chained_synthetic
BGW-042,2,12.5,production,59.293,14594.83,4.06,121.5,57.4,0.092,78.7,1.3,0.3,True,physics_chained_synthetic
BGW-042,2,13.08,production,57.652,16892.13,4.06,121.5,57.4,0.092,78.7,0.3,0.0,True,physics_chained_synthetic
BGW-042,2,13.82,production,55.739,20068.72,4.06,121.5,57.4,0.092,78.7,0.0,0.02,True,physics_chained_synthetic
BGW-042,2,17.03,production,49.891,34418.97,4.06,121.5,57.4,0.092,79.2,0.02,0.14,True,physics_chained_synthetic
BGW-042,2,17.17,production,49.737,34918.76,4.06,121.5,57.4,0.092,79.2,0.14,0.06,True,physics_chained_synthetic
BGW-042,2,19.63,production,47.799,41945.66,4.06,121.5,57.4,0.092,79.2,0.06,0.0,True,physics_chained_synthetic
BGW-042,2,19.64,production,47.792,41972.76,4.06,121.5,57.4,0.092,79.2,0.0,0.44,True,physics_chained_synthetic
BGW-042,2,22.22,production,46.985,45331.8,4.06,121.5,57.4,0.092,80.5,0.44,0.51,True,physics_chained_synthetic
BGW-042,2,23.46,production,46.829,46012.09,4.06,121.5,57.4,0.092,80.5,0.51,0.0,True,physics_chained_synthetic
BGW-042,2,25.67,production,46.71,46540.18,4.06,121.5,57.4,0.092,80.7,0.0,0.11,True,physics_chained_synthetic
BGW-042,2,27.13,production,46.685,46652.71,4.06,121.5,57.4,0.092,81.6,0.11,0.6,True,physics_chained_synthetic
BGW-042,2,27.41,production,46.682,46664.72,4.06,121.5,57.4,0.092,81.7,0.6,0.36,True,physics_chained_synthetic
BGW-042,2,31.38,production,46.671,46714.89,4.06,121.5,57.4,0.092,81.7,0.36,0.0,True,physics_chained_synthetic
BGW-042,2,34.65,production,46.67,46716.56,4.06,121.5,57.4,0.092,81.7,0.0,0.0,True,physics_chained_synthetic
BGW-042,2,35.13,production,46.67,46716.59,4.06,121.5,57.4,0.092,81.7,0.0,0.0,True,physics_chained_synthetic
BGW-042,2,37.95,production,46.67,46716.62,4.06,121.5,57.4,0.092,82.6,0.0,0.3,True,physics_chained_synthetic
BGW-043,2,2.53,production,123.115,126.54,4.32,78.5,51.0,0.019,160.8,63.5,63.5,True,physics_chained_synthetic
BGW-043,2,4.51,production,113.181,239.01,4.32,78.5,51.0,0.019,229.0,63.5,34.44,True,physics_chained_synthetic
BGW-043,2,7.46,production,96.444,753.87,4.32,78.5,51.0,0.019,257.1,34.44,9.53,True,physics_chained_synthetic
BGW-043,2,7.57,production,95.858,786.31,4.32,78.5,51.0,0.019,258.2,9.53,10.56,True,physics_chained_synthetic
BGW-043,2,10.87,production,76.984,3290.97,4.32,78.5,51.0,0.019,266.1,10.56,2.38,True,physics_chained_synthetic
BGW-043,2,11.77,production,72.612,4688.47,4.32,78.5,51.0,0.019,267.2,2.38,1.21,True,physics_chained_synthetic
BGW-043,2,12.77,production,68.136,6799.48,4.32,78.5,51.0,0.019,268.5,1.21,1.29,True,physics_chained_synthetic
BGW-043,2,16.09,production,56.298,19079.87,4.32,78.5,51.0,0.019,271.9,1.29,1.04,True,physics_chained_synthetic
BGW-043,2,16.79,production,54.647,22163.91,4.32,78.5,51.0,0.019,271.9,1.04,0.0,True,physics_chained_synthetic
BGW-043,2,19.61,production,50.181,33493.15,4.32,78.5,51.0,0.019,272.5,0.0,0.19,True,physics_chained_synthetic
BGW-043,2,21.95,production,48.551,39054.14,4.32,78.5,51.0,0.019,272.5,0.19,0.0,True,physics_chained_synthetic
BGW-043,2,23.99,production,47.96,41306.17,4.32,78.5,51.0,0.019,273.1,0.0,0.32,True,physics_chained_synthetic
BGW-043,2,31.34,production,47.645,42562.09,4.32,78.5,51.0,0.019,273.1,0.32,0.0,True,physics_chained_synthetic
BGW-043,2,32.76,production,47.644,42565.79,4.32,78.5,51.0,0.019,273.1,0.0,0.0,True,physics_chained_synthetic
BGW-043,2,33.82,production,47.644,42566.68,4.32,78.5,51.0,0.019,273.2,0.0,0.03,True,physics_chained_synthetic
BGW-043,2,34.45,production,47.644,42566.91,4.32,78.5,51.0,0.019,273.6,0.03,0.71,True,physics_chained_synthetic
BGW-043,2,34.59,production,47.644,42566.95,4.32,78.5,51.0,0.019,273.6,0.71,0.0,True,physics_chained_synthetic
BGW-043,2,35.33,production,47.644,42567.07,4.32,78.5,51.0,0.019,273.6,0.0,0.0,True,physics_chained_synthetic
BGW-043,2,35.55,production,47.644,42567.09,4.32,78.5,51.0,0.019,273.7,0.0,0.58,True,physics_chained_synthetic
BGW-043,2,38.55,production,47.644,42567.17,4.32,78.5,51.0,0.019,273.9,0.58,0.04,True,physics_chained_synthetic
BGW-043,1,1.83,production,137.604,52.89,5.67,106.3,42.3,0.272,229.7,125.51,125.51,True,physics_chained_synthetic
BGW-043,1,2.3,production,135.03,61.48,5.67,106.3,42.3,0.272,273.5,125.51,92.41,True,physics_chained_synthetic
BGW-043,1,4.17,production,123.763,121.53,5.67,106.3,42.3,0.272,359.3,92.41,45.87,True,physics_chained_synthetic
BGW-043,1,4.92,production,119.195,162.01,5.67,106.3,42.3,0.272,386.1,45.87,36.1,True,physics_chained_synthetic
BGW-043,1,5.2,production,117.456,181.07,5.67,106.3,42.3,0.272,394.1,36.1,28.55,True,physics_chained_synthetic
BGW-043,1,9.0,production,90.65,1149.99,5.67,106.3,42.3,0.272,408.8,28.55,3.86,True,physics_chained_synthetic
BGW-043,1,12.89,production,67.362,7258.03,5.67,106.3,42.3,0.272,410.6,3.86,0.45,True,physics_chained_synthetic
BGW-043,1,18.24,production,50.595,32222.66,5.67,106.3,42.3,0.272,411.0,0.45,0.07,True,physics_chained_synthetic
BGW-043,1,21.23,production,47.863,41688.21,5.67,106.3,42.3,0.272,412.8,0.07,0.6,True,physics_chained_synthetic
BGW-043,1,21.97,production,47.551,42947.84,5.67,106.3,42.3,0.272,413.0,0.6,0.28,True,physics_chained_synthetic
BGW-043,1,24.02,production,47.062,44999.0,5.67,106.3,42.3,0.272,413.0,0.28,0.0,True,physics_chained_synthetic
BGW-043,1,26.13,production,46.883,45772.67,5.67,106.3,42.3,0.272,413.0,0.0,0.0,True,physics_chained_synthetic
BGW-043,1,27.11,production,46.852,45912.66,5.67,106.3,42.3,0.272,413.2,0.0,0.22,True,physics_chained_synthetic
BGW-043,1,29.66,production,46.822,46042.23,5.67,106.3,42.3,0.272,413.2,0.22,0.0,True,physics_chained_synthetic
BGW-043,1,29.69,production,46.822,46042.75,5.67,106.3,42.3,0.272,413.2,0.0,0.0,True,physics_chained_synthetic
BGW-043,1,30.08,production,46.821,46048.53,5.67,106.3,42.3,0.272,413.2,0.0,0.0,True,physics_chained_synthetic
BGW-043,1,30.8,production,46.819,46055.51,5.67,106.3,42.3,0.272,413.2,0.0,0.0,True,physics_chained_synthetic
BGW-043,1,32.56,production,46.818,46062.16,5.67,106.3,42.3,0.272,413.6,0.0,0.26,True,physics_chained_synthetic
BGW-043,1,37.83,production,46.817,46063.82,5.67,106.3,42.3,0.272,415.1,0.26,0.27,True,physics_chained_synthetic
BGW-043,1,38.74,production,46.817,46063.83,5.67,106.3,42.3,0.272,415.1,0.27,0.0,True,physics_chained_synthetic
BGW-044,4,1.54,production,135.889,58.45,6.42,131.1,40.2,0.285,147.5,96.06,96.06,True,physics_chained_synthetic
BGW-044,4,3.79,production,124.233,118.04,6.42,131.1,40.2,0.285,244.8,96.06,43.25,True,physics_chained_synthetic
BGW-044,4,5.01,production,117.374,182.02,6.42,131.1,40.2,0.285,280.0,43.25,28.7,True,physics_chained_synthetic
BGW-044,4,6.67,production,107.196,356.27,6.42,131.1,40.2,0.285,304.4,28.7,14.68,True,physics_chained_synthetic
BGW-044,4,7.61,production,101.397,530.92,6.42,131.1,40.2,0.285,313.0,14.68,9.26,True,physics_chained_synthetic
BGW-044,4,8.49,production,95.858,786.29,6.42,131.1,40.2,0.285,318.4,9.26,6.16,True,physics_chained_synthetic
BGW-044,4,10.89,production,80.585,2475.03,6.42,131.1,40.2,0.285,320.5,6.16,0.86,True,physics_chained_synthetic
BGW-044,4,13.2,production,68.061,6842.0,6.42,131.1,40.2,0.285,321.4,0.86,0.36,True,physics_chained_synthetic
BGW-044,4,15.08,production,60.253,13407.05,6.42,131.1,40.2,0.285,321.4,0.36,0.04,True,physics_chained_synthetic
BGW-044,4,17.96,production,52.465,27079.05,6.42,131.1,40.2,0.285,321.7,0.04,0.09,True,physics_chained_synthetic
BGW-044,4,18.52,production,51.526,29542.96,6.42,131.1,40.2,0.285,321.7,0.09,0.0,True,physics_chained_synthetic
BGW-044,4,20.15,production,49.514,35660.82,6.42,131.1,40.2,0.285,322.1,0.0,0.25,True,physics_chained_synthetic
BGW-044,4,24.6,production,47.524,43055.12,6.42,131.1,40.2,0.285,322.1,0.25,0.0,True,physics_chained_synthetic
BGW-044,4,27.82,production,47.336,43834.44,6.42,131.1,40.2,0.285,322.1,0.0,0.0,True,physics_chained_synthetic
BGW-044,4,29.62,production,47.318,43911.93,6.42,131.1,40.2,0.285,322.4,0.0,0.19,True,physics_chained_synthetic
BGW-044,4,33.42,production,47.312,43937.1,6.42,131.1,40.2,0.285,323.4,0.19,0.26,True,physics_chained_synthetic
BGW-044,4,33.79,production,47.312,43937.34,6.42,131.1,40.2,0.285,323.4,0.26,0.01,True,physics_chained_synthetic
BGW-044,4,37.07,production,47.312,43937.87,6.42,131.1,40.2,0.285,323.4,0.01,0.0,True,physics_chained_synthetic
BGW-044,4,38.28,production,47.312,43937.88,6.42,131.1,40.2,0.285,323.7,0.0,0.2,True,physics_chained_synthetic
BGW-044,4,38.97,production,47.312,43937.88,6.42,131.1,40.2,0.285,323.7,0.2,0.0,True,physics_chained_synthetic
BGW-044,4,2.4,production,112.126,256.21,3.47,82.2,43.6,0.193,71.0,29.51,29.51,True,physics_chained_synthetic
BGW-044,4,4.22,production,102.541,490.25,3.47,82.2,43.6,0.193,98.1,29.51,14.95,True,physics_chained_synthetic
BGW-044,4,8.16,production,79.952,2600.99,3.47,82.2,43.6,0.193,109.0,14.95,2.78,True,physics_chained_synthetic
BGW-044,4,10.57,production,68.336,6685.73,3.47,82.2,43.6,0.193,110.7,2.78,0.69,True,physics_chained_synthetic
BGW-044,4,11.83,production,63.354,10225.55,3.47,82.2,43.6,0.193,111.3,0.69,0.47,True,physics_chained_synthetic
BGW-044,4,12.34,production,61.582,11930.09,3.47,82.2,43.6,0.193,111.6,0.47,0.58,True,physics_chained_synthetic
BGW-044,4,14.01,production,56.497,18739.56,3.47,82.2,43.6,0.193,111.6,0.58,0.0,True,physics_chained_synthetic
BGW-044,4,15.94,production,52.337,27401.42,3.47,82.2,43.6,0.193,111.6,0.0,0.0,True,physics_chained_synthetic
BGW-044,4,16.8,production,51.017,30976.03,3.47,82.2,43.6,0.193,111.8,0.0,0.2,True,physics_chained_synthetic
BGW-044,4,16.97,production,50.804,31597.05,3.47,82.2,43.6,0.193,111.8,0.2,0.11,True,physics_chained_synthetic
BGW-044,4,19.82,production,48.288,40041.27,3.47,82.2,43.6,0.193,111.8,0.11,0.0,True,physics_chained_synthetic
BGW-044,4,21.64,production,47.64,42584.7,3.47,82.2,43.6,0.193,112.0,0.0,0.1,True,physics_chained_synthetic
BGW-044,4,23.39,production,47.357,43749.94,3.47,82.2,43.6,0.193,112.3,0.1,0.21,True,physics_chained_synthetic
BGW-044,4,26.76,production,47.201,44402.65,3.47,82.2,43.6,0.193,112.3,0.21,0.0,True,physics_chained_synthetic
BGW-044,4,28.54,production,47.188,44460.2,3.47,82.2,43.6,0.193,112.8,0.0,0.25,True,physics_chained_synthetic
BGW-044,4,29.21,production,47.186,44468.5,3.47,82.2,43.6,0.193,112.8,0.25,0.0,True,physics_chained_synthetic
BGW-044,4,30.97,production,47.184,44477.56,3.47,82.2,43.6,0.193,114.1,0.0,0.75,True,physics_chained_synthetic
BGW-044,4,32.66,production,47.183,44479.52,3.47,82.2,43.6,0.193,114.4,0.75,0.17,True,physics_chained_synthetic
BGW-044,4,32.96,production,47.183,44479.64,3.47,82.2,43.6,0.193,114.4,0.17,0.06,True,physics_chained_synthetic
BGW-044,4,39.81,production,47.183,44480.0,3.47,82.2,43.6,0.193,116.2,0.06,0.26,True,physics_chained_synthetic
BGW-044,2,0.05,production,146.689,31.56,6.57,141.9,46.5,0.176,12.7,233.22,233.22,True,physics_chained_synthetic
BGW-044,2,0.34,production,145.564,33.6,6.57,141.9,46.5,0.176,78.0,233.22,231.11,True,physics_chained_synthetic
BGW-044,2,1.62,production,139.824,46.52,6.57,141.9,46.5,0.176,248.6,231.11,133.37,True,physics_chained_synthetic
BGW-044,2,3.56,production,129.404,85.99,6.57,141.9,46.5,0.176,423.9,133.37,90.06,True,physics_chained_synthetic
BGW-044,2,3.97,production,127.147,98.64,6.57,141.9,46.5,0.176,453.1,90.06,71.18,True,physics_chained_synthetic
BGW-044,2,7.21,production,104.982,414.26,6.57,141.9,46.5,0.176,508.9,71.18,17.24,True,physics_chained_synthetic
BGW-044,2,10.7,production,80.604,2471.27,6.57,141.9,46.5,0.176,516.2,17.24,2.1,True,physics_chained_synthetic
BGW-044,2,10.96,production,79.111,2779.11,6.57,141.9,46.5,0.176,516.9,2.1,2.39,True,physics_chained_synthetic
BGW-044,2,12.64,production,69.745,5941.97,6.57,141.9,46.5,0.176,518.3,2.39,0.88,True,physics_chained_synthetic
BGW-044,2,13.82,production,64.221,9487.64,6.57,141.9,46.5,0.176,518.9,0.88,0.5,True,physics_chained_synthetic
BGW-044,2,23.1,production,47.319,43908.78,6.57,141.9,46.5,0.176,519.1,0.5,0.02,True,physics_chained_synthetic
BGW-044,2,24.18,production,47.194,44432.85,6.57,141.9,46.5,0.176,519.1,0.02,0.0,True,physics_chained_synthetic
BGW-044,2,26.51,production,47.082,44912.8,6.57,141.9,46.5,0.176,519.9,0.0,0.34,True,physics_chained_synthetic
BGW-044,2,27.88,production,47.062,44996.54,6.57,141.9,46.5,0.176,520.3,0.34,0.26,True,physics_chained_synthetic
BGW-044,2,28.25,production,47.059,45008.64,6.57,141.9,46.5,0.176,520.4,0.26,0.31,True,physics_chained_synthetic
BGW-044,2,34.61,production,47.051,45045.15,6.57,141.9,46.5,0.176,521.1,0.31,0.1,True,physics_chained_synthetic
BGW-044,2,35.26,production,47.051,45045.19,6.57,141.9,46.5,0.176,521.1,0.1,0.1,True,physics_chained_synthetic
BGW-044,2,36.31,production,47.051,45045.21,6.57,141.9,46.5,0.176,521.1,0.1,0.0,True,physics_chained_synthetic
BGW-044,2,38.32,production,47.051,45045.22,6.57,141.9,46.5,0.176,522.2,0.0,0.52,True,physics_chained_synthetic
BGW-044,2,39.9,production,47.051,45045.22,6.57,141.9,46.5,0.176,522.2,0.52,0.0,True,physics_chained_synthetic
BGW-044,1,1.82,production,110.361,288.01,4.34,121.6,51.2,0.194,43.8,24.05,24.05,True,physics_chained_synthetic
BGW-044,1,1.94,production,109.845,298.11,4.34,121.6,51.2,0.194,47.0,24.05,26.85,True,physics_chained_synthetic
BGW-044,1,2.64,production,106.714,368.11,4.34,121.6,51.2,0.194,60.4,26.85,19.18,True,physics_chained_synthetic
BGW-044,1,5.72,production,90.495,1163.29,4.34,121.6,51.2,0.194,77.0,19.18,5.38,True,physics_chained_synthetic
BGW-044,1,5.92,production,89.518,1250.92,4.34,121.6,51.2,0.194,78.0,5.38,5.19,True,physics_chained_synthetic
BGW-044,1,12.12,production,59.413,14440.07,4.34,121.6,51.2,0.194,81.8,5.19,0.61,True,physics_chained_synthetic
BGW-044,1,15.17,production,52.256,27608.01,4.34,121.6,51.2,0.194,83.2,0.61,0.46,True,physics_chained_synthetic
BGW-044,1,15.46,production,51.811,28769.62,4.34,121.6,51.2,0.194,83.4,0.46,0.84,True,physics_chained_synthetic
BGW-044,1,16.18,production,50.829,31524.93,4.34,121.6,51.2,0.194,83.8,0.84,0.51,True,physics_chained_synthetic
BGW-044,1,17.43,production,49.52,35639.41,4.34,121.6,51.2,0.194,84.1,0.51,0.25,True,physics_chained_synthetic
BGW-044,1,18.52,production,48.716,38448.57,4.34,121.6,51.2,0.194,84.1,0.25,0.0,True,physics_chained_synthetic
BGW-044,1,21.73,production,47.578,42835.58,4.34,121.6,51.2,0.194,84.1,0.0,0.0,True,physics_chained_synthetic
BGW-044,1,28.38,production,47.288,44038.5,4.34,121.6,51.2,0.194,86.4,0.0,0.35,True,physics_chained_synthetic
BGW-044,1,30.43,production,47.286,44046.93,4.34,121.6,51.2,0.194,86.4,0.35,0.0,True,physics_chained_synthetic
BGW-044,1,33.45,production,47.285,44048.51,4.34,121.6,51.2,0.194,86.5,0.0,0.04,True,physics_chained_synthetic
BGW-044,1,35.03,production,47.285,44048.57,4.34,121.6,51.2,0.194,86.5,0.04,0.0,True,physics_chained_synthetic
BGW-044,1,36.8,production,47.285,44048.58,4.34,121.6,51.2,0.194,86.5,0.0,0.0,True,physics_chained_synthetic
BGW-044,1,36.88,production,47.285,44048.58,4.34,121.6,51.2,0.194,86.5,0.0,0.03,True,physics_chained_synthetic
BGW-044,1,38.29,production,47.285,44048.58,4.34,121.6,51.2,0.194,86.5,0.03,0.01,True,physics_chained_synthetic
BGW-044,1,39.76,production,47.285,44048.58,4.34,121.6,51.2,0.194,86.6,0.01,0.02,True,physics_chained_synthetic
BGW-045,4,0.21,production,165.104,11.84,4.53,112.9,46.0,0.221,63.4,304.75,304.75,True,physics_chained_synthetic
BGW-045,4,1.02,production,161.218,14.46,4.53,112.9,46.0,0.221,288.2,304.75,277.94,True,physics_chained_synthetic
BGW-045,4,1.49,production,158.882,16.33,4.53,112.9,46.0,0.221,430.0,277.94,298.56,True,physics_chained_synthetic
BGW-045,4,3.13,production,149.833,26.53,4.53,112.9,46.0,0.221,801.4,298.56,226.28,True,physics_chained_synthetic
BGW-045,4,3.53,production,147.591,30.02,4.53,112.9,46.0,0.221,887.4,226.28,218.91,True,physics_chained_synthetic
BGW-045,4,6.34,production,128.0,93.63,4.53,112.9,46.0,0.221,1047.9,218.91,57.02,True,physics_chained_synthetic
BGW-045,4,6.57,production,126.411,103.19,4.53,112.9,46.0,0.221,1061.1,57.02,58.38,True,physics_chained_synthetic
BGW-045,4,13.02,production,74.113,4147.84,4.53,112.9,46.0,0.221,1067.8,58.38,1.04,True,physics_chained_synthetic
BGW-045,4,13.33,production,72.363,4785.0,4.53,112.9,46.0,0.221,1068.0,1.04,0.61,True,physics_chained_synthetic
BGW-045,4,14.77,production,64.871,8972.86,4.53,112.9,46.0,0.221,1068.3,0.61,0.24,True,physics_chained_synthetic
BGW-045,4,18.18,production,52.696,26508.81,4.53,112.9,46.0,0.221,1069.9,0.24,0.46,True,physics_chained_synthetic
BGW-045,4,22.99,production,46.835,45986.13,4.53,112.9,46.0,0.221,1069.9,0.46,0.0,True,physics_chained_synthetic
BGW-045,4,23.8,production,46.564,47192.97,4.53,112.9,46.0,0.221,1070.3,0.0,0.57,True,physics_chained_synthetic
BGW-045,4,23.93,production,46.527,47361.69,4.53,112.9,46.0,0.221,1070.3,0.57,0.0,True,physics_chained_synthetic
BGW-045,4,28.45,production,46.063,49521.06,4.53,112.9,46.0,0.221,1070.3,0.0,0.0,True,physics_chained_synthetic
BGW-045,4,29.46,production,46.049,49585.66,4.53,112.9,46.0,0.221,1070.7,0.0,0.4,True,physics_chained_synthetic
BGW-045,4,31.72,production,46.039,49634.57,4.53,112.9,46.0,0.221,1071.6,0.4,0.37,True,physics_chained_synthetic
BGW-045,4,32.33,production,46.038,49638.27,4.53,112.9,46.0,0.221,1071.6,0.37,0.0,True,physics_chained_synthetic
BGW-045,4,37.35,production,46.037,49643.4,4.53,112.9,46.0,0.221,1071.8,0.0,0.05,True,physics_chained_synthetic
BGW-045,4,38.5,production,46.037,49643.42,4.53,112.9,46.0,0.221,1072.1,0.05,0.2,True,physics_chained_synthetic
BGW-045,5,0.0,production,118.253,172.05,4.13,84.5,45.4,0.253,0.2,47.92,47.92,True,physics_chained_synthetic
BGW-045,5,0.18,production,117.706,178.19,4.13,84.5,45.4,0.253,7.6,47.92,41.27,True,physics_chained_synthetic
BGW-045,5,0.82,production,115.604,204.05,4.13,84.5,45.4,0.253,29.8,41.27,34.71,True,physics_chained_synthetic
BGW-045,5,3.61,production,103.656,453.83,4.13,84.5,45.4,0.253,64.9,34.71,12.62,True,physics_chained_synthetic
BGW-045,5,3.68,production,103.342,463.8,4.13,84.5,45.4,0.253,66.0,12.62,14.19,True,physics_chained_synthetic
BGW-045,5,4.86,production,97.926,678.13,4.13,84.5,45.4,0.253,78.2,14.19,10.33,True,physics_chained_synthetic
BGW-045,5,7.56,production,83.828,1924.3,4.13,84.5,45.4,0.253,87.7,10.33,3.52,True,physics_chained_synthetic
BGW-045,5,8.4,production,79.699,2653.29,4.13,84.5,45.4,0.253,89.8,3.52,2.57,True,physics_chained_synthetic
BGW-045,5,9.9,production,72.486,4737.03,4.13,84.5,45.4,0.253,90.3,2.57,0.32,True,physics_chained_synthetic
BGW-045,5,11.02,production,67.561,7136.89,4.13,84.5,45.4,0.253,91.4,0.32,0.96,True,physics_chained_synthetic
BGW-045,5,14.93,production,54.073,23357.58,4.13,84.5,45.4,0.253,91.4,0.96,0.0,True,physics_chained_synthetic
BGW-045,5,16.68,production,50.832,31514.58,4.13,84.5,45.4,0.253,91.4,0.0,0.0,True,physics_chained_synthetic
BGW-045,5,19.94,production,47.746,42154.09,4.13,84.5,45.4,0.253,91.6,0.0,0.06,True,physics_chained_synthetic
BGW-045,5,28.86,production,46.689,46631.85,4.13,84.5,45.4,0.253,93.0,0.06,0.15,True,physics_chained_synthetic
BGW-045,5,30.0,production,46.688,46637.19,4.13,84.5,45.4,0.253,93.0,0.15,0.04,True,physics_chained_synthetic
BGW-045,5,34.89,production,46.687,46640.32,4.13,84.5,45.4,0.253,94.0,0.04,0.21,True,physics_chained_synthetic
BGW-045,5,35.56,production,46.687,46640.33,4.13,84.5,45.4,0.253,94.1,0.21,0.21,True,physics_chained_synthetic
BGW-045,5,36.1,production,46.687,46640.34,4.13,84.5,45.4,0.253,94.2,0.21,0.15,True,physics_chained_synthetic
BGW-045,5,36.76,production,46.687,46640.34,4.13,84.5,45.4,0.253,94.2,0.15,0.0,True,physics_chained_synthetic
BGW-045,5,39.15,production,46.687,46640.34,4.13,84.5,45.4,0.253,94.8,0.0,0.24,True,physics_chained_synthetic
BGW-046,1,0.65,production,119.694,156.95,4.26,140.4,51.3,0.073,34.9,53.82,53.82,True,physics_chained_synthetic
BGW-046,1,2.27,production,111.898,260.09,4.26,140.4,51.3,0.073,88.0,53.82,32.67,True,physics_chained_synthetic
BGW-046,1,2.43,production,111.154,273.22,4.26,140.4,51.3,0.073,92.8,32.67,30.09,True,physics_chained_synthetic
BGW-046,1,2.55,production,110.587,283.72,4.26,140.4,51.3,0.073,96.4,30.09,29.75,True,physics_chained_synthetic
BGW-046,1,9.65,production,67.963,6898.91,4.26,140.4,51.3,0.073,102.4,29.75,0.86,True,physics_chained_synthetic
BGW-046,1,16.66,production,48.729,38403.09,4.26,140.4,51.3,0.073,105.1,0.86,0.38,True,physics_chained_synthetic
BGW-046,1,17.1,production,48.356,39781.79,4.26,140.4,51.3,0.073,105.3,0.38,0.41,True,physics_chained_synthetic
BGW-046,1,18.54,production,47.436,43420.32,4.26,140.4,51.3,0.073,105.7,0.41,0.25,True,physics_chained_synthetic
BGW-046,1,18.68,production,47.371,43689.29,4.26,140.4,51.3,0.073,105.7,0.25,0.0,True,physics_chained_synthetic
BGW-046,1,20.69,production,46.712,46528.04,4.26,140.4,51.3,0.073,105.7,0.0,0.0,True,physics_chained_synthetic
BGW-046,1,22.06,production,46.501,47479.84,4.26,140.4,51.3,0.073,105.8,0.0,0.07,True,physics_chained_synthetic
BGW-046,1,23.2,production,46.407,47913.2,4.26,140.4,51.3,0.073,106.1,0.07,0.28,True,physics_chained_synthetic
BGW-046,1,25.4,production,46.33,48266.28,4.26,140.4,51.3,0.073,106.2,0.28,0.07,True,physics_chained_synthetic
BGW-046,1,30.69,production,46.307,48375.32,4.26,140.4,51.3,0.073,106.2,0.07,0.0,True,physics_chained_synthetic
BGW-046,1,30.72,production,46.307,48375.36,4.26,140.4,51.3,0.073,106.2,0.0,0.0,True,physics_chained_synthetic
BGW-046,1,31.52,production,46.306,48375.98,4.26,140.4,51.3,0.073,106.2,0.0,0.0,True,physics_chained_synthetic
BGW-046,1,32.25,production,46.306,48376.26,4.26,140.4,51.3,0.073,106.6,0.0,0.48,True,physics_chained_synthetic
BGW-046,1,32.59,production,46.306,48376.34,4.26,140.4,51.3,0.073,106.8,0.48,0.68,True,physics_chained_synthetic
BGW-046,1,35.5,production,46.306,48376.51,4.26,140.4,51.3,0.073,106.8,0.68,0.0,True,physics_chained_synthetic
BGW-046,1,35.93,production,46.306,48376.52,4.26,140.4,51.3,0.073,106.9,0.0,0.2,True,physics_chained_synthetic
BGW-046,4,1.97,production,152.853,22.51,6.83,134.2,57.8,0.223,554.0,281.68,281.68,True,physics_chained_synthetic
BGW-046,4,2.19,production,151.51,24.21,6.83,134.2,57.8,0.223,617.8,281.68,282.98,True,physics_chained_synthetic
BGW-046,4,4.71,production,134.562,63.19,6.83,134.2,57.8,0.223,869.8,282.98,100.14,True,physics_chained_synthetic
BGW-046,4,7.24,production,115.717,202.57,6.83,134.2,57.8,0.223,932.7,100.14,24.87,True,physics_chained_synthetic
BGW-046,4,7.43,production,114.314,221.92,6.83,134.2,57.8,0.223,937.7,24.87,26.23,True,physics_chained_synthetic
BGW-046,4,7.71,production,112.265,253.85,6.83,134.2,57.8,0.223,944.4,26.23,23.9,True,physics_chained_synthetic
BGW-046,4,11.09,production,86.388,1582.69,6.83,134.2,57.8,0.223,953.6,23.9,2.72,True,physics_chained_synthetic
BGW-046,4,14.55,production,65.381,8589.34,6.83,134.2,57.8,0.223,955.7,2.72,0.58,True,physics_chained_synthetic
BGW-046,4,17.21,production,55.256,20967.88,6.83,134.2,57.8,0.223,956.2,0.58,0.21,True,physics_chained_synthetic
BGW-046,4,20.37,production,49.101,37074.15,6.83,134.2,57.8,0.223,956.9,0.21,0.22,True,physics_chained_synthetic
BGW-046,4,22.23,production,47.552,42944.08,6.83,134.2,57.8,0.223,957.0,0.22,0.04,True,physics_chained_synthetic
BGW-046,4,22.99,production,47.175,44514.62,6.83,134.2,57.8,0.223,957.2,0.04,0.35,True,physics_chained_synthetic
BGW-046,4,23.79,production,46.894,45726.63,6.83,134.2,57.8,0.223,957.3,0.35,0.04,True,physics_chained_synthetic
BGW-046,4,29.38,production,46.346,48193.79,6.83,134.2,57.8,0.223,958.1,0.04,0.14,True,physics_chained_synthetic
BGW-046,4,30.1,production,46.34,48219.77,6.83,134.2,57.8,0.223,958.1,0.14,0.0,True,physics_chained_synthetic
BGW-046,4,30.3,production,46.339,48224.81,6.83,134.2,57.8,0.223,958.1,0.0,0.0,True,physics_chained_synthetic
BGW-046,4,32.02,production,46.334,48247.61,6.83,134.2,57.8,0.223,958.1,0.0,0.0,True,physics_chained_synthetic
BGW-046,4,33.43,production,46.333,48252.63,6.83,134.2,57.8,0.223,958.1,0.0,0.0,True,physics_chained_synthetic
BGW-046,4,35.44,production,46.333,48254.28,6.83,134.2,57.8,0.223,958.2,0.0,0.06,True,physics_chained_synthetic
BGW-046,4,39.95,production,46.333,48254.53,6.83,134.2,57.8,0.223,958.2,0.06,0.0,True,physics_chained_synthetic
BGW-046,1,1.49,production,112.008,258.21,3.2,94.6,48.0,0.177,39.0,26.23,26.23,True,physics_chained_synthetic
BGW-046,1,5.65,production,89.052,1295.16,3.2,94.6,48.0,0.177,59.2,26.23,4.86,True,physics_chained_synthetic
BGW-046,1,7.39,production,80.178,2555.19,3.2,94.6,48.0,0.177,62.1,4.86,1.66,True,physics_chained_synthetic
BGW-046,1,8.06,production,76.997,3287.52,3.2,94.6,48.0,0.177,63.3,1.66,1.75,True,physics_chained_synthetic
BGW-046,1,9.96,production,68.323,6692.87,3.2,94.6,48.0,0.177,65.2,1.75,1.01,True,physics_chained_synthetic
BGW-046,1,10.88,production,64.754,9063.14,3.2,94.6,48.0,0.177,65.2,1.01,0.0,True,physics_chained_synthetic
BGW-046,1,12.81,production,58.252,16010.51,3.2,94.6,48.0,0.177,65.5,0.0,0.15,True,physics_chained_synthetic
BGW-046,1,15.69,production,51.841,28691.42,3.2,94.6,48.0,0.177,67.1,0.15,0.55,True,physics_chained_synthetic
BGW-046,1,15.78,production,51.721,29011.16,3.2,94.6,48.0,0.177,67.2,0.55,0.52,True,physics_chained_synthetic
BGW-046,1,22.55,production,47.578,42836.53,3.2,94.6,48.0,0.177,67.2,0.52,0.0,True,physics_chained_synthetic
BGW-046,1,22.57,production,47.576,42843.24,3.2,94.6,48.0,0.177,67.2,0.0,0.11,True,physics_chained_synthetic
BGW-046,1,25.58,production,47.451,43358.92,3.2,94.6,48.0,0.177,67.2,0.11,0.0,True,physics_chained_synthetic
BGW-046,1,26.7,production,47.439,43405.16,3.2,94.6,48.0,0.177,67.7,0.0,0.46,True,physics_chained_synthetic
BGW-046,1,27.87,production,47.434,43426.97,3.2,94.6,48.0,0.177,68.1,0.46,0.39,True,physics_chained_synthetic
BGW-046,1,30.92,production,47.431,43440.74,3.2,94.6,48.0,0.177,68.1,0.39,0.0,True,physics_chained_synthetic
BGW-046,1,33.79,production,47.431,43441.63,3.2,94.6,48.0,0.177,69.8,0.0,0.57,True,physics_chained_synthetic
BGW-046,1,36.66,production,47.431,43441.67,3.2,94.6,48.0,0.177,69.9,0.57,0.04,True,physics_chained_synthetic
BGW-046,1,36.84,production,47.431,43441.67,3.2,94.6,48.0,0.177,69.9,0.04,0.0,True,physics_chained_synthetic
BGW-046,1,37.9,production,47.431,43441.67,3.2,94.6,48.0,0.177,70.1,0.0,0.2,True,physics_chained_synthetic
BGW-046,1,39.51,production,47.431,43441.67,3.2,94.6,48.0,0.177,70.7,0.2,0.38,True,physics_chained_synthetic
BGW-046,1,0.19,production,111.163,273.06,6.1,116.3,40.5,0.078,5.5,29.57,29.57,True,physics_chained_synthetic
BGW-046,1,1.36,production,106.609,370.72,6.1,116.3,40.5,0.078,33.6,29.57,23.87,True,physics_chained_synthetic
BGW-046,1,1.69,production,105.34,404.24,6.1,116.3,40.5,0.078,40.2,23.87,19.99,True,physics_chained_synthetic
BGW-046,1,2.12,production,103.666,453.53,6.1,116.3,40.5,0.078,48.1,19.99,18.25,True,physics_chained_synthetic
BGW-046,1,5.05,production,90.566,1157.14,6.1,116.3,40.5,0.078,68.6,18.25,7.02,True,physics_chained_synthetic
BGW-046,1,7.76,production,78.092,3012.78,6.1,116.3,40.5,0.078,77.9,7.02,3.43,True,physics_chained_synthetic
BGW-046,1,8.51,production,74.934,3880.68,6.1,116.3,40.5,0.078,79.3,3.43,1.88,True,physics_chained_synthetic
BGW-046,1,11.14,production,64.402,9341.2,6.1,116.3,40.5,0.078,81.8,1.88,0.94,True,physics_chained_synthetic
BGW-046,1,12.97,production,58.577,15552.74,6.1,116.3,40.5,0.078,82.8,0.94,0.55,True,physics_chained_synthetic
BGW-046,1,14.73,production,54.33,22814.64,6.1,116.3,40.5,0.078,83.6,0.55,0.44,True,physics_chained_synthetic
BGW-046,1,14.9,production,53.987,23541.73,6.1,116.3,40.5,0.078,83.6,0.44,0.16,True,physics_chained_synthetic
BGW-046,1,15.65,production,52.623,26688.35,6.1,116.3,40.5,0.078,83.7,0.16,0.12,True,physics_chained_synthetic
BGW-046,1,18.31,production,49.295,36402.1,6.1,116.3,40.5,0.078,83.7,0.12,0.0,True,physics_chained_synthetic
BGW-046,1,21.63,production,47.649,42547.33,6.1,116.3,40.5,0.078,83.7,0.0,0.0,True,physics_chained_synthetic
BGW-046,1,22.52,production,47.479,43241.7,6.1,116.3,40.5,0.078,83.8,0.0,0.17,True,physics_chained_synthetic
BGW-046,1,26.87,production,47.204,44393.54,6.1,116.3,40.5,0.078,84.6,0.17,0.17,True,physics_chained_synthetic
BGW-046,1,29.25,production,47.189,44457.04,6.1,116.3,40.5,0.078,84.6,0.17,0.0,True,physics_chained_synthetic
BGW-046,1,29.5,production,47.188,44459.18,6.1,116.3,40.5,0.078,84.7,0.0,0.53,True,physics_chained_synthetic
BGW-046,1,37.06,production,47.186,44468.97,6.1,116.3,40.5,0.078,84.7,0.53,0.0,True,physics_chained_synthetic
BGW-046,1,37.43,production,47.186,44468.97,6.1,116.3,40.5,0.078,84.7,0.0,0.0,True,physics_chained_synthetic
BGW-047,3,3.37,production,125.446,109.5,6.45,113.2,48.4,0.12,227.9,67.65,67.65,True,physics_chained_synthetic
BGW-047,3,5.43,production,112.32,252.94,6.45,113.2,48.4,0.12,283.0,67.65,26.69,True,physics_chained_synthetic
BGW-047,3,5.72,production,110.512,285.14,6.45,113.2,48.4,0.12,289.6,26.69,22.84,True,physics_chained_synthetic
BGW-047,3,5.83,production,109.831,298.37,6.45,113.2,48.4,0.12,292.4,22.84,25.43,True,physics_chained_synthetic
BGW-047,3,9.31,production,86.108,1616.59,6.45,113.2,48.4,0.12,303.7,25.43,3.26,True,physics_chained_synthetic
BGW-047,3,13.25,production,64.305,9419.41,6.45,113.2,48.4,0.12,305.0,3.26,0.32,True,physics_chained_synthetic
BGW-047,3,16.31,production,54.347,22778.06,6.45,113.2,48.4,0.12,306.1,0.32,0.38,True,physics_chained_synthetic
BGW-047,3,17.34,production,52.314,27461.01,6.45,113.2,48.4,0.12,306.6,0.38,0.43,True,physics_chained_synthetic
BGW-047,3,18.53,production,50.553,32347.67,6.45,113.2,48.4,0.12,306.6,0.43,0.0,True,physics_chained_synthetic
BGW-047,3,18.77,production,50.268,33224.08,6.45,113.2,48.4,0.12,306.6,0.0,0.15,True,physics_chained_synthetic
BGW-047,3,19.91,production,49.176,36812.94,6.45,113.2,48.4,0.12,306.6,0.15,0.0,True,physics_chained_synthetic
BGW-047,3,20.99,production,48.477,39330.23,6.45,113.2,48.4,0.12,306.9,0.0,0.24,True,physics_chained_synthetic
BGW-047,3,29.18,production,47.347,43789.73,6.45,113.2,48.4,0.12,306.9,0.24,0.0,True,physics_chained_synthetic
BGW-047,3,30.78,production,47.344,43802.75,6.45,113.2,48.4,0.12,307.4,0.0,0.33,True,physics_chained_synthetic
BGW-047,3,31.24,production,47.344,43804.27,6.45,113.2,48.4,0.12,307.4,0.33,0.0,True,physics_chained_synthetic
BGW-047,3,31.26,production,47.343,43804.32,6.45,113.2,48.4,0.12,307.4,0.0,0.41,True,physics_chained_synthetic
BGW-047,3,34.21,production,47.343,43807.08,6.45,113.2,48.4,0.12,308.5,0.41,0.38,True,physics_chained_synthetic
BGW-047,3,37.86,production,47.343,43807.23,6.45,113.2,48.4,0.12,309.0,0.38,0.14,True,physics_chained_synthetic
BGW-047,3,38.23,production,47.343,43807.23,6.45,113.2,48.4,0.12,309.0,0.14,0.0,True,physics_chained_synthetic
BGW-047,3,38.31,production,47.343,43807.23,6.45,113.2,48.4,0.12,309.0,0.0,0.0,True,physics_chained_synthetic
BGW-047,4,0.45,production,106.563,371.9,5.97,112.8,45.0,0.069,9.2,20.44,20.44,True,physics_chained_synthetic
BGW-047,4,1.1,production,104.821,418.88,5.97,112.8,45.0,0.069,22.0,20.44,19.71,True,physics_chained_synthetic
BGW-047,4,3.73,production,96.128,771.16,5.97,112.8,45.0,0.069,49.5,19.71,10.47,True,physics_chained_synthetic
BGW-047,4,4.66,production,92.862,977.23,5.97,112.8,45.0,0.069,57.4,10.47,8.48,True,physics_chained_synthetic
BGW-047,4,5.18,production,91.0,1120.62,5.97,112.8,45.0,0.069,61.3,8.48,7.55,True,physics_chained_synthetic
BGW-047,4,6.01,production,87.83,1419.36,5.97,112.8,45.0,0.069,65.5,7.55,4.92,True,physics_chained_synthetic
BGW-047,4,8.99,production,75.297,3768.37,5.97,112.8,45.0,0.069,70.8,4.92,1.81,True,physics_chained_synthetic
BGW-047,4,10.91,production,67.819,6982.89,5.97,112.8,45.0,0.069,72.3,1.81,0.76,True,physics_chained_synthetic
BGW-047,4,14.31,production,56.954,17984.41,5.97,112.8,45.0,0.069,73.7,0.76,0.41,True,physics_chained_synthetic
BGW-047,4,16.1,production,53.281,25117.23,5.97,112.8,45.0,0.069,73.8,0.41,0.06,True,physics_chained_synthetic
BGW-047,4,16.3,production,52.949,25897.12,5.97,112.8,45.0,0.069,73.8,0.06,0.22,True,physics_chained_synthetic
BGW-047,4,19.7,production,49.214,36681.7,5.97,112.8,45.0,0.069,73.8,0.22,0.0,True,physics_chained_synthetic
BGW-047,4,19.8,production,49.159,36873.34,5.97,112.8,45.0,0.069,73.9,0.0,0.31,True,physics_chained_synthetic
BGW-047,4,22.85,production,48.096,40777.3,5.97,112.8,45.0,0.069,76.3,0.31,0.8,True,physics_chained_synthetic
BGW-047,4,23.77,production,47.973,41256.12,5.97,112.8,45.0,0.069,76.3,0.8,0.0,True,physics_chained_synthetic
BGW-047,4,29.59,production,47.788,41986.23,5.97,112.8,45.0,0.069,76.3,0.0,0.0,True,physics_chained_synthetic
BGW-047,4,32.22,production,47.786,41996.01,5.97,112.8,45.0,0.069,76.3,0.0,0.0,True,physics_chained_synthetic
BGW-047,4,32.85,production,47.786,41996.48,5.97,112.8,45.0,0.069,76.4,0.0,0.13,True,physics_chained_synthetic
BGW-047,4,34.92,production,47.786,41996.96,5.97,112.8,45.0,0.069,76.4,0.13,0.0,True,physics_chained_synthetic
BGW-047,4,36.43,production,47.786,41997.02,5.97,112.8,45.0,0.069,76.4,0.0,0.0,True,physics_chained_synthetic
BGW-048,1,1.09,production,122.494,131.55,4.28,132.7,57.4,0.181,61.5,56.6,56.6,True,physics_chained_synthetic
BGW-048,1,2.82,production,114.967,212.68,4.28,132.7,57.4,0.181,127.3,56.6,38.03,True,physics_chained_synthetic
BGW-048,1,4.31,production,107.916,339.32,4.28,132.7,57.4,0.181,157.7,38.03,20.31,True,physics_chained_synthetic
BGW-048,1,4.89,production,105.144,409.69,4.28,132.7,57.4,0.181,168.0,20.31,17.78,True,physics_chained_synthetic
BGW-048,1,6.41,production,97.29,709.59,4.28,132.7,57.4,0.181,182.0,17.78,9.25,True,physics_chained_synthetic
BGW-048,1,9.05,production,82.958,2057.73,4.28,132.7,57.4,0.181,190.2,9.25,3.09,True,physics_chained_synthetic
BGW-048,1,10.61,production,75.106,3826.95,4.28,132.7,57.4,0.181,192.7,3.09,1.62,True,physics_chained_synthetic
BGW-048,1,13.85,production,61.257,12274.47,4.28,132.7,57.4,0.181,194.6,1.62,0.59,True,physics_chained_synthetic
BGW-048,1,16.76,production,53.573,24452.35,4.28,132.7,57.4,0.181,194.7,0.59,0.01,True,physics_chained_synthetic
BGW-048,1,17.36,production,52.55,26868.94,4.28,132.7,57.4,0.181,195.0,0.01,0.5,True,physics_chained_synthetic
BGW-048,1,18.34,production,51.182,30503.31,4.28,132.7,57.4,0.181,195.1,0.5,0.19,True,physics_chained_synthetic
BGW-048,1,20.83,production,49.037,37298.76,4.28,132.7,57.4,0.181,196.6,0.19,0.6,True,physics_chained_synthetic
BGW-048,1,23.52,production,48.163,40517.66,4.28,132.7,57.4,0.181,196.6,0.6,0.0,True,physics_chained_synthetic
BGW-048,1,27.61,production,47.886,41597.28,4.28,132.7,57.4,0.181,196.6,0.0,0.0,True,physics_chained_synthetic
BGW-048,1,27.73,production,47.885,41604.17,4.28,132.7,57.4,0.181,196.7,0.0,0.16,True,physics_chained_synthetic
BGW-048,1,28.87,production,47.874,41646.77,4.28,132.7,57.4,0.181,197.0,0.16,0.31,True,physics_chained_synthetic
BGW-048,1,34.5,production,47.866,41678.24,4.28,132.7,57.4,0.181,199.0,0.31,0.36,True,physics_chained_synthetic
BGW-048,1,34.83,production,47.866,41678.29,4.28,132.7,57.4,0.181,199.2,0.36,0.46,True,physics_chained_synthetic
BGW-048,1,36.54,production,47.866,41678.38,4.28,132.7,57.4,0.181,200.1,0.46,0.55,True,physics_chained_synthetic
BGW-048,1,36.73,production,47.866,41678.38,4.28,132.7,57.4,0.181,200.1,0.55,0.0,True,physics_chained_synthetic
BGW-048,2,3.66,production,102.886,478.65,3.42,119.4,40.9,0.133,57.7,15.77,15.77,True,physics_chained_synthetic
BGW-048,2,5.97,production,91.42,1086.44,3.42,119.4,40.9,0.133,73.6,15.77,6.89,True,physics_chained_synthetic
BGW-048,2,7.74,production,82.614,2113.26,3.42,119.4,40.9,0.133,80.0,6.89,3.56,True,physics_chained_synthetic
BGW-048,2,14.63,production,54.229,23024.88,3.42,119.4,40.9,0.133,83.8,3.56,0.56,True,physics_chained_synthetic
BGW-048,2,15.66,production,52.347,27377.24,3.42,119.4,40.9,0.133,84.1,0.56,0.22,True,physics_chained_synthetic
BGW-048,2,16.05,production,51.743,28952.23,3.42,119.4,40.9,0.133,84.2,0.22,0.22,True,physics_chained_synthetic
BGW-048,2,16.17,production,51.57,29421.22,3.42,119.4,40.9,0.133,84.2,0.22,0.66,True,physics_chained_synthetic
BGW-048,2,17.8,production,49.632,35267.91,3.42,119.4,40.9,0.133,84.2,0.66,0.0,True,physics_chained_synthetic
BGW-048,2,18.89,production,48.768,38260.17,3.42,119.4,40.9,0.133,84.5,0.0,0.25,True,physics_chained_synthetic
BGW-048,2,19.31,production,48.516,39185.55,3.42,119.4,40.9,0.133,84.7,0.25,0.57,True,physics_chained_synthetic
BGW-048,2,21.12,production,47.753,42127.46,3.42,119.4,40.9,0.133,85.0,0.57,0.13,True,physics_chained_synthetic
BGW-048,2,23.35,production,47.344,43802.3,3.42,119.4,40.9,0.133,85.0,0.13,0.0,True,physics_chained_synthetic
BGW-048,2,25.01,production,47.231,44275.76,3.42,119.4,40.9,0.133,85.8,0.0,0.48,True,physics_chained_synthetic
BGW-048,2,29.29,production,47.169,44540.41,3.42,119.4,40.9,0.133,87.4,0.48,0.38,True,physics_chained_synthetic
BGW-048,2,29.39,production,47.169,44541.31,3.42,119.4,40.9,0.133,87.4,0.38,0.3,True,physics_chained_synthetic
BGW-048,2,29.96,production,47.168,44545.14,3.42,119.4,40.9,0.133,87.5,0.3,0.12,True,physics_chained_synthetic
BGW-048,2,31.03,production,47.167,44548.98,3.42,119.4,40.9,0.133,87.5,0.12,0.0,True,physics_chained_synthetic
BGW-048,2,35.51,production,47.166,44551.4,3.42,119.4,40.9,0.133,88.8,0.0,0.28,True,physics_chained_synthetic
BGW-048,2,37.85,production,47.166,44551.42,3.42,119.4,40.9,0.133,88.8,0.28,0.0,True,physics_chained_synthetic
BGW-048,2,38.07,production,47.166,44551.42,3.42,119.4,40.9,0.133,88.8,0.0,0.0,True,physics_chained_synthetic
BGW-048,2,0.3,production,129.125,87.45,5.38,139.2,59.7,0.096,27.3,90.82,90.82,True,physics_chained_synthetic
BGW-048,2,3.19,production,113.557,233.18,5.38,139.2,59.7,0.096,120.7,90.82,32.31,True,physics_chained_synthetic
BGW-048,2,5.67,production,98.92,631.94,5.38,139.2,59.7,0.096,147.2,32.31,10.69,True,physics_chained_synthetic
BGW-048,2,7.68,production,87.006,1510.37,5.38,139.2,59.7,0.096,154.4,10.69,3.58,True,physics_chained_synthetic
BGW-048,2,11.14,production,67.941,6911.69,5.38,139.2,59.7,0.096,159.0,3.58,1.31,True,physics_chained_synthetic
BGW-048,2,11.38,production,66.919,7535.2,5.38,139.2,59.7,0.096,159.1,1.31,0.75,True,physics_chained_synthetic
BGW-048,2,11.85,production,64.971,8896.25,5.38,139.2,59.7,0.096,159.6,0.75,0.89,True,physics_chained_synthetic
BGW-048,2,15.07,production,54.125,23245.54,5.38,139.2,59.7,0.096,160.2,0.89,0.21,True,physics_chained_synthetic
BGW-048,2,15.84,production,52.499,26995.35,5.38,139.2,59.7,0.096,160.7,0.21,0.62,True,physics_chained_synthetic
BGW-048,2,16.94,production,50.632,32111.16,5.38,139.2,59.7,0.096,161.1,0.62,0.34,True,physics_chained_synthetic
BGW-048,2,17.08,production,50.436,32705.26,5.38,139.2,59.7,0.096,161.1,0.34,0.5,True,physics_chained_synthetic
BGW-048,2,20.76,production,47.299,43988.72,5.38,139.2,59.7,0.096,161.4,0.5,0.08,True,physics_chained_synthetic
BGW-048,2,22.57,production,46.825,46029.05,5.38,139.2,59.7,0.096,162.1,0.08,0.36,True,physics_chained_synthetic
BGW-048,2,22.94,production,46.769,46276.81,5.38,139.2,59.7,0.096,162.1,0.36,0.0,True,physics_chained_synthetic
BGW-048,2,26.59,production,46.546,47275.03,5.38,139.2,59.7,0.096,162.7,0.0,0.17,True,physics_chained_synthetic
BGW-048,2,26.69,production,46.545,47281.6,5.38,139.2,59.7,0.096,162.7,0.17,0.0,True,physics_chained_synthetic
BGW-048,2,27.79,production,46.533,47333.85,5.38,139.2,59.7,0.096,163.0,0.0,0.25,True,physics_chained_synthetic
BGW-048,2,30.19,production,46.526,47369.27,5.38,139.2,59.7,0.096,163.8,0.25,0.35,True,physics_chained_synthetic
BGW-048,2,33.3,production,46.524,47374.51,5.38,139.2,59.7,0.096,165.9,0.35,0.67,True,physics_chained_synthetic
BGW-048,2,38.81,production,46.524,47374.77,5.38,139.2,59.7,0.096,166.6,0.67,0.13,True,physics_chained_synthetic
BGW-048,1,0.13,production,160.058,15.36,6.17,78.8,43.2,0.259,34.8,258.86,258.86,True,physics_chained_synthetic
BGW-048,1,1.04,production,155.444,19.59,6.17,78.8,43.2,0.259,245.8,258.86,233.4,True,physics_chained_synthetic
BGW-048,1,4.42,production,134.554,63.22,6.17,78.8,43.2,0.259,592.5,233.4,102.46,True,physics_chained_synthetic
BGW-048,1,5.02,production,130.718,79.44,6.17,78.8,43.2,0.259,633.8,102.46,68.66,True,physics_chained_synthetic
BGW-048,1,5.85,production,125.199,111.18,6.17,78.8,43.2,0.259,681.1,68.66,57.09,True,physics_chained_synthetic
BGW-048,1,5.88,production,125.019,112.43,6.17,78.8,43.2,0.259,682.7,57.09,59.68,True,physics_chained_synthetic
BGW-048,1,9.67,production,96.108,772.3,6.17,78.8,43.2,0.259,706.1,59.68,6.18,True,physics_chained_synthetic
BGW-048,1,12.04,production,79.746,2643.61,6.17,78.8,43.2,0.259,710.5,6.18,1.85,True,physics_chained_synthetic
BGW-048,1,13.55,production,70.963,5370.56,6.17,78.8,43.2,0.259,711.7,1.85,0.78,True,physics_chained_synthetic
BGW-048,1,16.25,production,58.727,15346.24,6.17,78.8,43.2,0.259,713.7,0.78,0.76,True,physics_chained_synthetic
BGW-048,1,17.18,production,55.812,19936.3,6.17,78.8,43.2,0.259,714.0,0.76,0.3,True,physics_chained_synthetic
BGW-048,1,18.05,production,53.603,24385.31,6.17,78.8,43.2,0.259,714.0,0.3,0.0,True,physics_chained_synthetic
BGW-048,1,19.77,production,50.389,32849.25,6.17,78.8,43.2,0.259,714.3,0.0,0.21,True,physics_chained_synthetic
BGW-048,1,19.97,production,50.108,33723.94,6.17,78.8,43.2,0.259,714.4,0.21,0.46,True,physics_chained_synthetic
BGW-048,1,24.79,production,47.002,45255.05,6.17,78.8,43.2,0.259,715.3,0.46,0.18,True,physics_chained_synthetic
BGW-048,1,25.38,production,46.916,45632.27,6.17,78.8,43.2,0.259,715.3,0.18,0.0,True,physics_chained_synthetic
BGW-048,1,26.49,production,46.809,46101.37,6.17,78.8,43.2,0.259,715.6,0.0,0.28,True,physics_chained_synthetic
BGW-048,1,30.05,production,46.707,46552.76,6.17,78.8,43.2,0.259,716.6,0.28,0.29,True,physics_chained_synthetic
BGW-048,1,31.8,production,46.701,46580.68,6.17,78.8,43.2,0.259,716.7,0.29,0.03,True,physics_chained_synthetic
BGW-048,1,33.01,production,46.699,46586.24,6.17,78.8,43.2,0.259,716.7,0.03,0.0,True,physics_chained_synthetic
BGW-049,3,0.7,production,128.559,90.5,5.05,91.8,54.0,0.138,56.4,80.62,80.62,True,physics_chained_synthetic
BGW-049,3,4.56,production,107.221,355.66,5.05,91.8,54.0,0.138,139.8,80.62,21.6,True,physics_chained_synthetic
BGW-049,3,6.76,production,94.502,867.22,5.05,91.8,54.0,0.138,157.5,21.6,8.03,True,physics_chained_synthetic
BGW-049,3,7.39,production,90.982,1122.1,5.05,91.8,54.0,0.138,161.4,8.03,6.25,True,physics_chained_synthetic
BGW-049,3,8.48,production,84.885,1774.54,5.05,91.8,54.0,0.138,166.2,6.25,4.45,True,physics_chained_synthetic
BGW-049,3,10.01,production,76.617,3389.05,5.05,91.8,54.0,0.138,169.1,4.45,1.84,True,physics_chained_synthetic
BGW-049,3,11.71,production,68.314,6698.43,5.05,91.8,54.0,0.138,171.1,1.84,1.18,True,physics_chained_synthetic
BGW-049,3,17.42,production,50.899,31318.25,5.05,91.8,54.0,0.138,171.1,1.18,0.0,True,physics_chained_synthetic
BGW-049,3,19.58,production,48.81,38109.17,5.05,91.8,54.0,0.138,171.1,0.0,0.0,True,physics_chained_synthetic
BGW-049,3,20.21,production,48.446,39446.0,5.05,91.8,54.0,0.138,171.4,0.0,0.54,True,physics_chained_synthetic
BGW-049,3,20.79,production,48.184,40437.59,5.05,91.8,54.0,0.138,171.4,0.54,0.0,True,physics_chained_synthetic
BGW-049,3,23.25,production,47.55,42949.02,5.05,91.8,54.0,0.138,173.2,0.0,0.74,True,physics_chained_synthetic
BGW-049,3,23.27,production,47.547,42961.24,5.05,91.8,54.0,0.138,173.2,0.74,0.0,True,physics_chained_synthetic
BGW-049,3,28.89,production,47.317,43916.53,5.05,91.8,54.0,0.138,173.2,0.0,0.0,True,physics_chained_synthetic
BGW-049,3,31.54,production,47.313,43931.93,5.05,91.8,54.0,0.138,173.2,0.0,0.0,True,physics_chained_synthetic
BGW-049,3,33.63,production,47.313,43933.35,5.05,91.8,54.0,0.138,173.2,0.0,0.0,True,physics_chained_synthetic
BGW-049,3,36.42,production,47.313,43933.54,5.05,91.8,54.0,0.138,173.4,0.0,0.08,True,physics_chained_synthetic
BGW-049,3,38.58,production,47.313,43933.54,5.05,91.8,54.0,0.138,173.4,0.08,0.0,True,physics_chained_synthetic
BGW-049,3,38.76,production,47.313,43933.54,5.05,91.8,54.0,0.138,173.5,0.0,0.22,True,physics_chained_synthetic
BGW-049,3,39.05,production,47.313,43933.54,5.05,91.8,54.0,0.138,173.5,0.22,0.06,True,physics_chained_synthetic
BGW-049,1,1.44,production,136.743,55.61,5.72,109.6,40.2,0.205,181.4,125.75,125.75,True,physics_chained_synthetic
BGW-049,1,5.68,production,110.244,290.28,5.72,109.6,40.2,0.205,263.6,125.75,19.4,True,physics_chained_synthetic
BGW-049,1,7.02,production,101.647,521.72,5.72,109.6,40.2,0.205,278.6,19.4,11.18,True,physics_chained_synthetic
BGW-049,1,7.48,production,98.72,640.93,5.72,109.6,40.2,0.205,282.9,11.18,9.22,True,physics_chained_synthetic
BGW-049,1,13.49,production,61.441,12077.89,5.72,109.6,40.2,0.205,284.1,9.22,0.21,True,physics_chained_synthetic
BGW-049,1,14.15,production,59.042,14923.35,5.72,109.6,40.2,0.205,284.6,0.21,0.74,True,physics_chained_synthetic
BGW-049,1,16.6,production,52.176,27812.9,5.72,109.6,40.2,0.205,285.2,0.74,0.26,True,physics_chained_synthetic
BGW-049,1,17.0,production,51.403,29881.46,5.72,109.6,40.2,0.205,285.3,0.26,0.31,True,physics_chained_synthetic
BGW-049,1,17.85,production,50.002,34061.89,5.72,109.6,40.2,0.205,285.4,0.31,0.1,True,physics_chained_synthetic
BGW-049,1,20.23,production,47.511,43110.22,5.72,109.6,40.2,0.205,287.0,0.1,0.67,True,physics_chained_synthetic
BGW-049,1,21.68,production,46.776,46246.89,5.72,109.6,40.2,0.205,287.5,0.67,0.35,True,physics_chained_synthetic
BGW-049,1,21.88,production,46.707,46552.4,5.72,109.6,40.2,0.205,287.6,0.35,0.16,True,physics_chained_synthetic
BGW-049,1,23.44,production,46.325,48287.88,5.72,109.6,40.2,0.205,289.1,0.16,0.98,True,physics_chained_synthetic
BGW-049,1,24.94,production,46.154,49088.9,5.72,109.6,40.2,0.205,289.1,0.98,0.0,True,physics_chained_synthetic
BGW-049,1,24.97,production,46.152,49099.7,5.72,109.6,40.2,0.205,289.1,0.0,0.19,True,physics_chained_synthetic
BGW-049,1,27.62,production,46.054,49565.03,5.72,109.6,40.2,0.205,289.1,0.19,0.0,True,physics_chained_synthetic
BGW-049,1,32.57,production,46.035,49652.12,5.72,109.6,40.2,0.205,289.1,0.0,0.0,True,physics_chained_synthetic
BGW-049,1,32.9,production,46.035,49652.42,5.72,109.6,40.2,0.205,289.1,0.0,0.0,True,physics_chained_synthetic
BGW-049,1,35.02,production,46.035,49653.11,5.72,109.6,40.2,0.205,289.7,0.0,0.29,True,physics_chained_synthetic
BGW-049,1,38.99,production,46.035,49653.19,5.72,109.6,40.2,0.205,289.7,0.29,0.0,True,physics_chained_synthetic
BGW-050,1,0.13,production,125.134,111.63,5.32,104.1,43.9,0.157,9.1,67.38,67.38,True,physics_chained_synthetic
BGW-050,1,3.07,production,110.291,289.36,5.32,104.1,43.9,0.157,75.2,67.38,22.54,True,physics_chained_synthetic
BGW-050,1,6.68,production,89.121,1288.5,5.32,104.1,43.9,0.157,93.1,22.54,4.93,True,physics_chained_synthetic
BGW-050,1,7.27,production,86.016,1627.97,5.32,104.1,43.9,0.157,95.4,4.93,4.06,True,physics_chained_synthetic
BGW-050,1,9.01,production,76.68,3371.85,5.32,104.1,43.9,0.157,98.8,4.06,1.92,True,physics_chained_synthetic
BGW-050,1,11.02,production,67.123,7406.29,5.32,104.1,43.9,0.157,101.2,1.92,1.2,True,physics_chained_synthetic
BGW-050,1,15.49,production,52.634,26660.71,5.32,104.1,43.9,0.157,101.2,1.2,0.0,True,physics_chained_synthetic
BGW-050,1,18.47,production,48.849,37970.27,5.32,104.1,43.9,0.157,102.6,0.0,0.48,True,physics_chained_synthetic
BGW-050,1,21.82,production,47.425,43463.66,5.32,104.1,43.9,0.157,104.0,0.48,0.43,True,physics_chained_synthetic
BGW-050,1,23.16,production,47.246,44212.81,5.32,104.1,43.9,0.157,104.2,0.43,0.12,True,physics_chained_synthetic
BGW-050,1,23.84,production,47.193,44436.67,5.32,104.1,43.9,0.157,104.2,0.12,0.0,True,physics_chained_synthetic
BGW-050,1,24.12,production,47.177,44505.34,5.32,104.1,43.9,0.157,104.2,0.0,0.0,True,physics_chained_synthetic
BGW-050,1,25.66,production,47.121,44746.55,5.32,104.1,43.9,0.157,104.4,0.0,0.12,True,physics_chained_synthetic
BGW-050,1,28.08,production,47.094,44860.28,5.32,104.1,43.9,0.157,104.9,0.12,0.19,True,physics_chained_synthetic
BGW-050,1,29.26,production,47.091,44873.74,5.32,104.1,43.9,0.157,104.9,0.19,0.0,True,physics_chained_synthetic
BGW-050,1,32.37,production,47.089,44881.42,5.32,104.1,43.9,0.157,105.1,0.0,0.08,True,physics_chained_synthetic
BGW-050,1,35.92,production,47.089,44881.82,5.32,104.1,43.9,0.157,105.3,0.08,0.04,True,physics_chained_synthetic
BGW-050,1,36.1,production,47.089,44881.83,5.32,104.1,43.9,0.157,105.3,0.04,0.0,True,physics_chained_synthetic
BGW-050,1,38.21,production,47.089,44881.83,5.32,104.1,43.9,0.157,106.7,0.0,0.69,True,physics_chained_synthetic
BGW-050,1,39.81,production,47.089,44881.83,5.32,104.1,43.9,0.157,106.7,0.69,0.0,True,physics_chained_synthetic
BGW-050,3,3.65,production,110.637,282.77,6.24,135.6,39.3,0.206,83.9,22.99,22.99,True,physics_chained_synthetic
BGW-050,3,6.51,production,94.151,889.6,6.24,135.6,39.3,0.206,103.3,22.99,6.8,True,physics_chained_synthetic
BGW-050,3,7.23,production,90.156,1192.94,6.24,135.6,39.3,0.206,107.2,6.8,5.36,True,physics_chained_synthetic
BGW-050,3,9.97,production,74.626,3978.69,6.24,135.6,39.3,0.206,111.1,5.36,1.42,True,physics_chained_synthetic
BGW-050,3,11.56,production,67.03,7464.44,6.24,135.6,39.3,0.206,111.7,1.42,0.37,True,physics_chained_synthetic
BGW-050,3,16.37,production,51.389,29921.35,6.24,135.6,39.3,0.206,111.7,0.37,0.0,True,physics_chained_synthetic
BGW-050,3,16.59,production,51.029,30942.76,6.24,135.6,39.3,0.206,111.7,0.0,0.1,True,physics_chained_synthetic
BGW-050,3,18.1,production,49.016,37373.1,6.24,135.6,39.3,0.206,111.7,0.1,0.0,True,physics_chained_synthetic
BGW-050,3,18.82,production,48.346,39819.06,6.24,135.6,39.3,0.206,111.9,0.0,0.27,True,physics_chained_synthetic
BGW-050,3,19.19,production,48.052,40948.1,6.24,135.6,39.3,0.206,112.1,0.27,0.42,True,physics_chained_synthetic
BGW-050,3,24.54,production,46.405,47922.23,6.24,135.6,39.3,0.206,116.4,0.42,0.81,True,physics_chained_synthetic
BGW-050,3,24.93,production,46.385,48012.48,6.24,135.6,39.3,0.206,116.5,0.81,0.23,True,physics_chained_synthetic
BGW-050,3,27.43,production,46.327,48280.88,6.24,135.6,39.3,0.206,116.5,0.23,0.0,True,physics_chained_synthetic
BGW-050,3,29.92,production,46.316,48329.21,6.24,135.6,39.3,0.206,117.5,0.0,0.4,True,physics_chained_synthetic
BGW-050,3,31.14,production,46.315,48333.99,6.24,135.6,39.3,0.206,117.5,0.4,0.0,True,physics_chained_synthetic
BGW-050,3,36.69,production,46.315,48336.38,6.24,135.6,39.3,0.206,117.5,0.0,0.0,True,physics_chained_synthetic
BGW-050,3,37.59,production,46.315,48336.39,6.24,135.6,39.3,0.206,117.8,0.0,0.3,True,physics_chained_synthetic
BGW-050,3,37.6,production,46.315,48336.39,6.24,135.6,39.3,0.206,117.8,0.3,0.0,True,physics_chained_synthetic
BGW-050,3,38.65,production,46.315,48336.39,6.24,135.6,39.3,0.206,117.8,0.0,0.0,True,physics_chained_synthetic
BGW-050,3,39.48,production,46.315,48336.39,6.24,135.6,39.3,0.206,117.8,0.0,0.0,True,physics_chained_synthetic
BGW-051,4,3.42,production,101.026,544.87,3.42,140.4,58.1,0.146,43.6,12.76,12.76,True,physics_chained_synthetic
BGW-051,4,6.43,production,84.116,1882.25,3.42,140.4,58.1,0.146,57.4,12.76,4.55,True,physics_chained_synthetic
BGW-051,4,7.65,production,77.962,3044.05,3.42,140.4,58.1,0.146,60.9,4.55,2.9,True,physics_chained_synthetic
BGW-051,4,10.49,production,64.956,8907.61,3.42,140.4,58.1,0.146,60.9,2.9,0.01,True,physics_chained_synthetic
BGW-051,4,14.87,production,52.122,27952.84,3.42,140.4,58.1,0.146,61.8,0.01,0.2,True,physics_chained_synthetic
BGW-051,4,15.52,production,51.106,30721.46,3.42,140.4,58.1,0.146,61.8,0.2,0.0,True,physics_chained_synthetic
BGW-051,4,16.47,production,49.883,34442.8,3.42,140.4,58.1,0.146,61.8,0.0,0.0,True,physics_chained_synthetic
BGW-051,4,18.47,production,48.164,40514.21,3.42,140.4,58.1,0.146,61.8,0.0,0.0,True,physics_chained_synthetic
BGW-051,4,19.22,production,47.774,42045.2,3.42,140.4,58.1,0.146,61.8,0.0,0.0,True,physics_chained_synthetic
BGW-051,4,19.28,production,47.748,42149.58,3.42,140.4,58.1,0.146,61.8,0.0,0.5,True,physics_chained_synthetic
BGW-051,4,19.65,production,47.593,42774.08,3.42,140.4,58.1,0.146,61.9,0.5,0.14,True,physics_chained_synthetic
BGW-051,4,20.02,production,47.459,43322.88,3.42,140.4,58.1,0.146,61.9,0.14,0.15,True,physics_chained_synthetic
BGW-051,4,24.34,production,46.805,46118.2,3.42,140.4,58.1,0.146,64.2,0.15,0.53,True,physics_chained_synthetic
BGW-051,4,26.63,production,46.758,46325.39,3.42,140.4,58.1,0.146,64.2,0.53,0.0,True,physics_chained_synthetic
BGW-051,4,26.78,production,46.757,46330.7,3.42,140.4,58.1,0.146,64.2,0.0,0.16,True,physics_chained_synthetic
BGW-051,4,29.51,production,46.747,46373.37,3.42,140.4,58.1,0.146,64.2,0.16,0.0,True,physics_chained_synthetic
BGW-051,4,33.93,production,46.746,46378.43,3.42,140.4,58.1,0.146,64.9,0.0,0.15,True,physics_chained_synthetic
BGW-051,4,35.3,production,46.746,46378.47,3.42,140.4,58.1,0.146,65.9,0.15,0.74,True,physics_chained_synthetic
BGW-051,4,36.66,production,46.746,46378.48,3.42,140.4,58.1,0.146,66.2,0.74,0.25,True,physics_chained_synthetic
BGW-051,4,39.25,production,46.746,46378.49,3.42,140.4,58.1,0.146,66.2,0.25,0.0,True,physics_chained_synthetic
BGW-051,3,2.51,production,117.6,179.39,3.37,99.3,40.1,0.098,105.0,41.83,41.83,True,physics_chained_synthetic
BGW-051,3,3.92,production,111.22,272.04,3.37,99.3,40.1,0.098,143.1,41.83,27.06,True,physics_chained_synthetic
BGW-051,3,7.07,production,94.285,881.0,3.37,99.3,40.1,0.098,171.6,27.06,9.06,True,physics_chained_synthetic
BGW-051,3,10.0,production,78.156,2997.6,3.37,99.3,40.1,0.098,176.1,9.06,1.53,True,physics_chained_synthetic
BGW-051,3,10.59,production,75.319,3761.68,3.37,99.3,40.1,0.098,177.0,1.53,1.58,True,physics_chained_synthetic
BGW-051,3,14.85,production,57.52,17093.45,3.37,99.3,40.1,0.098,181.1,1.58,0.95,True,physics_chained_synthetic
BGW-051,3,14.85,production,57.507,17113.66,3.37,99.3,40.1,0.098,181.1,0.95,0.69,True,physics_chained_synthetic
BGW-051,3,16.21,production,54.128,23238.89,3.37,99.3,40.1,0.098,181.1,0.69,0.0,True,physics_chained_synthetic
BGW-051,3,16.88,production,52.807,26237.59,3.37,99.3,40.1,0.098,181.3,0.0,0.33,True,physics_chained_synthetic
BGW-051,3,18.03,production,50.953,31160.59,3.37,99.3,40.1,0.098,181.7,0.33,0.32,True,physics_chained_synthetic
BGW-051,3,19.62,production,49.187,36776.74,3.37,99.3,40.1,0.098,182.4,0.32,0.44,True,physics_chained_synthetic
BGW-051,3,21.43,production,48.044,40978.95,3.37,99.3,40.1,0.098,182.8,0.44,0.2,True,physics_chained_synthetic
BGW-051,3,22.6,production,47.637,42596.86,3.37,99.3,40.1,0.098,182.8,0.2,0.06,True,physics_chained_synthetic
BGW-051,3,23.96,production,47.365,43713.94,3.37,99.3,40.1,0.098,182.8,0.06,0.02,True,physics_chained_synthetic
BGW-051,3,24.47,production,47.301,43981.35,3.37,99.3,40.1,0.098,183.0,0.02,0.38,True,physics_chained_synthetic
BGW-051,3,25.32,production,47.226,44298.26,3.37,99.3,40.1,0.098,183.0,0.38,0.0,True,physics_chained_synthetic
BGW-051,3,28.12,production,47.129,44711.58,3.37,99.3,40.1,0.098,183.7,0.0,0.23,True,physics_chained_synthetic
BGW-051,3,30.12,production,47.116,44767.61,3.37,99.3,40.1,0.098,183.7,0.23,0.0,True,physics_chained_synthetic
BGW-051,3,30.98,production,47.114,44775.19,3.37,99.3,40.1,0.098,183.7,0.0,0.0,True,physics_chained_synthetic
BGW-051,3,36.75,production,47.112,44782.23,3.37,99.3,40.1,0.098,184.4,0.0,0.12,True,physics_chained_synthetic
BGW-052,5,0.04,production,129.78,84.06,4.83,78.4,59.5,0.138,4.2,92.8,92.8,True,physics_chained_synthetic
BGW-052,5,0.42,production,128.208,92.46,4.83,78.4,59.5,0.138,32.8,92.8,77.18,True,physics_chained_synthetic
BGW-052,5,0.76,production,126.747,101.09,4.83,78.4,59.5,0.138,58.7,77.18,75.5,True,physics_chained_synthetic
BGW-052,5,2.04,production,120.966,144.81,4.83,78.4,59.5,0.138,122.5,75.5,49.88,True,physics_chained_synthetic
BGW-052,5,2.43,production,119.175,162.21,4.83,78.4,59.5,0.138,139.9,49.88,44.08,True,physics_chained_synthetic
BGW-052,5,4.33,production,109.639,302.24,4.83,78.4,59.5,0.138,182.3,44.08,22.34,True,physics_chained_synthetic
BGW-052,5,6.19,production,99.578,603.22,4.83,78.4,59.5,0.138,200.5,22.34,9.79,True,physics_chained_synthetic
BGW-052,5,7.32,production,93.407,939.06,4.83,78.4,59.5,0.138,207.5,9.79,6.17,True,physics_chained_synthetic
BGW-052,5,7.89,production,90.322,1178.29,4.83,78.4,59.5,0.138,210.3,6.17,5.0,True,physics_chained_synthetic
BGW-052,5,8.2,production,88.667,1333.0,4.83,78.4,59.5,0.138,211.7,5.0,4.58,True,physics_chained_synthetic
BGW-052,5,14.03,production,59.211,14701.23,4.83,78.4,59.5,0.138,216.4,4.58,0.79,True,physics_chained_synthetic
BGW-052,5,15.37,production,55.393,20709.58,4.83,78.4,59.5,0.138,216.9,0.79,0.44,True,physics_chained_synthetic
BGW-052,5,16.72,production,52.425,27178.98,4.83,78.4,59.5,0.138,217.6,0.44,0.48,True,physics_chained_synthetic
BGW-052,5,17.24,production,51.51,29587.24,4.83,78.4,59.5,0.138,217.9,0.48,0.55,True,physics_chained_synthetic
BGW-052,5,17.41,production,51.241,30334.93,4.83,78.4,59.5,0.138,217.9,0.55,0.0,True,physics_chained_synthetic
BGW-052,5,18.9,production,49.274,36477.39,4.83,78.4,59.5,0.138,217.9,0.0,0.0,True,physics_chained_synthetic
BGW-052,5,22.31,production,47.13,44704.83,4.83,78.4,59.5,0.138,217.9,0.0,0.0,True,physics_chained_synthetic
BGW-052,5,22.54,production,47.066,44981.5,4.83,78.4,59.5,0.138,217.9,0.0,0.25,True,physics_chained_synthetic
BGW-052,5,23.06,production,46.946,45499.43,4.83,78.4,59.5,0.138,218.1,0.25,0.24,True,physics_chained_synthetic
BGW-052,5,26.75,production,46.592,47069.94,4.83,78.4,59.5,0.138,219.8,0.24,0.48,True,physics_chained_synthetic
BGW-052,1,1.89,production,124.66,114.95,4.61,67.0,50.2,0.222,112.3,59.3,59.3,True,physics_chained_synthetic
BGW-052,1,4.47,production,108.957,316.38,4.61,67.0,50.2,0.222,164.3,59.3,20.19,True,physics_chained_synthetic
BGW-052,1,8.24,production,84.991,1760.22,4.61,67.0,50.2,0.222,174.0,20.19,2.58,True,physics_chained_synthetic
BGW-052,1,9.05,production,80.509,2489.74,4.61,67.0,50.2,0.222,175.8,2.58,2.14,True,physics_chained_synthetic
BGW-052,1,9.24,production,79.505,2694.14,4.61,67.0,50.2,0.222,176.1,2.14,1.6,True,physics_chained_synthetic
BGW-052,1,11.73,production,67.024,7468.25,4.61,67.0,50.2,0.222,177.4,1.6,0.54,True,physics_chained_synthetic
BGW-052,1,13.49,production,60.255,13404.23,4.61,67.0,50.2,0.222,178.0,0.54,0.3,True,physics_chained_synthetic
BGW-052,1,14.73,production,56.511,18715.5,4.61,67.0,50.2,0.222,178.2,0.3,0.2,True,physics_chained_synthetic
BGW-052,1,14.84,production,56.24,19180.39,4.61,67.0,50.2,0.222,178.2,0.2,0.05,True,physics_chained_synthetic
BGW-052,1,16.29,production,52.947,25901.22,4.61,67.0,50.2,0.222,178.2,0.05,0.0,True,physics_chained_synthetic
BGW-052,1,21.56,production,47.745,42160.91,4.61,67.0,50.2,0.222,179.9,0.0,0.33,True,physics_chained_synthetic
BGW-052,1,22.78,production,47.472,43272.71,4.61,67.0,50.2,0.222,180.5,0.33,0.45,True,physics_chained_synthetic
BGW-052,1,24.04,production,47.313,43930.54,4.61,67.0,50.2,0.222,180.5,0.45,0.0,True,physics_chained_synthetic
BGW-052,1,24.83,production,47.255,44173.91,4.61,67.0,50.2,0.222,180.5,0.0,0.0,True,physics_chained_synthetic
BGW-052,1,30.1,production,47.163,44564.89,4.61,67.0,50.2,0.222,183.7,0.0,0.61,True,physics_chained_synthetic
BGW-052,1,31.64,production,47.162,44570.06,4.61,67.0,50.2,0.222,183.7,0.61,0.0,True,physics_chained_synthetic
BGW-052,1,33.51,production,47.162,44571.51,4.61,67.0,50.2,0.222,183.9,0.0,0.11,True,physics_chained_synthetic
BGW-052,1,33.85,production,47.162,44571.59,4.61,67.0,50.2,0.222,183.9,0.11,0.0,True,physics_chained_synthetic
BGW-052,1,37.42,production,47.162,44571.78,4.61,67.0,50.2,0.222,185.6,0.0,0.48,True,physics_chained_synthetic
BGW-052,1,38.6,production,47.162,44571.79,4.61,67.0,50.2,0.222,185.8,0.48,0.13,True,physics_chained_synthetic
BGW-053,3,0.94,production,155.33,19.71,6.87,64.7,56.8,0.0,371.8,393.97,393.97,True,physics_chained_synthetic
BGW-053,3,5.57,production,122.549,131.1,6.87,64.7,56.8,0.0,634.3,393.97,56.79,True,physics_chained_synthetic
BGW-053,3,6.67,production,114.741,215.83,6.87,64.7,56.8,0.0,668.7,56.79,31.26,True,physics_chained_synthetic
BGW-053,3,8.31,production,102.799,481.56,6.87,64.7,56.8,0.0,692.2,31.26,14.29,True,physics_chained_synthetic
BGW-053,3,8.81,production,99.306,614.89,6.87,64.7,56.8,0.0,697.9,14.29,11.29,True,physics_chained_synthetic
BGW-053,3,10.52,production,87.419,1463.93,6.87,64.7,56.8,0.0,703.6,11.29,3.34,True,physics_chained_synthetic
BGW-053,3,13.76,production,67.843,6969.24,6.87,64.7,56.8,0.0,706.7,3.34,0.96,True,physics_chained_synthetic
BGW-053,3,13.81,production,67.637,7091.18,6.87,64.7,56.8,0.0,706.7,0.96,1.01,True,physics_chained_synthetic
BGW-053,3,14.15,production,66.071,8098.27,6.87,64.7,56.8,0.0,706.7,1.01,0.0,True,physics_chained_synthetic
BGW-053,3,14.89,production,62.913,10623.71,6.87,64.7,56.8,0.0,706.7,0.0,0.0,True,physics_chained_synthetic
BGW-053,3,18.99,production,51.235,30352.39,6.87,64.7,56.8,0.0,708.2,0.0,0.37,True,physics_chained_synthetic
BGW-053,3,19.63,production,50.357,32947.22,6.87,64.7,56.8,0.0,708.4,0.37,0.22,True,physics_chained_synthetic
BGW-053,3,20.37,production,49.527,35616.01,6.87,64.7,56.8,0.0,708.6,0.22,0.35,True,physics_chained_synthetic
BGW-053,3,25.39,production,47.3,43984.5,6.87,64.7,56.8,0.0,709.6,0.35,0.2,True,physics_chained_synthetic
BGW-053,3,28.26,production,47.157,44592.05,6.87,64.7,56.8,0.0,709.6,0.2,0.0,True,physics_chained_synthetic
BGW-053,3,28.91,production,47.148,44631.31,6.87,64.7,56.8,0.0,709.6,0.0,0.0,True,physics_chained_synthetic
BGW-053,3,37.56,production,47.132,44697.11,6.87,64.7,56.8,0.0,709.6,0.0,0.0,True,physics_chained_synthetic
BGW-053,3,37.66,production,47.132,44697.11,6.87,64.7,56.8,0.0,709.6,0.0,0.1,True,physics_chained_synthetic
BGW-053,3,38.51,production,47.132,44697.11,6.87,64.7,56.8,0.0,709.7,0.1,0.0,True,physics_chained_synthetic
BGW-053,3,39.61,production,47.132,44697.12,6.87,64.7,56.8,0.0,710.2,0.0,0.47,True,physics_chained_synthetic
BGW-054,3,0.5,production,133.608,66.86,6.83,119.1,37.4,0.066,62.9,125.67,125.67,True,physics_chained_synthetic
BGW-054,3,3.61,production,120.177,152.22,6.83,119.1,37.4,0.066,213.4,125.67,48.33,True,physics_chained_synthetic
BGW-054,3,5.24,production,112.159,255.64,6.83,119.1,37.4,0.066,260.3,48.33,28.97,True,physics_chained_synthetic
BGW-054,3,5.41,production,111.263,271.25,6.83,119.1,37.4,0.066,265.6,28.97,29.5,True,physics_chained_synthetic
BGW-054,3,11.7,production,71.973,4941.01,6.83,119.1,37.4,0.066,271.2,29.5,0.88,True,physics_chained_synthetic
BGW-054,3,13.35,production,64.497,9265.09,6.83,119.1,37.4,0.066,272.1,0.88,0.59,True,physics_chained_synthetic
BGW-054,3,15.47,production,56.897,18076.33,6.83,119.1,37.4,0.066,272.7,0.59,0.25,True,physics_chained_synthetic
BGW-054,3,15.6,production,56.52,18701.65,6.83,119.1,37.4,0.066,272.7,0.25,0.18,True,physics_chained_synthetic
BGW-054,3,24.61,production,46.331,48259.6,6.83,119.1,37.4,0.066,272.7,0.18,0.0,True,physics_chained_synthetic
BGW-054,3,25.23,production,46.287,48466.5,6.83,119.1,37.4,0.066,272.7,0.0,0.0,True,physics_chained_synthetic
BGW-054,3,25.52,production,46.271,48542.76,6.83,119.1,37.4,0.066,272.7,0.0,0.02,True,physics_chained_synthetic
BGW-054,3,25.74,production,46.26,48593.7,6.83,119.1,37.4,0.066,272.8,0.02,0.28,True,physics_chained_synthetic
BGW-054,3,28.52,production,46.197,48887.55,6.83,119.1,37.4,0.066,273.6,0.28,0.3,True,physics_chained_synthetic
BGW-054,3,28.77,production,46.195,48895.96,6.83,119.1,37.4,0.066,273.6,0.3,0.0,True,physics_chained_synthetic
BGW-054,3,32.99,production,46.187,48935.15,6.83,119.1,37.4,0.066,276.6,0.0,0.72,True,physics_chained_synthetic
BGW-054,3,33.39,production,46.187,48935.45,6.83,119.1,37.4,0.066,276.6,0.72,0.0,True,physics_chained_synthetic
BGW-054,3,37.9,production,46.187,48936.07,6.83,119.1,37.4,0.066,278.0,0.0,0.3,True,physics_chained_synthetic
BGW-054,3,38.42,production,46.187,48936.08,6.83,119.1,37.4,0.066,278.0,0.3,0.0,True,physics_chained_synthetic
BGW-054,3,39.74,production,46.187,48936.08,6.83,119.1,37.4,0.066,278.0,0.0,0.04,True,physics_chained_synthetic
BGW-054,3,39.8,production,46.187,48936.08,6.83,119.1,37.4,0.066,278.0,0.04,0.0,True,physics_chained_synthetic
BGW-055,1,3.34,production,134.843,62.16,6.46,107.5,50.8,0.241,342.9,102.61,102.61,True,physics_chained_synthetic
BGW-055,1,6.03,production,117.879,176.22,6.46,107.5,50.8,0.241,436.3,102.61,34.7,True,physics_chained_synthetic
BGW-055,1,9.28,production,95.182,825.59,6.46,107.5,50.8,0.241,461.4,34.7,7.74,True,physics_chained_synthetic
BGW-055,1,10.09,production,89.916,1214.41,6.46,107.5,50.8,0.241,464.7,7.74,4.14,True,physics_chained_synthetic
BGW-055,1,12.42,production,75.46,3719.41,6.46,107.5,50.8,0.241,468.0,4.14,1.39,True,physics_chained_synthetic
BGW-055,1,14.31,production,65.867,8240.28,6.46,107.5,50.8,0.241,469.6,1.39,0.86,True,physics_chained_synthetic
BGW-055,1,15.1,production,62.602,10914.19,6.46,107.5,50.8,0.241,470.2,0.86,0.7,True,physics_chained_synthetic
BGW-055,1,15.39,production,61.484,12032.67,6.46,107.5,50.8,0.241,470.3,0.7,0.5,True,physics_chained_synthetic
BGW-055,1,16.93,production,56.457,18807.18,6.46,107.5,50.8,0.241,470.4,0.5,0.06,True,physics_chained_synthetic
BGW-055,1,20.58,production,49.74,34910.85,6.46,107.5,50.8,0.241,471.9,0.06,0.42,True,physics_chained_synthetic
BGW-055,1,24.64,production,47.742,42171.18,6.46,107.5,50.8,0.241,471.9,0.42,0.0,True,physics_chained_synthetic
BGW-055,1,25.92,production,47.589,42792.24,6.46,107.5,50.8,0.241,471.9,0.0,0.0,True,physics_chained_synthetic
BGW-055,1,28.07,production,47.486,43214.66,6.46,107.5,50.8,0.241,472.1,0.0,0.08,True,physics_chained_synthetic
BGW-055,1,31.64,production,47.455,43339.9,6.46,107.5,50.8,0.241,472.1,0.08,0.0,True,physics_chained_synthetic
BGW-055,1,33.48,production,47.454,43345.94,6.46,107.5,50.8,0.241,473.2,0.0,0.59,True,physics_chained_synthetic
BGW-055,1,36.58,production,47.453,43347.23,6.46,107.5,50.8,0.241,473.5,0.59,0.09,True,physics_chained_synthetic
BGW-055,1,37.11,production,47.453,43347.26,6.46,107.5,50.8,0.241,473.9,0.09,0.86,True,physics_chained_synthetic
BGW-055,1,37.42,production,47.453,43347.26,6.46,107.5,50.8,0.241,473.9,0.86,0.0,True,physics_chained_synthetic
BGW-055,1,37.44,production,47.453,43347.26,6.46,107.5,50.8,0.241,473.9,0.0,0.0,True,physics_chained_synthetic
BGW-055,1,38.06,production,47.453,43347.27,6.46,107.5,50.8,0.241,473.9,0.0,0.0,True,physics_chained_synthetic
BGW-055,3,6.23,production,67.038,7459.39,4.28,115.9,46.7,0.171,4.5,0.72,0.72,True,physics_chained_synthetic
BGW-055,3,10.16,production,56.205,19239.89,4.28,115.9,46.7,0.171,5.7,0.72,0.31,True,physics_chained_synthetic
BGW-055,3,10.76,production,55.008,21446.2,4.28,115.9,46.7,0.171,5.9,0.31,0.36,True,physics_chained_synthetic
BGW-055,3,11.99,production,52.826,26192.15,4.28,115.9,46.7,0.171,6.3,0.36,0.27,True,physics_chained_synthetic
BGW-055,3,14.71,production,49.363,36171.89,4.28,115.9,46.7,0.171,7.0,0.27,0.28,True,physics_chained_synthetic
BGW-055,3,15.03,production,49.09,37115.42,4.28,115.9,46.7,0.171,7.1,0.28,0.3,True,physics_chained_synthetic
BGW-055,3,15.87,production,48.475,39338.01,4.28,115.9,46.7,0.171,7.1,0.3,0.0,True,physics_chained_synthetic
BGW-055,3,16.95,production,47.858,41708.59,4.28,115.9,46.7,0.171,7.7,0.0,0.5,True,physics_chained_synthetic
BGW-055,3,18.87,production,47.175,44512.8,4.28,115.9,46.7,0.171,7.7,0.5,0.0,True,physics_chained_synthetic
BGW-055,3,19.85,production,46.98,45353.39,4.28,115.9,46.7,0.171,7.9,0.0,0.22,True,physics_chained_synthetic
BGW-055,3,23.84,production,46.675,46697.02,4.28,115.9,46.7,0.171,7.9,0.22,0.0,True,physics_chained_synthetic
BGW-055,3,24.35,production,46.665,46738.08,4.28,115.9,46.7,0.171,7.9,0.0,0.0,True,physics_chained_synthetic
BGW-055,3,25.16,production,46.656,46782.42,4.28,115.9,46.7,0.171,7.9,0.0,0.0,True,physics_chained_synthetic
BGW-055,3,27.1,production,46.645,46828.95,4.28,115.9,46.7,0.171,8.3,0.0,0.23,True,physics_chained_synthetic
BGW-055,3,28.81,production,46.643,46839.79,4.28,115.9,46.7,0.171,8.3,0.23,0.0,True,physics_chained_synthetic
BGW-055,3,29.12,production,46.643,46840.6,4.28,115.9,46.7,0.171,8.3,0.0,0.0,True,physics_chained_synthetic
BGW-055,3,30.09,production,46.642,46842.17,4.28,115.9,46.7,0.171,8.6,0.0,0.27,True,physics_chained_synthetic
BGW-055,3,30.51,production,46.642,46842.53,4.28,115.9,46.7,0.171,8.6,0.27,0.0,True,physics_chained_synthetic
BGW-055,3,30.76,production,46.642,46842.7,4.28,115.9,46.7,0.171,8.6,0.0,0.23,True,physics_chained_synthetic
BGW-055,3,31.87,production,46.642,46843.1,4.28,115.9,46.7,0.171,8.6,0.23,0.0,True,physics_chained_synthetic
BGW-056,3,3.89,production,89.267,1274.49,6.32,140.4,54.9,0.149,20.6,5.31,5.31,True,physics_chained_synthetic
BGW-056,3,4.09,production,88.319,1368.16,6.32,140.4,54.9,0.149,21.9,5.31,6.4,True,physics_chained_synthetic
BGW-056,3,4.47,production,86.573,1560.6,6.32,140.4,54.9,0.149,23.8,6.4,5.08,True,physics_chained_synthetic
BGW-056,3,11.25,production,56.995,17918.71,6.32,140.4,54.9,0.149,25.4,5.08,0.23,True,physics_chained_synthetic
BGW-056,3,11.36,production,56.741,18333.14,6.32,140.4,54.9,0.149,25.4,0.23,0.27,True,physics_chained_synthetic
BGW-056,3,12.05,production,55.165,21142.06,6.32,140.4,54.9,0.149,25.7,0.27,0.4,True,physics_chained_synthetic
BGW-056,3,13.05,production,53.214,25273.02,6.32,140.4,54.9,0.149,25.7,0.4,0.0,True,physics_chained_synthetic
BGW-056,3,17.54,production,48.202,40368.19,6.32,140.4,54.9,0.149,26.8,0.0,0.24,True,physics_chained_synthetic
BGW-056,3,18.82,production,47.701,42337.15,6.32,140.4,54.9,0.149,27.2,0.24,0.29,True,physics_chained_synthetic
BGW-056,3,19.71,production,47.474,43262.13,6.32,140.4,54.9,0.149,27.3,0.29,0.09,True,physics_chained_synthetic
BGW-056,3,23.41,production,47.088,44884.7,6.32,140.4,54.9,0.149,27.3,0.09,0.0,True,physics_chained_synthetic
BGW-056,3,26.35,production,47.043,45080.0,6.32,140.4,54.9,0.149,27.3,0.0,0.0,True,physics_chained_synthetic
BGW-056,3,28.15,production,47.038,45101.48,6.32,140.4,54.9,0.149,27.8,0.0,0.28,True,physics_chained_synthetic
BGW-056,3,29.53,production,47.037,45106.16,6.32,140.4,54.9,0.149,28.0,0.28,0.2,True,physics_chained_synthetic
BGW-056,3,29.98,production,47.037,45106.84,6.32,140.4,54.9,0.149,28.2,0.2,0.28,True,physics_chained_synthetic
BGW-056,3,30.64,production,47.037,45107.45,6.32,140.4,54.9,0.149,28.3,0.28,0.25,True,physics_chained_synthetic
BGW-056,3,32.01,production,47.036,45107.99,6.32,140.4,54.9,0.149,28.5,0.25,0.11,True,physics_chained_synthetic
BGW-056,3,32.07,production,47.036,45108.0,6.32,140.4,54.9,0.149,28.5,0.11,0.0,True,physics_chained_synthetic
BGW-056,3,33.63,production,47.036,45108.15,6.32,140.4,54.9,0.149,28.5,0.0,0.0,True,physics_chained_synthetic
BGW-056,3,35.27,production,47.036,45108.18,6.32,140.4,54.9,0.149,28.5,0.0,0.0,True,physics_chained_synthetic
BGW-056,4,6.75,production,74.669,3964.85,4.17,139.8,44.4,0.06,13.3,1.97,1.97,True,physics_chained_synthetic
BGW-056,4,7.64,production,71.014,5347.82,4.17,139.8,44.4,0.06,14.8,1.97,1.67,True,physics_chained_synthetic
BGW-056,4,8.29,production,68.504,6592.24,4.17,139.8,44.4,0.06,15.6,1.67,1.35,True,physics_chained_synthetic
BGW-056,4,9.62,production,63.757,9875.6,4.17,139.8,44.4,0.06,17.1,1.35,1.1,True,physics_chained_synthetic
BGW-056,4,10.34,production,61.49,12026.68,4.17,139.8,44.4,0.06,17.8,1.1,0.97,True,physics_chained_synthetic
BGW-056,4,11.84,production,57.35,17356.3,4.17,139.8,44.4,0.06,18.3,0.97,0.32,True,physics_chained_synthetic
BGW-056,4,12.38,production,56.099,19425.23,4.17,139.8,44.4,0.06,18.4,0.32,0.11,True,physics_chained_synthetic
BGW-056,4,15.59,production,50.766,31711.17,4.17,139.8,44.4,0.06,19.5,0.11,0.36,True,physics_chained_synthetic
BGW-056,4,16.56,production,49.884,34439.99,4.17,139.8,44.4,0.06,19.7,0.36,0.18,True,physics_chained_synthetic
BGW-056,4,16.63,production,49.83,34615.33,4.17,139.8,44.4,0.06,19.7,0.18,0.0,True,physics_chained_synthetic
BGW-056,4,26.55,production,47.799,41945.66,4.17,139.8,44.4,0.06,24.0,0.0,0.44,True,physics_chained_synthetic
BGW-056,4,27.09,production,47.797,41951.12,4.17,139.8,44.4,0.06,24.1,0.44,0.12,True,physics_chained_synthetic
BGW-056,4,28.09,production,47.796,41956.91,4.17,139.8,44.4,0.06,24.4,0.12,0.34,True,physics_chained_synthetic
BGW-056,4,30.7,production,47.795,41961.11,4.17,139.8,44.4,0.06,26.4,0.34,0.75,True,physics_chained_synthetic
BGW-056,4,31.38,production,47.795,41961.32,4.17,139.8,44.4,0.06,26.6,0.75,0.27,True,physics_chained_synthetic
BGW-056,4,33.25,production,47.795,41961.51,4.17,139.8,44.4,0.06,26.8,0.27,0.14,True,physics_chained_synthetic
BGW-056,4,33.59,production,47.795,41961.52,4.17,139.8,44.4,0.06,26.9,0.14,0.22,True,physics_chained_synthetic
BGW-056,4,35.86,production,47.795,41961.54,4.17,139.8,44.4,0.06,26.9,0.22,0.0,True,physics_chained_synthetic
BGW-056,4,36.76,production,47.795,41961.54,4.17,139.8,44.4,0.06,27.0,0.0,0.13,True,physics_chained_synthetic
BGW-056,4,37.11,production,47.795,41961.54,4.17,139.8,44.4,0.06,27.0,0.13,0.03,True,physics_chained_synthetic
BGW-057,4,2.75,production,123.669,122.24,6.97,101.2,44.7,0.098,195.0,71.02,71.02,True,physics_chained_synthetic
BGW-057,4,4.2,production,115.547,204.81,6.97,101.2,44.7,0.098,243.9,71.02,33.66,True,physics_chained_synthetic
BGW-057,4,6.54,production,100.703,557.35,6.97,101.2,44.7,0.098,276.0,33.66,13.72,True,physics_chained_synthetic
BGW-057,4,8.11,production,90.688,1146.76,6.97,101.2,44.7,0.098,284.8,13.72,5.61,True,physics_chained_synthetic
BGW-057,4,11.59,production,69.548,6040.72,6.97,101.2,44.7,0.098,290.8,5.61,1.72,True,physics_chained_synthetic
BGW-057,4,12.59,production,64.95,8911.65,6.97,101.2,44.7,0.098,291.5,1.72,0.73,True,physics_chained_synthetic
BGW-057,4,14.46,production,57.795,16677.38,6.97,101.2,44.7,0.098,291.5,0.73,0.01,True,physics_chained_synthetic
BGW-057,4,15.14,production,55.781,19992.22,6.97,101.2,44.7,0.098,291.5,0.01,0.0,True,physics_chained_synthetic
BGW-057,4,16.15,production,53.276,25129.07,6.97,101.2,44.7,0.098,291.5,0.0,0.0,True,physics_chained_synthetic
BGW-057,4,17.03,production,51.528,29538.1,6.97,101.2,44.7,0.098,291.5,0.0,0.0,True,physics_chained_synthetic
BGW-057,4,20.66,production,47.594,42770.48,6.97,101.2,44.7,0.098,292.0,0.0,0.13,True,physics_chained_synthetic
BGW-057,4,20.73,production,47.56,42908.72,6.97,101.2,44.7,0.098,292.0,0.13,0.19,True,physics_chained_synthetic
BGW-057,4,22.27,production,47.018,45185.57,6.97,101.2,44.7,0.098,292.2,0.19,0.08,True,physics_chained_synthetic
BGW-057,4,24.46,production,46.687,46639.63,6.97,101.2,44.7,0.098,292.8,0.08,0.31,True,physics_chained_synthetic
BGW-057,4,24.51,production,46.684,46655.98,6.97,101.2,44.7,0.098,292.8,0.31,0.0,True,physics_chained_synthetic
BGW-057,4,27.13,production,46.582,47114.77,6.97,101.2,44.7,0.098,292.8,0.0,0.0,True,physics_chained_synthetic
BGW-057,4,27.75,production,46.574,47148.08,6.97,101.2,44.7,0.098,292.8,0.0,0.0,True,physics_chained_synthetic
BGW-057,4,28.23,production,46.571,47165.22,6.97,101.2,44.7,0.098,292.8,0.0,0.0,True,physics_chained_synthetic
BGW-057,4,35.64,production,46.562,47204.22,6.97,101.2,44.7,0.098,293.2,0.0,0.05,True,physics_chained_synthetic
BGW-057,4,38.33,production,46.562,47204.23,6.97,101.2,44.7,0.098,293.6,0.05,0.14,True,physics_chained_synthetic
BGW-057,1,0.08,production,140.933,43.66,3.53,118.0,44.7,0.0,17.2,209.8,209.8,True,physics_chained_synthetic
BGW-057,1,0.49,production,139.166,48.32,3.53,118.0,44.7,0.0,92.9,209.8,185.94,True,physics_chained_synthetic
BGW-057,1,1.76,production,133.104,68.89,3.53,118.0,44.7,0.0,266.0,185.94,136.31,True,physics_chained_synthetic
BGW-057,1,1.87,production,132.564,71.14,3.53,118.0,44.7,0.0,281.3,136.31,135.27,True,physics_chained_synthetic
BGW-057,1,2.34,production,130.28,81.56,3.53,118.0,44.7,0.0,324.6,135.27,93.17,True,physics_chained_synthetic
BGW-057,1,2.59,production,129.015,88.04,3.53,118.0,44.7,0.0,349.4,93.17,98.03,True,physics_chained_synthetic
BGW-057,1,3.07,production,126.543,102.36,3.53,118.0,44.7,0.0,386.5,98.03,77.93,True,physics_chained_synthetic
BGW-057,1,4.14,production,120.531,148.84,3.53,118.0,44.7,0.0,444.2,77.93,53.62,True,physics_chained_synthetic
BGW-057,1,8.03,production,94.202,886.29,3.53,118.0,44.7,0.0,469.9,53.62,6.61,True,physics_chained_synthetic
BGW-057,1,12.26,production,68.442,6626.45,3.53,118.0,44.7,0.0,474.5,6.61,1.08,True,physics_chained_synthetic
BGW-057,1,12.38,production,67.905,6932.77,3.53,118.0,44.7,0.0,474.6,1.08,1.3,True,physics_chained_synthetic
BGW-057,1,19.57,production,49.058,37227.59,3.53,118.0,44.7,0.0,478.8,1.3,0.59,True,physics_chained_synthetic
BGW-057,1,22.25,production,47.926,41441.64,3.53,118.0,44.7,0.0,479.3,0.59,0.19,True,physics_chained_synthetic
BGW-057,1,22.37,production,47.899,41545.1,3.53,118.0,44.7,0.0,479.4,0.19,0.24,True,physics_chained_synthetic
BGW-057,1,23.11,production,47.771,42055.7,3.53,118.0,44.7,0.0,479.4,0.24,0.0,True,physics_chained_synthetic
BGW-057,1,24.8,production,47.605,42727.27,3.53,118.0,44.7,0.0,480.3,0.0,0.53,True,physics_chained_synthetic
BGW-057,1,26.59,production,47.538,42999.37,3.53,118.0,44.7,0.0,481.1,0.53,0.47,True,physics_chained_synthetic
BGW-057,1,30.73,production,47.51,43112.86,3.53,118.0,44.7,0.0,481.1,0.47,0.0,True,physics_chained_synthetic
BGW-057,1,35.25,production,47.509,43116.72,3.53,118.0,44.7,0.0,481.1,0.0,0.0,True,physics_chained_synthetic
BGW-057,1,37.3,production,47.509,43116.75,3.53,118.0,44.7,0.0,481.8,0.0,0.36,True,physics_chained_synthetic
BGW-058,5,3.73,production,111.922,259.67,5.28,66.3,44.9,0.051,123.5,33.1,33.1,True,physics_chained_synthetic
BGW-058,5,5.84,production,101.395,530.98,5.28,66.3,44.9,0.051,152.6,33.1,13.78,True,physics_chained_synthetic
BGW-058,5,6.03,production,100.469,566.57,5.28,66.3,44.9,0.051,155.2,13.78,13.88,True,physics_chained_synthetic
BGW-058,5,8.42,production,87.452,1460.35,5.28,66.3,44.9,0.051,168.3,13.88,5.48,True,physics_chained_synthetic
BGW-058,5,11.92,production,69.192,6222.91,5.28,66.3,44.9,0.051,172.4,5.48,1.18,True,physics_chained_synthetic
BGW-058,5,15.29,production,56.692,18413.33,5.28,66.3,44.9,0.051,173.9,1.18,0.45,True,physics_chained_synthetic
BGW-058,5,15.43,production,56.338,19010.92,5.28,66.3,44.9,0.051,174.0,0.45,0.61,True,physics_chained_synthetic
BGW-058,5,17.69,production,51.612,29308.06,5.28,66.3,44.9,0.051,174.4,0.61,0.19,True,physics_chained_synthetic
BGW-058,5,19.77,production,49.168,36840.93,5.28,66.3,44.9,0.051,174.4,0.19,0.0,True,physics_chained_synthetic
BGW-058,5,19.97,production,49.01,37396.69,5.28,66.3,44.9,0.051,174.4,0.0,0.0,True,physics_chained_synthetic
BGW-058,5,21.32,production,48.183,40442.35,5.28,66.3,44.9,0.051,175.2,0.0,0.58,True,physics_chained_synthetic
BGW-058,5,23.19,production,47.562,42902.5,5.28,66.3,44.9,0.051,175.9,0.58,0.37,True,physics_chained_synthetic
BGW-058,5,24.12,production,47.402,43560.08,5.28,66.3,44.9,0.051,176.4,0.37,0.5,True,physics_chained_synthetic
BGW-058,5,26.32,production,47.224,44304.68,5.28,66.3,44.9,0.051,177.3,0.5,0.45,True,physics_chained_synthetic
BGW-058,5,29.7,production,47.168,44544.21,5.28,66.3,44.9,0.051,178.9,0.45,0.47,True,physics_chained_synthetic
BGW-058,5,29.95,production,47.167,44548.01,5.28,66.3,44.9,0.051,179.1,0.47,0.49,True,physics_chained_synthetic
BGW-058,5,30.47,production,47.166,44553.92,5.28,66.3,44.9,0.051,179.2,0.49,0.38,True,physics_chained_synthetic
BGW-058,5,32.37,production,47.164,44563.04,5.28,66.3,44.9,0.051,179.6,0.38,0.19,True,physics_chained_synthetic
BGW-058,5,39.41,production,47.163,44565.06,5.28,66.3,44.9,0.051,179.6,0.19,0.0,True,physics_chained_synthetic
BGW-058,5,39.73,production,47.163,44565.06,5.28,66.3,44.9,0.051,179.8,0.0,0.49,True,physics_chained_synthetic
BGW-058,5,3.58,production,107.245,355.07,4.92,103.8,49.1,0.076,68.9,19.23,19.23,True,physics_chained_synthetic
BGW-058,5,4.87,production,101.918,511.96,4.92,103.8,49.1,0.076,89.8,19.23,16.22,True,physics_chained_synthetic
BGW-058,5,6.23,production,95.977,779.62,4.92,103.8,49.1,0.076,101.1,16.22,8.33,True,physics_chained_synthetic
BGW-058,5,12.88,production,63.866,9782.93,4.92,103.8,49.1,0.076,105.8,8.33,0.71,True,physics_chained_synthetic
BGW-058,5,13.64,production,61.421,12098.99,4.92,103.8,49.1,0.076,105.9,0.71,0.04,True,physics_chained_synthetic
BGW-058,5,13.67,production,61.328,12198.15,4.92,103.8,49.1,0.076,105.9,0.04,0.71,True,physics_chained_synthetic
BGW-058,5,13.85,production,60.794,12782.67,4.92,103.8,49.1,0.076,105.9,0.71,0.0,True,physics_chained_synthetic
BGW-058,5,13.93,production,60.542,13069.02,4.92,103.8,49.1,0.076,106.0,0.0,0.78,True,physics_chained_synthetic
BGW-058,5,16.27,production,54.657,22143.72,4.92,103.8,49.1,0.076,106.3,0.78,0.13,True,physics_chained_synthetic
BGW-058,5,21.35,production,48.843,37988.77,4.92,103.8,49.1,0.076,108.0,0.13,0.34,True,physics_chained_synthetic
BGW-058,5,22.24,production,48.529,39135.94,4.92,103.8,49.1,0.076,108.0,0.34,0.06,True,physics_chained_synthetic
BGW-058,5,22.41,production,48.481,39314.59,4.92,103.8,49.1,0.076,108.1,0.06,0.24,True,physics_chained_synthetic
BGW-058,5,25.88,production,47.994,41172.81,4.92,103.8,49.1,0.076,109.3,0.24,0.36,True,physics_chained_synthetic
BGW-058,5,30.87,production,47.916,41478.82,4.92,103.8,49.1,0.076,110.2,0.36,0.18,True,physics_chained_synthetic
BGW-058,5,33.22,production,47.915,41485.18,4.92,103.8,49.1,0.076,110.2,0.18,0.0,True,physics_chained_synthetic
BGW-058,5,34.77,production,47.914,41485.86,4.92,103.8,49.1,0.076,110.2,0.0,0.0,True,physics_chained_synthetic
BGW-058,5,35.05,production,47.914,41485.9,4.92,103.8,49.1,0.076,110.2,0.0,0.0,True,physics_chained_synthetic
BGW-058,5,36.03,production,47.914,41485.99,4.92,103.8,49.1,0.076,110.5,0.0,0.3,True,physics_chained_synthetic
BGW-058,5,37.03,production,47.914,41486.02,4.92,103.8,49.1,0.076,110.6,0.3,0.01,True,physics_chained_synthetic
BGW-058,5,39.5,production,47.914,41486.04,4.92,103.8,49.1,0.076,110.6,0.01,0.0,True,physics_chained_synthetic
BGW-059,5,6.47,production,64.569,9208.44,4.56,109.4,53.9,0.135,7.9,1.21,1.21,True,physics_chained_synthetic
BGW-059,5,11.21,production,52.575,26804.77,4.56,109.4,53.9,0.135,13.5,1.21,1.19,True,physics_chained_synthetic
BGW-059,5,15.31,production,48.016,41085.76,4.56,109.4,53.9,0.135,13.5,1.19,0.0,True,physics_chained_synthetic
BGW-059,5,16.23,production,47.549,42955.68,4.56,109.4,53.9,0.135,13.5,0.0,0.0,True,physics_chained_synthetic
BGW-059,5,19.07,production,46.736,46421.8,4.56,109.4,53.9,0.135,14.7,0.0,0.43,True,physics_chained_synthetic
BGW-059,5,20.52,production,46.573,47153.94,4.56,109.4,53.9,0.135,15.0,0.43,0.19,True,physics_chained_synthetic
BGW-059,5,23.4,production,46.45,47711.97,4.56,109.4,53.9,0.135,15.0,0.19,0.0,True,physics_chained_synthetic
BGW-059,5,23.4,production,46.45,47712.2,4.56,109.4,53.9,0.135,15.0,0.0,0.45,True,physics_chained_synthetic
BGW-059,5,25.19,production,46.432,47796.69,4.56,109.4,53.9,0.135,15.1,0.45,0.05,True,physics_chained_synthetic
BGW-059,5,25.38,production,46.431,47801.12,4.56,109.4,53.9,0.135,15.2,0.05,0.45,True,physics_chained_synthetic
BGW-059,5,27.12,production,46.426,47823.71,4.56,109.4,53.9,0.135,15.8,0.45,0.37,True,physics_chained_synthetic
BGW-059,5,28.15,production,46.425,47828.27,4.56,109.4,53.9,0.135,16.2,0.37,0.32,True,physics_chained_synthetic
BGW-059,5,28.39,production,46.425,47828.91,4.56,109.4,53.9,0.135,16.2,0.32,0.0,True,physics_chained_synthetic
BGW-059,5,30.74,production,46.424,47831.38,4.56,109.4,53.9,0.135,16.2,0.0,0.0,True,physics_chained_synthetic
BGW-059,5,31.19,production,46.424,47831.49,4.56,109.4,53.9,0.135,16.6,0.0,0.93,True,physics_chained_synthetic
BGW-059,5,31.43,production,46.424,47831.53,4.56,109.4,53.9,0.135,16.7,0.93,0.48,True,physics_chained_synthetic
BGW-059,5,35.41,production,46.424,47831.69,4.56,109.4,53.9,0.135,16.7,0.48,0.0,True,physics_chained_synthetic
BGW-059,5,36.71,production,46.424,47831.69,4.56,109.4,53.9,0.135,16.7,0.0,0.0,True,physics_chained_synthetic
BGW-059,5,37.92,production,46.424,47831.69,4.56,109.4,53.9,0.135,16.8,0.0,0.1,True,physics_chained_synthetic
BGW-059,5,38.1,production,46.424,47831.69,4.56,109.4,53.9,0.135,16.8,0.1,0.0,True,physics_chained_synthetic
BGW-059,3,0.43,production,148.883,27.95,5.08,112.2,45.9,0.078,131.7,309.88,309.88,True,physics_chained_synthetic
BGW-059,3,4.8,production,122.508,131.44,5.08,112.2,45.9,0.078,364.9,309.88,53.32,True,physics_chained_synthetic
BGW-059,3,7.34,production,104.898,416.66,5.08,112.2,45.9,0.078,407.9,53.32,16.89,True,physics_chained_synthetic
BGW-059,3,10.45,production,82.903,2066.51,5.08,112.2,45.9,0.078,418.3,16.89,3.33,True,physics_chained_synthetic
BGW-059,3,13.96,production,63.088,10463.73,5.08,112.2,45.9,0.078,420.0,3.33,0.49,True,physics_chained_synthetic
BGW-059,3,14.81,production,59.743,14023.82,5.08,112.2,45.9,0.078,420.5,0.49,0.52,True,physics_chained_synthetic
BGW-059,3,17.75,production,51.472,29691.42,5.08,112.2,45.9,0.078,420.9,0.52,0.15,True,physics_chained_synthetic
BGW-059,3,21.68,production,47.213,44352.33,5.08,112.2,45.9,0.078,421.4,0.15,0.13,True,physics_chained_synthetic
BGW-059,3,22.8,production,46.814,46076.08,5.08,112.2,45.9,0.078,421.4,0.13,0.0,True,physics_chained_synthetic
BGW-059,3,24.58,production,46.484,47560.02,5.08,112.2,45.9,0.078,421.4,0.0,0.0,True,physics_chained_synthetic
BGW-059,3,25.07,production,46.435,47780.79,5.08,112.2,45.9,0.078,421.7,0.0,0.64,True,physics_chained_synthetic
BGW-059,3,26.43,production,46.353,48160.75,5.08,112.2,45.9,0.078,422.4,0.64,0.48,True,physics_chained_synthetic
BGW-059,3,27.22,production,46.329,48272.86,5.08,112.2,45.9,0.078,422.5,0.48,0.17,True,physics_chained_synthetic
BGW-059,3,27.92,production,46.315,48335.07,5.08,112.2,45.9,0.078,422.7,0.17,0.3,True,physics_chained_synthetic
BGW-059,3,28.44,production,46.309,48365.05,5.08,112.2,45.9,0.078,422.7,0.3,0.0,True,physics_chained_synthetic
BGW-059,3,29.23,production,46.302,48394.54,5.08,112.2,45.9,0.078,422.7,0.0,0.01,True,physics_chained_synthetic
BGW-059,3,32.17,production,46.295,48426.6,5.08,112.2,45.9,0.078,423.5,0.01,0.27,True,physics_chained_synthetic
BGW-059,3,32.35,production,46.295,48426.98,5.08,112.2,45.9,0.078,423.6,0.27,0.54,True,physics_chained_synthetic
BGW-059,3,33.84,production,46.295,48428.63,5.08,112.2,45.9,0.078,423.6,0.54,0.0,True,physics_chained_synthetic
BGW-059,3,38.8,production,46.295,48429.12,5.08,112.2,45.9,0.078,423.7,0.0,0.02,True,physics_chained_synthetic
BGW-060,1,1.23,production,129.057,87.81,5.88,130.9,46.3,0.013,125.4,102.28,102.28,True,physics_chained_synthetic
BGW-060,1,3.28,production,117.621,179.16,5.88,130.9,46.3,0.013,217.1,102.28,44.68,True,physics_chained_synthetic
BGW-060,1,4.49,production,110.731,281.01,5.88,130.9,46.3,0.013,249.6,44.68,26.81,True,physics_chained_synthetic
BGW-060,1,5.14,production,107.02,360.54,5.88,130.9,46.3,0.013,262.3,26.81,19.59,True,physics_chained_synthetic
BGW-060,1,5.47,production,105.136,409.93,5.88,130.9,46.3,0.013,268.3,19.59,17.99,True,physics_chained_synthetic
BGW-060,1,9.34,production,81.148,2368.41,5.88,130.9,46.3,0.013,282.2,17.99,3.6,True,physics_chained_synthetic
BGW-060,1,13.33,production,61.588,11923.87,5.88,130.9,46.3,0.013,283.8,3.6,0.41,True,physics_chained_synthetic
BGW-060,1,15.01,production,56.181,19282.09,5.88,130.9,46.3,0.013,284.3,0.41,0.28,True,physics_chained_synthetic
BGW-060,1,15.51,production,54.894,21669.05,5.88,130.9,46.3,0.013,284.6,0.28,0.61,True,physics_chained_synthetic
BGW-060,1,17.35,production,51.115,30694.77,5.88,130.9,46.3,0.013,284.6,0.61,0.0,True,physics_chained_synthetic
BGW-060,1,17.88,production,50.332,33025.5,5.88,130.9,46.3,0.013,284.8,0.0,0.38,True,physics_chained_synthetic
BGW-060,1,18.44,production,49.61,35339.57,5.88,130.9,46.3,0.013,284.9,0.38,0.12,True,physics_chained_synthetic
BGW-060,1,25.2,production,46.501,47482.27,5.88,130.9,46.3,0.013,284.9,0.12,0.0,True,physics_chained_synthetic
BGW-060,1,26.55,production,46.448,47721.13,5.88,130.9,46.3,0.013,285.4,0.0,0.42,True,physics_chained_synthetic
BGW-060,1,30.47,production,46.413,47884.94,5.88,130.9,46.3,0.013,285.8,0.42,0.08,True,physics_chained_synthetic
BGW-060,1,33.32,production,46.411,47892.37,5.88,130.9,46.3,0.013,285.8,0.08,0.0,True,physics_chained_synthetic
BGW-060,1,34.5,production,46.411,47892.75,5.88,130.9,46.3,0.013,286.8,0.0,0.89,True,physics_chained_synthetic
BGW-060,1,35.6,production,46.411,47892.87,5.88,130.9,46.3,0.013,287.3,0.89,0.44,True,physics_chained_synthetic
BGW-060,1,36.64,production,46.411,47892.9,5.88,130.9,46.3,0.013,287.5,0.44,0.17,True,physics_chained_synthetic
BGW-060,1,39.92,production,46.411,47892.92,5.88,130.9,46.3,0.013,287.5,0.17,0.0,True,physics_chained_synthetic
BGW-060,2,0.23,production,146.369,32.13,3.99,93.3,43.8,0.172,50.1,218.24,218.24,True,physics_chained_synthetic
BGW-060,2,0.36,production,145.95,32.89,3.99,93.3,43.8,0.172,80.0,218.24,230.86,True,physics_chained_synthetic
BGW-060,2,0.41,production,145.781,33.2,3.99,93.3,43.8,0.172,90.5,230.86,205.06,True,physics_chained_synthetic
BGW-060,2,3.27,production,131.761,74.63,3.99,93.3,43.8,0.172,353.2,205.06,91.97,True,physics_chained_synthetic
BGW-060,2,4.46,production,125.045,112.24,3.99,93.3,43.8,0.172,422.5,91.97,57.8,True,physics_chained_synthetic
BGW-060,2,7.12,production,106.768,366.75,3.99,93.3,43.8,0.172,466.0,57.8,16.37,True,physics_chained_synthetic
BGW-060,2,8.62,production,96.347,759.15,3.99,93.3,43.8,0.172,475.7,16.37,6.48,True,physics_chained_synthetic
BGW-060,2,10.25,production,85.159,1737.77,3.99,93.3,43.8,0.172,481.4,6.48,3.51,True,physics_chained_synthetic
BGW-060,2,12.57,production,70.917,5391.03,3.99,93.3,43.8,0.172,482.6,3.51,0.52,True,physics_chained_synthetic
BGW-060,2,13.64,production,65.686,8368.04,3.99,93.3,43.8,0.172,483.6,0.52,0.97,True,physics_chained_synthetic
BGW-060,2,16.02,production,56.642,18496.18,3.99,93.3,43.8,0.172,483.6,0.97,0.0,True,physics_chained_synthetic
BGW-060,2,18.2,production,51.786,28838.5,3.99,93.3,43.8,0.172,483.6,0.0,0.0,True,physics_chained_synthetic
BGW-060,2,21.98,production,48.384,39678.01,3.99,93.3,43.8,0.172,484.2,0.0,0.16,True,physics_chained_synthetic
BGW-060,2,22.23,production,48.301,39992.2,3.99,93.3,43.8,0.172,484.2,0.16,0.0,True,physics_chained_synthetic
BGW-060,2,25.62,production,47.772,42052.25,3.99,93.3,43.8,0.172,484.8,0.0,0.18,True,physics_chained_synthetic
BGW-060,2,25.88,production,47.76,42098.79,3.99,93.3,43.8,0.172,484.8,0.18,0.01,True,physics_chained_synthetic
BGW-060,2,26.69,production,47.733,42206.46,3.99,93.3,43.8,0.172,484.8,0.01,0.0,True,physics_chained_synthetic
BGW-060,2,26.87,production,47.729,42224.15,3.99,93.3,43.8,0.172,484.8,0.0,0.0,True,physics_chained_synthetic
BGW-060,2,31.12,production,47.699,42346.37,3.99,93.3,43.8,0.172,484.8,0.0,0.0,True,physics_chained_synthetic
BGW-060,2,31.42,production,47.698,42347.18,3.99,93.3,43.8,0.172,484.8,0.0,0.0,True,physics_chained_synthetic
BGW-060,5,0.45,production,110.482,285.7,3.49,78.1,52.1,0.226,11.0,24.29,24.29,True,physics_chained_synthetic
BGW-060,5,3.25,production,100.375,570.32,3.49,78.1,52.1,0.226,38.9,24.29,10.01,True,physics_chained_synthetic
BGW-060,5,4.32,production,96.288,762.35,3.49,78.1,52.1,0.226,48.5,10.01,8.93,True,physics_chained_synthetic
BGW-060,5,6.47,production,87.147,1494.36,3.49,78.1,52.1,0.226,55.9,8.93,3.42,True,physics_chained_synthetic
BGW-060,5,7.08,production,84.584,1815.79,3.49,78.1,52.1,0.226,57.2,3.42,2.11,True,physics_chained_synthetic
BGW-060,5,8.45,production,78.609,2891.81,3.49,78.1,52.1,0.226,58.0,2.11,0.64,True,physics_chained_synthetic
BGW-060,5,11.99,production,63.641,9975.02,3.49,78.1,52.1,0.226,58.7,0.64,0.18,True,physics_chained_synthetic
BGW-060,5,16.58,production,51.311,30140.25,3.49,78.1,52.1,0.226,59.8,0.18,0.25,True,physics_chained_synthetic
BGW-060,5,17.02,production,50.677,31976.25,3.49,78.1,52.1,0.226,59.8,0.25,0.0,True,physics_chained_synthetic
BGW-060,5,17.57,production,49.975,34147.87,3.49,78.1,52.1,0.226,60.0,0.0,0.31,True,physics_chained_synthetic
BGW-060,5,17.9,production,49.594,35393.97,3.49,78.1,52.1,0.226,60.0,0.31,0.0,True,physics_chained_synthetic
BGW-060,5,20.0,production,47.842,41771.29,3.49,78.1,52.1,0.226,60.6,0.0,0.27,True,physics_chained_synthetic
BGW-060,5,22.29,production,46.948,45491.85,3.49,78.1,52.1,0.226,60.6,0.27,0.02,True,physics_chained_synthetic
BGW-060,5,23.14,production,46.785,46205.7,3.49,78.1,52.1,0.226,61.0,0.02,0.38,True,physics_chained_synthetic
BGW-060,5,28.95,production,46.493,47516.92,3.49,78.1,52.1,0.226,61.8,0.38,0.15,True,physics_chained_synthetic
BGW-060,5,32.0,production,46.488,47539.44,3.49,78.1,52.1,0.226,62.2,0.15,0.13,True,physics_chained_synthetic
BGW-060,5,32.0,production,46.488,47539.44,3.49,78.1,52.1,0.226,62.2,0.13,0.07,True,physics_chained_synthetic
BGW-060,5,33.56,production,46.488,47540.77,3.49,78.1,52.1,0.226,62.2,0.07,0.0,True,physics_chained_synthetic
BGW-060,5,34.89,production,46.488,47541.05,3.49,78.1,52.1,0.226,62.7,0.0,0.37,True,physics_chained_synthetic
BGW-060,5,36.0,production,46.488,47541.12,3.49,78.1,52.1,0.226,62.7,0.37,0.0,True,physics_chained_synthetic
BGW-060,4,5.38,production,113.316,236.89,4.4,103.6,58.9,0.215,156.2,29.04,29.04,True,physics_chained_synthetic
BGW-060,4,6.16,production,108.258,331.59,4.4,103.6,58.9,0.215,169.4,29.04,16.96,True,physics_chained_synthetic
BGW-060,4,12.67,production,65.216,8711.03,4.4,103.6,58.9,0.215,174.0,16.96,0.71,True,physics_chained_synthetic
BGW-060,4,13.85,production,60.626,12973.27,4.4,103.6,58.9,0.215,174.6,0.71,0.47,True,physics_chained_synthetic
BGW-060,4,16.11,production,53.918,23690.51,4.4,103.6,58.9,0.215,174.6,0.47,0.0,True,physics_chained_synthetic
BGW-060,4,17.07,production,51.98,28322.25,4.4,103.6,58.9,0.215,175.0,0.0,0.42,True,physics_chained_synthetic
BGW-060,4,18.32,production,50.077,33823.4,4.4,103.6,58.9,0.215,175.5,0.42,0.45,True,physics_chained_synthetic
BGW-060,4,19.66,production,48.684,38567.71,4.4,103.6,58.9,0.215,176.0,0.45,0.37,True,physics_chained_synthetic
BGW-060,4,20.06,production,48.38,39692.18,4.4,103.6,58.9,0.215,176.2,0.37,0.44,True,physics_chained_synthetic
BGW-060,4,21.0,production,47.809,41903.79,4.4,103.6,58.9,0.215,176.2,0.44,0.0,True,physics_chained_synthetic
BGW-060,4,23.99,production,46.944,45506.21,4.4,103.6,58.9,0.215,176.7,0.0,0.18,True,physics_chained_synthetic
BGW-060,4,25.02,production,46.843,45949.03,4.4,103.6,58.9,0.215,176.9,0.18,0.13,True,physics_chained_synthetic
BGW-060,4,28.25,production,46.735,46426.06,4.4,103.6,58.9,0.215,176.9,0.13,0.0,True,physics_chained_synthetic
BGW-060,4,29.42,production,46.728,46459.74,4.4,103.6,58.9,0.215,177.0,0.0,0.13,True,physics_chained_synthetic
BGW-060,4,29.74,production,46.727,46464.81,4.4,103.6,58.9,0.215,177.0,0.13,0.0,True,physics_chained_synthetic
BGW-060,4,31.81,production,46.723,46479.43,4.4,103.6,58.9,0.215,177.1,0.0,0.03,True,physics_chained_synthetic
BGW-060,4,34.06,production,46.723,46481.95,4.4,103.6,58.9,0.215,178.3,0.03,0.54,True,physics_chained_synthetic
BGW-060,4,34.79,production,46.723,46482.12,4.4,103.6,58.9,0.215,178.4,0.54,0.22,True,physics_chained_synthetic
BGW-060,4,36.41,production,46.723,46482.24,4.4,103.6,58.9,0.215,178.4,0.22,0.0,True,physics_chained_synthetic
BGW-060,4,38.62,production,46.723,46482.26,4.4,103.6,58.9,0.215,178.4,0.0,0.0,True,physics_chained_synthetic
BGW-061,5,0.34,production,143.023,38.77,6.0,115.3,48.7,0.241,65.8,193.88,193.88,True,physics_chained_synthetic
BGW-061,5,3.0,production,127.897,94.23,6.0,115.3,48.7,0.241,248.3,193.88,68.52,True,physics_chained_synthetic
BGW-061,5,7.69,production,96.762,736.88,6.0,115.3,48.7,0.241,291.0,68.52,9.13,True,physics_chained_synthetic
BGW-061,5,8.17,production,93.841,909.85,6.0,115.3,48.7,0.241,294.1,9.13,6.33,True,physics_chained_synthetic
BGW-061,5,8.22,production,93.541,929.98,6.0,115.3,48.7,0.241,294.3,6.33,5.54,True,physics_chained_synthetic
BGW-061,5,8.5,production,91.86,1051.75,6.0,115.3,48.7,0.241,295.7,5.54,4.99,True,physics_chained_synthetic
BGW-061,5,9.22,production,87.522,1452.62,6.0,115.3,48.7,0.241,298.0,4.99,3.11,True,physics_chained_synthetic
BGW-061,5,9.75,production,84.471,1831.67,6.0,115.3,48.7,0.241,299.4,3.11,2.76,True,physics_chained_synthetic
BGW-061,5,13.54,production,64.347,9385.74,6.0,115.3,48.7,0.241,299.4,2.76,0.0,True,physics_chained_synthetic
BGW-061,5,21.04,production,48.169,40493.66,6.0,115.3,48.7,0.241,299.4,0.0,0.0,True,physics_chained_synthetic
BGW-061,5,22.61,production,47.61,42706.4,6.0,115.3,48.7,0.241,299.4,0.0,0.0,True,physics_chained_synthetic
BGW-061,5,24.21,production,47.323,43891.49,6.0,115.3,48.7,0.241,299.4,0.0,0.0,True,physics_chained_synthetic
BGW-061,5,24.63,production,47.278,44076.97,6.0,115.3,48.7,0.241,299.4,0.0,0.0,True,physics_chained_synthetic
BGW-061,5,31.33,production,47.116,44767.57,6.0,115.3,48.7,0.241,299.4,0.0,0.0,True,physics_chained_synthetic
BGW-061,5,32.2,production,47.115,44769.73,6.0,115.3,48.7,0.241,299.4,0.0,0.0,True,physics_chained_synthetic
BGW-061,5,33.96,production,47.115,44771.21,6.0,115.3,48.7,0.241,300.4,0.0,0.55,True,physics_chained_synthetic
BGW-061,5,34.26,production,47.115,44771.3,6.0,115.3,48.7,0.241,300.4,0.55,0.0,True,physics_chained_synthetic
BGW-061,5,34.75,production,47.115,44771.39,6.0,115.3,48.7,0.241,300.4,0.0,0.01,True,physics_chained_synthetic
BGW-061,5,35.04,production,47.115,44771.43,6.0,115.3,48.7,0.241,300.4,0.01,0.0,True,physics_chained_synthetic
BGW-061,5,36.66,production,47.115,44771.52,6.0,115.3,48.7,0.241,300.4,0.0,0.0,True,physics_chained_synthetic
BGW-061,2,1.23,production,123.359,124.63,3.82,110.2,48.6,0.126,75.0,61.16,61.16,True,physics_chained_synthetic
BGW-061,2,2.26,production,118.503,169.32,3.82,110.2,48.6,0.126,126.5,61.16,49.7,True,physics_chained_synthetic
BGW-061,2,2.35,production,118.088,173.87,3.82,110.2,48.6,0.126,130.2,49.7,41.34,True,physics_chained_synthetic
BGW-061,2,3.13,production,114.221,223.27,3.82,110.2,48.6,0.126,154.0,41.34,30.44,True,physics_chained_synthetic
BGW-061,2,4.01,production,109.665,301.71,3.82,110.2,48.6,0.126,175.0,30.44,24.04,True,physics_chained_synthetic
BGW-061,2,4.23,production,108.477,326.75,3.82,110.2,48.6,0.126,179.9,24.04,21.53,True,physics_chained_synthetic
BGW-061,2,6.67,production,94.029,897.52,3.82,110.2,48.6,0.126,196.5,21.53,6.84,True,physics_chained_synthetic
BGW-061,2,7.19,production,91.095,1112.77,3.82,110.2,48.6,0.126,199.8,6.84,6.26,True,physics_chained_synthetic
BGW-061,2,11.21,production,68.307,6701.98,3.82,110.2,48.6,0.126,201.4,6.26,0.41,True,physics_chained_synthetic
BGW-061,2,13.32,production,60.094,13596.11,3.82,110.2,48.6,0.126,201.5,0.41,0.03,True,physics_chained_synthetic
BGW-061,2,17.27,production,51.074,30813.19,3.82,110.2,48.6,0.126,201.5,0.03,0.0,True,physics_chained_synthetic
BGW-061,2,18.05,production,50.227,33351.14,3.82,110.2,48.6,0.126,201.6,0.0,0.21,True,physics_chained_synthetic
BGW-061,2,23.7,production,47.953,41335.26,3.82,110.2,48.6,0.126,203.9,0.21,0.4,True,physics_chained_synthetic
BGW-061,2,31.87,production,47.839,41783.14,3.82,110.2,48.6,0.126,203.9,0.4,0.0,True,physics_chained_synthetic
BGW-061,2,32.74,production,47.839,41783.36,3.82,110.2,48.6,0.126,204.0,0.0,0.06,True,physics_chained_synthetic
BGW-061,2,33.42,production,47.839,41783.44,3.82,110.2,48.6,0.126,204.0,0.06,0.0,True,physics_chained_synthetic
BGW-061,2,35.25,production,47.839,41783.51,3.82,110.2,48.6,0.126,204.0,0.0,0.0,True,physics_chained_synthetic
BGW-061,2,35.61,production,47.839,41783.51,3.82,110.2,48.6,0.126,204.0,0.0,0.0,True,physics_chained_synthetic
BGW-061,2,36.54,production,47.839,41783.52,3.82,110.2,48.6,0.126,204.0,0.0,0.09,True,physics_chained_synthetic
BGW-061,2,38.57,production,47.839,41783.52,3.82,110.2,48.6,0.126,204.1,0.09,0.01,True,physics_chained_synthetic
BGW-062,5,3.53,production,141.208,42.98,6.16,78.8,55.8,0.237,526.8,149.45,149.45,True,physics_chained_synthetic
BGW-062,5,6.36,production,120.438,149.72,6.16,78.8,55.8,0.237,633.9,149.45,37.71,True,physics_chained_synthetic
BGW-062,5,7.31,production,113.552,233.26,6.16,78.8,55.8,0.237,655.6,37.71,23.01,True,physics_chained_synthetic
BGW-062,5,10.97,production,85.632,1676.24,6.16,78.8,55.8,0.237,667.5,23.01,3.27,True,physics_chained_synthetic
BGW-062,5,11.03,production,85.247,1726.14,6.16,78.8,55.8,0.237,667.7,3.27,2.48,True,physics_chained_synthetic
BGW-062,5,11.96,production,79.286,2740.99,6.16,78.8,55.8,0.237,668.7,2.48,1.11,True,physics_chained_synthetic
BGW-062,5,13.38,production,71.088,5315.1,6.16,78.8,55.8,0.237,669.8,1.11,0.79,True,physics_chained_synthetic
BGW-062,5,15.96,production,59.302,14582.75,6.16,78.8,55.8,0.237,670.2,0.79,0.13,True,physics_chained_synthetic
BGW-062,5,21.52,production,48.24,40221.2,6.16,78.8,55.8,0.237,672.6,0.13,0.44,True,physics_chained_synthetic
BGW-062,5,21.73,production,48.108,40728.13,6.16,78.8,55.8,0.237,672.7,0.44,0.28,True,physics_chained_synthetic
BGW-062,5,22.54,production,47.695,42362.9,6.16,78.8,55.8,0.237,672.7,0.28,0.05,True,physics_chained_synthetic
BGW-062,5,22.77,production,47.6,42746.34,6.16,78.8,55.8,0.237,672.7,0.05,0.0,True,physics_chained_synthetic
BGW-062,5,24.55,production,47.112,44785.01,6.16,78.8,55.8,0.237,673.1,0.0,0.2,True,physics_chained_synthetic
BGW-062,5,24.76,production,47.077,44931.57,6.16,78.8,55.8,0.237,673.1,0.2,0.0,True,physics_chained_synthetic
BGW-062,5,25.19,production,47.018,45189.5,6.16,78.8,55.8,0.237,673.1,0.0,0.04,True,physics_chained_synthetic
BGW-062,5,32.06,production,46.804,46119.84,6.16,78.8,55.8,0.237,674.3,0.04,0.18,True,physics_chained_synthetic
BGW-062,5,35.82,production,46.804,46124.12,6.16,78.8,55.8,0.237,674.6,0.18,0.08,True,physics_chained_synthetic
BGW-062,5,35.87,production,46.804,46124.12,6.16,78.8,55.8,0.237,674.6,0.08,0.0,True,physics_chained_synthetic
BGW-062,5,36.05,production,46.804,46124.14,6.16,78.8,55.8,0.237,674.6,0.0,0.0,True,physics_chained_synthetic
BGW-062,5,37.63,production,46.804,46124.2,6.16,78.8,55.8,0.237,675.2,0.0,0.38,True,physics_chained_synthetic
BGW-063,5,0.33,production,158.823,16.38,5.99,117.1,55.8,0.141,161.6,489.26,489.26,True,physics_chained_synthetic
BGW-063,5,4.41,production,132.8,70.15,5.99,117.1,55.8,0.141,558.5,489.26,97.32,True,physics_chained_synthetic
BGW-063,5,6.07,production,121.339,141.44,5.99,117.1,55.8,0.141,635.2,97.32,46.25,True,physics_chained_synthetic
BGW-063,5,12.11,production,75.116,3823.93,5.99,117.1,55.8,0.141,639.9,46.25,0.76,True,physics_chained_synthetic
BGW-063,5,12.15,production,74.946,3877.07,5.99,117.1,55.8,0.141,639.9,0.76,1.04,True,physics_chained_synthetic
BGW-063,5,12.26,production,74.326,4076.68,5.99,117.1,55.8,0.141,640.0,1.04,0.56,True,physics_chained_synthetic
BGW-063,5,14.51,production,63.016,10529.31,5.99,117.1,55.8,0.141,640.4,0.56,0.19,True,physics_chained_synthetic
BGW-063,5,14.64,production,62.468,11042.7,5.99,117.1,55.8,0.141,640.4,0.19,0.23,True,physics_chained_synthetic
BGW-063,5,15.51,production,59.208,14704.35,5.99,117.1,55.8,0.141,640.9,0.23,0.6,True,physics_chained_synthetic
BGW-063,5,16.62,production,55.696,20146.8,5.99,117.1,55.8,0.141,642.0,0.6,0.96,True,physics_chained_synthetic
BGW-063,5,19.86,production,49.317,36329.36,5.99,117.1,55.8,0.141,642.0,0.96,0.0,True,physics_chained_synthetic
BGW-063,5,22.9,production,47.188,44457.24,5.99,117.1,55.8,0.141,642.3,0.0,0.11,True,physics_chained_synthetic
BGW-063,5,23.05,production,47.139,44667.3,5.99,117.1,55.8,0.141,642.4,0.11,0.52,True,physics_chained_synthetic
BGW-063,5,24.43,production,46.81,46093.7,5.99,117.1,55.8,0.141,642.6,0.52,0.12,True,physics_chained_synthetic
BGW-063,5,24.59,production,46.784,46210.56,5.99,117.1,55.8,0.141,642.6,0.12,0.2,True,physics_chained_synthetic
BGW-063,5,24.87,production,46.744,46387.5,5.99,117.1,55.8,0.141,642.6,0.2,0.0,True,physics_chained_synthetic
BGW-063,5,26.01,production,46.629,46902.93,5.99,117.1,55.8,0.141,642.6,0.0,0.0,True,physics_chained_synthetic
BGW-063,5,32.44,production,46.512,47429.15,5.99,117.1,55.8,0.141,642.6,0.0,0.0,True,physics_chained_synthetic
BGW-063,5,36.22,production,46.512,47431.91,5.99,117.1,55.8,0.141,642.6,0.0,0.0,True,physics_chained_synthetic
BGW-063,5,37.41,production,46.512,47431.95,5.99,117.1,55.8,0.141,642.6,0.0,0.0,True,physics_chained_synthetic
BGW-064,2,1.97,production,131.368,76.4,6.34,75.2,54.3,0.141,201.8,102.51,102.51,True,physics_chained_synthetic
BGW-064,2,2.83,production,127.032,99.34,6.34,75.2,54.3,0.141,265.7,102.51,74.22,True,physics_chained_synthetic
BGW-064,2,2.85,production,126.932,99.94,6.34,75.2,54.3,0.141,267.3,74.22,79.14,True,physics_chained_synthetic
BGW-064,2,4.32,production,118.745,166.73,6.34,75.2,54.3,0.141,330.6,79.14,43.04,True,physics_chained_synthetic
BGW-064,2,6.47,production,105.431,401.73,6.34,75.2,54.3,0.141,364.2,43.04,15.65,True,physics_chained_synthetic
BGW-064,2,9.14,production,88.074,1393.62,6.34,75.2,54.3,0.141,374.5,15.65,3.86,True,physics_chained_synthetic
BGW-064,2,9.93,production,83.42,1985.63,6.34,75.2,54.3,0.141,376.6,3.86,2.64,True,physics_chained_synthetic
BGW-064,2,10.64,production,79.378,2721.27,6.34,75.2,54.3,0.141,378.5,2.64,2.72,True,physics_chained_synthetic
BGW-064,2,19.0,production,49.945,34244.4,6.34,75.2,54.3,0.141,383.8,2.72,0.63,True,physics_chained_synthetic
BGW-064,2,19.31,production,49.703,35033.0,6.34,75.2,54.3,0.141,383.9,0.63,0.19,True,physics_chained_synthetic
BGW-064,2,19.67,production,49.447,35884.97,6.34,75.2,54.3,0.141,383.9,0.19,0.0,True,physics_chained_synthetic
BGW-064,2,24.35,production,48.008,41117.32,6.34,75.2,54.3,0.141,383.9,0.0,0.0,True,physics_chained_synthetic
BGW-064,2,24.45,production,48.001,41147.49,6.34,75.2,54.3,0.141,383.9,0.0,0.09,True,physics_chained_synthetic
BGW-064,2,26.09,production,47.925,41445.68,6.34,75.2,54.3,0.141,384.8,0.09,0.55,True,physics_chained_synthetic
BGW-064,2,26.1,production,47.924,41446.47,6.34,75.2,54.3,0.141,384.8,0.55,0.0,True,physics_chained_synthetic
BGW-064,2,26.81,production,47.909,41508.32,6.34,75.2,54.3,0.141,385.0,0.0,0.28,True,physics_chained_synthetic
BGW-064,2,27.2,production,47.903,41531.49,6.34,75.2,54.3,0.141,385.1,0.28,0.14,True,physics_chained_synthetic
BGW-064,2,29.8,production,47.887,41596.21,6.34,75.2,54.3,0.141,387.4,0.14,0.88,True,physics_chained_synthetic
BGW-064,2,29.93,production,47.886,41597.18,6.34,75.2,54.3,0.141,387.4,0.88,0.24,True,physics_chained_synthetic
BGW-064,2,32.66,production,47.884,41604.88,6.34,75.2,54.3,0.141,387.4,0.24,0.0,True,physics_chained_synthetic
BGW-064,1,7.03,production,74.107,4149.65,6.37,105.7,37.8,0.031,13.8,1.97,1.97,True,physics_chained_synthetic
BGW-064,1,7.51,production,72.246,4831.32,6.37,105.7,37.8,0.031,14.3,1.97,1.0,True,physics_chained_synthetic
BGW-064,1,8.78,production,67.375,7249.91,6.37,105.7,37.8,0.031,16.3,1.0,1.55,True,physics_chained_synthetic
BGW-064,1,10.09,production,62.776,10751.05,6.37,105.7,37.8,0.031,17.0,1.55,0.51,True,physics_chained_synthetic
BGW-064,1,11.36,production,58.829,15207.91,6.37,105.7,37.8,0.031,17.1,0.51,0.15,True,physics_chained_synthetic
BGW-064,1,13.45,production,53.595,24402.24,6.37,105.7,37.8,0.031,18.0,0.15,0.43,True,physics_chained_synthetic
BGW-064,1,14.12,production,52.317,27453.72,6.37,105.7,37.8,0.031,18.3,0.43,0.43,True,physics_chained_synthetic
BGW-064,1,16.91,production,48.505,39223.29,6.37,105.7,37.8,0.031,19.9,0.43,0.56,True,physics_chained_synthetic
BGW-064,1,17.62,production,47.932,41416.82,6.37,105.7,37.8,0.031,19.9,0.56,0.03,True,physics_chained_synthetic
BGW-064,1,17.96,production,47.705,42322.23,6.37,105.7,37.8,0.031,20.1,0.03,0.6,True,physics_chained_synthetic
BGW-064,1,18.05,production,47.65,42543.93,6.37,105.7,37.8,0.031,20.1,0.6,0.0,True,physics_chained_synthetic
BGW-064,1,24.82,production,46.099,49349.09,6.37,105.7,37.8,0.031,20.1,0.0,0.0,True,physics_chained_synthetic
BGW-064,1,27.77,production,46.069,49494.12,6.37,105.7,37.8,0.031,20.1,0.0,0.0,True,physics_chained_synthetic
BGW-064,1,30.77,production,46.065,49511.56,6.37,105.7,37.8,0.031,20.1,0.0,0.0,True,physics_chained_synthetic
BGW-064,1,30.83,production,46.065,49511.63,6.37,105.7,37.8,0.031,20.1,0.0,0.0,True,physics_chained_synthetic
BGW-064,1,36.16,production,46.065,49512.94,6.37,105.7,37.8,0.031,20.1,0.0,0.0,True,physics_chained_synthetic
BGW-064,1,36.7,production,46.065,49512.94,6.37,105.7,37.8,0.031,20.1,0.0,0.03,True,physics_chained_synthetic
BGW-064,1,39.34,production,46.065,49512.94,6.37,105.7,37.8,0.031,21.2,0.03,0.4,True,physics_chained_synthetic
BGW-064,1,39.61,production,46.065,49512.94,6.37,105.7,37.8,0.031,21.2,0.4,0.0,True,physics_chained_synthetic
BGW-064,1,39.85,production,46.065,49512.94,6.37,105.7,37.8,0.031,21.3,0.0,0.39,True,physics_chained_synthetic
BGW-065,2,1.92,production,100.766,554.89,5.42,130.1,47.7,0.171,26.3,13.66,13.66,True,physics_chained_synthetic
BGW-065,2,3.8,production,93.752,915.8,5.42,130.1,47.7,0.171,43.9,13.66,9.36,True,physics_chained_synthetic
BGW-065,2,5.55,production,86.653,1551.12,5.42,130.1,47.7,0.171,52.2,9.36,4.76,True,physics_chained_synthetic
BGW-065,2,5.6,production,86.442,1576.12,5.42,130.1,47.7,0.171,52.4,4.76,5.15,True,physics_chained_synthetic
BGW-065,2,6.48,production,82.821,2079.75,5.42,130.1,47.7,0.171,55.0,5.15,2.86,True,physics_chained_synthetic
BGW-065,2,6.83,production,81.409,2320.74,5.42,130.1,47.7,0.171,56.0,2.86,2.86,True,physics_chained_synthetic
BGW-065,2,7.96,production,76.643,3382.05,5.42,130.1,47.7,0.171,58.4,2.86,2.12,True,physics_chained_synthetic
BGW-065,2,9.02,production,72.309,4806.46,5.42,130.1,47.7,0.171,59.6,2.12,1.14,True,physics_chained_synthetic
BGW-065,2,13.81,production,55.191,21092.08,5.42,130.1,47.7,0.171,61.2,1.14,0.34,True,physics_chained_synthetic
BGW-065,2,16.91,production,49.728,34949.16,5.42,130.1,47.7,0.171,62.8,0.34,0.52,True,physics_chained_synthetic
BGW-065,2,21.25,production,46.99,45308.25,5.42,130.1,47.7,0.171,64.9,0.52,0.48,True,physics_chained_synthetic
BGW-065,2,23.28,production,46.68,46671.89,5.42,130.1,47.7,0.171,65.1,0.48,0.12,True,physics_chained_synthetic
BGW-065,2,29.2,production,46.529,47353.79,5.42,130.1,47.7,0.171,70.7,0.12,0.93,True,physics_chained_synthetic
BGW-065,2,31.8,production,46.527,47361.51,5.42,130.1,47.7,0.171,71.0,0.93,0.14,True,physics_chained_synthetic
BGW-065,2,34.99,production,46.527,47362.27,5.42,130.1,47.7,0.171,71.0,0.14,0.0,True,physics_chained_synthetic
BGW-065,2,35.45,production,46.527,47362.28,5.42,130.1,47.7,0.171,71.0,0.0,0.0,True,physics_chained_synthetic
BGW-065,2,37.0,production,46.527,47362.29,5.42,130.1,47.7,0.171,71.2,0.0,0.12,True,physics_chained_synthetic
BGW-065,2,38.43,production,46.527,47362.3,5.42,130.1,47.7,0.171,71.2,0.12,0.0,True,physics_chained_synthetic
BGW-065,2,39.66,production,46.527,47362.3,5.42,130.1,47.7,0.171,71.2,0.0,0.0,True,physics_chained_synthetic
BGW-065,2,39.99,production,46.527,47362.3,5.42,130.1,47.7,0.171,71.2,0.0,0.0,True,physics_chained_synthetic
BGW-065,1,1.25,production,144.494,35.68,4.73,86.7,42.1,0.172,268.4,215.29,215.29,True,physics_chained_synthetic
BGW-065,1,1.96,production,141.283,42.8,4.73,86.7,42.1,0.172,375.1,215.29,149.9,True,physics_chained_synthetic
BGW-065,1,3.08,production,135.651,59.27,4.73,86.7,42.1,0.172,519.6,149.9,129.06,True,physics_chained_synthetic
BGW-065,1,4.03,production,130.414,80.9,4.73,86.7,42.1,0.172,600.3,129.06,84.5,True,physics_chained_synthetic
BGW-065,1,9.32,production,90.979,1122.33,4.73,86.7,42.1,0.172,629.9,84.5,5.61,True,physics_chained_synthetic
BGW-065,1,16.52,production,53.513,24587.25,4.73,86.7,42.1,0.172,631.2,5.61,0.18,True,physics_chained_synthetic
BGW-065,1,16.86,production,52.815,26219.71,4.73,86.7,42.1,0.172,631.3,0.18,0.26,True,physics_chained_synthetic
BGW-065,1,16.95,production,52.633,26663.74,4.73,86.7,42.1,0.172,631.3,0.26,0.13,True,physics_chained_synthetic
BGW-065,1,17.06,production,52.44,27141.06,4.73,86.7,42.1,0.172,631.4,0.13,0.54,True,physics_chained_synthetic
BGW-065,1,17.77,production,51.204,30441.7,4.73,86.7,42.1,0.172,631.9,0.54,0.68,True,physics_chained_synthetic
BGW-065,1,21.13,production,47.884,41606.7,4.73,86.7,42.1,0.172,631.9,0.68,0.0,True,physics_chained_synthetic
BGW-065,1,22.39,production,47.413,43514.93,4.73,86.7,42.1,0.172,631.9,0.0,0.0,True,physics_chained_synthetic
BGW-065,1,22.65,production,47.346,43793.96,4.73,86.7,42.1,0.172,631.9,0.0,0.04,True,physics_chained_synthetic
BGW-065,1,22.69,production,47.335,43840.28,4.73,86.7,42.1,0.172,631.9,0.04,0.44,True,physics_chained_synthetic
BGW-065,1,23.54,production,47.163,44566.22,4.73,86.7,42.1,0.172,632.2,0.44,0.4,True,physics_chained_synthetic
BGW-065,1,28.33,production,46.882,45777.08,4.73,86.7,42.1,0.172,633.2,0.4,0.2,True,physics_chained_synthetic
BGW-065,1,31.56,production,46.872,45820.67,4.73,86.7,42.1,0.172,634.3,0.2,0.33,True,physics_chained_synthetic
BGW-065,1,32.95,production,46.872,45822.75,4.73,86.7,42.1,0.172,634.5,0.33,0.13,True,physics_chained_synthetic
BGW-065,1,33.04,production,46.872,45822.82,4.73,86.7,42.1,0.172,634.5,0.13,0.26,True,physics_chained_synthetic
BGW-065,1,37.28,production,46.872,45823.49,4.73,86.7,42.1,0.172,634.5,0.26,0.0,True,physics_chained_synthetic
BGW-066,4,0.97,production,168.498,9.97,4.52,125.9,54.5,0.17,401.0,414.45,414.45,True,physics_chained_synthetic
BGW-066,4,2.18,production,162.994,13.19,4.52,125.9,54.5,0.17,841.3,414.45,363.05,True,physics_chained_synthetic
BGW-066,4,2.62,production,160.887,14.71,4.52,125.9,54.5,0.17,997.5,363.05,353.47,True,physics_chained_synthetic
BGW-066,4,5.55,production,142.526,39.87,4.52,125.9,54.5,0.17,1456.5,353.47,156.87,True,physics_chained_synthetic
BGW-066,4,7.74,production,125.991,105.89,4.52,125.9,54.5,0.17,1570.1,156.87,51.76,True,physics_chained_synthetic
BGW-066,4,8.82,production,117.503,180.52,4.52,125.9,54.5,0.17,1599.1,51.76,26.97,True,physics_chained_synthetic
BGW-066,4,9.1,production,115.331,207.7,4.52,125.9,54.5,0.17,1606.4,26.97,26.31,True,physics_chained_synthetic
BGW-066,4,19.39,production,51.437,29788.86,4.52,125.9,54.5,0.17,1609.2,26.31,0.28,True,physics_chained_synthetic
BGW-066,4,20.38,production,50.193,33457.31,4.52,125.9,54.5,0.17,1610.1,0.28,0.9,True,physics_chained_synthetic
BGW-066,4,20.78,production,49.802,34706.03,4.52,125.9,54.5,0.17,1610.1,0.9,0.0,True,physics_chained_synthetic
BGW-066,4,20.96,production,49.642,35233.42,4.52,125.9,54.5,0.17,1610.1,0.0,0.0,True,physics_chained_synthetic
BGW-066,4,21.08,production,49.541,35570.0,4.52,125.9,54.5,0.17,1610.2,0.0,0.36,True,physics_chained_synthetic
BGW-066,4,21.78,production,49.023,37348.7,4.52,125.9,54.5,0.17,1610.3,0.36,0.23,True,physics_chained_synthetic
BGW-066,4,29.5,production,47.624,42649.48,4.52,125.9,54.5,0.17,1610.3,0.23,0.0,True,physics_chained_synthetic
BGW-066,4,30.93,production,47.618,42673.52,4.52,125.9,54.5,0.17,1610.3,0.0,0.0,True,physics_chained_synthetic
BGW-066,4,32.96,production,47.616,42682.79,4.52,125.9,54.5,0.17,1611.2,0.0,0.43,True,physics_chained_synthetic
BGW-066,4,36.44,production,47.615,42684.5,4.52,125.9,54.5,0.17,1611.2,0.43,0.0,True,physics_chained_synthetic
BGW-066,4,36.84,production,47.615,42684.51,4.52,125.9,54.5,0.17,1611.4,0.0,0.45,True,physics_chained_synthetic
BGW-066,4,37.2,production,47.615,42684.52,4.52,125.9,54.5,0.17,1611.5,0.45,0.28,True,physics_chained_synthetic
BGW-066,4,38.38,production,47.615,42684.54,4.52,125.9,54.5,0.17,1612.2,0.28,0.6,True,physics_chained_synthetic
BGW-067,3,0.68,production,124.126,118.82,4.42,134.8,47.6,0.197,42.1,62.15,62.15,True,physics_chained_synthetic
BGW-067,3,1.71,production,118.708,167.12,4.42,134.8,47.6,0.197,89.6,62.15,46.07,True,physics_chained_synthetic
BGW-067,3,1.78,production,118.339,171.11,4.42,134.8,47.6,0.197,92.8,46.07,44.82,True,physics_chained_synthetic
BGW-067,3,3.78,production,107.236,355.29,4.42,134.8,47.6,0.197,131.4,44.82,19.33,True,physics_chained_synthetic
BGW-067,3,6.12,production,93.772,914.47,4.42,134.8,47.6,0.197,146.4,19.33,6.36,True,physics_chained_synthetic
BGW-067,3,7.56,production,85.871,1646.03,4.42,134.8,47.6,0.197,150.8,6.36,3.1,True,physics_chained_synthetic
BGW-067,3,10.97,production,68.252,6733.07,4.42,134.8,47.6,0.197,154.7,3.1,1.14,True,physics_chained_synthetic
BGW-067,3,11.25,production,67.129,7402.5,4.42,134.8,47.6,0.197,154.9,1.14,0.68,True,physics_chained_synthetic
BGW-067,3,11.3,production,66.941,7521.1,4.42,134.8,47.6,0.197,154.9,0.68,0.9,True,physics_chained_synthetic
BGW-067,3,11.93,production,64.461,9294.28,4.42,134.8,47.6,0.197,155.7,0.9,1.2,True,physics_chained_synthetic
BGW-067,3,11.98,production,64.259,9457.37,4.42,134.8,47.6,0.197,155.7,1.2,1.19,True,physics_chained_synthetic
BGW-067,3,12.62,production,61.967,11535.57,4.42,134.8,47.6,0.197,156.0,1.19,0.35,True,physics_chained_synthetic
BGW-067,3,16.78,production,51.369,29975.82,4.42,134.8,47.6,0.197,156.0,0.35,0.0,True,physics_chained_synthetic
BGW-067,3,22.47,production,47.504,43137.23,4.42,134.8,47.6,0.197,158.0,0.0,0.37,True,physics_chained_synthetic
BGW-067,3,23.67,production,47.362,43729.0,4.42,134.8,47.6,0.197,158.6,0.37,0.47,True,physics_chained_synthetic
BGW-067,3,30.14,production,47.212,44358.18,4.42,134.8,47.6,0.197,158.6,0.47,0.0,True,physics_chained_synthetic
BGW-067,3,31.04,production,47.211,44360.7,4.42,134.8,47.6,0.197,158.7,0.0,0.09,True,physics_chained_synthetic
BGW-067,3,31.24,production,47.211,44361.06,4.42,134.8,47.6,0.197,158.8,0.09,0.44,True,physics_chained_synthetic
BGW-067,3,34.72,production,47.211,44362.73,4.42,134.8,47.6,0.197,160.3,0.44,0.43,True,physics_chained_synthetic
BGW-067,3,35.52,production,47.211,44362.75,4.42,134.8,47.6,0.197,160.5,0.43,0.3,True,physics_chained_synthetic
BGW-068,4,2.4,production,91.405,1087.6,4.56,83.4,46.5,0.133,17.3,7.21,7.21,True,physics_chained_synthetic
BGW-068,4,4.84,production,82.54,2125.5,4.56,83.4,46.5,0.133,26.1,7.21,3.61,True,physics_chained_synthetic
BGW-068,4,5.82,production,78.998,2804.23,4.56,83.4,46.5,0.133,28.3,3.61,2.24,True,physics_chained_synthetic
BGW-068,4,6.3,production,77.276,3215.15,4.56,83.4,46.5,0.133,28.9,2.24,1.38,True,physics_chained_synthetic
BGW-068,4,9.53,production,65.194,8727.42,4.56,83.4,46.5,0.133,33.0,1.38,1.27,True,physics_chained_synthetic
BGW-068,4,11.25,production,59.838,13906.4,4.56,83.4,46.5,0.133,34.7,1.27,0.98,True,physics_chained_synthetic
BGW-068,4,12.23,production,57.225,17551.12,4.56,83.4,46.5,0.133,34.7,0.98,0.0,True,physics_chained_synthetic
BGW-068,4,13.17,production,55.004,21454.7,4.56,83.4,46.5,0.133,35.0,0.0,0.31,True,physics_chained_synthetic
BGW-068,4,17.32,production,48.418,39548.58,4.56,83.4,46.5,0.133,36.4,0.31,0.32,True,physics_chained_synthetic
BGW-068,4,18.65,production,47.475,43257.54,4.56,83.4,46.5,0.133,36.4,0.32,0.02,True,physics_chained_synthetic
BGW-068,4,19.12,production,47.228,44289.74,4.56,83.4,46.5,0.133,36.4,0.02,0.09,True,physics_chained_synthetic
BGW-068,4,22.63,production,46.26,48591.44,4.56,83.4,46.5,0.133,37.2,0.09,0.22,True,physics_chained_synthetic
BGW-068,4,23.85,production,46.158,49069.87,4.56,83.4,46.5,0.133,37.2,0.22,0.0,True,physics_chained_synthetic
BGW-068,4,25.42,production,46.093,49376.02,4.56,83.4,46.5,0.133,37.6,0.0,0.28,True,physics_chained_synthetic
BGW-068,4,34.08,production,46.055,49559.94,4.56,83.4,46.5,0.133,37.8,0.28,0.02,True,physics_chained_synthetic
BGW-068,4,34.71,production,46.055,49559.97,4.56,83.4,46.5,0.133,38.0,0.02,0.35,True,physics_chained_synthetic
BGW-068,4,35.69,production,46.055,49559.99,4.56,83.4,46.5,0.133,38.0,0.35,0.0,True,physics_chained_synthetic
BGW-068,4,35.86,production,46.055,49559.99,4.56,83.4,46.5,0.133,38.0,0.0,0.0,True,physics_chained_synthetic
BGW-068,4,37.04,production,46.055,49560.0,4.56,83.4,46.5,0.133,38.5,0.0,0.39,True,physics_chained_synthetic
BGW-068,4,39.63,production,46.055,49560.0,4.56,83.4,46.5,0.133,38.7,0.39,0.08,True,physics_chained_synthetic
BGW-068,5,1.73,production,121.01,144.4,3.4,100.5,57.6,0.007,108.1,62.49,62.49,True,physics_chained_synthetic
BGW-068,5,3.15,production,113.848,228.78,3.4,100.5,57.6,0.007,158.2,62.49,35.37,True,physics_chained_synthetic
BGW-068,5,3.21,production,113.504,233.99,3.4,100.5,57.6,0.007,160.9,35.37,39.23,True,physics_chained_synthetic
BGW-068,5,4.22,production,108.162,333.74,3.4,100.5,57.6,0.007,187.9,39.23,26.93,True,physics_chained_synthetic
BGW-068,5,5.55,production,100.621,560.54,3.4,100.5,57.6,0.007,210.4,26.93,16.92,True,physics_chained_synthetic
BGW-068,5,9.44,production,76.73,3358.38,3.4,100.5,57.6,0.007,219.8,16.92,2.41,True,physics_chained_synthetic
BGW-068,5,11.08,production,68.513,6587.03,3.4,100.5,57.6,0.007,220.7,2.41,0.51,True,physics_chained_synthetic
BGW-068,5,11.63,production,66.098,8079.15,3.4,100.5,57.6,0.007,221.2,0.51,0.88,True,physics_chained_synthetic
BGW-068,5,11.95,production,64.77,9050.72,3.4,100.5,57.6,0.007,221.3,0.88,0.45,True,physics_chained_synthetic
BGW-068,5,13.53,production,58.788,15263.54,3.4,100.5,57.6,0.007,221.9,0.45,0.35,True,physics_chained_synthetic
BGW-068,5,17.27,production,49.774,34798.36,3.4,100.5,57.6,0.007,223.2,0.35,0.37,True,physics_chained_synthetic
BGW-068,5,22.98,production,46.262,48580.55,3.4,100.5,57.6,0.007,223.2,0.37,0.0,True,physics_chained_synthetic
BGW-068,5,26.04,production,46.075,49463.01,3.4,100.5,57.6,0.007,223.2,0.0,0.0,True,physics_chained_synthetic
BGW-068,5,26.51,production,46.067,49503.03,3.4,100.5,57.6,0.007,223.3,0.0,0.09,True,physics_chained_synthetic
BGW-068,5,27.85,production,46.053,49567.89,3.4,100.5,57.6,0.007,223.4,0.09,0.08,True,physics_chained_synthetic
BGW-068,5,31.37,production,46.046,49603.75,3.4,100.5,57.6,0.007,224.1,0.08,0.2,True,physics_chained_synthetic
BGW-068,5,31.58,production,46.046,49604.05,3.4,100.5,57.6,0.007,224.1,0.2,0.17,True,physics_chained_synthetic
BGW-068,5,32.77,production,46.045,49605.0,3.4,100.5,57.6,0.007,224.1,0.17,0.01,True,physics_chained_synthetic
BGW-068,5,34.03,production,46.045,49605.31,3.4,100.5,57.6,0.007,224.1,0.01,0.0,True,physics_chained_synthetic
BGW-068,5,36.26,production,46.045,49605.41,3.4,100.5,57.6,0.007,224.2,0.0,0.03,True,physics_chained_synthetic
BGW-069,1,0.23,production,138.699,49.64,4.89,79.7,44.0,0.19,36.5,157.77,157.77,True,physics_chained_synthetic
BGW-069,1,3.74,production,118.528,169.05,4.89,79.7,44.0,0.19,184.9,157.77,42.35,True,physics_chained_synthetic
BGW-069,1,5.25,production,109.409,306.92,4.89,79.7,44.0,0.19,217.0,42.35,21.13,True,physics_chained_synthetic
BGW-069,1,7.73,production,93.463,935.26,4.89,79.7,44.0,0.19,233.1,21.13,6.51,True,physics_chained_synthetic
BGW-069,1,11.83,production,68.837,6410.7,4.89,79.7,44.0,0.19,238.4,6.51,1.31,True,physics_chained_synthetic
BGW-069,1,14.8,production,57.097,17755.18,4.89,79.7,44.0,0.19,240.9,1.31,0.82,True,physics_chained_synthetic
BGW-069,1,15.47,production,55.284,20914.95,4.89,79.7,44.0,0.19,240.9,0.82,0.0,True,physics_chained_synthetic
BGW-069,1,16.44,production,53.075,25597.75,4.89,79.7,44.0,0.19,240.9,0.0,0.0,True,physics_chained_synthetic
BGW-069,1,17.38,production,51.352,30024.75,4.89,79.7,44.0,0.19,241.4,0.0,0.57,True,physics_chained_synthetic
BGW-069,1,22.7,production,47.185,44471.98,4.89,79.7,44.0,0.19,242.3,0.57,0.16,True,physics_chained_synthetic
BGW-069,1,25.25,production,46.895,45723.05,4.89,79.7,44.0,0.19,243.9,0.16,0.64,True,physics_chained_synthetic
BGW-069,1,25.59,production,46.879,45791.11,4.89,79.7,44.0,0.19,243.9,0.64,0.16,True,physics_chained_synthetic
BGW-069,1,27.56,production,46.831,46003.43,4.89,79.7,44.0,0.19,244.5,0.16,0.29,True,physics_chained_synthetic
BGW-069,1,27.73,production,46.829,46012.21,4.89,79.7,44.0,0.19,244.6,0.29,0.4,True,physics_chained_synthetic
BGW-069,1,28.06,production,46.826,46025.85,4.89,79.7,44.0,0.19,244.7,0.4,0.22,True,physics_chained_synthetic
BGW-069,1,31.87,production,46.815,46073.47,4.89,79.7,44.0,0.19,246.1,0.22,0.38,True,physics_chained_synthetic
BGW-069,1,32.13,production,46.815,46073.86,4.89,79.7,44.0,0.19,246.1,0.38,0.07,True,physics_chained_synthetic
BGW-069,1,33.18,production,46.815,46074.75,4.89,79.7,44.0,0.19,246.2,0.07,0.05,True,physics_chained_synthetic
BGW-069,1,34.42,production,46.815,46075.11,4.89,79.7,44.0,0.19,246.5,0.05,0.28,True,physics_chained_synthetic
BGW-069,1,38.67,production,46.815,46075.25,4.89,79.7,44.0,0.19,247.0,0.28,0.1,True,physics_chained_synthetic
BGW-069,2,3.75,production,120.244,151.57,4.03,82.9,51.8,0.12,198.2,52.8,52.8,True,physics_chained_synthetic
BGW-069,2,4.53,production,115.791,201.59,4.03,82.9,51.8,0.12,225.7,52.8,35.47,True,physics_chained_synthetic
BGW-069,2,4.57,production,115.572,204.48,4.03,82.9,51.8,0.12,227.0,35.47,32.63,True,physics_chained_synthetic
BGW-069,2,6.91,production,100.511,564.88,4.03,82.9,51.8,0.12,254.9,32.63,11.9,True,physics_chained_synthetic
BGW-069,2,10.37,production,78.105,3009.68,4.03,82.9,51.8,0.12,260.1,11.9,1.51,True,physics_chained_synthetic
BGW-069,2,10.75,production,76.044,3548.52,4.03,82.9,51.8,0.12,260.6,1.51,1.47,True,physics_chained_synthetic
BGW-069,2,10.79,production,75.835,3608.67,4.03,82.9,51.8,0.12,260.7,1.47,1.22,True,physics_chained_synthetic
BGW-069,2,13.29,production,63.598,10011.95,4.03,82.9,51.8,0.12,261.7,1.22,0.4,True,physics_chained_synthetic
BGW-069,2,17.29,production,51.834,28709.76,4.03,82.9,51.8,0.12,263.5,0.4,0.46,True,physics_chained_synthetic
BGW-069,2,19.52,production,49.077,37161.31,4.03,82.9,51.8,0.12,263.5,0.46,0.0,True,physics_chained_synthetic
BGW-069,2,21.24,production,48.027,41044.09,4.03,82.9,51.8,0.12,263.6,0.0,0.08,True,physics_chained_synthetic
BGW-069,2,21.76,production,47.829,41824.86,4.03,82.9,51.8,0.12,263.9,0.08,0.52,True,physics_chained_synthetic
BGW-069,2,22.16,production,47.705,42322.6,4.03,82.9,51.8,0.12,264.0,0.52,0.1,True,physics_chained_synthetic
BGW-069,2,24.61,production,47.284,44053.57,4.03,82.9,51.8,0.12,264.0,0.1,0.0,True,physics_chained_synthetic
BGW-069,2,25.33,production,47.235,44260.29,4.03,82.9,51.8,0.12,264.0,0.0,0.03,True,physics_chained_synthetic
BGW-069,2,25.77,production,47.213,44352.29,4.03,82.9,51.8,0.12,264.0,0.03,0.0,True,physics_chained_synthetic
BGW-069,2,28.78,production,47.155,44600.69,4.03,82.9,51.8,0.12,264.3,0.0,0.11,True,physics_chained_synthetic
BGW-069,2,32.0,production,47.148,44628.77,4.03,82.9,51.8,0.12,264.3,0.11,0.0,True,physics_chained_synthetic
BGW-069,2,32.29,production,47.148,44629.18,4.03,82.9,51.8,0.12,264.3,0.0,0.13,True,physics_chained_synthetic
BGW-069,2,36.9,production,47.148,44630.45,4.03,82.9,51.8,0.12,265.0,0.13,0.15,True,physics_chained_synthetic
BGW-070,5,9.63,production,62.136,11366.54,4.15,137.2,41.1,0.034,6.3,0.66,0.66,True,physics_chained_synthetic
BGW-070,5,9.74,production,61.793,11711.96,4.15,137.2,41.1,0.034,6.4,0.66,0.38,True,physics_chained_synthetic
BGW-070,5,10.64,production,59.037,14930.0,4.15,137.2,41.1,0.034,6.4,0.38,0.0,True,physics_chained_synthetic
BGW-070,5,10.68,production,58.928,15074.25,4.15,137.2,41.1,0.034,6.4,0.0,0.0,True,physics_chained_synthetic
BGW-070,5,12.4,production,54.578,22304.16,4.15,137.2,41.1,0.034,7.1,0.0,0.43,True,physics_chained_synthetic
BGW-070,5,12.53,production,54.295,22887.28,4.15,137.2,41.1,0.034,7.1,0.43,0.0,True,physics_chained_synthetic
BGW-070,5,14.08,production,51.485,29655.5,4.15,137.2,41.1,0.034,8.1,0.0,0.65,True,physics_chained_synthetic
BGW-070,5,15.88,production,49.261,36520.99,4.15,137.2,41.1,0.034,9.3,0.65,0.68,True,physics_chained_synthetic
BGW-070,5,17.14,production,48.247,40194.4,4.15,137.2,41.1,0.034,9.3,0.68,0.0,True,physics_chained_synthetic
BGW-070,5,18.35,production,47.591,42783.78,4.15,137.2,41.1,0.034,9.5,0.0,0.13,True,physics_chained_synthetic
BGW-070,5,20.58,production,46.932,45561.59,4.15,137.2,41.1,0.034,9.5,0.13,0.0,True,physics_chained_synthetic
BGW-070,5,21.85,production,46.758,46324.76,4.15,137.2,41.1,0.034,9.5,0.0,0.01,True,physics_chained_synthetic
BGW-070,5,23.13,production,46.664,46743.81,4.15,137.2,41.1,0.034,9.5,0.01,0.0,True,physics_chained_synthetic
BGW-070,5,26.72,production,46.585,47101.32,4.15,137.2,41.1,0.034,9.9,0.0,0.1,True,physics_chained_synthetic
BGW-070,5,27.4,production,46.582,47114.78,4.15,137.2,41.1,0.034,9.9,0.1,0.0,True,physics_chained_synthetic
BGW-070,5,30.06,production,46.578,47132.59,4.15,137.2,41.1,0.034,9.9,0.0,0.0,True,physics_chained_synthetic
BGW-070,5,32.66,production,46.577,47134.52,4.15,137.2,41.1,0.034,9.9,0.0,0.0,True,physics_chained_synthetic
BGW-070,5,32.78,production,46.577,47134.54,4.15,137.2,41.1,0.034,9.9,0.0,0.51,True,physics_chained_synthetic
BGW-070,5,38.2,production,46.577,47134.69,4.15,137.2,41.1,0.034,11.6,0.51,0.31,True,physics_chained_synthetic
BGW-070,5,38.69,production,46.577,47134.69,4.15,137.2,41.1,0.034,11.6,0.31,0.0,True,physics_chained_synthetic
BGW-070,4,0.72,production,152.779,22.61,5.53,115.7,59.7,0.244,238.9,332.3,332.3,True,physics_chained_synthetic
BGW-070,4,0.97,production,151.469,24.27,5.53,115.7,59.7,0.244,317.6,332.3,310.53,True,physics_chained_synthetic
BGW-070,4,4.61,production,128.104,93.04,5.53,115.7,59.7,0.244,565.8,310.53,68.29,True,physics_chained_synthetic
BGW-070,4,6.85,production,112.31,253.11,5.53,115.7,59.7,0.244,615.6,68.29,22.17,True,physics_chained_synthetic
BGW-070,4,7.53,production,107.604,346.55,5.53,115.7,59.7,0.244,627.4,22.17,17.4,True,physics_chained_synthetic
BGW-070,4,10.69,production,84.797,1786.47,5.53,115.7,59.7,0.244,633.3,17.4,1.87,True,physics_chained_synthetic
BGW-070,4,11.33,production,80.799,2433.81,5.53,115.7,59.7,0.244,634.4,1.87,1.79,True,physics_chained_synthetic
BGW-070,4,11.65,production,78.893,2827.58,5.53,115.7,59.7,0.244,635.0,1.79,1.63,True,physics_chained_synthetic
BGW-070,4,13.98,production,66.164,8034.17,5.53,115.7,59.7,0.244,635.0,1.63,0.0,True,physics_chained_synthetic
BGW-070,4,17.35,production,54.21,23066.59,5.53,115.7,59.7,0.244,635.5,0.0,0.17,True,physics_chained_synthetic
BGW-070,4,20.87,production,48.93,37680.63,5.53,115.7,59.7,0.244,635.5,0.17,0.0,True,physics_chained_synthetic
BGW-070,4,23.26,production,47.746,42156.73,5.53,115.7,59.7,0.244,636.1,0.0,0.24,True,physics_chained_synthetic
BGW-070,4,25.12,production,47.401,43565.42,5.53,115.7,59.7,0.244,636.2,0.24,0.07,True,physics_chained_synthetic
BGW-070,4,28.93,production,47.23,44280.14,5.53,115.7,59.7,0.244,636.2,0.07,0.0,True,physics_chained_synthetic
BGW-070,4,31.13,production,47.22,44325.28,5.53,115.7,59.7,0.244,636.6,0.0,0.14,True,physics_chained_synthetic
BGW-070,4,32.52,production,47.218,44331.6,5.53,115.7,59.7,0.244,636.6,0.14,0.0,True,physics_chained_synthetic
BGW-070,4,32.79,production,47.218,44332.16,5.53,115.7,59.7,0.244,636.6,0.0,0.0,True,physics_chained_synthetic
BGW-070,4,34.62,production,47.218,44333.8,5.53,115.7,59.7,0.244,636.6,0.0,0.0,True,physics_chained_synthetic
BGW-070,4,37.44,production,47.218,44334.1,5.53,115.7,59.7,0.244,636.7,0.0,0.05,True,physics_chained_synthetic
BGW-070,4,39.22,production,47.218,44334.11,5.53,115.7,59.7,0.244,636.7,0.05,0.0,True,physics_chained_synthetic
BGW-070,2,2.64,production,122.917,128.11,5.52,126.1,44.5,0.196,142.0,53.85,53.85,True,physics_chained_synthetic
BGW-070,2,5.84,production,103.564,456.71,5.52,126.1,44.5,0.196,182.4,53.85,12.62,True,physics_chained_synthetic
BGW-070,2,11.15,production,71.852,4990.57,5.52,126.1,44.5,0.196,186.0,12.62,0.67,True,physics_chained_synthetic
BGW-070,2,13.31,production,62.863,10669.65,5.52,126.1,44.5,0.196,186.5,0.67,0.23,True,physics_chained_synthetic
BGW-070,2,15.1,production,57.249,17514.16,5.52,126.1,44.5,0.196,187.3,0.23,0.49,True,physics_chained_synthetic
BGW-070,2,17.96,production,51.541,29501.18,5.52,126.1,44.5,0.196,188.3,0.49,0.33,True,physics_chained_synthetic
BGW-070,2,22.41,production,48.323,39905.82,5.52,126.1,44.5,0.196,189.0,0.33,0.16,True,physics_chained_synthetic
BGW-070,2,24.38,production,47.988,41197.46,5.52,126.1,44.5,0.196,189.0,0.16,0.0,True,physics_chained_synthetic
BGW-070,2,25.4,production,47.909,41507.99,5.52,126.1,44.5,0.196,189.5,0.0,0.44,True,physics_chained_synthetic
BGW-070,2,28.17,production,47.828,41829.7,5.52,126.1,44.5,0.196,189.5,0.44,0.0,True,physics_chained_synthetic
BGW-070,2,30.05,production,47.817,41873.51,5.52,126.1,44.5,0.196,189.6,0.0,0.05,True,physics_chained_synthetic
BGW-070,2,31.25,production,47.815,41881.94,5.52,126.1,44.5,0.196,190.0,0.05,0.33,True,physics_chained_synthetic
BGW-070,2,31.76,production,47.814,41883.69,5.52,126.1,44.5,0.196,190.0,0.33,0.12,True,physics_chained_synthetic
BGW-070,2,32.17,production,47.814,41884.63,5.52,126.1,44.5,0.196,190.3,0.12,0.69,True,physics_chained_synthetic
BGW-070,2,33.24,production,47.814,41885.97,5.52,126.1,44.5,0.196,190.5,0.69,0.2,True,physics_chained_synthetic
BGW-070,2,34.06,production,47.813,41886.4,5.52,126.1,44.5,0.196,190.6,0.2,0.06,True,physics_chained_synthetic
BGW-070,2,34.35,production,47.813,41886.49,5.52,126.1,44.5,0.196,190.6,0.06,0.0,True,physics_chained_synthetic
BGW-070,2,35.93,production,47.813,41886.7,5.52,126.1,44.5,0.196,191.0,0.0,0.26,True,physics_chained_synthetic
BGW-070,2,37.06,production,47.813,41886.74,5.52,126.1,44.5,0.196,191.2,0.26,0.18,True,physics_chained_synthetic
BGW-070,2,38.61,production,47.813,41886.75,5.52,126.1,44.5,0.196,191.2,0.18,0.0,True,physics_chained_synthetic
BGW-070,3,1.38,production,152.988,22.35,6.05,74.1,36.2,0.069,357.3,259.03,259.03,True,physics_chained_synthetic
BGW-070,3,3.66,production,139.638,47.02,6.05,74.1,36.2,0.069,731.0,259.03,163.93,True,physics_chained_synthetic
BGW-070,3,7.0,production,115.807,201.39,6.05,74.1,36.2,0.069,845.9,163.93,34.38,True,physics_chained_synthetic
BGW-070,3,7.3,production,113.722,230.68,6.05,74.1,36.2,0.069,856.0,34.38,33.65,True,physics_chained_synthetic
BGW-070,3,10.91,production,86.597,1557.72,6.05,74.1,36.2,0.069,869.3,33.65,3.69,True,physics_chained_synthetic
BGW-070,3,13.2,production,72.452,4750.48,6.05,74.1,36.2,0.069,870.3,3.69,0.42,True,physics_chained_synthetic
BGW-070,3,14.26,production,67.124,7405.52,6.05,74.1,36.2,0.069,871.2,0.42,0.92,True,physics_chained_synthetic
BGW-070,3,14.32,production,66.848,7580.73,6.05,74.1,36.2,0.069,871.3,0.92,0.73,True,physics_chained_synthetic
BGW-070,3,14.57,production,65.701,8357.67,6.05,74.1,36.2,0.069,871.6,0.73,1.11,True,physics_chained_synthetic
BGW-070,3,15.08,production,63.53,10070.78,6.05,74.1,36.2,0.069,872.0,1.11,0.92,True,physics_chained_synthetic
BGW-070,3,22.78,production,48.39,39656.35,6.05,74.1,36.2,0.069,876.3,0.92,0.55,True,physics_chained_synthetic
BGW-070,3,23.76,production,48.134,40628.47,6.05,74.1,36.2,0.069,876.3,0.55,0.0,True,physics_chained_synthetic
BGW-070,3,26.99,production,47.807,41912.76,6.05,74.1,36.2,0.069,876.8,0.0,0.16,True,physics_chained_synthetic
BGW-070,3,27.83,production,47.785,42000.03,6.05,74.1,36.2,0.069,876.8,0.16,0.02,True,physics_chained_synthetic
BGW-070,3,35.52,production,47.757,42112.38,6.05,74.1,36.2,0.069,880.3,0.02,0.45,True,physics_chained_synthetic
BGW-070,3,36.2,production,47.757,42112.41,6.05,74.1,36.2,0.069,880.3,0.45,0.11,True,physics_chained_synthetic
BGW-070,3,37.83,production,47.757,42112.44,6.05,74.1,36.2,0.069,880.7,0.11,0.21,True,physics_chained_synthetic
BGW-070,3,37.93,production,47.757,42112.44,6.05,74.1,36.2,0.069,880.7,0.21,0.32,True,physics_chained_synthetic
BGW-070,3,38.52,production,47.757,42112.45,6.05,74.1,36.2,0.069,881.0,0.32,0.44,True,physics_chained_synthetic
BGW-070,3,39.34,production,47.757,42112.45,6.05,74.1,36.2,0.069,881.5,0.44,0.71,True,physics_chained_synthetic
BGW-071,2,1.9,production,125.322,110.34,6.87,102.2,47.5,0.055,137.2,72.34,72.34,True,physics_chained_synthetic
BGW-071,2,4.84,production,107.684,344.69,6.87,102.2,47.5,0.055,199.8,72.34,21.27,True,physics_chained_synthetic
BGW-071,2,6.28,production,98.983,629.13,6.87,102.2,47.5,0.055,216.7,21.27,11.7,True,physics_chained_synthetic
BGW-071,2,7.03,production,94.523,865.91,6.87,102.2,47.5,0.055,222.9,11.7,8.33,True,physics_chained_synthetic
BGW-071,2,9.76,production,78.074,3017.14,6.87,102.2,47.5,0.055,227.6,8.33,1.71,True,physics_chained_synthetic
BGW-071,2,10.24,production,75.59,3680.44,6.87,102.2,47.5,0.055,228.7,1.71,2.32,True,physics_chained_synthetic
BGW-071,2,11.11,production,71.186,5272.07,6.87,102.2,47.5,0.055,229.9,2.32,1.36,True,physics_chained_synthetic
BGW-071,2,11.89,production,67.609,7107.92,6.87,102.2,47.5,0.055,230.5,1.36,0.83,True,physics_chained_synthetic
BGW-071,2,13.32,production,61.726,11780.78,6.87,102.2,47.5,0.055,230.9,0.83,0.24,True,physics_chained_synthetic
BGW-071,2,13.54,production,60.944,12615.3,6.87,102.2,47.5,0.055,230.9,0.24,0.1,True,physics_chained_synthetic
BGW-071,2,16.15,production,53.439,24753.82,6.87,102.2,47.5,0.055,231.5,0.1,0.26,True,physics_chained_synthetic
BGW-071,2,16.48,production,52.779,26305.0,6.87,102.2,47.5,0.055,231.8,0.26,0.76,True,physics_chained_synthetic
BGW-071,2,24.26,production,47.14,44663.33,6.87,102.2,47.5,0.055,231.8,0.76,0.0,True,physics_chained_synthetic
BGW-071,2,25.32,production,47.088,44885.03,6.87,102.2,47.5,0.055,232.5,0.0,0.62,True,physics_chained_synthetic
BGW-071,2,35.41,production,47.034,45119.9,6.87,102.2,47.5,0.055,235.9,0.62,0.34,True,physics_chained_synthetic
BGW-071,2,36.45,production,47.034,45119.91,6.87,102.2,47.5,0.055,235.9,0.34,0.0,True,physics_chained_synthetic
BGW-071,2,37.01,production,47.034,45119.91,6.87,102.2,47.5,0.055,235.9,0.0,0.13,True,physics_chained_synthetic
BGW-071,2,39.07,production,47.034,45119.91,6.87,102.2,47.5,0.055,236.7,0.13,0.37,True,physics_chained_synthetic
BGW-071,2,39.18,production,47.034,45119.91,6.87,102.2,47.5,0.055,236.7,0.37,0.01,True,physics_chained_synthetic
BGW-071,2,39.53,production,47.034,45119.91,6.87,102.2,47.5,0.055,236.7,0.01,0.0,True,physics_chained_synthetic
BGW-071,2,0.54,production,131.878,74.11,5.44,105.5,57.3,0.092,62.1,114.33,114.33,True,physics_chained_synthetic
BGW-071,2,4.18,production,110.258,290.0,5.44,105.5,57.3,0.092,151.7,114.33,24.62,True,physics_chained_synthetic
BGW-071,2,10.36,production,71.01,5349.6,5.44,105.5,57.3,0.092,160.6,24.62,1.44,True,physics_chained_synthetic
BGW-071,2,13.55,production,58.251,16011.59,5.44,105.5,57.3,0.092,160.6,1.44,0.0,True,physics_chained_synthetic
BGW-071,2,13.85,production,57.422,17244.49,5.44,105.5,57.3,0.092,160.7,0.0,0.22,True,physics_chained_synthetic
BGW-071,2,15.14,production,54.201,23085.71,5.44,105.5,57.3,0.092,161.0,0.22,0.24,True,physics_chained_synthetic
BGW-071,2,15.23,production,53.997,23518.68,5.44,105.5,57.3,0.092,161.0,0.24,0.0,True,physics_chained_synthetic
BGW-071,2,18.03,production,49.628,35280.65,5.44,105.5,57.3,0.092,161.0,0.0,0.0,True,physics_chained_synthetic
BGW-071,2,25.85,production,47.114,44773.75,5.44,105.5,57.3,0.092,161.0,0.0,0.0,True,physics_chained_synthetic
BGW-071,2,26.88,production,47.1,44834.43,5.44,105.5,57.3,0.092,161.4,0.0,0.43,True,physics_chained_synthetic
BGW-071,2,27.5,production,47.095,44855.22,5.44,105.5,57.3,0.092,161.5,0.43,0.15,True,physics_chained_synthetic
BGW-071,2,28.13,production,47.092,44869.02,5.44,105.5,57.3,0.092,161.6,0.15,0.13,True,physics_chained_synthetic
BGW-071,2,28.26,production,47.092,44871.05,5.44,105.5,57.3,0.092,161.7,0.13,0.88,True,physics_chained_synthetic
BGW-071,2,30.33,production,47.088,44887.57,5.44,105.5,57.3,0.092,161.7,0.88,0.0,True,physics_chained_synthetic
BGW-071,2,30.37,production,47.088,44887.67,5.44,105.5,57.3,0.092,161.7,0.0,0.3,True,physics_chained_synthetic
BGW-071,2,31.25,production,47.087,44889.5,5.44,105.5,57.3,0.092,161.9,0.3,0.16,True,physics_chained_synthetic
BGW-071,2,32.68,production,47.087,44890.63,5.44,105.5,57.3,0.092,162.5,0.16,0.45,True,physics_chained_synthetic
BGW-071,2,34.31,production,47.087,44890.93,5.44,105.5,57.3,0.092,162.5,0.45,0.0,True,physics_chained_synthetic
BGW-071,2,37.49,production,47.087,44890.99,5.44,105.5,57.3,0.092,162.5,0.0,0.0,True,physics_chained_synthetic
BGW-071,2,38.15,production,47.087,44890.99,5.44,105.5,57.3,0.092,162.7,0.0,0.22,True,physics_chained_synthetic
BGW-072,3,1.41,production,118.701,167.19,6.47,108.8,57.1,0.127,68.7,48.77,48.77,True,physics_chained_synthetic
BGW-072,3,3.72,production,106.627,370.27,6.47,108.8,57.1,0.127,105.9,48.77,16.14,True,physics_chained_synthetic
BGW-072,3,7.54,production,83.901,1913.52,6.47,108.8,57.1,0.127,115.9,16.14,2.61,True,physics_chained_synthetic
BGW-072,3,7.57,production,83.731,1938.68,6.47,108.8,57.1,0.127,116.0,2.61,3.61,True,physics_chained_synthetic
BGW-072,3,8.43,production,79.255,2747.89,6.47,108.8,57.1,0.127,118.5,3.61,2.8,True,physics_chained_synthetic
BGW-072,3,12.43,production,60.75,12832.93,6.47,108.8,57.1,0.127,119.8,2.8,0.34,True,physics_chained_synthetic
BGW-072,3,13.35,production,57.922,16489.69,6.47,108.8,57.1,0.127,120.4,0.34,0.57,True,physics_chained_synthetic
BGW-072,3,18.17,production,49.289,36424.23,6.47,108.8,57.1,0.127,120.4,0.57,0.0,True,physics_chained_synthetic
BGW-072,3,20.83,production,48.004,41136.27,6.47,108.8,57.1,0.127,121.3,0.0,0.34,True,physics_chained_synthetic
BGW-072,3,22.77,production,47.667,42473.84,6.47,108.8,57.1,0.127,121.3,0.34,0.0,True,physics_chained_synthetic
BGW-072,3,26.42,production,47.506,43128.83,6.47,108.8,57.1,0.127,121.3,0.0,0.0,True,physics_chained_synthetic
BGW-072,3,27.62,production,47.498,43165.41,6.47,108.8,57.1,0.127,121.3,0.0,0.0,True,physics_chained_synthetic
BGW-072,3,28.03,production,47.496,43172.12,6.47,108.8,57.1,0.127,121.5,0.0,0.53,True,physics_chained_synthetic
BGW-072,3,30.75,production,47.492,43188.22,6.47,108.8,57.1,0.127,121.5,0.53,0.0,True,physics_chained_synthetic
BGW-072,3,32.03,production,47.492,43189.34,6.47,108.8,57.1,0.127,121.5,0.0,0.0,True,physics_chained_synthetic
BGW-072,3,32.88,production,47.492,43189.6,6.47,108.8,57.1,0.127,121.5,0.0,0.0,True,physics_chained_synthetic
BGW-072,3,33.1,production,47.492,43189.64,6.47,108.8,57.1,0.127,121.6,0.0,0.36,True,physics_chained_synthetic
BGW-072,3,33.11,production,47.492,43189.64,6.47,108.8,57.1,0.127,121.6,0.36,0.0,True,physics_chained_synthetic
BGW-072,3,36.7,production,47.492,43189.79,6.47,108.8,57.1,0.127,121.6,0.0,0.0,True,physics_chained_synthetic
BGW-072,3,38.18,production,47.492,43189.79,6.47,108.8,57.1,0.127,121.6,0.0,0.04,True,physics_chained_synthetic
BGW-073,3,2.39,production,123.016,127.33,5.57,75.7,47.8,0.101,151.7,63.56,63.56,True,physics_chained_synthetic
BGW-073,3,7.02,production,98.34,658.48,5.57,75.7,47.8,0.101,197.5,63.56,9.91,True,physics_chained_synthetic
BGW-073,3,9.04,production,87.102,1499.46,5.57,75.7,47.8,0.101,204.9,9.91,3.62,True,physics_chained_synthetic
BGW-073,3,12.54,production,68.551,6566.01,5.57,75.7,47.8,0.101,209.9,3.62,1.42,True,physics_chained_synthetic
BGW-073,3,14.64,production,60.211,13456.87,5.57,75.7,47.8,0.101,211.5,1.42,0.77,True,physics_chained_synthetic
BGW-073,3,15.66,production,57.065,17805.82,5.57,75.7,47.8,0.101,211.8,0.77,0.3,True,physics_chained_synthetic
BGW-073,3,16.67,production,54.471,22521.22,5.57,75.7,47.8,0.101,212.0,0.3,0.26,True,physics_chained_synthetic
BGW-073,3,17.11,production,53.519,24573.85,5.57,75.7,47.8,0.101,212.3,0.26,0.49,True,physics_chained_synthetic
BGW-073,3,18.82,production,50.543,32378.47,5.57,75.7,47.8,0.101,212.3,0.49,0.0,True,physics_chained_synthetic
BGW-073,3,18.9,production,50.44,32692.44,5.57,75.7,47.8,0.101,212.3,0.0,0.2,True,physics_chained_synthetic
BGW-073,3,21.32,production,48.156,40544.63,5.57,75.7,47.8,0.101,212.3,0.2,0.03,True,physics_chained_synthetic
BGW-073,3,23.81,production,47.22,44325.35,5.57,75.7,47.8,0.101,213.4,0.03,0.44,True,physics_chained_synthetic
BGW-073,3,23.82,production,47.217,44337.48,5.57,75.7,47.8,0.101,213.4,0.44,0.18,True,physics_chained_synthetic
BGW-073,3,24.3,production,47.131,44703.01,5.57,75.7,47.8,0.101,213.8,0.18,0.69,True,physics_chained_synthetic
BGW-073,3,26.83,production,46.901,45693.83,5.57,75.7,47.8,0.101,213.8,0.69,0.0,True,physics_chained_synthetic
BGW-073,3,28.42,production,46.861,45871.99,5.57,75.7,47.8,0.101,213.8,0.0,0.02,True,physics_chained_synthetic
BGW-073,3,29.96,production,46.847,45933.39,5.57,75.7,47.8,0.101,214.4,0.02,0.36,True,physics_chained_synthetic
BGW-073,3,33.37,production,46.841,45959.25,5.57,75.7,47.8,0.101,216.5,0.36,0.64,True,physics_chained_synthetic
BGW-073,3,35.84,production,46.841,45960.41,5.57,75.7,47.8,0.101,216.5,0.64,0.0,True,physics_chained_synthetic
BGW-073,3,39.67,production,46.841,45960.51,5.57,75.7,47.8,0.101,216.5,0.0,0.0,True,physics_chained_synthetic
BGW-073,3,0.73,production,132.508,71.37,6.88,142.9,58.9,0.057,93.0,128.13,128.13,True,physics_chained_synthetic
BGW-073,3,2.03,production,126.551,102.31,6.88,142.9,58.9,0.057,201.7,128.13,83.57,True,physics_chained_synthetic
BGW-073,3,2.38,production,124.903,113.23,6.88,142.9,58.9,0.057,223.3,83.57,61.57,True,physics_chained_synthetic
BGW-073,3,10.12,production,71.748,5033.4,6.88,142.9,58.9,0.057,231.5,61.57,1.06,True,physics_chained_synthetic
BGW-073,3,12.28,production,62.395,11112.95,6.88,142.9,58.9,0.057,232.0,1.06,0.2,True,physics_chained_synthetic
BGW-073,3,13.77,production,57.504,17117.35,6.88,142.9,58.9,0.057,232.9,0.2,0.62,True,physics_chained_synthetic
BGW-073,3,15.08,production,54.173,23143.31,6.88,142.9,58.9,0.057,233.0,0.62,0.04,True,physics_chained_synthetic
BGW-073,3,21.32,production,47.597,42759.59,6.88,142.9,58.9,0.057,233.0,0.04,0.0,True,physics_chained_synthetic
BGW-073,3,24.7,production,47.226,44296.31,6.88,142.9,58.9,0.057,233.0,0.0,0.0,True,physics_chained_synthetic
BGW-073,3,27.0,production,47.182,44483.76,6.88,142.9,58.9,0.057,235.0,0.0,0.88,True,physics_chained_synthetic
BGW-073,3,30.28,production,47.172,44526.26,6.88,142.9,58.9,0.057,235.7,0.88,0.22,True,physics_chained_synthetic
BGW-073,3,30.65,production,47.172,44527.03,6.88,142.9,58.9,0.057,235.7,0.22,0.0,True,physics_chained_synthetic
BGW-073,3,31.6,production,47.172,44528.2,6.88,142.9,58.9,0.057,235.7,0.0,0.0,True,physics_chained_synthetic
BGW-073,3,31.61,production,47.172,44528.21,6.88,142.9,58.9,0.057,235.7,0.0,0.53,True,physics_chained_synthetic
BGW-073,3,32.53,production,47.172,44528.68,6.88,142.9,58.9,0.057,235.7,0.53,0.0,True,physics_chained_synthetic
BGW-073,3,33.17,production,47.172,44528.83,6.88,142.9,58.9,0.057,235.7,0.0,0.05,True,physics_chained_synthetic
BGW-073,3,35.65,production,47.172,44528.98,6.88,142.9,58.9,0.057,235.7,0.05,0.0,True,physics_chained_synthetic
BGW-073,3,36.15,production,47.172,44528.99,6.88,142.9,58.9,0.057,236.1,0.0,0.79,True,physics_chained_synthetic
BGW-073,3,36.76,production,47.172,44528.99,6.88,142.9,58.9,0.057,236.2,0.79,0.18,True,physics_chained_synthetic
BGW-073,3,39.2,production,47.172,44528.99,6.88,142.9,58.9,0.057,236.8,0.18,0.22,True,physics_chained_synthetic
BGW-073,1,3.65,production,106.835,365.09,4.93,128.5,54.4,0.128,67.5,18.48,18.48,True,physics_chained_synthetic
BGW-073,1,5.41,production,98.359,657.57,4.93,128.5,54.4,0.128,84.8,18.48,9.84,True,physics_chained_synthetic
BGW-073,1,6.04,production,95.246,821.79,4.93,128.5,54.4,0.128,90.3,9.84,8.73,True,physics_chained_synthetic
BGW-073,1,7.18,production,89.486,1253.9,4.93,128.5,54.4,0.128,97.2,8.73,6.02,True,physics_chained_synthetic
BGW-073,1,13.08,production,60.127,13556.43,4.93,128.5,54.4,0.128,100.5,6.02,0.56,True,physics_chained_synthetic
BGW-073,1,14.42,production,56.272,19124.26,4.93,128.5,54.4,0.128,100.5,0.56,0.0,True,physics_chained_synthetic
BGW-073,1,17.26,production,50.676,31977.57,4.93,128.5,54.4,0.128,101.4,0.0,0.34,True,physics_chained_synthetic
BGW-073,1,20.66,production,47.856,41716.47,4.93,128.5,54.4,0.128,101.6,0.34,0.06,True,physics_chained_synthetic
BGW-073,1,21.66,production,47.522,43066.52,4.93,128.5,54.4,0.128,102.1,0.06,0.43,True,physics_chained_synthetic
BGW-073,1,24.93,production,47.063,44993.83,4.93,128.5,54.4,0.128,102.1,0.43,0.0,True,physics_chained_synthetic
BGW-073,1,27.69,production,46.994,45291.64,4.93,128.5,54.4,0.128,102.7,0.0,0.22,True,physics_chained_synthetic
BGW-073,1,27.83,production,46.993,45296.65,4.93,128.5,54.4,0.128,102.7,0.22,0.05,True,physics_chained_synthetic
BGW-073,1,30.69,production,46.983,45338.02,4.93,128.5,54.4,0.128,102.7,0.05,0.0,True,physics_chained_synthetic
BGW-073,1,30.88,production,46.983,45338.68,4.93,128.5,54.4,0.128,102.7,0.0,0.25,True,physics_chained_synthetic
BGW-073,1,31.61,production,46.983,45340.38,4.93,128.5,54.4,0.128,102.8,0.25,0.0,True,physics_chained_synthetic
BGW-073,1,33.12,production,46.982,45341.78,4.93,128.5,54.4,0.128,102.8,0.0,0.0,True,physics_chained_synthetic
BGW-073,1,35.52,production,46.982,45342.16,4.93,128.5,54.4,0.128,104.6,0.0,0.76,True,physics_chained_synthetic
BGW-073,1,35.64,production,46.982,45342.17,4.93,128.5,54.4,0.128,104.6,0.76,0.41,True,physics_chained_synthetic
BGW-073,1,36.1,production,46.982,45342.18,4.93,128.5,54.4,0.128,104.7,0.41,0.2,True,physics_chained_synthetic
BGW-073,1,36.59,production,46.982,45342.19,4.93,128.5,54.4,0.128,104.9,0.2,0.35,True,physics_chained_synthetic
BGW-074,5,3.51,production,92.509,1002.79,3.89,72.9,43.0,0.049,26.4,7.52,7.52,True,physics_chained_synthetic
BGW-074,5,4.98,production,86.038,1625.29,3.89,72.9,43.0,0.049,31.7,7.52,3.6,True,physics_chained_synthetic
BGW-074,5,5.45,production,84.026,1895.25,3.89,72.9,43.0,0.049,33.2,3.6,3.13,True,physics_chained_synthetic
BGW-074,5,8.36,production,70.956,5373.37,3.89,72.9,43.0,0.049,38.2,3.13,1.72,True,physics_chained_synthetic
BGW-074,5,11.81,production,58.354,15865.64,3.89,72.9,43.0,0.049,39.0,1.72,0.23,True,physics_chained_synthetic
BGW-074,5,13.67,production,53.814,23916.43,3.89,72.9,43.0,0.049,39.7,0.23,0.39,True,physics_chained_synthetic
BGW-074,5,14.14,production,52.895,26026.6,3.89,72.9,43.0,0.049,39.8,0.39,0.21,True,physics_chained_synthetic
BGW-074,5,16.06,production,49.97,34165.02,3.89,72.9,43.0,0.049,40.4,0.21,0.32,True,physics_chained_synthetic
BGW-074,5,19.94,production,47.232,44274.49,3.89,72.9,43.0,0.049,40.8,0.32,0.1,True,physics_chained_synthetic
BGW-074,5,20.77,production,47.018,45189.37,3.89,72.9,43.0,0.049,40.8,0.1,0.0,True,physics_chained_synthetic
BGW-074,5,21.25,production,46.925,45593.06,3.89,72.9,43.0,0.049,41.0,0.0,0.44,True,physics_chained_synthetic
BGW-074,5,21.61,production,46.866,45847.19,3.89,72.9,43.0,0.049,41.0,0.44,0.0,True,physics_chained_synthetic
BGW-074,5,24.64,production,46.631,46894.23,3.89,72.9,43.0,0.049,41.0,0.0,0.0,True,physics_chained_synthetic
BGW-074,5,29.34,production,46.587,47090.71,3.89,72.9,43.0,0.049,41.0,0.0,0.0,True,physics_chained_synthetic
BGW-074,5,32.79,production,46.586,47095.47,3.89,72.9,43.0,0.049,43.2,0.0,0.63,True,physics_chained_synthetic
BGW-074,5,34.73,production,46.586,47095.62,3.89,72.9,43.0,0.049,43.2,0.63,0.0,True,physics_chained_synthetic
BGW-074,5,35.76,production,46.586,47095.64,3.89,72.9,43.0,0.049,43.6,0.0,0.46,True,physics_chained_synthetic
BGW-074,5,36.21,production,46.586,47095.64,3.89,72.9,43.0,0.049,43.8,0.46,0.25,True,physics_chained_synthetic
BGW-074,5,39.49,production,46.586,47095.64,3.89,72.9,43.0,0.049,43.8,0.25,0.0,True,physics_chained_synthetic
BGW-074,5,39.52,production,46.586,47095.64,3.89,72.9,43.0,0.049,43.8,0.0,0.0,True,physics_chained_synthetic
BGW-074,3,2.76,production,137.161,54.27,3.26,70.2,41.8,0.119,331.4,120.04,120.04,True,physics_chained_synthetic
BGW-074,3,2.8,production,136.867,55.21,3.26,70.2,41.8,0.119,336.7,120.04,122.58,True,physics_chained_synthetic
BGW-074,3,5.35,production,118.226,172.35,3.26,70.2,41.8,0.119,447.4,122.58,43.5,True,physics_chained_synthetic
BGW-074,3,6.4,production,110.729,281.05,3.26,70.2,41.8,0.119,476.3,43.5,27.65,True,physics_chained_synthetic
BGW-074,3,7.48,production,103.06,472.93,3.26,70.2,41.8,0.119,492.7,27.65,15.12,True,physics_chained_synthetic
BGW-074,3,7.54,production,102.593,488.47,3.26,70.2,41.8,0.119,493.6,15.12,13.36,True,physics_chained_synthetic
BGW-074,3,7.82,production,100.691,557.79,3.26,70.2,41.8,0.119,496.9,13.36,12.21,True,physics_chained_synthetic
BGW-074,3,8.0,production,99.447,608.82,3.26,70.2,41.8,0.119,499.0,12.21,11.16,True,physics_chained_synthetic
BGW-074,3,8.59,production,95.421,811.45,3.26,70.2,41.8,0.119,503.8,11.16,8.21,True,physics_chained_synthetic
BGW-074,3,12.91,production,68.078,6832.32,3.26,70.2,41.8,0.119,508.2,8.21,1.01,True,physics_chained_synthetic
BGW-074,3,13.76,production,64.281,9439.2,3.26,70.2,41.8,0.119,508.6,1.01,0.44,True,physics_chained_synthetic
BGW-074,3,14.3,production,62.067,11434.6,3.26,70.2,41.8,0.119,509.2,0.44,1.13,True,physics_chained_synthetic
BGW-074,3,15.33,production,58.391,15813.28,3.26,70.2,41.8,0.119,509.7,1.13,0.48,True,physics_chained_synthetic
BGW-074,3,18.27,production,51.136,30633.28,3.26,70.2,41.8,0.119,509.7,0.48,0.0,True,physics_chained_synthetic
BGW-074,3,18.54,production,50.72,31846.32,3.26,70.2,41.8,0.119,509.7,0.0,0.0,True,physics_chained_synthetic
BGW-074,3,24.01,production,46.883,45774.21,3.26,70.2,41.8,0.119,511.5,0.0,0.33,True,physics_chained_synthetic
BGW-074,3,26.04,production,46.674,46701.46,3.26,70.2,41.8,0.119,511.7,0.33,0.13,True,physics_chained_synthetic
BGW-074,3,27.91,production,46.61,46986.78,3.26,70.2,41.8,0.119,511.7,0.13,0.0,True,physics_chained_synthetic
BGW-074,3,32.74,production,46.585,47098.38,3.26,70.2,41.8,0.119,511.7,0.0,0.0,True,physics_chained_synthetic
BGW-074,3,38.72,production,46.585,47100.26,3.26,70.2,41.8,0.119,513.0,0.0,0.2,True,physics_chained_synthetic
BGW-074,4,2.85,production,116.887,187.81,5.63,119.4,54.0,0.175,118.1,41.46,41.46,True,physics_chained_synthetic
BGW-074,4,5.47,production,101.458,528.64,5.63,119.4,54.0,0.175,151.2,41.46,12.63,True,physics_chained_synthetic
BGW-074,4,6.79,production,93.566,928.24,5.63,119.4,54.0,0.175,159.6,12.63,6.32,True,physics_chained_synthetic
BGW-074,4,7.28,production,90.775,1139.45,5.63,119.4,54.0,0.175,162.1,6.32,5.2,True,physics_chained_synthetic
BGW-074,4,9.64,production,76.75,3353.19,5.63,119.4,54.0,0.175,166.6,5.2,1.9,True,physics_chained_synthetic
BGW-074,4,9.99,production,74.909,3888.46,5.63,119.4,54.0,0.175,167.3,1.9,2.01,True,physics_chained_synthetic
BGW-074,4,12.9,production,61.175,12362.84,5.63,119.4,54.0,0.175,167.6,2.01,0.1,True,physics_chained_synthetic
BGW-074,4,14.04,production,57.319,17403.94,5.63,119.4,54.0,0.175,168.5,0.1,0.83,True,physics_chained_synthetic
BGW-074,4,17.84,production,49.313,36340.25,5.63,119.4,54.0,0.175,170.9,0.83,0.64,True,physics_chained_synthetic
BGW-074,4,18.32,production,48.817,38083.51,5.63,119.4,54.0,0.175,170.9,0.64,0.0,True,physics_chained_synthetic
BGW-074,4,19.79,production,47.707,42312.01,5.63,119.4,54.0,0.175,171.7,0.0,0.5,True,physics_chained_synthetic
BGW-074,4,20.43,production,47.386,43625.39,5.63,119.4,54.0,0.175,171.7,0.5,0.03,True,physics_chained_synthetic
BGW-074,4,21.89,production,46.905,45676.58,5.63,119.4,54.0,0.175,171.7,0.03,0.0,True,physics_chained_synthetic
BGW-074,4,22.56,production,46.773,46258.18,5.63,119.4,54.0,0.175,171.7,0.0,0.0,True,physics_chained_synthetic
BGW-074,4,24.13,production,46.589,47080.59,5.63,119.4,54.0,0.175,171.9,0.0,0.14,True,physics_chained_synthetic
BGW-074,4,27.95,production,46.478,47586.3,5.63,119.4,54.0,0.175,171.9,0.14,0.0,True,physics_chained_synthetic
BGW-074,4,32.07,production,46.471,47619.14,5.63,119.4,54.0,0.175,173.7,0.0,0.42,True,physics_chained_synthetic
BGW-074,4,37.56,production,46.47,47619.89,5.63,119.4,54.0,0.175,174.5,0.42,0.16,True,physics_chained_synthetic
BGW-074,4,38.63,production,46.47,47619.89,5.63,119.4,54.0,0.175,174.6,0.16,0.03,True,physics_chained_synthetic
BGW-074,4,39.65,production,46.47,47619.89,5.63,119.4,54.0,0.175,174.6,0.03,0.0,True,physics_chained_synthetic
BGW-075,4,0.94,production,102.702,484.79,6.84,132.0,40.7,0.246,12.1,12.91,12.91,True,physics_chained_synthetic
BGW-075,4,5.32,production,88.363,1363.64,6.84,132.0,40.7,0.246,30.0,12.91,4.07,True,physics_chained_synthetic
BGW-075,4,6.8,production,83.095,2036.13,6.84,132.0,40.7,0.246,35.5,4.07,3.7,True,physics_chained_synthetic
BGW-075,4,8.69,production,76.025,3553.99,6.84,132.0,40.7,0.246,38.2,3.7,1.43,True,physics_chained_synthetic
BGW-075,4,9.01,production,74.902,3890.63,6.84,132.0,40.7,0.246,38.6,1.43,1.27,True,physics_chained_synthetic
BGW-075,4,9.61,production,72.736,4641.04,6.84,132.0,40.7,0.246,39.6,1.27,1.66,True,physics_chained_synthetic
BGW-075,4,10.53,production,69.424,6103.17,6.84,132.0,40.7,0.246,40.4,1.66,0.86,True,physics_chained_synthetic
BGW-075,4,14.17,production,57.658,16883.67,6.84,132.0,40.7,0.246,41.0,0.86,0.19,True,physics_chained_synthetic
BGW-075,4,17.52,production,51.157,30574.12,6.84,132.0,40.7,0.246,41.9,0.19,0.27,True,physics_chained_synthetic
BGW-075,4,19.37,production,49.267,36501.23,6.84,132.0,40.7,0.246,42.1,0.27,0.11,True,physics_chained_synthetic
BGW-075,4,19.88,production,48.902,37778.29,6.84,132.0,40.7,0.246,42.1,0.11,0.0,True,physics_chained_synthetic
BGW-075,4,20.93,production,48.32,39917.1,6.84,132.0,40.7,0.246,42.2,0.0,0.04,True,physics_chained_synthetic
BGW-075,4,23.05,production,47.639,42586.87,6.84,132.0,40.7,0.246,42.2,0.04,0.0,True,physics_chained_synthetic
BGW-075,4,24.33,production,47.446,43376.89,6.84,132.0,40.7,0.246,43.2,0.0,0.77,True,physics_chained_synthetic
BGW-075,4,24.88,production,47.394,43592.35,6.84,132.0,40.7,0.246,43.2,0.77,0.0,True,physics_chained_synthetic
BGW-075,4,27.9,production,47.269,44116.69,6.84,132.0,40.7,0.246,43.2,0.0,0.0,True,physics_chained_synthetic
BGW-075,4,29.69,production,47.254,44179.79,6.84,132.0,40.7,0.246,43.2,0.0,0.0,True,physics_chained_synthetic
BGW-075,4,32.27,production,47.249,44199.77,6.84,132.0,40.7,0.246,43.6,0.0,0.15,True,physics_chained_synthetic
BGW-075,4,34.47,production,47.249,44201.95,6.84,132.0,40.7,0.246,44.1,0.15,0.24,True,physics_chained_synthetic
BGW-075,4,34.85,production,47.249,44202.04,6.84,132.0,40.7,0.246,44.3,0.24,0.44,True,physics_chained_synthetic
BGW-076,1,0.11,production,150.128,26.11,5.51,83.4,54.3,0.274,30.1,276.27,276.27,True,physics_chained_synthetic
BGW-076,1,1.63,production,142.087,40.88,5.51,83.4,54.3,0.274,293.3,276.27,172.53,True,physics_chained_synthetic
BGW-076,1,1.78,production,141.32,42.7,5.51,83.4,54.3,0.274,316.9,172.53,160.75,True,physics_chained_synthetic
BGW-076,1,2.85,production,135.466,59.92,5.51,83.4,54.3,0.274,447.6,160.75,122.34,True,physics_chained_synthetic
BGW-076,1,3.07,production,134.235,64.42,5.51,83.4,54.3,0.274,470.5,122.34,102.42,True,physics_chained_synthetic
BGW-076,1,3.43,production,132.232,72.56,5.51,83.4,54.3,0.274,504.1,102.42,94.02,True,physics_chained_synthetic
BGW-076,1,7.73,production,102.694,485.05,5.51,83.4,54.3,0.274,563.4,94.02,13.79,True,physics_chained_synthetic
BGW-076,1,9.81,production,88.784,1321.35,5.51,83.4,54.3,0.274,572.2,13.79,4.2,True,physics_chained_synthetic
BGW-076,1,10.9,production,81.981,2219.6,5.51,83.4,54.3,0.274,574.9,4.2,2.49,True,physics_chained_synthetic
BGW-076,1,14.58,production,62.232,11271.42,5.51,83.4,54.3,0.274,577.1,2.49,0.59,True,physics_chained_synthetic
BGW-076,1,18.44,production,50.916,31270.23,5.51,83.4,54.3,0.274,578.5,0.59,0.37,True,physics_chained_synthetic
BGW-076,1,19.77,production,49.043,37278.49,5.51,83.4,54.3,0.274,578.5,0.37,0.0,True,physics_chained_synthetic
BGW-076,1,21.01,production,47.864,41684.48,5.51,83.4,54.3,0.274,578.5,0.0,0.0,True,physics_chained_synthetic
BGW-076,1,21.14,production,47.775,42038.81,5.51,83.4,54.3,0.274,578.5,0.0,0.34,True,physics_chained_synthetic
BGW-076,1,21.48,production,47.545,42972.45,5.51,83.4,54.3,0.274,578.7,0.34,0.32,True,physics_chained_synthetic
BGW-076,1,22.7,production,46.924,45596.79,5.51,83.4,54.3,0.274,579.1,0.32,0.35,True,physics_chained_synthetic
BGW-076,1,23.76,production,46.591,47073.53,5.51,83.4,54.3,0.274,579.1,0.35,0.0,True,physics_chained_synthetic
BGW-076,1,29.47,production,46.135,49179.4,5.51,83.4,54.3,0.274,580.4,0.0,0.23,True,physics_chained_synthetic
BGW-076,1,34.35,production,46.126,49223.8,5.51,83.4,54.3,0.274,580.4,0.23,0.0,True,physics_chained_synthetic
BGW-076,1,37.34,production,46.125,49224.27,5.51,83.4,54.3,0.274,580.4,0.0,0.0,True,physics_chained_synthetic
BGW-076,1,2.06,production,121.977,135.88,4.71,113.4,40.2,0.122,110.7,53.74,53.74,True,physics_chained_synthetic
BGW-076,1,3.27,production,115.734,202.34,4.71,113.4,40.2,0.122,152.0,53.74,34.19,True,physics_chained_synthetic
BGW-076,1,3.58,production,114.092,225.15,4.71,113.4,40.2,0.122,161.3,34.19,29.54,True,physics_chained_synthetic
BGW-076,1,4.06,production,111.545,266.23,4.71,113.4,40.2,0.122,173.6,29.54,25.77,True,physics_chained_synthetic
BGW-076,1,7.32,production,91.135,1109.51,4.71,113.4,40.2,0.122,192.5,25.77,5.8,True,physics_chained_synthetic
BGW-076,1,10.8,production,70.859,5416.77,4.71,113.4,40.2,0.122,195.4,5.8,0.84,True,physics_chained_synthetic
BGW-076,1,15.63,production,52.824,26197.76,4.71,113.4,40.2,0.122,195.9,0.84,0.11,True,physics_chained_synthetic
BGW-076,1,16.61,production,51.045,30894.29,4.71,113.4,40.2,0.122,196.5,0.11,0.56,True,physics_chained_synthetic
BGW-076,1,17.16,production,50.225,33355.66,4.71,113.4,40.2,0.122,196.5,0.56,0.0,True,physics_chained_synthetic
BGW-076,1,17.3,production,50.039,33943.72,4.71,113.4,40.2,0.122,196.5,0.0,0.0,True,physics_chained_synthetic
BGW-076,1,21.28,production,47.018,45188.81,4.71,113.4,40.2,0.122,196.5,0.0,0.0,True,physics_chained_synthetic
BGW-076,1,23.06,production,46.65,46805.3,4.71,113.4,40.2,0.122,196.9,0.0,0.21,True,physics_chained_synthetic
BGW-076,1,24.73,production,46.506,47456.25,4.71,113.4,40.2,0.122,196.9,0.21,0.01,True,physics_chained_synthetic
BGW-076,1,25.67,production,46.469,47627.98,4.71,113.4,40.2,0.122,197.0,0.01,0.15,True,physics_chained_synthetic
BGW-076,1,26.05,production,46.459,47674.46,4.71,113.4,40.2,0.122,197.2,0.15,0.38,True,physics_chained_synthetic
BGW-076,1,31.16,production,46.425,47829.18,4.71,113.4,40.2,0.122,198.0,0.38,0.17,True,physics_chained_synthetic
BGW-076,1,31.63,production,46.425,47829.92,4.71,113.4,40.2,0.122,198.0,0.17,0.0,True,physics_chained_synthetic
BGW-076,1,33.33,production,46.424,47831.0,4.71,113.4,40.2,0.122,198.0,0.0,0.0,True,physics_chained_synthetic
BGW-076,1,35.21,production,46.424,47831.21,4.71,113.4,40.2,0.122,198.3,0.0,0.13,True,physics_chained_synthetic
BGW-076,1,39.19,production,46.424,47831.24,4.71,113.4,40.2,0.122,200.6,0.13,0.57,True,physics_chained_synthetic
BGW-077,3,6.21,production,77.132,3252.2,6.86,117.9,57.3,0.213,10.6,1.71,1.71,True,physics_chained_synthetic
BGW-077,3,6.25,production,76.973,3293.95,6.86,117.9,57.3,0.213,10.7,1.71,2.12,True,physics_chained_synthetic
BGW-077,3,6.46,production,76.097,3533.42,6.86,117.9,57.3,0.213,10.9,2.12,0.8,True,physics_chained_synthetic
BGW-077,3,13.96,production,51.17,30538.27,6.86,117.9,57.3,0.213,12.2,0.8,0.17,True,physics_chained_synthetic
BGW-077,3,15.05,production,49.908,34363.82,6.86,117.9,57.3,0.213,12.5,0.17,0.28,True,physics_chained_synthetic
BGW-077,3,16.93,production,48.422,39535.98,6.86,117.9,57.3,0.213,12.7,0.28,0.12,True,physics_chained_synthetic
BGW-077,3,18.69,production,47.652,42534.41,6.86,117.9,57.3,0.213,13.3,0.12,0.33,True,physics_chained_synthetic
BGW-077,3,20.59,production,47.24,44240.83,6.86,117.9,57.3,0.213,13.8,0.33,0.3,True,physics_chained_synthetic
BGW-077,3,20.65,production,47.232,44273.11,6.86,117.9,57.3,0.213,13.8,0.3,0.41,True,physics_chained_synthetic
BGW-077,3,21.35,production,47.151,44618.02,6.86,117.9,57.3,0.213,14.0,0.41,0.19,True,physics_chained_synthetic
BGW-077,3,24.77,production,46.992,45298.87,6.86,117.9,57.3,0.213,14.5,0.19,0.14,True,physics_chained_synthetic
BGW-077,3,25.74,production,46.982,45343.5,6.86,117.9,57.3,0.213,14.9,0.14,0.51,True,physics_chained_synthetic
BGW-077,3,27.06,production,46.975,45372.34,6.86,117.9,57.3,0.213,15.2,0.51,0.2,True,physics_chained_synthetic
BGW-077,3,28.44,production,46.973,45383.84,6.86,117.9,57.3,0.213,15.4,0.2,0.14,True,physics_chained_synthetic
BGW-077,3,28.68,production,46.972,45384.83,6.86,117.9,57.3,0.213,15.5,0.14,0.38,True,physics_chained_synthetic
BGW-077,3,28.72,production,46.972,45385.01,6.86,117.9,57.3,0.213,15.5,0.38,0.55,True,physics_chained_synthetic
BGW-077,3,29.42,production,46.972,45386.99,6.86,117.9,57.3,0.213,15.9,0.55,0.49,True,physics_chained_synthetic
BGW-077,3,31.37,production,46.971,45389.01,6.86,117.9,57.3,0.213,15.9,0.49,0.0,True,physics_chained_synthetic
BGW-077,3,31.67,production,46.971,45389.11,6.86,117.9,57.3,0.213,16.0,0.0,0.39,True,physics_chained_synthetic
BGW-077,3,31.99,production,46.971,45389.19,6.86,117.9,57.3,0.213,16.0,0.39,0.0,True,physics_chained_synthetic
BGW-077,3,2.09,production,102.276,499.37,5.42,98.5,35.8,0.078,35.0,16.75,16.75,True,physics_chained_synthetic
BGW-077,3,2.44,production,100.656,559.17,5.42,98.5,35.8,0.078,40.4,16.75,15.6,True,physics_chained_synthetic
BGW-077,3,2.84,production,98.737,640.16,5.42,98.5,35.8,0.078,44.9,15.6,10.91,True,physics_chained_synthetic
BGW-077,3,4.33,production,91.407,1087.45,5.42,98.5,35.8,0.078,54.9,10.91,6.76,True,physics_chained_synthetic
BGW-077,3,8.72,production,69.007,6320.17,5.42,98.5,35.8,0.078,59.9,6.76,1.13,True,physics_chained_synthetic
BGW-077,3,10.8,production,61.073,12473.75,5.42,98.5,35.8,0.078,60.9,1.13,0.5,True,physics_chained_synthetic
BGW-077,3,13.55,production,53.393,24860.72,5.42,98.5,35.8,0.078,61.4,0.5,0.17,True,physics_chained_synthetic
BGW-077,3,14.04,production,52.432,27162.99,5.42,98.5,35.8,0.078,61.6,0.17,0.37,True,physics_chained_synthetic
BGW-077,3,14.38,production,51.817,28754.58,5.42,98.5,35.8,0.078,61.7,0.37,0.35,True,physics_chained_synthetic
BGW-077,3,14.91,production,50.949,31174.26,5.42,98.5,35.8,0.078,61.7,0.35,0.08,True,physics_chained_synthetic
BGW-077,3,15.69,production,49.842,34578.56,5.42,98.5,35.8,0.078,61.9,0.08,0.24,True,physics_chained_synthetic
BGW-077,3,22.71,production,46.198,48882.86,5.42,98.5,35.8,0.078,67.6,0.24,0.81,True,physics_chained_synthetic
BGW-077,3,23.85,production,46.143,49142.82,5.42,98.5,35.8,0.078,67.6,0.81,0.0,True,physics_chained_synthetic
BGW-077,3,28.85,production,46.089,49396.2,5.42,98.5,35.8,0.078,68.8,0.0,0.25,True,physics_chained_synthetic
BGW-077,3,29.57,production,46.089,49398.66,5.42,98.5,35.8,0.078,68.8,0.25,0.0,True,physics_chained_synthetic
BGW-077,3,30.96,production,46.088,49400.72,5.42,98.5,35.8,0.078,68.8,0.0,0.0,True,physics_chained_synthetic
BGW-077,3,35.23,production,46.088,49401.49,5.42,98.5,35.8,0.078,69.7,0.0,0.2,True,physics_chained_synthetic
BGW-077,3,37.27,production,46.088,49401.5,5.42,98.5,35.8,0.078,70.0,0.2,0.13,True,physics_chained_synthetic
BGW-077,3,37.99,production,46.088,49401.5,5.42,98.5,35.8,0.078,70.0,0.13,0.0,True,physics_chained_synthetic
BGW-077,3,38.05,production,46.088,49401.5,5.42,98.5,35.8,0.078,70.0,0.0,0.02,True,physics_chained_synthetic
BGW-078,2,0.14,production,124.469,116.32,6.6,136.3,40.9,0.118,9.2,66.65,66.65,True,physics_chained_synthetic
BGW-078,2,3.29,production,110.849,278.81,6.6,136.3,40.9,0.118,105.7,66.65,30.6,True,physics_chained_synthetic
BGW-078,2,8.62,production,81.118,2373.99,6.6,136.3,40.9,0.118,121.7,30.6,2.99,True,physics_chained_synthetic
BGW-078,2,12.98,production,61.382,12140.79,6.6,136.3,40.9,0.118,121.8,2.99,0.02,True,physics_chained_synthetic
BGW-078,2,13.28,production,60.419,13211.94,6.6,136.3,40.9,0.118,122.1,0.02,1.2,True,physics_chained_synthetic
BGW-078,2,17.14,production,51.459,29726.03,6.6,136.3,40.9,0.118,122.1,1.2,0.0,True,physics_chained_synthetic
BGW-078,2,17.31,production,51.233,30359.83,6.6,136.3,40.9,0.118,122.2,0.0,0.17,True,physics_chained_synthetic
BGW-078,2,20.31,production,48.628,38771.59,6.6,136.3,40.9,0.118,123.0,0.17,0.29,True,physics_chained_synthetic
BGW-078,2,20.42,production,48.581,38945.12,6.6,136.3,40.9,0.118,123.0,0.29,0.09,True,physics_chained_synthetic
BGW-078,2,20.8,production,48.417,39552.67,6.6,136.3,40.9,0.118,123.2,0.09,0.56,True,physics_chained_synthetic
BGW-078,2,24.51,production,47.677,42434.02,6.6,136.3,40.9,0.118,123.2,0.56,0.0,True,physics_chained_synthetic
BGW-078,2,27.16,production,47.586,42801.24,6.6,136.3,40.9,0.118,125.2,0.0,0.75,True,physics_chained_synthetic
BGW-078,2,27.25,production,47.585,42805.71,6.6,136.3,40.9,0.118,125.3,0.75,0.52,True,physics_chained_synthetic
BGW-078,2,28.81,production,47.573,42854.27,6.6,136.3,40.9,0.118,125.3,0.52,0.0,True,physics_chained_synthetic
BGW-078,2,30.62,production,47.569,42870.83,6.6,136.3,40.9,0.118,125.7,0.0,0.25,True,physics_chained_synthetic
BGW-078,2,37.46,production,47.568,42875.45,6.6,136.3,40.9,0.118,128.6,0.25,0.42,True,physics_chained_synthetic
BGW-078,2,37.47,production,47.568,42875.45,6.6,136.3,40.9,0.118,128.6,0.42,0.0,True,physics_chained_synthetic
BGW-078,2,39.04,production,47.568,42875.45,6.6,136.3,40.9,0.118,128.6,0.0,0.0,True,physics_chained_synthetic
BGW-078,2,39.43,production,47.568,42875.45,6.6,136.3,40.9,0.118,128.6,0.0,0.0,True,physics_chained_synthetic
BGW-078,2,39.43,production,47.568,42875.45,6.6,136.3,40.9,0.118,128.6,0.0,0.2,True,physics_chained_synthetic
BGW-078,5,1.05,production,145.024,34.64,5.15,84.7,42.0,0.153,214.7,204.01,204.01,True,physics_chained_synthetic
BGW-078,5,4.49,production,125.036,112.31,5.15,84.7,42.0,0.153,443.6,204.01,66.61,True,physics_chained_synthetic
BGW-078,5,5.06,production,121.552,139.56,5.15,84.7,42.0,0.153,477.6,66.61,59.27,True,physics_chained_synthetic
BGW-078,5,6.11,production,114.692,216.52,5.15,84.7,42.0,0.153,511.2,59.27,32.02,True,physics_chained_synthetic
BGW-078,5,7.62,production,104.042,441.91,5.15,84.7,42.0,0.153,533.6,32.02,14.87,True,physics_chained_synthetic
BGW-078,5,8.23,production,99.783,594.57,5.15,84.7,42.0,0.153,541.5,14.87,12.92,True,physics_chained_synthetic
BGW-078,5,11.37,production,77.373,3190.41,5.15,84.7,42.0,0.153,547.1,12.92,1.78,True,physics_chained_synthetic
BGW-078,5,16.5,production,53.667,24240.94,5.15,84.7,42.0,0.153,548.6,1.78,0.3,True,physics_chained_synthetic
BGW-078,5,17.52,production,51.558,29455.06,5.15,84.7,42.0,0.153,549.0,0.3,0.43,True,physics_chained_synthetic
BGW-078,5,19.97,production,48.428,39510.38,5.15,84.7,42.0,0.153,549.2,0.43,0.05,True,physics_chained_synthetic
BGW-078,5,20.88,production,47.819,41863.29,5.15,84.7,42.0,0.153,549.5,0.05,0.4,True,physics_chained_synthetic
BGW-078,5,21.61,production,47.471,43275.31,5.15,84.7,42.0,0.153,549.7,0.4,0.19,True,physics_chained_synthetic
BGW-078,5,24.1,production,46.86,45875.76,5.15,84.7,42.0,0.153,549.7,0.19,0.0,True,physics_chained_synthetic
BGW-078,5,25.66,production,46.735,46428.29,5.15,84.7,42.0,0.153,549.7,0.0,0.0,True,physics_chained_synthetic
BGW-078,5,26.72,production,46.697,46598.13,5.15,84.7,42.0,0.153,549.7,0.0,0.0,True,physics_chained_synthetic
BGW-078,5,28.76,production,46.669,46721.9,5.15,84.7,42.0,0.153,551.4,0.0,0.85,True,physics_chained_synthetic
BGW-078,5,28.87,production,46.668,46724.74,5.15,84.7,42.0,0.153,551.4,0.85,0.19,True,physics_chained_synthetic
BGW-078,5,32.75,production,46.662,46753.88,5.15,84.7,42.0,0.153,551.4,0.19,0.0,True,physics_chained_synthetic
BGW-078,5,32.81,production,46.662,46753.93,5.15,84.7,42.0,0.153,551.4,0.0,0.22,True,physics_chained_synthetic
BGW-078,5,39.12,production,46.662,46754.66,5.15,84.7,42.0,0.153,551.4,0.22,0.0,True,physics_chained_synthetic
BGW-078,4,2.19,production,119.289,161.04,6.92,142.5,48.3,0.212,96.5,44.16,44.16,True,physics_chained_synthetic
BGW-078,4,2.8,production,115.776,201.79,6.92,142.5,48.3,0.212,117.4,44.16,33.96,True,physics_chained_synthetic
BGW-078,4,3.36,production,112.563,248.92,6.92,142.5,48.3,0.212,132.2,33.96,26.51,True,physics_chained_synthetic
BGW-078,4,3.96,production,109.073,313.91,6.92,142.5,48.3,0.212,146.6,26.51,24.03,True,physics_chained_synthetic
BGW-078,4,9.57,production,73.683,4295.54,6.92,142.5,48.3,0.212,151.1,24.03,0.8,True,physics_chained_synthetic
BGW-078,4,12.78,production,59.985,13727.13,6.92,142.5,48.3,0.212,153.5,0.8,0.76,True,physics_chained_synthetic
BGW-078,4,13.21,production,58.624,15488.51,6.92,142.5,48.3,0.212,153.5,0.76,0.04,True,physics_chained_synthetic
BGW-078,4,13.78,production,56.998,17913.76,6.92,142.5,48.3,0.212,153.6,0.04,0.12,True,physics_chained_synthetic
BGW-078,4,14.97,production,54.06,23383.83,6.92,142.5,48.3,0.212,154.1,0.12,0.47,True,physics_chained_synthetic
BGW-078,4,16.1,production,51.885,28573.48,6.92,142.5,48.3,0.212,154.1,0.47,0.0,True,physics_chained_synthetic
BGW-078,4,18.32,production,49.028,37330.43,6.92,142.5,48.3,0.212,154.1,0.0,0.0,True,physics_chained_synthetic
BGW-078,4,21.07,production,47.439,43409.0,6.92,142.5,48.3,0.212,154.1,0.0,0.0,True,physics_chained_synthetic
BGW-078,4,22.56,production,47.092,44866.89,6.92,142.5,48.3,0.212,154.4,0.0,0.15,True,physics_chained_synthetic
BGW-078,4,25.95,production,46.828,46016.24,6.92,142.5,48.3,0.212,155.0,0.15,0.2,True,physics_chained_synthetic
BGW-078,4,29.62,production,46.794,46166.72,6.92,142.5,48.3,0.212,155.0,0.2,0.0,True,physics_chained_synthetic
BGW-078,4,31.74,production,46.792,46174.55,6.92,142.5,48.3,0.212,156.4,0.0,0.62,True,physics_chained_synthetic
BGW-078,4,33.28,production,46.792,46175.61,6.92,142.5,48.3,0.212,156.4,0.62,0.0,True,physics_chained_synthetic
BGW-078,4,37.06,production,46.792,46175.91,6.92,142.5,48.3,0.212,156.4,0.0,0.0,True,physics_chained_synthetic
BGW-078,4,37.56,production,46.792,46175.91,6.92,142.5,48.3,0.212,156.4,0.0,0.0,True,physics_chained_synthetic
BGW-078,4,37.83,production,46.792,46175.91,6.92,142.5,48.3,0.212,156.4,0.0,0.25,True,physics_chained_synthetic
BGW-078,3,0.17,production,153.421,21.84,6.04,112.7,57.3,0.113,63.5,372.36,372.36,True,physics_chained_synthetic
BGW-078,3,1.93,production,145.118,34.45,6.04,112.7,57.3,0.113,487.0,372.36,240.03,True,physics_chained_synthetic
BGW-078,3,3.38,production,137.401,53.52,6.04,112.7,57.3,0.113,694.7,240.03,143.96,True,physics_chained_synthetic
BGW-078,3,6.28,production,117.961,175.3,6.04,112.7,57.3,0.113,813.6,143.96,41.03,True,physics_chained_synthetic
BGW-078,3,8.98,production,97.934,677.74,6.04,112.7,57.3,0.113,837.1,41.03,8.68,True,physics_chained_synthetic
BGW-078,3,11.55,production,79.905,2610.76,6.04,112.7,57.3,0.113,842.4,8.68,2.07,True,physics_chained_synthetic
BGW-078,3,12.31,production,75.357,3750.32,6.04,112.7,57.3,0.113,843.4,2.07,1.21,True,physics_chained_synthetic
BGW-078,3,14.7,production,62.856,10676.27,6.04,112.7,57.3,0.113,844.7,1.21,0.57,True,physics_chained_synthetic
BGW-078,3,15.17,production,60.931,12630.74,6.04,112.7,57.3,0.113,844.7,0.57,0.09,True,physics_chained_synthetic
BGW-078,3,15.99,production,57.985,16396.47,6.04,112.7,57.3,0.113,845.1,0.09,0.5,True,physics_chained_synthetic
BGW-078,3,20.56,production,48.509,39211.23,6.04,112.7,57.3,0.113,846.0,0.5,0.19,True,physics_chained_synthetic
BGW-078,3,22.31,production,47.399,43571.21,6.04,112.7,57.3,0.113,846.1,0.19,0.07,True,physics_chained_synthetic
BGW-078,3,22.9,production,47.181,44489.99,6.04,112.7,57.3,0.113,846.2,0.07,0.16,True,physics_chained_synthetic
BGW-078,3,23.98,production,46.899,45703.06,6.04,112.7,57.3,0.113,846.4,0.16,0.19,True,physics_chained_synthetic
BGW-078,3,31.07,production,46.547,47271.74,6.04,112.7,57.3,0.113,846.8,0.19,0.06,True,physics_chained_synthetic
BGW-078,3,31.88,production,46.546,47275.32,6.04,112.7,57.3,0.113,847.2,0.06,0.5,True,physics_chained_synthetic
BGW-078,3,37.8,production,46.545,47278.66,6.04,112.7,57.3,0.113,847.4,0.5,0.02,True,physics_chained_synthetic
BGW-078,3,38.08,production,46.545,47278.66,6.04,112.7,57.3,0.113,847.4,0.02,0.0,True,physics_chained_synthetic
BGW-078,3,38.59,production,46.545,47278.66,6.04,112.7,57.3,0.113,847.4,0.0,0.07,True,physics_chained_synthetic
BGW-078,3,38.69,production,46.545,47278.66,6.04,112.7,57.3,0.113,847.4,0.07,0.0,True,physics_chained_synthetic
BGW-079,2,0.63,production,131.343,76.52,3.36,65.2,42.6,0.138,68.7,108.87,108.87,True,physics_chained_synthetic
BGW-079,2,2.32,production,123.002,127.44,3.36,65.2,42.6,0.138,161.9,108.87,55.24,True,physics_chained_synthetic
BGW-079,2,3.62,production,116.024,198.58,3.36,65.2,42.6,0.138,207.0,55.24,34.51,True,physics_chained_synthetic
BGW-079,2,4.57,production,110.751,280.63,3.36,65.2,42.6,0.138,232.5,34.51,27.11,True,physics_chained_synthetic
BGW-079,2,8.31,production,86.465,1573.46,3.36,65.2,42.6,0.138,247.6,27.11,4.02,True,physics_chained_synthetic
BGW-079,2,9.25,production,81.127,2372.39,3.36,65.2,42.6,0.138,249.3,4.02,1.88,True,physics_chained_synthetic
BGW-079,2,10.58,production,73.902,4219.64,3.36,65.2,42.6,0.138,251.1,1.88,1.3,True,physics_chained_synthetic
BGW-079,2,10.95,production,72.058,4906.35,3.36,65.2,42.6,0.138,251.6,1.3,1.58,True,physics_chained_synthetic
BGW-079,2,11.35,production,70.106,5766.24,3.36,65.2,42.6,0.138,252.2,1.58,1.29,True,physics_chained_synthetic
BGW-079,2,13.26,production,61.78,11725.58,3.36,65.2,42.6,0.138,252.7,1.29,0.28,True,physics_chained_synthetic
BGW-079,2,18.67,production,49.089,37118.58,3.36,65.2,42.6,0.138,253.0,0.28,0.05,True,physics_chained_synthetic
BGW-079,2,20.26,production,47.989,41192.74,3.36,65.2,42.6,0.138,253.9,0.05,0.59,True,physics_chained_synthetic
BGW-079,2,20.65,production,47.808,41906.85,3.36,65.2,42.6,0.138,254.2,0.59,0.58,True,physics_chained_synthetic
BGW-079,2,21.73,production,47.435,43424.94,3.36,65.2,42.6,0.138,254.2,0.58,0.02,True,physics_chained_synthetic
BGW-079,2,24.17,production,47.037,45107.31,3.36,65.2,42.6,0.138,254.2,0.02,0.0,True,physics_chained_synthetic
BGW-079,2,25.57,production,46.959,45441.6,3.36,65.2,42.6,0.138,254.4,0.0,0.16,True,physics_chained_synthetic
BGW-079,2,27.02,production,46.925,45589.16,3.36,65.2,42.6,0.138,254.7,0.16,0.18,True,physics_chained_synthetic
BGW-079,2,30.39,production,46.907,45667.75,3.36,65.2,42.6,0.138,254.8,0.18,0.04,True,physics_chained_synthetic
BGW-079,2,31.36,production,46.907,45670.72,3.36,65.2,42.6,0.138,254.8,0.04,0.02,True,physics_chained_synthetic
BGW-079,2,36.94,production,46.906,45672.81,3.36,65.2,42.6,0.138,259.5,0.02,0.84,True,physics_chained_synthetic
BGW-079,5,1.06,production,139.06,48.62,3.35,114.7,56.9,0.313,143.8,136.15,136.15,True,physics_chained_synthetic
BGW-079,5,3.15,production,128.214,92.42,3.35,114.7,56.9,0.313,268.5,136.15,59.41,True,physics_chained_synthetic
BGW-079,5,5.04,production,117.262,183.34,3.35,114.7,56.9,0.313,323.6,59.41,29.31,True,physics_chained_synthetic
BGW-079,5,5.11,production,116.829,188.52,3.35,114.7,56.9,0.313,325.9,29.31,31.18,True,physics_chained_synthetic
BGW-079,5,6.09,production,110.874,278.36,3.35,114.7,56.9,0.313,346.1,31.18,20.57,True,physics_chained_synthetic
BGW-079,5,8.64,production,93.945,903.02,3.35,114.7,56.9,0.313,364.5,20.57,7.2,True,physics_chained_synthetic
BGW-079,5,10.55,production,81.901,2233.4,3.35,114.7,56.9,0.313,368.6,7.2,2.15,True,physics_chained_synthetic
BGW-079,5,10.75,production,80.807,2432.33,3.35,114.7,56.9,0.313,369.0,2.15,2.12,True,physics_chained_synthetic
BGW-079,5,14.31,production,62.481,11029.55,3.35,114.7,56.9,0.313,372.0,2.12,0.86,True,physics_chained_synthetic
BGW-079,5,14.67,production,61.183,12354.28,3.35,114.7,56.9,0.313,372.0,0.86,0.0,True,physics_chained_synthetic
BGW-079,5,16.21,production,56.367,18960.39,3.35,114.7,56.9,0.313,372.8,0.0,0.5,True,physics_chained_synthetic
BGW-079,5,24.67,production,47.915,41484.29,3.35,114.7,56.9,0.313,372.8,0.5,0.0,True,physics_chained_synthetic
BGW-079,5,28.78,production,47.796,41957.07,3.35,114.7,56.9,0.313,373.2,0.0,0.09,True,physics_chained_synthetic
BGW-079,5,29.68,production,47.792,41970.67,3.35,114.7,56.9,0.313,373.3,0.09,0.15,True,physics_chained_synthetic
BGW-079,5,30.34,production,47.791,41976.01,3.35,114.7,56.9,0.313,373.3,0.15,0.0,True,physics_chained_synthetic
BGW-079,5,33.77,production,47.789,41983.02,3.35,114.7,56.9,0.313,375.2,0.0,0.54,True,physics_chained_synthetic
BGW-079,5,34.59,production,47.789,41983.17,3.35,114.7,56.9,0.313,375.3,0.54,0.2,True,physics_chained_synthetic
BGW-079,5,35.98,production,47.789,41983.26,3.35,114.7,56.9,0.313,375.3,0.2,0.0,True,physics_chained_synthetic
BGW-079,5,35.99,production,47.789,41983.26,3.35,114.7,56.9,0.313,375.3,0.0,0.12,True,physics_chained_synthetic
BGW-079,5,38.47,production,47.789,41983.28,3.35,114.7,56.9,0.313,376.3,0.12,0.4,True,physics_chained_synthetic
BGW-080,5,0.08,production,149.382,27.2,3.75,121.2,47.6,0.181,24.1,308.35,308.35,True,physics_chained_synthetic
BGW-080,5,1.74,production,142.197,40.62,3.75,121.2,47.6,0.181,323.5,308.35,180.21,True,physics_chained_synthetic
BGW-080,5,2.07,production,140.702,44.24,3.75,121.2,47.6,0.181,383.9,180.21,181.08,True,physics_chained_synthetic
BGW-080,5,8.36,production,93.48,934.1,3.75,121.2,47.6,0.181,423.5,181.08,6.3,True,physics_chained_synthetic
BGW-080,5,8.7,production,91.278,1097.86,3.75,121.2,47.6,0.181,425.2,6.3,4.9,True,physics_chained_synthetic
BGW-080,5,11.71,production,72.027,4919.07,3.75,121.2,47.6,0.181,428.5,4.9,1.09,True,physics_chained_synthetic
BGW-080,5,12.51,production,67.921,6923.26,3.75,121.2,47.6,0.181,428.6,1.09,0.18,True,physics_chained_synthetic
BGW-080,5,14.63,production,58.785,15267.64,3.75,121.2,47.6,0.181,428.6,0.18,0.0,True,physics_chained_synthetic
BGW-080,5,16.81,production,52.51,26967.04,3.75,121.2,47.6,0.181,428.8,0.0,0.08,True,physics_chained_synthetic
BGW-080,5,16.89,production,52.357,27352.53,3.75,121.2,47.6,0.181,428.8,0.08,0.59,True,physics_chained_synthetic
BGW-080,5,16.99,production,52.145,27894.19,3.75,121.2,47.6,0.181,428.8,0.59,0.0,True,physics_chained_synthetic
BGW-080,5,18.44,production,49.675,35125.76,3.75,121.2,47.6,0.181,430.3,0.0,1.04,True,physics_chained_synthetic
BGW-080,5,20.75,production,47.486,43212.36,3.75,121.2,47.6,0.181,430.3,1.04,0.0,True,physics_chained_synthetic
BGW-080,5,21.49,production,47.112,44783.15,3.75,121.2,47.6,0.181,430.8,0.0,0.57,True,physics_chained_synthetic
BGW-080,5,22.82,production,46.673,46703.44,3.75,121.2,47.6,0.181,431.0,0.57,0.18,True,physics_chained_synthetic
BGW-080,5,27.37,production,46.26,48591.0,3.75,121.2,47.6,0.181,431.8,0.18,0.18,True,physics_chained_synthetic
BGW-080,5,28.51,production,46.248,48647.05,3.75,121.2,47.6,0.181,431.8,0.18,0.01,True,physics_chained_synthetic
BGW-080,5,29.99,production,46.242,48675.56,3.75,121.2,47.6,0.181,432.2,0.01,0.22,True,physics_chained_synthetic
BGW-080,5,35.5,production,46.24,48687.24,3.75,121.2,47.6,0.181,433.6,0.22,0.27,True,physics_chained_synthetic
BGW-080,5,37.09,production,46.24,48687.27,3.75,121.2,47.6,0.181,433.6,0.27,0.0,True,physics_chained_synthetic
BGW-081,4,0.28,production,143.385,37.98,6.5,132.9,35.8,0.118,62.2,222.8,222.8,True,physics_chained_synthetic
BGW-081,4,0.82,production,141.193,43.02,6.5,132.9,35.8,0.118,169.5,222.8,197.37,True,physics_chained_synthetic
BGW-081,4,2.33,production,134.294,64.2,6.5,132.9,35.8,0.118,354.4,197.37,122.39,True,physics_chained_synthetic
BGW-081,4,2.58,production,133.172,68.61,6.5,132.9,35.8,0.118,382.5,122.39,116.4,True,physics_chained_synthetic
BGW-081,4,7.2,production,103.265,466.24,6.5,132.9,35.8,0.118,467.5,116.4,18.35,True,physics_chained_synthetic
BGW-081,4,8.66,production,93.979,900.77,6.5,132.9,35.8,0.118,480.5,18.35,8.97,True,physics_chained_synthetic
BGW-081,4,11.42,production,76.792,3341.73,6.5,132.9,35.8,0.118,485.1,8.97,1.67,True,physics_chained_synthetic
BGW-081,4,14.33,production,62.576,10939.39,6.5,132.9,35.8,0.118,487.6,1.67,0.86,True,physics_chained_synthetic
BGW-081,4,15.48,production,58.596,15526.13,6.5,132.9,35.8,0.118,488.2,0.86,0.45,True,physics_chained_synthetic
BGW-081,4,19.7,production,50.045,33925.86,6.5,132.9,35.8,0.118,489.0,0.45,0.19,True,physics_chained_synthetic
BGW-081,4,20.65,production,49.263,36512.27,6.5,132.9,35.8,0.118,489.0,0.19,0.0,True,physics_chained_synthetic
BGW-081,4,23.66,production,48.054,40940.75,6.5,132.9,35.8,0.118,489.6,0.0,0.21,True,physics_chained_synthetic
BGW-081,4,25.52,production,47.833,41807.25,6.5,132.9,35.8,0.118,489.9,0.21,0.17,True,physics_chained_synthetic
BGW-081,4,26.76,production,47.773,42047.48,6.5,132.9,35.8,0.118,490.7,0.17,0.63,True,physics_chained_synthetic
BGW-081,4,28.56,production,47.738,42187.44,6.5,132.9,35.8,0.118,490.7,0.63,0.0,True,physics_chained_synthetic
BGW-081,4,32.92,production,47.725,42238.61,6.5,132.9,35.8,0.118,493.5,0.0,0.64,True,physics_chained_synthetic
BGW-081,4,33.59,production,47.725,42239.12,6.5,132.9,35.8,0.118,493.5,0.64,0.0,True,physics_chained_synthetic
BGW-081,4,35.94,production,47.725,42239.62,6.5,132.9,35.8,0.118,495.0,0.0,0.64,True,physics_chained_synthetic
BGW-081,4,36.52,production,47.725,42239.64,6.5,132.9,35.8,0.118,495.0,0.64,0.0,True,physics_chained_synthetic
BGW-081,4,36.63,production,47.725,42239.64,6.5,132.9,35.8,0.118,495.0,0.0,0.06,True,physics_chained_synthetic
BGW-082,2,2.8,production,114.901,213.59,4.53,131.2,41.7,0.091,100.0,35.74,35.74,True,physics_chained_synthetic
BGW-082,2,3.9,production,109.012,315.2,4.53,131.2,41.7,0.091,123.1,35.74,20.91,True,physics_chained_synthetic
BGW-082,2,6.54,production,93.256,949.46,4.53,131.2,41.7,0.091,142.9,20.91,7.51,True,physics_chained_synthetic
BGW-082,2,6.58,production,93.065,962.8,4.53,131.2,41.7,0.091,143.1,7.51,6.48,True,physics_chained_synthetic
BGW-082,2,10.03,production,73.042,4526.26,4.53,131.2,41.7,0.091,150.0,6.48,1.97,True,physics_chained_synthetic
BGW-082,2,10.5,production,70.784,5450.49,4.53,131.2,41.7,0.091,150.2,1.97,0.62,True,physics_chained_synthetic
BGW-082,2,13.56,production,58.259,16000.84,4.53,131.2,41.7,0.091,151.4,0.62,0.36,True,physics_chained_synthetic
BGW-082,2,13.7,production,57.839,16612.4,4.53,131.2,41.7,0.091,151.5,0.36,0.67,True,physics_chained_synthetic
BGW-082,2,15.04,production,54.261,22957.88,4.53,131.2,41.7,0.091,152.0,0.67,0.42,True,physics_chained_synthetic
BGW-082,2,17.91,production,49.435,35928.03,4.53,131.2,41.7,0.091,152.5,0.42,0.16,True,physics_chained_synthetic
BGW-082,2,21.14,production,47.358,43745.12,4.53,131.2,41.7,0.091,152.5,0.16,0.0,True,physics_chained_synthetic
BGW-082,2,23.14,production,46.957,45450.63,4.53,131.2,41.7,0.091,152.6,0.0,0.08,True,physics_chained_synthetic
BGW-082,2,25.3,production,46.807,46110.81,4.53,131.2,41.7,0.091,152.6,0.08,0.0,True,physics_chained_synthetic
BGW-082,2,25.34,production,46.805,46116.85,4.53,131.2,41.7,0.091,152.6,0.0,0.01,True,physics_chained_synthetic
BGW-082,2,31.74,production,46.755,46339.73,4.53,131.2,41.7,0.091,152.6,0.01,0.0,True,physics_chained_synthetic
BGW-082,2,32.3,production,46.755,46340.1,4.53,131.2,41.7,0.091,152.6,0.0,0.0,True,physics_chained_synthetic
BGW-082,2,32.31,production,46.755,46340.11,4.53,131.2,41.7,0.091,152.6,0.0,0.09,True,physics_chained_synthetic
BGW-082,2,35.9,production,46.755,46340.6,4.53,131.2,41.7,0.091,152.6,0.09,0.0,True,physics_chained_synthetic
BGW-082,2,36.03,production,46.755,46340.6,4.53,131.2,41.7,0.091,152.6,0.0,0.0,True,physics_chained_synthetic
BGW-082,2,36.41,production,46.755,46340.6,4.53,131.2,41.7,0.091,152.6,0.0,0.0,True,physics_chained_synthetic
BGW-082,1,4.32,production,113.418,235.31,6.98,100.3,42.2,0.111,117.1,27.14,27.14,True,physics_chained_synthetic
BGW-082,1,6.1,production,102.099,505.55,6.98,100.3,42.2,0.111,144.2,27.14,15.23,True,physics_chained_synthetic
BGW-082,1,6.22,production,101.347,532.75,6.98,100.3,42.2,0.111,145.8,15.23,13.36,True,physics_chained_synthetic
BGW-082,1,6.27,production,101.024,544.94,6.98,100.3,42.2,0.111,146.4,13.36,11.41,True,physics_chained_synthetic
BGW-082,1,14.15,production,56.787,18256.76,6.98,100.3,42.2,0.111,148.0,11.41,0.19,True,physics_chained_synthetic
BGW-082,1,14.16,production,56.752,18315.02,6.98,100.3,42.2,0.111,148.0,0.19,0.0,True,physics_chained_synthetic
BGW-082,1,15.59,production,53.339,24984.27,6.98,100.3,42.2,0.111,148.4,0.0,0.31,True,physics_chained_synthetic
BGW-082,1,27.07,production,46.809,46098.71,6.98,100.3,42.2,0.111,152.8,0.31,0.38,True,physics_chained_synthetic
BGW-082,1,27.32,production,46.808,46105.14,6.98,100.3,42.2,0.111,152.8,0.38,0.11,True,physics_chained_synthetic
BGW-082,1,29.43,production,46.802,46131.3,6.98,100.3,42.2,0.111,153.6,0.11,0.38,True,physics_chained_synthetic
BGW-082,1,29.63,production,46.802,46132.25,6.98,100.3,42.2,0.111,153.6,0.38,0.12,True,physics_chained_synthetic
BGW-082,1,30.39,production,46.801,46134.63,6.98,100.3,42.2,0.111,153.7,0.12,0.11,True,physics_chained_synthetic
BGW-082,1,31.03,production,46.801,46135.77,6.98,100.3,42.2,0.111,153.7,0.11,0.03,True,physics_chained_synthetic
BGW-082,1,31.14,production,46.801,46135.91,6.98,100.3,42.2,0.111,153.7,0.03,0.0,True,physics_chained_synthetic
BGW-082,1,32.71,production,46.801,46136.94,6.98,100.3,42.2,0.111,154.7,0.0,0.63,True,physics_chained_synthetic
BGW-082,1,33.85,production,46.801,46137.14,6.98,100.3,42.2,0.111,154.8,0.63,0.03,True,physics_chained_synthetic
BGW-082,1,33.91,production,46.801,46137.15,6.98,100.3,42.2,0.111,154.8,0.03,0.0,True,physics_chained_synthetic
BGW-082,1,37.05,production,46.801,46137.23,6.98,100.3,42.2,0.111,154.8,0.0,0.0,True,physics_chained_synthetic
BGW-082,1,37.34,production,46.801,46137.23,6.98,100.3,42.2,0.111,154.9,0.0,0.41,True,physics_chained_synthetic
BGW-082,1,38.95,production,46.801,46137.23,6.98,100.3,42.2,0.111,155.2,0.41,0.21,True,physics_chained_synthetic
BGW-083,3,1.88,production,151.449,24.29,3.99,123.9,40.6,0.306,389.4,207.58,207.58,True,physics_chained_synthetic
BGW-083,3,2.59,production,147.659,29.91,3.99,123.9,40.6,0.306,539.8,207.58,211.92,True,physics_chained_synthetic
BGW-083,3,3.19,production,144.305,36.06,3.99,123.9,40.6,0.306,641.0,211.92,167.45,True,physics_chained_synthetic
BGW-083,3,3.3,production,143.671,37.37,3.99,123.9,40.6,0.306,659.1,167.45,159.5,True,physics_chained_synthetic
BGW-083,3,3.48,production,142.679,39.53,3.99,123.9,40.6,0.306,683.1,159.5,136.65,True,physics_chained_synthetic
BGW-083,3,8.47,production,105.17,408.96,3.99,123.9,40.6,0.306,741.6,136.65,11.74,True,physics_chained_synthetic
BGW-083,3,8.58,production,104.36,432.36,3.99,123.9,40.6,0.306,742.6,11.74,9.04,True,physics_chained_synthetic
BGW-083,3,10.77,production,88.414,1358.43,3.99,123.9,40.6,0.306,749.6,9.04,3.19,True,physics_chained_synthetic
BGW-083,3,13.71,production,69.716,5956.73,3.99,123.9,40.6,0.306,753.0,3.19,1.16,True,physics_chained_synthetic
BGW-083,3,16.59,production,57.102,17746.31,3.99,123.9,40.6,0.306,753.1,1.16,0.02,True,physics_chained_synthetic
BGW-083,3,16.9,production,56.162,19314.69,3.99,123.9,40.6,0.306,753.2,0.02,0.42,True,physics_chained_synthetic
BGW-083,3,17.73,production,53.862,23813.28,3.99,123.9,40.6,0.306,753.2,0.42,0.0,True,physics_chained_synthetic
BGW-083,3,17.99,production,53.239,25213.96,3.99,123.9,40.6,0.306,753.2,0.0,0.0,True,physics_chained_synthetic
BGW-083,3,18.66,production,51.801,28797.08,3.99,123.9,40.6,0.306,753.6,0.0,0.51,True,physics_chained_synthetic
BGW-083,3,19.03,production,51.106,30720.64,3.99,123.9,40.6,0.306,753.8,0.51,0.54,True,physics_chained_synthetic
BGW-083,3,22.82,production,47.086,44896.0,3.99,123.9,40.6,0.306,753.8,0.54,0.0,True,physics_chained_synthetic
BGW-083,3,24.1,production,46.64,46851.84,3.99,123.9,40.6,0.306,753.8,0.0,0.0,True,physics_chained_synthetic
BGW-083,3,28.78,production,46.187,48933.6,3.99,123.9,40.6,0.306,754.2,0.0,0.1,True,physics_chained_synthetic
BGW-083,3,32.3,production,46.167,49029.58,3.99,123.9,40.6,0.306,755.0,0.1,0.22,True,physics_chained_synthetic
BGW-083,3,39.61,production,46.166,49034.96,3.99,123.9,40.6,0.306,756.2,0.22,0.16,True,physics_chained_synthetic
BGW-083,5,5.59,production,98.756,639.33,4.73,87.2,55.0,0.079,75.9,13.59,13.59,True,physics_chained_synthetic
BGW-083,5,7.92,production,84.91,1771.06,4.73,87.2,55.0,0.079,84.5,13.59,3.68,True,physics_chained_synthetic
BGW-083,5,9.21,production,77.866,3067.37,4.73,87.2,55.0,0.079,88.5,3.68,3.04,True,physics_chained_synthetic
BGW-083,5,9.54,production,76.226,3497.04,4.73,87.2,55.0,0.079,88.9,3.04,1.49,True,physics_chained_synthetic
BGW-083,5,11.48,production,66.787,7620.01,4.73,87.2,55.0,0.079,90.6,1.49,0.85,True,physics_chained_synthetic
BGW-083,5,11.69,production,65.896,8219.92,4.73,87.2,55.0,0.079,90.8,0.85,1.06,True,physics_chained_synthetic
BGW-083,5,11.81,production,65.417,8562.52,4.73,87.2,55.0,0.079,90.8,1.06,0.12,True,physics_chained_synthetic
BGW-083,5,12.22,production,63.771,9863.58,4.73,87.2,55.0,0.079,91.2,0.12,0.8,True,physics_chained_synthetic
BGW-083,5,12.4,production,63.072,10478.62,4.73,87.2,55.0,0.079,91.2,0.8,0.42,True,physics_chained_synthetic
BGW-083,5,13.67,production,58.543,15599.48,4.73,87.2,55.0,0.079,91.6,0.42,0.3,True,physics_chained_synthetic
BGW-083,5,15.43,production,53.635,24312.51,4.73,87.2,55.0,0.079,93.3,0.3,0.94,True,physics_chained_synthetic
BGW-083,5,16.6,production,51.304,30158.48,4.73,87.2,55.0,0.079,93.5,0.94,0.17,True,physics_chained_synthetic
BGW-083,5,21.17,production,46.864,45857.84,4.73,87.2,55.0,0.079,93.8,0.17,0.08,True,physics_chained_synthetic
BGW-083,5,25.74,production,46.19,48922.01,4.73,87.2,55.0,0.079,94.0,0.08,0.04,True,physics_chained_synthetic
BGW-083,5,25.85,production,46.186,48938.26,4.73,87.2,55.0,0.079,94.0,0.04,0.0,True,physics_chained_synthetic
BGW-083,5,30.07,production,46.144,49135.5,4.73,87.2,55.0,0.079,94.0,0.0,0.0,True,physics_chained_synthetic
BGW-083,5,30.19,production,46.144,49136.19,4.73,87.2,55.0,0.079,94.0,0.0,0.0,True,physics_chained_synthetic
BGW-083,5,30.98,production,46.143,49139.51,4.73,87.2,55.0,0.079,94.2,0.0,0.23,True,physics_chained_synthetic
BGW-083,5,33.31,production,46.143,49142.48,4.73,87.2,55.0,0.079,94.2,0.23,0.0,True,physics_chained_synthetic
BGW-083,5,38.21,production,46.143,49142.82,4.73,87.2,55.0,0.079,95.4,0.0,0.25,True,physics_chained_synthetic
BGW-084,4,1.94,production,115.792,201.59,4.75,83.0,49.2,0.086,91.8,47.3,47.3,True,physics_chained_synthetic
BGW-084,4,2.23,production,114.529,218.82,4.75,83.0,49.2,0.086,103.3,47.3,40.58,True,physics_chained_synthetic
BGW-084,4,2.49,production,113.324,236.78,4.75,83.0,49.2,0.086,111.9,40.58,31.93,True,physics_chained_synthetic
BGW-084,4,3.68,production,107.535,348.18,4.75,83.0,49.2,0.086,139.5,31.93,23.23,True,physics_chained_synthetic
BGW-084,4,4.4,production,103.969,444.15,4.75,83.0,49.2,0.086,152.9,23.23,18.61,True,physics_chained_synthetic
BGW-084,4,5.91,production,95.938,781.77,4.75,83.0,49.2,0.086,171.4,18.61,12.33,True,physics_chained_synthetic
BGW-084,4,9.73,production,74.544,4005.19,4.75,83.0,49.2,0.086,179.6,12.33,2.13,True,physics_chained_synthetic
BGW-084,4,10.02,production,73.212,4463.87,4.75,83.0,49.2,0.086,180.0,2.13,1.55,True,physics_chained_synthetic
BGW-084,4,12.73,production,61.775,11730.72,4.75,83.0,49.2,0.086,182.5,1.55,0.91,True,physics_chained_synthetic
BGW-084,4,13.16,production,60.391,13244.81,4.75,83.0,49.2,0.086,182.6,0.91,0.24,True,physics_chained_synthetic
BGW-084,4,20.61,production,48.455,39412.97,4.75,83.0,49.2,0.086,182.6,0.24,0.0,True,physics_chained_synthetic
BGW-084,4,21.06,production,48.332,39874.53,4.75,83.0,49.2,0.086,182.7,0.0,0.32,True,physics_chained_synthetic
BGW-084,4,21.28,production,48.279,40074.84,4.75,83.0,49.2,0.086,182.8,0.32,0.12,True,physics_chained_synthetic
BGW-084,4,22.54,production,48.061,40910.4,4.75,83.0,49.2,0.086,183.2,0.12,0.35,True,physics_chained_synthetic
BGW-084,4,27.25,production,47.844,41765.14,4.75,83.0,49.2,0.086,183.2,0.35,0.0,True,physics_chained_synthetic
BGW-084,4,27.62,production,47.842,41774.12,4.75,83.0,49.2,0.086,183.4,0.0,0.47,True,physics_chained_synthetic
BGW-084,4,28.33,production,47.839,41785.73,4.75,83.0,49.2,0.086,183.4,0.47,0.0,True,physics_chained_synthetic
BGW-084,4,28.53,production,47.838,41788.0,4.75,83.0,49.2,0.086,183.4,0.0,0.19,True,physics_chained_synthetic
BGW-084,4,34.48,production,47.835,41801.3,4.75,83.0,49.2,0.086,183.4,0.19,0.0,True,physics_chained_synthetic
BGW-084,4,38.0,production,47.835,41801.34,4.75,83.0,49.2,0.086,183.6,0.0,0.04,True,physics_chained_synthetic
BGW-085,3,0.76,production,137.276,53.91,3.99,131.1,59.4,0.175,103.8,136.08,136.08,True,physics_chained_synthetic
BGW-085,3,4.56,production,114.328,221.72,3.99,131.1,59.4,0.175,211.2,136.08,28.29,True,physics_chained_synthetic
BGW-085,3,10.51,production,74.276,4093.3,3.99,131.1,59.4,0.175,220.5,28.29,1.56,True,physics_chained_synthetic
BGW-085,3,10.59,production,73.864,4232.77,3.99,131.1,59.4,0.175,220.7,1.56,1.98,True,physics_chained_synthetic
BGW-085,3,11.59,production,69.081,6281.06,3.99,131.1,59.4,0.175,221.2,1.98,0.56,True,physics_chained_synthetic
BGW-085,3,13.23,production,62.298,11206.81,3.99,131.1,59.4,0.175,222.6,0.56,0.83,True,physics_chained_synthetic
BGW-085,3,16.46,production,53.179,25354.88,3.99,131.1,59.4,0.175,224.2,0.83,0.5,True,physics_chained_synthetic
BGW-085,3,16.8,production,52.576,26803.9,3.99,131.1,59.4,0.175,224.2,0.5,0.09,True,physics_chained_synthetic
BGW-085,3,17.52,production,51.479,29671.68,3.99,131.1,59.4,0.175,224.4,0.09,0.21,True,physics_chained_synthetic
BGW-085,3,19.25,production,49.6,35371.55,3.99,131.1,59.4,0.175,224.7,0.21,0.2,True,physics_chained_synthetic
BGW-085,3,19.97,production,49.094,37101.85,3.99,131.1,59.4,0.175,225.0,0.2,0.36,True,physics_chained_synthetic
BGW-085,3,20.64,production,48.726,38413.66,3.99,131.1,59.4,0.175,225.2,0.36,0.26,True,physics_chained_synthetic
BGW-085,3,21.98,production,48.228,40268.81,3.99,131.1,59.4,0.175,225.2,0.26,0.0,True,physics_chained_synthetic
BGW-085,3,22.33,production,48.14,40607.76,3.99,131.1,59.4,0.175,225.2,0.0,0.0,True,physics_chained_synthetic
BGW-085,3,28.06,production,47.703,42328.86,3.99,131.1,59.4,0.175,226.7,0.0,0.27,True,physics_chained_synthetic
BGW-085,3,29.52,production,47.697,42353.63,3.99,131.1,59.4,0.175,227.3,0.27,0.38,True,physics_chained_synthetic
BGW-085,3,33.48,production,47.694,42364.43,3.99,131.1,59.4,0.175,227.3,0.38,0.0,True,physics_chained_synthetic
BGW-085,3,36.34,production,47.694,42364.66,3.99,131.1,59.4,0.175,227.3,0.0,0.0,True,physics_chained_synthetic
BGW-085,3,36.4,production,47.694,42364.66,3.99,131.1,59.4,0.175,227.3,0.0,0.0,True,physics_chained_synthetic
BGW-085,3,36.8,production,47.694,42364.67,3.99,131.1,59.4,0.175,227.3,0.0,0.19,True,physics_chained_synthetic
BGW-085,3,2.4,production,157.31,17.74,5.31,79.7,52.5,0.044,746.9,310.72,310.72,True,physics_chained_synthetic
BGW-085,3,6.55,production,128.539,90.61,5.31,79.7,52.5,0.044,1038.6,310.72,70.42,True,physics_chained_synthetic
BGW-085,3,6.86,production,126.323,103.75,5.31,79.7,52.5,0.044,1059.7,70.42,67.5,True,physics_chained_synthetic
BGW-085,3,8.04,production,117.486,180.72,5.31,79.7,52.5,0.044,1100.8,67.5,34.91,True,physics_chained_synthetic
BGW-085,3,12.13,production,84.819,1783.45,5.31,79.7,52.5,0.044,1110.3,34.91,2.32,True,physics_chained_synthetic
BGW-085,3,15.6,production,64.216,9492.12,5.31,79.7,52.5,0.044,1110.3,2.32,0.0,True,physics_chained_synthetic
BGW-085,3,17.15,production,58.213,16066.26,5.31,79.7,52.5,0.044,1111.3,0.0,0.61,True,physics_chained_synthetic
BGW-085,3,17.72,production,56.482,18764.91,5.31,79.7,52.5,0.044,1111.3,0.61,0.0,True,physics_chained_synthetic
BGW-085,3,22.8,production,48.458,39399.03,5.31,79.7,52.5,0.044,1111.7,0.0,0.09,True,physics_chained_synthetic
BGW-085,3,23.08,production,48.323,39908.17,5.31,79.7,52.5,0.044,1111.8,0.09,0.53,True,physics_chained_synthetic
BGW-085,3,23.75,production,48.059,40921.52,5.31,79.7,52.5,0.044,1112.0,0.53,0.18,True,physics_chained_synthetic
BGW-085,3,24.32,production,47.886,41597.2,5.31,79.7,52.5,0.044,1112.0,0.18,0.0,True,physics_chained_synthetic
BGW-085,3,26.91,production,47.495,43174.61,5.31,79.7,52.5,0.044,1112.0,0.0,0.03,True,physics_chained_synthetic
BGW-085,3,27.6,production,47.457,43330.59,5.31,79.7,52.5,0.044,1112.2,0.03,0.21,True,physics_chained_synthetic
BGW-085,3,27.81,production,47.449,43366.97,5.31,79.7,52.5,0.044,1112.2,0.21,0.0,True,physics_chained_synthetic
BGW-085,3,28.05,production,47.44,43402.72,5.31,79.7,52.5,0.044,1112.2,0.0,0.28,True,physics_chained_synthetic
BGW-085,3,32.25,production,47.392,43600.16,5.31,79.7,52.5,0.044,1113.8,0.28,0.36,True,physics_chained_synthetic
BGW-085,3,35.7,production,47.391,43606.66,5.31,79.7,52.5,0.044,1114.9,0.36,0.31,True,physics_chained_synthetic
BGW-085,3,38.19,production,47.391,43606.86,5.31,79.7,52.5,0.044,1115.0,0.31,0.08,True,physics_chained_synthetic
BGW-085,3,39.94,production,47.391,43606.88,5.31,79.7,52.5,0.044,1115.0,0.08,0.0,True,physics_chained_synthetic
BGW-085,4,1.39,production,165.262,11.74,4.19,134.5,35.8,0.247,352.4,252.87,252.87,True,physics_chained_synthetic
BGW-085,4,3.2,production,155.793,19.23,4.19,134.5,35.8,0.247,746.5,252.87,218.24,True,physics_chained_synthetic
BGW-085,4,5.36,production,142.084,40.89,4.19,134.5,35.8,0.247,1012.8,218.24,123.46,True,physics_chained_synthetic
BGW-085,4,7.39,production,127.071,99.1,4.19,134.5,35.8,0.247,1121.0,123.46,53.27,True,physics_chained_synthetic
BGW-085,4,8.01,production,122.382,132.48,4.19,134.5,35.8,0.247,1141.4,53.27,32.95,True,physics_chained_synthetic
BGW-085,4,14.53,production,70.053,5791.49,4.19,134.5,35.8,0.247,1148.1,32.95,1.03,True,physics_chained_synthetic
BGW-085,4,15.83,production,63.81,9830.22,4.19,134.5,35.8,0.247,1149.0,1.03,0.66,True,physics_chained_synthetic
BGW-085,4,16.16,production,62.476,11035.09,4.19,134.5,35.8,0.247,1149.2,0.66,0.58,True,physics_chained_synthetic
BGW-085,4,24.11,production,48.345,39824.6,4.19,134.5,35.8,0.247,1149.2,0.58,0.0,True,physics_chained_synthetic
BGW-085,4,24.25,production,48.315,39939.0,4.19,134.5,35.8,0.247,1149.2,0.0,0.0,True,physics_chained_synthetic
BGW-085,4,24.77,production,48.215,40317.8,4.19,134.5,35.8,0.247,1149.2,0.0,0.0,True,physics_chained_synthetic
BGW-085,4,26.62,production,48.013,41099.11,4.19,134.5,35.8,0.247,1149.3,0.0,0.04,True,physics_chained_synthetic
BGW-085,4,30.54,production,47.921,41460.17,4.19,134.5,35.8,0.247,1149.3,0.04,0.0,True,physics_chained_synthetic
BGW-085,4,32.26,production,47.917,41475.75,4.19,134.5,35.8,0.247,1149.3,0.0,0.0,True,physics_chained_synthetic
BGW-085,4,33.7,production,47.916,41479.17,4.19,134.5,35.8,0.247,1149.3,0.0,0.0,True,physics_chained_synthetic
BGW-085,4,33.8,production,47.916,41479.29,4.19,134.5,35.8,0.247,1149.3,0.0,0.18,True,physics_chained_synthetic
BGW-085,4,34.34,production,47.916,41479.73,4.19,134.5,35.8,0.247,1149.4,0.18,0.16,True,physics_chained_synthetic
BGW-085,4,36.59,production,47.916,41480.31,4.19,134.5,35.8,0.247,1150.0,0.16,0.28,True,physics_chained_synthetic
BGW-085,4,39.11,production,47.916,41480.36,4.19,134.5,35.8,0.247,1150.0,0.28,0.0,True,physics_chained_synthetic
BGW-085,4,39.5,production,47.916,41480.36,4.19,134.5,35.8,0.247,1150.0,0.0,0.09,True,physics_chained_synthetic
BGW-086,1,0.19,production,107.293,353.92,4.92,83.0,39.3,0.146,3.8,20.61,20.61,True,physics_chained_synthetic
BGW-086,1,0.39,production,106.695,368.58,4.92,83.0,39.3,0.146,7.5,20.61,18.24,True,physics_chained_synthetic
BGW-086,1,3.53,production,95.177,825.88,4.92,83.0,39.3,0.146,36.7,18.24,9.28,True,physics_chained_synthetic
BGW-086,1,6.1,production,84.708,1798.65,4.92,83.0,39.3,0.146,46.5,9.28,3.8,True,physics_chained_synthetic
BGW-086,1,6.67,production,82.434,2142.97,4.92,83.0,39.3,0.146,48.0,3.8,2.63,True,physics_chained_synthetic
BGW-086,1,6.81,production,81.909,2232.02,4.92,83.0,39.3,0.146,48.4,2.63,3.36,True,physics_chained_synthetic
BGW-086,1,7.92,production,77.392,3185.37,4.92,83.0,39.3,0.146,51.4,3.36,2.72,True,physics_chained_synthetic
BGW-086,1,8.32,production,75.819,3613.32,4.92,83.0,39.3,0.146,52.4,2.72,2.54,True,physics_chained_synthetic
BGW-086,1,11.62,production,62.881,10653.64,4.92,83.0,39.3,0.146,54.8,2.54,0.72,True,physics_chained_synthetic
BGW-086,1,11.93,production,61.904,11599.17,4.92,83.0,39.3,0.146,55.0,0.72,0.6,True,physics_chained_synthetic
BGW-086,1,13.71,production,56.818,18206.01,4.92,83.0,39.3,0.146,55.5,0.6,0.25,True,physics_chained_synthetic
BGW-086,1,17.35,production,50.047,33919.22,4.92,83.0,39.3,0.146,55.5,0.25,0.0,True,physics_chained_synthetic
BGW-086,1,17.6,production,49.778,34786.18,4.92,83.0,39.3,0.146,55.5,0.0,0.31,True,physics_chained_synthetic
BGW-086,1,19.19,production,48.446,39446.59,4.92,83.0,39.3,0.146,55.5,0.31,0.0,True,physics_chained_synthetic
BGW-086,1,28.62,production,46.861,45869.76,4.92,83.0,39.3,0.146,55.5,0.0,0.0,True,physics_chained_synthetic
BGW-086,1,30.59,production,46.859,45881.87,4.92,83.0,39.3,0.146,55.7,0.0,0.06,True,physics_chained_synthetic
BGW-086,1,34.32,production,46.858,45884.64,4.92,83.0,39.3,0.146,56.4,0.06,0.2,True,physics_chained_synthetic
BGW-086,1,34.9,production,46.858,45884.67,4.92,83.0,39.3,0.146,56.5,0.2,0.1,True,physics_chained_synthetic
BGW-086,1,37.01,production,46.858,45884.7,4.92,83.0,39.3,0.146,56.6,0.1,0.08,True,physics_chained_synthetic
BGW-086,1,38.59,production,46.858,45884.71,4.92,83.0,39.3,0.146,56.6,0.08,0.0,True,physics_chained_synthetic
BGW-086,4,1.94,production,129.746,84.23,3.91,90.2,53.5,0.225,176.6,91.03,91.03,True,physics_chained_synthetic
BGW-086,4,6.32,production,101.387,531.29,3.91,90.2,53.5,0.225,223.8,91.03,10.78,True,physics_chained_synthetic
BGW-086,4,8.08,production,90.124,1195.75,3.91,90.2,53.5,0.225,232.8,10.78,5.07,True,physics_chained_synthetic
BGW-086,4,9.46,production,81.675,2273.17,3.91,90.2,53.5,0.225,236.3,5.07,2.56,True,physics_chained_synthetic
BGW-086,4,12.05,production,67.22,7345.57,3.91,90.2,53.5,0.225,239.0,2.56,1.03,True,physics_chained_synthetic
BGW-086,4,13.89,production,59.541,14276.68,3.91,90.2,53.5,0.225,239.4,1.03,0.23,True,physics_chained_synthetic
BGW-086,4,14.22,production,58.435,15751.18,3.91,90.2,53.5,0.225,239.6,0.23,0.48,True,physics_chained_synthetic
BGW-086,4,14.89,production,56.339,19009.37,3.91,90.2,53.5,0.225,239.9,0.48,0.5,True,physics_chained_synthetic
BGW-086,4,17.38,production,50.672,31990.11,3.91,90.2,53.5,0.225,240.9,0.5,0.41,True,physics_chained_synthetic
BGW-086,4,21.96,production,46.923,45601.23,3.91,90.2,53.5,0.225,240.9,0.41,0.0,True,physics_chained_synthetic
BGW-086,4,23.16,production,46.688,46638.01,3.91,90.2,53.5,0.225,240.9,0.0,0.0,True,physics_chained_synthetic
BGW-086,4,24.12,production,46.58,47123.07,3.91,90.2,53.5,0.225,240.9,0.0,0.0,True,physics_chained_synthetic
BGW-086,4,25.34,production,46.504,47466.41,3.91,90.2,53.5,0.225,241.2,0.0,0.21,True,physics_chained_synthetic
BGW-086,4,26.41,production,46.471,47617.79,3.91,90.2,53.5,0.225,241.5,0.21,0.3,True,physics_chained_synthetic
BGW-086,4,30.41,production,46.442,47751.95,3.91,90.2,53.5,0.225,241.5,0.3,0.0,True,physics_chained_synthetic
BGW-086,4,31.5,production,46.441,47755.12,3.91,90.2,53.5,0.225,241.8,0.0,0.28,True,physics_chained_synthetic
BGW-086,4,31.99,production,46.441,47755.79,3.91,90.2,53.5,0.225,242.1,0.28,0.51,True,physics_chained_synthetic
BGW-086,4,32.52,production,46.441,47756.25,3.91,90.2,53.5,0.225,242.1,0.51,0.14,True,physics_chained_synthetic
BGW-086,4,33.29,production,46.441,47756.61,3.91,90.2,53.5,0.225,242.3,0.14,0.23,True,physics_chained_synthetic
BGW-086,4,39.57,production,46.441,47756.91,3.91,90.2,53.5,0.225,243.4,0.23,0.18,True,physics_chained_synthetic
BGW-086,2,4.5,production,88.636,1336.02,6.26,104.1,50.1,0.283,20.2,4.49,4.49,True,physics_chained_synthetic
BGW-086,2,8.34,production,69.692,5968.52,6.26,104.1,50.1,0.283,23.2,4.49,0.79,True,physics_chained_synthetic
BGW-086,2,9.95,production,63.521,10078.88,6.26,104.1,50.1,0.283,23.4,0.79,0.07,True,physics_chained_synthetic
BGW-086,2,10.67,production,61.112,12431.25,6.26,104.1,50.1,0.283,23.5,0.07,0.15,True,physics_chained_synthetic
BGW-086,2,10.96,production,60.223,13442.12,6.26,104.1,50.1,0.283,23.7,0.15,0.84,True,physics_chained_synthetic
BGW-086,2,12.51,production,55.915,19751.38,6.26,104.1,50.1,0.283,23.7,0.84,0.0,True,physics_chained_synthetic
BGW-086,2,12.72,production,55.43,20639.5,6.26,104.1,50.1,0.283,23.7,0.0,0.11,True,physics_chained_synthetic
BGW-086,2,12.92,production,54.966,21528.94,6.26,104.1,50.1,0.283,23.8,0.11,0.56,True,physics_chained_synthetic
BGW-086,2,19.65,production,47.192,44444.0,6.26,104.1,50.1,0.283,24.7,0.56,0.12,True,physics_chained_synthetic
BGW-086,2,22.41,production,46.766,46289.66,6.26,104.1,50.1,0.283,24.9,0.12,0.09,True,physics_chained_synthetic
BGW-086,2,24.77,production,46.668,46724.81,6.26,104.1,50.1,0.283,24.9,0.09,0.0,True,physics_chained_synthetic
BGW-086,2,24.89,production,46.666,46733.91,6.26,104.1,50.1,0.283,25.0,0.0,0.48,True,physics_chained_synthetic
BGW-086,2,26.66,production,46.647,46818.83,6.26,104.1,50.1,0.283,25.0,0.48,0.0,True,physics_chained_synthetic
BGW-086,2,27.67,production,46.643,46836.67,6.26,104.1,50.1,0.283,25.1,0.0,0.17,True,physics_chained_synthetic
BGW-086,2,29.32,production,46.641,46848.12,6.26,104.1,50.1,0.283,25.1,0.17,0.0,True,physics_chained_synthetic
BGW-086,2,31.09,production,46.64,46851.2,6.26,104.1,50.1,0.283,25.7,0.0,0.31,True,physics_chained_synthetic
BGW-086,2,33.12,production,46.64,46851.86,6.26,104.1,50.1,0.283,26.7,0.31,0.5,True,physics_chained_synthetic
BGW-086,2,35.12,production,46.64,46851.95,6.26,104.1,50.1,0.283,27.4,0.5,0.32,True,physics_chained_synthetic
BGW-086,2,35.75,production,46.64,46851.95,6.26,104.1,50.1,0.283,27.4,0.32,0.0,True,physics_chained_synthetic
BGW-086,2,37.36,production,46.64,46851.96,6.26,104.1,50.1,0.283,27.6,0.0,0.13,True,physics_chained_synthetic
BGW-086,1,3.15,production,111.148,273.33,5.4,75.5,44.0,0.093,98.9,31.35,31.35,True,physics_chained_synthetic
BGW-086,1,7.47,production,84.988,1760.63,5.4,75.5,44.0,0.093,115.3,31.35,3.79,True,physics_chained_synthetic
BGW-086,1,13.27,production,58.066,16278.97,5.4,75.5,44.0,0.093,117.2,3.79,0.34,True,physics_chained_synthetic
BGW-086,1,13.38,production,57.79,16685.32,5.4,75.5,44.0,0.093,117.3,0.34,0.82,True,physics_chained_synthetic
BGW-086,1,14.08,production,56.064,19487.7,5.4,75.5,44.0,0.093,117.8,0.82,0.68,True,physics_chained_synthetic
BGW-086,1,14.77,production,54.573,22313.05,5.4,75.5,44.0,0.093,118.3,0.68,0.69,True,physics_chained_synthetic
BGW-086,1,15.86,production,52.631,26667.97,5.4,75.5,44.0,0.093,118.7,0.69,0.37,True,physics_chained_synthetic
BGW-086,1,19.46,production,49.031,37321.83,5.4,75.5,44.0,0.093,119.3,0.37,0.17,True,physics_chained_synthetic
BGW-086,1,19.92,production,48.826,38052.56,5.4,75.5,44.0,0.093,119.3,0.17,0.12,True,physics_chained_synthetic
BGW-086,1,20.3,production,48.684,38566.13,5.4,75.5,44.0,0.093,119.4,0.12,0.11,True,physics_chained_synthetic
BGW-086,1,21.27,production,48.4,39617.86,5.4,75.5,44.0,0.093,119.5,0.11,0.17,True,physics_chained_synthetic
BGW-086,1,22.11,production,48.238,40232.36,5.4,75.5,44.0,0.093,119.7,0.17,0.21,True,physics_chained_synthetic
BGW-086,1,22.62,production,48.165,40510.46,5.4,75.5,44.0,0.093,119.7,0.21,0.0,True,physics_chained_synthetic
BGW-086,1,25.16,production,47.985,41207.93,5.4,75.5,44.0,0.093,119.7,0.0,0.0,True,physics_chained_synthetic
BGW-086,1,27.13,production,47.95,41345.77,5.4,75.5,44.0,0.093,120.3,0.0,0.31,True,physics_chained_synthetic
BGW-086,1,30.5,production,47.939,41388.78,5.4,75.5,44.0,0.093,121.6,0.31,0.38,True,physics_chained_synthetic
BGW-086,1,33.83,production,47.938,41391.35,5.4,75.5,44.0,0.093,121.6,0.38,0.0,True,physics_chained_synthetic
BGW-086,1,35.63,production,47.938,41391.43,5.4,75.5,44.0,0.093,121.6,0.0,0.0,True,physics_chained_synthetic
BGW-086,1,38.46,production,47.938,41391.44,5.4,75.5,44.0,0.093,122.0,0.0,0.15,True,physics_chained_synthetic
BGW-086,1,39.85,production,47.938,41391.44,5.4,75.5,44.0,0.093,122.0,0.15,0.0,True,physics_chained_synthetic
BGW-087,4,0.84,production,160.352,15.12,4.21,95.9,45.5,0.135,217.8,258.12,258.12,True,physics_chained_synthetic
BGW-087,4,2.23,production,152.296,23.2,4.21,95.9,45.5,0.135,569.3,258.12,254.0,True,physics_chained_synthetic
BGW-087,4,2.31,production,151.821,23.81,4.21,95.9,45.5,0.135,589.0,254.0,239.53,True,physics_chained_synthetic
BGW-087,4,11.76,production,74.76,3935.76,4.21,95.9,45.5,0.135,601.8,239.53,1.35,True,physics_chained_synthetic
BGW-087,4,13.07,production,67.894,6939.26,4.21,95.9,45.5,0.135,602.9,1.35,0.86,True,physics_chained_synthetic
BGW-087,4,16.66,production,54.148,23197.65,4.21,95.9,45.5,0.135,602.9,0.86,0.0,True,physics_chained_synthetic
BGW-087,4,16.89,production,53.596,24399.98,4.21,95.9,45.5,0.135,602.9,0.0,0.23,True,physics_chained_synthetic
BGW-087,4,20.44,production,47.992,41179.49,4.21,95.9,45.5,0.135,603.0,0.23,0.01,True,physics_chained_synthetic
BGW-087,4,20.77,production,47.741,42175.4,4.21,95.9,45.5,0.135,603.0,0.01,0.0,True,physics_chained_synthetic
BGW-087,4,22.37,production,46.853,45906.59,4.21,95.9,45.5,0.135,603.2,0.0,0.12,True,physics_chained_synthetic
BGW-087,4,23.45,production,46.513,47424.11,4.21,95.9,45.5,0.135,603.2,0.12,0.0,True,physics_chained_synthetic
BGW-087,4,26.31,production,46.134,49183.46,4.21,95.9,45.5,0.135,604.3,0.0,0.38,True,physics_chained_synthetic
BGW-087,4,26.93,production,46.106,49315.9,4.21,95.9,45.5,0.135,604.3,0.38,0.0,True,physics_chained_synthetic
BGW-087,4,29.1,production,46.061,49530.52,4.21,95.9,45.5,0.135,605.7,0.0,0.66,True,physics_chained_synthetic
BGW-087,4,29.84,production,46.056,49555.56,4.21,95.9,45.5,0.135,605.7,0.66,0.0,True,physics_chained_synthetic
BGW-087,4,30.02,production,46.055,49559.97,4.21,95.9,45.5,0.135,605.8,0.0,0.49,True,physics_chained_synthetic
BGW-087,4,30.18,production,46.054,49563.28,4.21,95.9,45.5,0.135,605.8,0.49,0.39,True,physics_chained_synthetic
BGW-087,4,30.75,production,46.052,49572.54,4.21,95.9,45.5,0.135,606.1,0.39,0.53,True,physics_chained_synthetic
BGW-087,4,34.99,production,46.049,49587.86,4.21,95.9,45.5,0.135,606.3,0.53,0.04,True,physics_chained_synthetic
BGW-087,4,38.74,production,46.049,49588.11,4.21,95.9,45.5,0.135,606.7,0.04,0.1,True,physics_chained_synthetic
BGW-087,2,0.25,production,156.332,18.69,6.31,96.0,51.6,0.103,108.8,430.58,430.58,True,physics_chained_synthetic
BGW-087,2,0.99,production,152.738,22.65,6.31,96.0,51.6,0.103,377.2,430.58,365.57,True,physics_chained_synthetic
BGW-087,2,10.2,production,82.176,2186.23,6.31,96.0,51.6,0.103,405.6,365.57,3.08,True,physics_chained_synthetic
BGW-087,2,10.78,production,78.817,2844.58,6.31,96.0,51.6,0.103,406.9,3.08,2.21,True,physics_chained_synthetic
BGW-087,2,11.13,production,76.828,3332.21,6.31,96.0,51.6,0.103,407.3,2.21,1.14,True,physics_chained_synthetic
BGW-087,2,11.19,production,76.5,3420.99,6.31,96.0,51.6,0.103,407.4,1.14,1.31,True,physics_chained_synthetic
BGW-087,2,15.97,production,55.449,20603.44,6.31,96.0,51.6,0.103,407.4,1.31,0.0,True,physics_chained_synthetic
BGW-087,2,17.07,production,52.896,26022.86,6.31,96.0,51.6,0.103,408.0,0.0,0.56,True,physics_chained_synthetic
BGW-087,2,17.68,production,51.77,28881.3,6.31,96.0,51.6,0.103,408.2,0.56,0.39,True,physics_chained_synthetic
BGW-087,2,19.95,production,48.818,38081.54,6.31,96.0,51.6,0.103,408.9,0.39,0.3,True,physics_chained_synthetic
BGW-087,2,20.98,production,48.064,40899.97,6.31,96.0,51.6,0.103,408.9,0.3,0.02,True,physics_chained_synthetic
BGW-087,2,21.25,production,47.91,41503.29,6.31,96.0,51.6,0.103,408.9,0.02,0.0,True,physics_chained_synthetic
BGW-087,2,24.57,production,46.918,45621.03,6.31,96.0,51.6,0.103,410.6,0.0,0.52,True,physics_chained_synthetic
BGW-087,2,24.89,production,46.884,45771.7,6.31,96.0,51.6,0.103,410.7,0.52,0.29,True,physics_chained_synthetic
BGW-087,2,25.1,production,46.863,45862.28,6.31,96.0,51.6,0.103,410.8,0.29,0.38,True,physics_chained_synthetic
BGW-087,2,25.26,production,46.85,45920.72,6.31,96.0,51.6,0.103,410.8,0.38,0.0,True,physics_chained_synthetic
BGW-087,2,30.85,production,46.715,46515.17,6.31,96.0,51.6,0.103,410.8,0.0,0.0,True,physics_chained_synthetic
BGW-087,2,31.29,production,46.715,46517.89,6.31,96.0,51.6,0.103,411.0,0.0,0.46,True,physics_chained_synthetic
BGW-087,2,36.72,production,46.713,46523.72,6.31,96.0,51.6,0.103,411.0,0.46,0.0,True,physics_chained_synthetic
BGW-087,2,37.04,production,46.713,46523.72,6.31,96.0,51.6,0.103,411.2,0.0,0.44,True,physics_chained_synthetic
BGW-088,1,4.77,production,77.456,3169.29,3.04,71.9,49.9,0.186,14.1,2.96,2.96,True,physics_chained_synthetic
BGW-088,1,8.34,production,64.581,9198.35,3.04,71.9,49.9,0.186,16.7,2.96,0.72,True,physics_chained_synthetic
BGW-088,1,8.57,production,63.918,9738.78,3.04,71.9,49.9,0.186,16.9,0.72,0.67,True,physics_chained_synthetic
BGW-088,1,10.37,production,58.956,15037.84,3.04,71.9,49.9,0.186,17.4,0.67,0.3,True,physics_chained_synthetic
BGW-088,1,12.11,production,55.074,21317.33,3.04,71.9,49.9,0.186,17.4,0.3,0.0,True,physics_chained_synthetic
BGW-088,1,12.62,production,54.154,23184.91,3.04,71.9,49.9,0.186,17.5,0.0,0.14,True,physics_chained_synthetic
BGW-088,1,12.76,production,53.926,23673.9,3.04,71.9,49.9,0.186,17.5,0.14,0.22,True,physics_chained_synthetic
BGW-088,1,14.01,production,52.014,28232.86,3.04,71.9,49.9,0.186,17.5,0.22,0.0,True,physics_chained_synthetic
BGW-088,1,15.51,production,50.308,33097.78,3.04,71.9,49.9,0.186,18.3,0.0,0.51,True,physics_chained_synthetic
BGW-088,1,18.9,production,48.268,40117.1,3.04,71.9,49.9,0.186,19.0,0.51,0.21,True,physics_chained_synthetic
BGW-088,1,21.34,production,47.789,41983.14,3.04,71.9,49.9,0.186,19.0,0.21,0.0,True,physics_chained_synthetic
BGW-088,1,21.34,production,47.789,41983.51,3.04,71.9,49.9,0.186,19.0,0.0,0.18,True,physics_chained_synthetic
BGW-088,1,22.4,production,47.701,42337.59,3.04,71.9,49.9,0.186,19.0,0.18,0.0,True,physics_chained_synthetic
BGW-088,1,24.52,production,47.62,42665.41,3.04,71.9,49.9,0.186,19.0,0.0,0.0,True,physics_chained_synthetic
BGW-088,1,27.61,production,47.593,42773.12,3.04,71.9,49.9,0.186,19.3,0.0,0.09,True,physics_chained_synthetic
BGW-088,1,27.93,production,47.593,42775.9,3.04,71.9,49.9,0.186,19.3,0.09,0.0,True,physics_chained_synthetic
BGW-088,1,35.43,production,47.59,42785.23,3.04,71.9,49.9,0.186,19.3,0.0,0.0,True,physics_chained_synthetic
BGW-088,1,35.82,production,47.59,42785.24,3.04,71.9,49.9,0.186,19.3,0.0,0.0,True,physics_chained_synthetic
BGW-088,1,37.78,production,47.59,42785.24,3.04,71.9,49.9,0.186,20.8,0.0,0.77,True,physics_chained_synthetic
BGW-088,1,38.71,production,47.59,42785.24,3.04,71.9,49.9,0.186,20.8,0.77,0.0,True,physics_chained_synthetic
BGW-088,4,1.55,production,154.119,21.03,6.33,138.0,36.3,0.09,676.5,435.97,435.97,True,physics_chained_synthetic
BGW-088,4,4.36,production,135.169,60.98,6.33,138.0,36.3,0.09,995.0,435.97,113.57,True,physics_chained_synthetic
BGW-088,4,4.72,production,132.71,70.52,6.33,138.0,36.3,0.09,1039.1,113.57,120.88,True,physics_chained_synthetic
BGW-088,4,8.11,production,106.812,365.66,6.33,138.0,36.3,0.09,1103.5,120.88,19.04,True,physics_chained_synthetic
BGW-088,4,8.94,production,100.797,553.68,6.33,138.0,36.3,0.09,1114.3,19.04,13.01,True,physics_chained_synthetic
BGW-088,4,9.19,production,98.997,628.5,6.33,138.0,36.3,0.09,1116.8,13.01,9.59,True,physics_chained_synthetic
BGW-088,4,11.96,production,79.542,2686.35,6.33,138.0,36.3,0.09,1122.3,9.59,1.99,True,physics_chained_synthetic
BGW-088,4,17.54,production,54.045,23416.11,6.33,138.0,36.3,0.09,1123.5,1.99,0.22,True,physics_chained_synthetic
BGW-088,4,19.95,production,49.909,34360.02,6.33,138.0,36.3,0.09,1123.9,0.22,0.15,True,physics_chained_synthetic
BGW-088,4,21.09,production,48.821,38069.6,6.33,138.0,36.3,0.09,1124.2,0.15,0.29,True,physics_chained_synthetic
BGW-088,4,24.17,production,47.424,43470.11,6.33,138.0,36.3,0.09,1125.2,0.29,0.33,True,physics_chained_synthetic
BGW-088,4,24.66,production,47.335,43841.15,6.33,138.0,36.3,0.09,1125.3,0.33,0.19,True,physics_chained_synthetic
BGW-088,4,28.4,production,47.072,44953.52,6.33,138.0,36.3,0.09,1127.4,0.19,0.56,True,physics_chained_synthetic
BGW-088,4,30.29,production,47.054,45033.42,6.33,138.0,36.3,0.09,1127.6,0.56,0.12,True,physics_chained_synthetic
BGW-088,4,31.16,production,47.051,45046.03,6.33,138.0,36.3,0.09,1127.6,0.12,0.0,True,physics_chained_synthetic
BGW-088,4,33.06,production,47.049,45055.79,6.33,138.0,36.3,0.09,1128.1,0.0,0.24,True,physics_chained_synthetic
BGW-088,4,33.83,production,47.048,45056.93,6.33,138.0,36.3,0.09,1128.1,0.24,0.0,True,physics_chained_synthetic
BGW-088,4,36.42,production,47.048,45057.89,6.33,138.0,36.3,0.09,1129.0,0.0,0.34,True,physics_chained_synthetic
BGW-088,4,36.72,production,47.048,45057.91,6.33,138.0,36.3,0.09,1129.0,0.34,0.0,True,physics_chained_synthetic
BGW-088,4,36.96,production,47.048,45057.93,6.33,138.0,36.3,0.09,1129.0,0.0,0.03,True,physics_chained_synthetic
