well_id,viscosity_cP,fluid_level_m,spm,stroke_length_in,vfd_frequency_hz,rod_string_diameter_in,rod_string_length_ft,pump_depth_ft,tubing_size_in,fluid_specific_gravity,pprl_physics_lbs,efficiency_physics_frac,peak_polished_rod_load_lbs,pump_efficiency_pct,energy_kwh_per_bbl,energy_kwh_per_stroke,actual_bopd,is_synthetic,data_source
BGW-001,32553.54,538.0,3.393,132.58,34.89,1.0,3316.2,3811.5,2.375,0.968,15810.7,0.3546,17020.9,13.61,12.2006,0.047503,19.02,True,physics_simulated_synthetic
BGW-001,782.17,219.5,7.668,138.14,51.47,1.0,3316.2,3811.5,2.375,0.98,15869.8,0.5656,16096.1,53.49,1.9901,0.046804,259.69,True,physics_simulated_synthetic
BGW-001,186.79,746.2,3.494,131.63,32.62,1.0,3316.2,3811.5,2.375,0.92,15651.0,0.7442,15603.9,74.56,2.184,0.043236,99.61,True,physics_simulated_synthetic
BGW-001,317.71,346.6,6.259,125.39,38.65,1.0,3316.2,3811.5,2.375,0.977,15851.5,0.6619,15969.0,63.6,2.2115,0.042149,171.79,True,physics_simulated_synthetic
BGW-001,205.75,314.2,7.91,115.7,45.69,1.0,3316.2,3811.5,2.375,0.991,15905.3,0.6741,16025.7,65.0,1.8366,0.039031,242.06,True,physics_simulated_synthetic
BGW-001,21244.38,766.1,3.632,142.24,56.83,1.0,3316.2,3811.5,2.375,0.972,15827.5,0.3723,16724.0,19.09,5.2471,0.050072,49.91,True,physics_simulated_synthetic
BGW-001,892.46,904.5,4.29,119.75,41.49,1.0,3316.2,3811.5,2.375,0.985,15870.2,0.5928,15812.8,55.87,2.3218,0.03986,106.06,True,physics_simulated_synthetic
BGW-001,425.62,893.5,4.831,122.27,43.12,1.0,3316.2,3811.5,2.375,1.0,15920.2,0.6553,16041.1,66.03,1.9175,0.041287,149.78,True,physics_simulated_synthetic
BGW-001,1210.95,515.4,4.8,112.13,33.54,1.0,3316.2,3811.5,2.375,0.927,15677.7,0.5585,15879.7,50.3,3.2036,0.037482,80.87,True,physics_simulated_synthetic
BGW-001,68.64,1049.6,2.724,125.96,50.51,1.0,3316.2,3811.5,2.375,0.968,15807.5,0.8159,15694.7,82.8,1.2772,0.041615,127.79,True,physics_simulated_synthetic
BGW-001,1936.17,1032.9,7.79,82.38,32.33,1.0,3316.2,3811.5,2.375,0.942,15734.5,0.4876,15992.3,40.2,4.1881,0.027733,74.28,True,physics_simulated_synthetic
BGW-001,169.81,1103.2,4.981,128.19,47.82,1.0,3316.2,3811.5,2.375,0.987,15877.5,0.7283,15869.6,71.47,1.5804,0.042821,194.32,True,physics_simulated_synthetic
BGW-001,3513.61,1045.9,3.166,85.09,52.61,1.0,3316.2,3811.5,2.375,0.916,15632.6,0.4868,15952.0,37.83,2.7282,0.028572,47.75,True,physics_simulated_synthetic
BGW-001,170.5,316.1,3.042,71.9,43.89,1.0,3316.2,3811.5,2.375,0.961,15782.6,0.7581,15785.8,73.79,1.659,0.023891,63.08,True,physics_simulated_synthetic
BGW-001,3147.26,765.7,7.1,129.93,39.41,1.0,3316.2,3811.5,2.375,0.948,15757.3,0.4572,16030.3,39.38,3.5159,0.043842,127.48,True,physics_simulated_synthetic
BGW-001,87.87,1023.4,3.722,140.63,57.21,1.0,3316.2,3811.5,2.375,0.985,15867.4,0.7875,16011.6,77.75,1.2253,0.047398,207.35,True,physics_simulated_synthetic
BGW-001,2422.69,1068.5,4.571,79.4,34.1,1.0,3316.2,3811.5,2.375,0.964,15796.8,0.5015,16165.3,41.39,3.898,0.027019,45.62,True,physics_simulated_synthetic
BGW-001,176.41,1137.4,7.961,103.3,40.32,1.0,3316.2,3811.5,2.375,0.926,15684.7,0.684,15637.3,69.9,1.8885,0.034004,206.43,True,physics_simulated_synthetic
BGW-001,2768.61,1140.1,5.912,90.6,48.33,1.0,3316.2,3811.5,2.375,0.937,15712.7,0.4777,15997.1,37.73,2.9861,0.030508,86.98,True,physics_simulated_synthetic
BGW-001,99.13,1030.8,6.12,123.17,31.06,1.0,3316.2,3811.5,2.375,0.969,15821.4,0.7438,15860.0,73.42,2.367,0.041119,153.1,True,physics_simulated_synthetic
BGW-001,165.08,897.0,5.004,129.01,31.37,1.0,3316.2,3811.5,2.375,0.902,15593.4,0.73,15675.2,71.69,2.3726,0.042567,129.28,True,physics_simulated_synthetic
BGW-001,9157.09,1175.8,3.35,132.0,52.73,1.0,3316.2,3811.5,2.375,0.955,15766.5,0.42,16862.1,26.76,4.0671,0.046854,55.57,True,physics_simulated_synthetic
BGW-001,1796.81,891.3,2.619,78.47,37.19,1.0,3316.2,3811.5,2.375,0.989,15878.8,0.5484,16288.4,50.25,2.9666,0.026905,34.21,True,physics_simulated_synthetic
BGW-001,3398.12,372.6,7.12,134.11,44.05,1.0,3316.2,3811.5,2.375,0.92,15664.4,0.4515,16122.2,36.52,3.4112,0.045511,136.79,True,physics_simulated_synthetic
BGW-001,75.32,574.1,7.739,116.81,54.36,1.0,3316.2,3811.5,2.375,0.948,15760.0,0.733,15704.9,75.33,1.3054,0.038614,329.62,True,physics_simulated_synthetic
BGW-001,22930.04,491.8,7.28,109.0,40.24,1.0,3316.2,3811.5,2.375,0.913,15639.8,0.3424,16697.1,13.26,10.6503,0.038311,37.71,True,physics_simulated_synthetic
BGW-001,2856.48,829.2,6.635,64.44,48.76,1.0,3316.2,3811.5,2.375,0.909,15615.5,0.4685,15782.1,40.67,2.7088,0.021407,75.5,True,physics_simulated_synthetic
BGW-001,980.59,873.5,3.966,72.61,53.62,1.0,3316.2,3811.5,2.375,0.979,15847.5,0.5879,16091.1,52.66,1.9398,0.024592,72.41,True,physics_simulated_synthetic
BGW-001,5020.99,549.6,4.469,118.96,34.06,1.0,3316.2,3811.5,2.375,0.984,15868.1,0.4483,16248.8,33.82,4.8017,0.040687,54.53,True,physics_simulated_synthetic
BGW-001,662.73,453.2,4.679,74.23,43.86,1.0,3316.2,3811.5,2.375,0.999,15914.7,0.616,16092.8,60.58,2.0614,0.025145,82.18,True,physics_simulated_synthetic
BGW-001,70.22,430.3,6.951,99.68,37.01,1.0,3316.2,3811.5,2.375,0.972,15833.0,0.7472,15759.8,72.88,1.9887,0.033067,166.43,True,physics_simulated_synthetic
BGW-001,116.47,207.2,3.026,93.32,33.07,1.0,3316.2,3811.5,2.375,0.979,15846.0,0.7836,15930.4,77.5,2.1155,0.031294,64.47,True,physics_simulated_synthetic
BGW-001,413.55,663.0,5.103,127.8,48.1,1.0,3316.2,3811.5,2.375,0.928,15682.5,0.6542,15852.7,63.82,1.7579,0.042647,178.28,True,physics_simulated_synthetic
BGW-001,11998.23,213.9,4.001,86.88,54.74,1.0,3316.2,3811.5,2.375,0.904,15595.7,0.3989,16394.1,23.11,4.4114,0.02998,39.15,True,physics_simulated_synthetic
BGW-001,608.32,320.0,4.35,86.49,50.5,1.0,3316.2,3811.5,2.375,0.987,15875.2,0.6283,16106.6,61.63,1.7615,0.029324,104.27,True,physics_simulated_synthetic
BGW-001,213.56,812.1,6.651,131.53,33.43,1.0,3316.2,3811.5,2.375,0.914,15641.3,0.6881,15643.5,67.19,2.3705,0.043313,175.0,True,physics_simulated_synthetic
BGW-001,103.66,724.3,4.48,89.67,48.02,1.0,3316.2,3811.5,2.375,0.98,15852.0,0.7666,15978.8,74.35,1.5234,0.030159,127.72,True,physics_simulated_synthetic
BGW-001,6142.13,338.2,4.189,101.14,34.05,1.0,3316.2,3811.5,2.375,0.941,15721.7,0.4375,16410.0,29.48,5.5643,0.034936,37.88,True,physics_simulated_synthetic
BGW-001,1234.7,1047.9,3.14,89.5,55.41,1.0,3316.2,3811.5,2.375,0.926,15666.7,0.5764,15853.1,53.0,1.8375,0.029868,73.51,True,physics_simulated_synthetic
BGW-001,1978.94,678.3,7.851,114.3,42.47,1.0,3316.2,3811.5,2.375,0.998,15926.8,0.4853,16490.6,39.16,3.3747,0.039675,132.91,True,physics_simulated_synthetic
BGW-001,1306.12,250.9,3.678,106.94,55.78,1.0,3316.2,3811.5,2.375,0.919,15646.7,0.5647,16014.8,50.0,1.9544,0.03605,97.7,True,physics_simulated_synthetic
BGW-001,197.6,325.1,5.741,103.58,30.94,1.0,3316.2,3811.5,2.375,0.977,15846.4,0.7065,15948.4,70.62,2.4842,0.034772,115.72,True,physics_simulated_synthetic
BGW-001,293.61,850.8,6.231,117.95,51.21,1.0,3316.2,3811.5,2.375,0.948,15752.1,0.6688,15855.8,65.68,1.6046,0.039367,220.14,True,physics_simulated_synthetic
BGW-001,221.64,426.4,7.492,66.96,50.51,1.0,3316.2,3811.5,2.375,0.946,15743.1,0.6741,15674.6,65.1,1.6226,0.022092,146.89,True,physics_simulated_synthetic
BGW-001,261.88,1030.1,2.76,141.68,50.08,1.0,3316.2,3811.5,2.375,0.983,15859.5,0.7285,16104.9,72.82,1.5032,0.04803,126.97,True,physics_simulated_synthetic
BGW-001,220.05,594.5,3.836,105.8,56.2,1.0,3316.2,3811.5,2.375,0.931,15686.2,0.7263,15613.3,69.01,1.3704,0.034771,140.15,True,physics_simulated_synthetic
BGW-001,1701.47,403.8,6.42,101.95,53.74,1.0,3316.2,3811.5,2.375,0.974,15838.0,0.5115,16013.8,43.4,2.3369,0.034366,135.95,True,physics_simulated_synthetic
BGW-001,7741.11,777.7,7.09,67.81,43.93,1.0,3316.2,3811.5,2.375,0.937,15711.6,0.3988,16268.2,26.02,4.8448,0.02322,48.93,True,physics_simulated_synthetic
BGW-001,60.66,665.6,7.96,134.58,34.74,1.0,3316.2,3811.5,2.375,0.982,15878.9,0.7381,16013.0,75.59,2.0755,0.045362,250.53,True,physics_simulated_synthetic
BGW-001,657.27,632.6,7.569,95.91,43.49,1.0,3316.2,3811.5,2.375,0.953,15771.7,0.5822,16016.4,55.97,2.2396,0.032336,157.37,True,physics_simulated_synthetic
BGW-001,56.57,1139.9,5.674,68.13,37.05,1.0,3316.2,3811.5,2.375,0.901,15587.2,0.7747,15588.5,78.18,1.8319,0.022356,99.7,True,physics_simulated_synthetic
BGW-001,312.49,971.7,4.523,129.98,57.38,1.0,3316.2,3811.5,2.375,0.927,15677.8,0.687,15878.5,70.01,1.3454,0.043445,210.32,True,physics_simulated_synthetic
BGW-001,77.78,745.6,5.237,67.76,42.39,1.0,3316.2,3811.5,2.375,0.917,15641.0,0.7689,15591.5,78.18,1.6014,0.022239,104.73,True,physics_simulated_synthetic
BGW-001,4218.38,963.7,4.808,124.42,40.21,1.0,3316.2,3811.5,2.375,0.959,15784.7,0.4572,16309.5,37.14,3.7171,0.042716,79.56,True,physics_simulated_synthetic
BGW-001,738.52,981.1,5.976,111.02,45.78,1.0,3316.2,3811.5,2.375,0.914,15636.5,0.5901,15851.8,55.13,2.138,0.037046,149.11,True,physics_simulated_synthetic
BGW-001,1117.03,636.1,3.348,122.54,40.71,1.0,3316.2,3811.5,2.375,0.914,15629.6,0.5832,16047.6,54.98,2.4405,0.041395,81.77,True,physics_simulated_synthetic
BGW-001,2968.62,797.1,2.672,111.2,53.54,1.0,3316.2,3811.5,2.375,0.936,15701.0,0.5053,16199.0,41.15,2.5025,0.037917,58.29,True,physics_simulated_synthetic
BGW-001,1142.68,855.3,2.828,129.14,49.48,1.0,3316.2,3811.5,2.375,0.93,15682.5,0.5876,15916.8,53.46,2.0481,0.043266,86.04,True,physics_simulated_synthetic
BGW-001,20787.41,245.6,4.173,75.86,32.74,1.0,3316.2,3811.5,2.375,0.92,15649.1,0.3692,16399.3,19.01,8.9663,0.026189,17.55,True,physics_simulated_synthetic
BGW-001,11928.52,1010.9,3.547,91.49,56.52,1.0,3316.2,3811.5,2.375,0.934,15696.3,0.403,16424.9,23.82,4.1528,0.031631,38.91,True,physics_simulated_synthetic
BGW-001,28903.65,1103.9,7.828,99.62,30.37,1.0,3316.2,3811.5,2.375,0.901,15601.1,0.329,16448.9,13.03,14.1537,0.034492,27.47,True,physics_simulated_synthetic
BGW-001,21993.9,909.3,7.217,84.72,59.0,1.0,3316.2,3811.5,2.375,0.928,15686.4,0.3447,16795.9,17.04,5.6849,0.029952,54.75,True,physics_simulated_synthetic
BGW-001,75.93,1188.6,7.199,128.72,56.41,1.0,3316.2,3811.5,2.375,0.966,15819.6,0.7404,15763.5,74.62,1.2746,0.042712,347.37,True,physics_simulated_synthetic
BGW-001,136.04,592.3,5.71,102.2,57.97,1.0,3316.2,3811.5,2.375,0.906,15608.0,0.7321,15732.8,72.97,1.2659,0.033845,219.83,True,physics_simulated_synthetic
BGW-001,3492.1,807.9,3.549,136.52,46.77,1.0,3316.2,3811.5,2.375,0.992,15892.3,0.4834,16177.6,40.39,2.9149,0.046489,81.51,True,physics_simulated_synthetic
BGW-001,34530.83,268.5,4.024,107.29,42.71,1.0,3316.2,3811.5,2.375,0.95,15752.9,0.3474,16865.3,13.55,9.9199,0.038088,22.25,True,physics_simulated_synthetic
BGW-001,209.43,652.6,5.507,67.57,37.38,1.0,3316.2,3811.5,2.375,0.977,15840.8,0.7055,15926.9,69.82,2.0771,0.022653,86.49,True,physics_simulated_synthetic
BGW-001,82.07,601.5,7.18,125.62,36.78,1.0,3316.2,3811.5,2.375,0.942,15739.2,0.7373,15978.4,72.82,2.0305,0.042252,215.15,True,physics_simulated_synthetic
BGW-001,213.61,955.1,7.589,105.31,44.97,1.0,3316.2,3811.5,2.375,0.946,15749.0,0.6756,15720.9,69.66,1.7081,0.034848,222.96,True,physics_simulated_synthetic
BGW-001,398.55,281.5,5.108,114.76,50.65,1.0,3316.2,3811.5,2.375,0.911,15624.5,0.6575,15871.1,64.92,1.6429,0.038338,171.65,True,physics_simulated_synthetic
BGW-001,112.07,481.3,4.077,79.12,47.96,1.0,3316.2,3811.5,2.375,0.956,15769.1,0.7687,15827.6,77.18,1.4553,0.026361,106.35,True,physics_simulated_synthetic
BGW-001,207.24,539.7,5.157,117.23,53.51,1.0,3316.2,3811.5,2.375,0.941,15724.0,0.7113,15716.7,67.41,1.4831,0.038784,194.18,True,physics_simulated_synthetic
BGW-001,51.62,1078.1,4.305,122.08,57.29,1.0,3316.2,3811.5,2.375,0.937,15709.0,0.7998,15729.6,78.72,1.1873,0.040423,211.06,True,physics_simulated_synthetic
BGW-001,141.61,620.4,2.644,65.22,35.22,1.0,3316.2,3811.5,2.375,0.955,15763.3,0.7776,16080.1,76.81,2.0233,0.022075,41.54,True,physics_simulated_synthetic
BGW-001,4930.63,892.2,6.907,89.85,51.64,1.0,3316.2,3811.5,2.375,0.91,15623.3,0.428,16169.8,33.31,3.1993,0.030584,95.08,True,physics_simulated_synthetic
BGW-001,215.63,975.6,3.361,138.78,38.44,1.0,3316.2,3811.5,2.375,0.982,15858.9,0.7352,15675.7,73.67,1.8841,0.045795,117.64,True,physics_simulated_synthetic
BGW-001,167.18,999.1,3.046,69.67,51.72,1.0,3316.2,3811.5,2.375,0.979,15843.4,0.7595,16018.3,75.01,1.4055,0.023493,73.31,True,physics_simulated_synthetic
BGW-001,62.67,1065.1,4.274,97.8,40.2,1.0,3316.2,3811.5,2.375,0.999,15914.8,0.7933,16095.1,79.81,1.7076,0.033133,119.41,True,physics_simulated_synthetic
BGW-001,15936.78,424.5,2.676,127.32,32.7,1.0,3316.2,3811.5,2.375,0.987,15874.2,0.3946,16853.3,23.31,7.5263,0.045168,23.13,True,physics_simulated_synthetic
BGW-001,653.62,879.6,3.517,99.1,49.18,1.0,3316.2,3811.5,2.375,0.901,15583.8,0.6324,15597.0,60.77,1.7762,0.032537,92.77,True,physics_simulated_synthetic
BGW-001,371.29,401.9,6.783,90.9,51.89,1.0,3316.2,3811.5,2.375,0.997,15914.1,0.6419,16035.9,62.35,1.6871,0.030682,177.64,True,physics_simulated_synthetic
BGW-001,144.13,937.1,6.69,96.36,41.22,1.0,3316.2,3811.5,2.375,0.955,15773.6,0.7144,15983.2,70.02,1.8852,0.032418,165.67,True,physics_simulated_synthetic
BGW-001,53.91,916.6,3.509,121.17,43.55,1.0,3316.2,3811.5,2.375,0.995,15901.9,0.8117,16098.7,83.76,1.5023,0.041062,138.1,True,physics_simulated_synthetic
BGW-001,114.19,1097.7,6.949,80.23,58.69,1.0,3316.2,3811.5,2.375,0.977,15845.7,0.7243,15866.6,74.2,1.2402,0.026796,216.21,True,physics_simulated_synthetic
BGW-001,5231.78,1044.8,5.869,73.57,52.62,1.0,3316.2,3811.5,2.375,0.959,15782.7,0.433,16482.0,31.23,3.4142,0.025524,63.18,True,physics_simulated_synthetic
BGW-001,6520.81,203.3,3.013,120.36,50.23,1.0,3316.2,3811.5,2.375,0.951,15751.4,0.4445,16117.4,32.63,3.3468,0.040836,52.93,True,physics_simulated_synthetic
BGW-001,192.68,621.0,3.219,115.73,51.02,1.0,3316.2,3811.5,2.375,0.904,15593.9,0.7462,15497.0,76.12,1.3583,0.037752,128.83,True,physics_simulated_synthetic
BGW-001,183.02,516.9,5.138,139.29,37.96,1.0,3316.2,3811.5,2.375,0.945,15740.3,0.7207,15602.6,72.36,1.9334,0.045748,175.09,True,physics_simulated_synthetic
BGW-001,100.66,509.5,6.377,141.56,52.03,1.0,3316.2,3811.5,2.375,0.913,15637.3,0.7393,15584.5,73.63,1.3847,0.04644,308.0,True,physics_simulated_synthetic
BGW-001,459.19,404.4,7.593,66.82,52.51,1.0,3316.2,3811.5,2.375,0.931,15692.6,0.6136,15969.2,57.78,1.7914,0.022461,137.1,True,physics_simulated_synthetic
BGW-001,1900.2,922.0,7.556,137.4,47.54,1.0,3316.2,3811.5,2.375,0.96,15804.1,0.4913,16171.6,43.35,2.6705,0.046772,190.58,True,physics_simulated_synthetic
BGW-001,29057.24,529.7,2.896,92.38,31.09,1.0,3316.2,3811.5,2.375,0.959,15779.6,0.3634,16870.7,15.87,11.6436,0.032807,11.75,True,physics_simulated_synthetic
BGW-001,172.2,1122.2,7.93,71.77,34.68,1.0,3316.2,3811.5,2.375,0.987,15882.6,0.686,15816.6,68.52,2.266,0.023896,120.43,True,physics_simulated_synthetic
BGW-001,694.69,278.7,2.961,99.78,38.13,1.0,3316.2,3811.5,2.375,0.914,15627.4,0.634,15541.0,59.72,2.3228,0.032642,59.91,True,physics_simulated_synthetic
BGW-001,575.29,264.9,6.721,133.88,55.16,1.0,3316.2,3811.5,2.375,0.927,15688.3,0.604,15919.4,56.69,1.7327,0.044864,250.58,True,physics_simulated_synthetic
BGW-001,2115.04,722.2,7.49,64.3,58.66,1.0,3316.2,3811.5,2.375,0.996,15910.0,0.4835,16193.9,43.64,2.1533,0.021917,109.79,True,physics_simulated_synthetic
BGW-001,7852.4,535.9,6.488,80.57,53.73,1.0,3316.2,3811.5,2.375,0.975,15838.4,0.4027,16619.2,26.52,3.9693,0.028186,66.35,True,physics_simulated_synthetic
BGW-001,1486.73,588.1,3.509,108.38,33.07,1.0,3316.2,3811.5,2.375,0.966,15803.5,0.5549,16127.4,53.78,3.0871,0.036794,60.22,True,physics_simulated_synthetic
BGW-001,6866.13,293.9,2.846,103.17,53.39,1.0,3316.2,3811.5,2.375,0.922,15654.5,0.4427,16715.7,30.72,3.469,0.036301,42.88,True,physics_simulated_synthetic
BGW-001,56.11,458.6,4.677,104.74,39.79,1.0,3316.2,3811.5,2.375,0.914,15632.7,0.7908,15824.3,78.38,1.7268,0.034889,136.09,True,physics_simulated_synthetic
BGW-001,15256.44,670.8,3.741,108.45,49.86,1.0,3316.2,3811.5,2.375,0.957,15774.1,0.3881,16591.2,21.43,5.2868,0.037874,38.59,True,physics_simulated_synthetic
BGW-001,15492.39,945.5,6.127,87.19,33.12,1.0,3316.2,3811.5,2.375,0.94,15723.6,0.3689,16710.7,18.07,9.5049,0.03067,28.47,True,physics_simulated_synthetic
BGW-001,835.65,1173.0,5.864,142.21,35.24,1.0,3316.2,3811.5,2.375,0.968,15819.8,0.5801,15984.7,54.87,2.8137,0.047851,143.6,True,physics_simulated_synthetic
BGW-001,4978.24,1026.1,3.036,142.08,56.69,1.0,3316.2,3811.5,2.375,0.982,15858.6,0.4626,16433.0,40.24,2.4519,0.049145,87.64,True,physics_simulated_synthetic
BGW-001,4868.34,706.9,6.159,80.1,45.13,1.0,3316.2,3811.5,2.375,0.976,15842.1,0.4352,16374.7,32.16,3.8404,0.02761,63.76,True,physics_simulated_synthetic
BGW-001,1168.31,363.6,6.729,65.15,59.21,1.0,3316.2,3811.5,2.375,0.912,15627.9,0.5404,15928.7,48.39,1.8922,0.021846,111.88,True,physics_simulated_synthetic
BGW-001,2649.82,914.6,2.637,97.35,59.8,1.0,3316.2,3811.5,2.375,0.945,15730.7,0.5149,16007.8,43.52,2.0939,0.032803,59.49,True,physics_simulated_synthetic
BGW-001,17363.17,334.2,4.606,119.99,49.07,1.0,3316.2,3811.5,2.375,0.992,15893.1,0.3747,16832.1,21.02,5.555,0.042513,50.76,True,physics_simulated_synthetic
BGW-001,236.92,495.7,6.486,68.28,31.45,1.0,3316.2,3811.5,2.375,0.957,15777.5,0.6825,15818.6,66.51,2.5737,0.022734,82.5,True,physics_simulated_synthetic
BGW-001,100.73,236.1,3.176,68.13,38.85,1.0,3316.2,3811.5,2.375,0.908,15605.8,0.7894,15461.9,79.17,1.7109,0.022174,59.27,True,physics_simulated_synthetic
BGW-001,30950.43,330.5,5.787,119.38,53.91,1.0,3316.2,3811.5,2.375,0.944,15736.9,0.3396,16817.0,15.47,6.8619,0.042258,51.32,True,physics_simulated_synthetic
BGW-001,94.09,1152.5,5.87,100.08,41.44,1.0,3316.2,3811.5,2.375,0.951,15757.6,0.7502,15866.1,76.3,1.708,0.033426,165.41,True,physics_simulated_synthetic
BGW-001,27058.79,564.7,3.536,83.1,43.6,1.0,3316.2,3811.5,2.375,0.903,15589.9,0.3617,16794.7,14.67,8.9339,0.029377,16.74,True,physics_simulated_synthetic
BGW-001,1359.35,457.4,5.743,80.28,46.97,1.0,3316.2,3811.5,2.375,0.992,15894.8,0.5377,16355.1,46.76,2.5343,0.027639,90.19,True,physics_simulated_synthetic
BGW-001,5922.81,1031.3,3.888,133.79,38.36,1.0,3316.2,3811.5,2.375,0.995,15902.2,0.4426,16479.0,32.02,4.5669,0.046408,56.89,True,physics_simulated_synthetic
BGW-001,128.34,475.5,3.19,69.08,52.02,1.0,3316.2,3811.5,2.375,0.938,15708.3,0.7749,15794.9,77.04,1.3416,0.022968,78.65,True,physics_simulated_synthetic
BGW-001,641.18,407.8,7.205,115.59,34.99,1.0,3316.2,3811.5,2.375,0.94,15730.1,0.5885,15673.5,55.05,2.7692,0.038136,142.89,True,physics_simulated_synthetic
BGW-001,10571.46,272.1,4.62,127.77,31.95,1.0,3316.2,3811.5,2.375,0.987,15879.6,0.4008,16743.2,26.44,6.7464,0.045031,44.41,True,physics_simulated_synthetic
BGW-001,110.68,584.1,3.432,109.63,47.23,1.0,3316.2,3811.5,2.375,0.912,15620.3,0.7799,15616.5,77.04,1.4608,0.036038,121.92,True,physics_simulated_synthetic
BGW-001,934.22,516.6,5.685,119.6,42.82,1.0,3316.2,3811.5,2.375,0.955,15774.1,0.5719,16025.7,53.53,2.3798,0.040346,138.8,True,physics_simulated_synthetic
BGW-001,494.84,984.2,5.261,107.0,50.64,1.0,3316.2,3811.5,2.375,0.929,15684.4,0.6358,15903.7,59.12,1.8082,0.035821,150.07,True,physics_simulated_synthetic
BGW-001,141.73,667.6,4.912,123.74,45.97,1.0,3316.2,3811.5,2.375,0.902,15594.6,0.7415,15642.4,72.88,1.5893,0.040743,181.31,True,physics_simulated_synthetic
BGW-001,396.33,225.8,7.008,94.28,53.92,1.0,3316.2,3811.5,2.375,0.989,15891.3,0.6335,16015.4,62.72,1.612,0.031785,198.98,True,physics_simulated_synthetic
BGW-001,287.54,577.1,4.357,81.15,31.02,1.0,3316.2,3811.5,2.375,0.901,15587.2,0.6966,15767.1,65.9,2.6254,0.026934,64.37,True,physics_simulated_synthetic
BGW-001,3735.81,868.0,4.375,70.22,55.38,1.0,3316.2,3811.5,2.375,0.901,15586.9,0.4701,16224.4,36.03,2.7674,0.023982,54.6,True,physics_simulated_synthetic
BGW-001,194.77,876.8,3.872,72.81,41.93,1.0,3316.2,3811.5,2.375,0.981,15851.4,0.7352,15878.2,72.19,1.7856,0.024336,76.0,True,physics_simulated_synthetic
BGW-001,16082.83,247.8,3.78,142.21,55.44,1.0,3316.2,3811.5,2.375,0.968,15813.7,0.3851,16679.4,21.61,4.7397,0.049929,57.33,True,physics_simulated_synthetic
BGW-001,2824.62,492.4,7.027,91.5,52.67,1.0,3316.2,3811.5,2.375,0.99,15893.6,0.4658,16410.9,37.2,2.8505,0.031607,112.21,True,physics_simulated_synthetic
BGW-001,126.07,864.4,6.602,143.42,42.58,1.0,3316.2,3811.5,2.375,0.984,15877.5,0.7237,15940.5,70.46,1.8083,0.048125,253.02,True,physics_simulated_synthetic
BGW-001,13117.16,919.9,2.723,104.28,53.35,1.0,3316.2,3811.5,2.375,0.924,15660.4,0.4048,16689.4,25.86,4.1172,0.036636,34.9,True,physics_simulated_synthetic
BGW-001,126.46,1017.6,4.252,64.31,58.64,1.0,3316.2,3811.5,2.375,0.931,15685.5,0.7588,15696.6,75.66,1.2044,0.021247,108.02,True,physics_simulated_synthetic
BGW-001,82.97,1092.4,4.68,93.31,50.06,1.0,3316.2,3811.5,2.375,0.958,15777.2,0.7747,15691.5,79.01,1.3504,0.03082,153.8,True,physics_simulated_synthetic
BGW-001,55.4,493.3,4.276,65.6,41.36,1.0,3316.2,3811.5,2.375,0.947,15736.9,0.7979,15566.2,78.94,1.6229,0.021495,81.55,True,physics_simulated_synthetic
BGW-001,67.88,373.7,2.678,119.79,38.09,1.0,3316.2,3811.5,2.375,0.934,15693.8,0.8172,15751.9,81.43,1.7286,0.039718,88.61,True,physics_simulated_synthetic
BGW-001,722.2,463.0,4.155,79.0,54.3,1.0,3316.2,3811.5,2.375,0.937,15706.8,0.6145,15955.7,57.49,1.7397,0.026533,91.26,True,physics_simulated_synthetic
BGW-001,117.27,307.7,6.522,143.76,37.75,1.0,3316.2,3811.5,2.375,0.915,15646.6,0.729,15577.7,70.98,1.9788,0.047141,223.75,True,physics_simulated_synthetic
BGW-001,2254.25,1119.2,2.863,68.71,53.06,1.0,3316.2,3811.5,2.375,0.974,15828.8,0.5259,16212.7,45.73,2.2742,0.023449,42.5,True,physics_simulated_synthetic
BGW-001,15985.08,249.6,7.377,121.39,46.81,1.0,3316.2,3811.5,2.375,0.996,15920.4,0.3584,16716.3,20.56,5.9113,0.042715,76.76,True,physics_simulated_synthetic
BGW-001,621.36,573.7,4.604,85.27,51.35,1.0,3316.2,3811.5,2.375,0.913,15627.5,0.623,15779.5,60.92,1.7168,0.028322,109.38,True,physics_simulated_synthetic
BGW-001,9630.29,447.1,4.742,100.82,47.72,1.0,3316.2,3811.5,2.375,0.961,15788.7,0.4051,16576.6,26.44,4.4727,0.03518,53.71,True,physics_simulated_synthetic
BGW-001,11369.96,816.7,4.356,137.14,59.45,1.0,3316.2,3811.5,2.375,0.906,15608.2,0.3989,16446.9,23.74,3.9667,0.04748,75.09,True,physics_simulated_synthetic
BGW-001,1640.55,738.9,3.624,134.17,33.86,1.0,3316.2,3811.5,2.375,0.981,15854.7,0.5448,16088.3,47.33,3.4166,0.045438,69.4,True,physics_simulated_synthetic
BGW-001,4892.1,1129.7,4.85,115.35,40.31,1.0,3316.2,3811.5,2.375,0.994,15900.8,0.4466,16610.3,35.52,3.9486,0.040331,71.34,True,physics_simulated_synthetic
BGW-001,4738.7,852.8,3.067,95.96,57.79,1.0,3316.2,3811.5,2.375,0.956,15769.7,0.4658,16154.1,34.92,2.7245,0.032631,52.9,True,physics_simulated_synthetic
BGW-001,7751.79,410.8,3.815,101.43,58.0,1.0,3316.2,3811.5,2.375,0.977,15840.3,0.426,16596.8,29.55,3.296,0.035437,59.07,True,physics_simulated_synthetic
BGW-001,1057.26,647.1,4.286,72.07,49.04,1.0,3316.2,3811.5,2.375,0.9,15581.9,0.577,15791.9,54.97,1.9939,0.023956,74.15,True,physics_simulated_synthetic
BGW-001,929.91,991.6,3.21,97.71,41.44,1.0,3316.2,3811.5,2.375,0.981,15852.8,0.6024,16104.7,54.07,2.4461,0.033124,62.6,True,physics_simulated_synthetic
BGW-001,143.57,652.3,3.606,111.64,49.19,1.0,3316.2,3811.5,2.375,0.914,15628.0,0.761,16002.5,76.51,1.4473,0.037604,134.92,True,physics_simulated_synthetic
BGW-001,7857.54,328.1,3.838,103.42,35.34,1.0,3316.2,3811.5,2.375,0.939,15712.0,0.425,16490.7,26.94,5.8965,0.035899,33.65,True,physics_simulated_synthetic
BGW-001,388.9,788.9,7.351,136.85,46.22,1.0,3316.2,3811.5,2.375,0.95,15767.9,0.6308,15910.0,60.35,1.9415,0.045833,249.89,True,physics_simulated_synthetic
BGW-001,213.82,702.0,6.61,105.24,59.79,1.0,3316.2,3811.5,2.375,0.908,15617.3,0.6886,15505.8,67.71,1.3036,0.034351,250.82,True,physics_simulated_synthetic
BGW-001,32496.07,1100.4,4.696,124.91,58.83,1.0,3316.2,3811.5,2.375,0.989,15884.4,0.3451,17029.8,14.61,6.7438,0.044778,44.9,True,physics_simulated_synthetic
BGW-001,2501.44,1107.7,5.956,112.2,54.31,1.0,3316.2,3811.5,2.375,0.92,15657.7,0.4851,16013.6,39.81,2.5212,0.037822,128.66,True,physics_simulated_synthetic
BGW-001,217.81,1074.9,5.969,85.91,31.23,1.0,3316.2,3811.5,2.375,0.942,15726.3,0.696,15692.0,68.21,2.5072,0.028376,97.29,True,physics_simulated_synthetic
BGW-001,13627.65,702.9,2.678,75.97,34.47,1.0,3316.2,3811.5,2.375,0.954,15759.1,0.4031,16576.0,24.47,6.6886,0.026508,15.29,True,physics_simulated_synthetic
BGW-001,14326.15,235.5,5.521,131.85,56.08,1.0,3316.2,3811.5,2.375,0.969,15821.6,0.3773,16532.3,21.65,4.6347,0.045885,78.71,True,physics_simulated_synthetic
BGW-001,307.36,1192.0,5.891,106.05,45.98,1.0,3316.2,3811.5,2.375,0.977,15847.6,0.6696,16122.1,63.57,1.8773,0.035989,162.61,True,physics_simulated_synthetic
BGW-001,150.7,1043.7,4.097,137.34,53.74,1.0,3316.2,3811.5,2.375,0.918,15645.9,0.75,15736.7,73.2,1.3616,0.045494,197.14,True,physics_simulated_synthetic
BGW-001,22238.6,858.0,3.306,67.45,48.25,1.0,3316.2,3811.5,2.375,0.93,15681.0,0.3727,16579.1,19.14,6.1102,0.023539,18.34,True,physics_simulated_synthetic
BGW-001,14541.02,455.2,5.872,138.52,50.26,1.0,3316.2,3811.5,2.375,0.915,15642.8,0.3739,16596.1,25.46,4.4152,0.048393,92.68,True,physics_simulated_synthetic
BGW-002,58.29,509.8,7.971,141.77,42.14,1.0,4208.8,4278.6,2.875,0.961,19367.7,0.6941,19301.3,69.49,2.2434,0.0576,294.69,True,physics_simulated_synthetic
BGW-002,1956.96,343.8,7.164,129.14,47.73,1.0,4208.8,4278.6,2.875,0.929,19245.1,0.4651,19527.5,41.54,3.3527,0.053083,163.33,True,physics_simulated_synthetic
BGW-002,494.74,656.7,3.265,90.31,33.96,1.0,4208.8,4278.6,2.875,0.967,19358.9,0.6438,19492.4,63.48,3.078,0.037055,56.59,True,physics_simulated_synthetic
BGW-002,8896.46,552.2,3.712,114.63,55.38,1.0,4208.8,4278.6,2.875,0.953,19310.4,0.4052,20037.8,24.56,5.0138,0.04835,51.55,True,physics_simulated_synthetic
BGW-002,138.25,567.9,7.057,107.27,39.53,1.0,4208.8,4278.6,2.875,0.908,19164.5,0.6723,19186.8,65.33,2.5285,0.043326,174.13,True,physics_simulated_synthetic
BGW-002,107.36,486.3,7.367,105.81,39.3,1.0,4208.8,4278.6,2.875,0.904,19154.5,0.6802,19138.9,68.63,2.4151,0.042628,187.24,True,physics_simulated_synthetic
BGW-002,37444.69,1180.9,5.318,70.34,41.78,1.0,4208.8,4278.6,2.875,0.924,19209.8,0.3202,20602.0,9.06,18.5207,0.030504,12.61,True,physics_simulated_synthetic
BGW-002,19014.94,809.6,4.475,140.83,51.32,1.0,4208.8,4278.6,2.875,0.967,19364.2,0.3572,20561.7,19.61,6.9546,0.060956,56.48,True,physics_simulated_synthetic
BGW-002,403.15,366.4,4.906,106.62,37.85,1.0,4208.8,4278.6,2.875,0.984,19424.0,0.6322,19649.3,60.36,2.9276,0.044098,106.41,True,physics_simulated_synthetic
BGW-002,8580.51,1043.6,6.71,121.96,32.65,1.0,4208.8,4278.6,2.875,0.922,19215.1,0.3748,20139.1,24.32,8.6334,0.051703,57.87,True,physics_simulated_synthetic
BGW-002,30578.2,444.0,2.507,71.9,45.59,1.0,4208.8,4278.6,2.875,0.985,19419.0,0.356,20728.2,14.91,10.3828,0.031371,10.91,True,physics_simulated_synthetic
BGW-002,28423.32,338.6,7.207,114.26,32.95,1.0,4208.8,4278.6,2.875,0.958,19345.8,0.3149,20549.0,9.42,22.5475,0.049422,22.75,True,physics_simulated_synthetic
BGW-002,14485.0,730.2,4.129,135.48,48.59,1.0,4208.8,4278.6,2.875,0.959,19336.2,0.374,20400.1,19.71,7.2513,0.058178,47.7,True,physics_simulated_synthetic
BGW-002,56.82,1063.1,5.083,76.8,56.06,1.0,4208.8,4278.6,2.875,0.901,19128.9,0.7508,19164.1,75.19,1.5474,0.030981,146.55,True,physics_simulated_synthetic
BGW-002,30370.01,1171.5,3.499,77.61,54.05,1.0,4208.8,4278.6,2.875,0.937,19251.9,0.346,20700.6,13.03,10.0009,0.033818,17.04,True,physics_simulated_synthetic
BGW-002,1317.81,1051.6,6.705,114.64,48.83,1.0,4208.8,4278.6,2.875,0.905,19155.7,0.502,19308.0,43.54,3.0914,0.046592,145.52,True,physics_simulated_synthetic
BGW-002,480.24,950.3,2.621,89.64,47.4,1.0,4208.8,4278.6,2.875,0.931,19228.6,0.659,19264.3,64.91,2.1313,0.036352,64.37,True,physics_simulated_synthetic
BGW-002,79.72,1165.0,7.074,67.08,58.65,1.0,4208.8,4278.6,2.875,0.969,19373.3,0.699,19429.3,68.53,1.6453,0.027435,169.85,True,physics_simulated_synthetic
BGW-002,1280.56,1100.8,7.362,136.9,31.91,1.0,4208.8,4278.6,2.875,0.982,19436.2,0.4957,19722.8,41.87,5.0247,0.056836,119.92,True,physics_simulated_synthetic
BGW-002,9871.28,248.1,3.698,126.84,32.87,1.0,4208.8,4278.6,2.875,0.969,19367.4,0.3994,20180.6,26.57,7.8626,0.053881,36.49,True,physics_simulated_synthetic
BGW-002,371.77,974.7,7.423,67.56,50.82,1.0,4208.8,4278.6,2.875,0.938,19266.9,0.5971,19427.3,58.33,2.2306,0.027628,132.4,True,physics_simulated_synthetic
BGW-002,81.12,1040.0,7.362,75.43,53.07,1.0,4208.8,4278.6,2.875,0.962,19349.6,0.693,19466.5,65.47,1.907,0.030907,171.81,True,physics_simulated_synthetic
BGW-002,22823.61,834.8,6.666,132.25,42.59,1.0,4208.8,4278.6,2.875,0.937,19271.2,0.3284,20534.0,15.97,10.2742,0.057163,53.41,True,physics_simulated_synthetic
BGW-002,314.33,329.3,7.678,125.42,42.29,1.0,4208.8,4278.6,2.875,0.954,19334.6,0.6063,19394.8,57.77,2.702,0.051202,209.51,True,physics_simulated_synthetic
BGW-002,96.69,1131.2,4.783,88.1,34.41,1.0,4208.8,4278.6,2.875,0.977,19396.3,0.7349,19415.0,70.68,2.717,0.036005,91.28,True,physics_simulated_synthetic
BGW-002,466.74,565.0,6.557,137.66,51.58,1.0,4208.8,4278.6,2.875,0.939,19279.0,0.5921,19639.5,56.46,2.2951,0.056911,234.12,True,physics_simulated_synthetic
BGW-002,34932.49,460.3,4.459,104.05,31.84,1.0,4208.8,4278.6,2.875,0.991,19446.1,0.3308,21050.3,9.87,22.8073,0.046103,12.98,True,physics_simulated_synthetic
BGW-002,115.24,1097.8,5.583,122.27,38.6,1.0,4208.8,4278.6,2.875,0.949,19304.2,0.7098,19260.1,71.49,2.3754,0.049569,167.76,True,physics_simulated_synthetic
BGW-002,2050.62,1021.0,4.78,105.32,40.37,1.0,4208.8,4278.6,2.875,0.954,19316.6,0.4924,19894.1,43.74,3.8352,0.044103,79.15,True,physics_simulated_synthetic
BGW-002,36104.59,765.0,2.6,122.36,36.21,1.0,4208.8,4278.6,2.875,0.953,19308.7,0.3478,20905.6,11.58,16.9697,0.053844,11.88,True,physics_simulated_synthetic
BGW-002,6532.36,1016.4,5.975,69.31,52.38,1.0,4208.8,4278.6,2.875,0.986,19431.1,0.3978,20235.8,28.08,4.6826,0.029523,54.24,True,physics_simulated_synthetic
BGW-002,8354.5,426.1,7.96,96.83,59.81,1.0,4208.8,4278.6,2.875,0.951,19319.1,0.3641,20336.7,20.39,5.6763,0.04145,83.7,True,physics_simulated_synthetic
BGW-002,686.09,288.0,3.123,122.18,50.64,1.0,4208.8,4278.6,2.875,0.935,19245.5,0.6156,19386.4,53.45,2.4379,0.04986,91.98,True,physics_simulated_synthetic
BGW-002,38599.43,893.8,5.34,100.29,56.49,1.0,4208.8,4278.6,2.875,0.945,19288.3,0.3189,20852.1,9.86,12.7379,0.044021,26.57,True,physics_simulated_synthetic
BGW-002,269.44,585.5,7.36,140.03,32.02,1.0,4208.8,4278.6,2.875,0.997,19489.4,0.623,19603.5,59.16,3.5217,0.057785,173.91,True,physics_simulated_synthetic
BGW-002,17541.35,1149.9,3.742,73.14,52.16,1.0,4208.8,4278.6,2.875,0.931,19231.8,0.3686,20384.4,16.87,7.8835,0.031385,21.45,True,physics_simulated_synthetic
BGW-002,683.42,330.7,7.846,89.44,38.2,1.0,4208.8,4278.6,2.875,0.908,19167.8,0.5408,19520.8,48.73,3.5697,0.036754,116.32,True,physics_simulated_synthetic
BGW-002,267.31,638.4,2.576,123.29,31.32,1.0,4208.8,4278.6,2.875,0.967,19355.6,0.7128,19297.9,70.03,2.995,0.050084,62.03,True,physics_simulated_synthetic
BGW-002,758.19,1002.9,7.71,123.4,46.98,1.0,4208.8,4278.6,2.875,0.941,19291.0,0.5341,19665.2,50.03,2.8484,0.051081,199.11,True,physics_simulated_synthetic
BGW-002,63.62,1102.6,2.5,112.51,60.0,1.0,4208.8,4278.6,2.875,0.968,19360.6,0.8046,19149.6,79.89,1.3599,0.045352,120.07,True,physics_simulated_synthetic
BGW-002,18041.12,1022.6,6.67,125.89,44.99,1.0,4208.8,4278.6,2.875,0.949,19313.3,0.3386,20548.7,17.05,9.115,0.054453,57.38,True,physics_simulated_synthetic
BGW-002,1804.15,980.4,6.06,94.8,39.08,1.0,4208.8,4278.6,2.875,0.981,19417.7,0.4853,19774.4,42.8,4.0243,0.039462,85.58,True,physics_simulated_synthetic
BGW-002,2996.64,1034.8,7.097,128.3,49.17,1.0,4208.8,4278.6,2.875,0.923,19223.7,0.4351,19682.8,33.59,4.0559,0.053156,133.93,True,physics_simulated_synthetic
BGW-002,14220.27,832.4,4.125,73.33,54.01,1.0,4208.8,4278.6,2.875,0.91,19157.5,0.375,20408.7,20.9,6.1546,0.031504,30.41,True,physics_simulated_synthetic
BGW-002,2419.96,728.3,5.127,76.14,34.21,1.0,4208.8,4278.6,2.875,0.917,19184.8,0.4748,19704.4,38.4,5.1057,0.031582,45.67,True,physics_simulated_synthetic
BGW-002,143.06,870.0,2.93,69.44,34.75,1.0,4208.8,4278.6,2.875,0.96,19332.3,0.7522,19347.9,71.88,2.6365,0.028279,45.26,True,physics_simulated_synthetic
BGW-002,4899.46,533.7,4.743,119.39,31.67,1.0,4208.8,4278.6,2.875,0.902,19136.2,0.4297,19550.4,32.53,6.4598,0.049132,51.95,True,physics_simulated_synthetic
BGW-002,1843.18,1190.8,3.952,106.86,54.87,1.0,4208.8,4278.6,2.875,0.93,19228.7,0.513,19640.4,46.52,2.6188,0.04418,96.01,True,physics_simulated_synthetic
BGW-002,3035.45,803.5,7.376,126.51,47.62,1.0,4208.8,4278.6,2.875,0.949,19316.5,0.431,19755.7,35.04,4.0294,0.052609,138.68,True,physics_simulated_synthetic
BGW-002,7338.55,717.1,4.175,70.34,52.92,1.0,4208.8,4278.6,2.875,0.957,19323.4,0.4111,20211.3,23.9,5.4384,0.029924,33.08,True,physics_simulated_synthetic
BGW-002,468.64,641.6,6.632,100.63,59.33,1.0,4208.8,4278.6,2.875,0.991,19454.0,0.5905,19601.5,56.42,1.9932,0.04152,198.93,True,physics_simulated_synthetic
BGW-002,7443.04,665.1,6.447,118.46,51.71,1.0,4208.8,4278.6,2.875,0.926,19226.7,0.3853,20051.8,25.13,5.2525,0.050002,88.38,True,physics_simulated_synthetic
BGW-002,4260.33,792.1,4.87,136.05,37.1,1.0,4208.8,4278.6,2.875,0.913,19177.0,0.4374,19880.6,32.18,5.668,0.056934,70.44,True,physics_simulated_synthetic
BGW-002,27757.86,445.9,5.416,110.14,35.08,1.0,4208.8,4278.6,2.875,0.987,19438.6,0.3314,20717.6,11.67,17.2256,0.048031,21.75,True,physics_simulated_synthetic
BGW-002,53.52,582.6,3.921,113.28,30.9,1.0,4208.8,4278.6,2.875,0.996,19461.2,0.7779,19651.8,76.93,2.8138,0.046858,94.03,True,physics_simulated_synthetic
BGW-002,284.5,458.9,5.806,137.03,54.68,1.0,4208.8,4278.6,2.875,0.904,19148.8,0.6452,19208.4,63.88,1.8717,0.055406,247.5,True,physics_simulated_synthetic
BGW-002,104.99,534.2,4.533,140.32,45.33,1.0,4208.8,4278.6,2.875,0.96,19341.0,0.7359,19754.6,75.15,1.9738,0.058351,192.95,True,physics_simulated_synthetic
BGW-002,567.74,1000.1,6.725,70.89,42.23,1.0,4208.8,4278.6,2.875,0.944,19285.7,0.5728,19311.3,55.5,2.8046,0.028819,99.51,True,physics_simulated_synthetic
BGW-002,6717.44,844.1,5.332,138.7,45.59,1.0,4208.8,4278.6,2.875,0.984,19428.7,0.4032,20285.7,30.67,4.9386,0.059228,92.08,True,physics_simulated_synthetic
BGW-002,2226.6,798.6,4.932,115.65,42.89,1.0,4208.8,4278.6,2.875,0.963,19350.2,0.4839,19910.0,40.14,3.9365,0.048468,87.44,True,physics_simulated_synthetic
BGW-002,278.87,515.5,2.773,94.6,49.03,1.0,4208.8,4278.6,2.875,0.959,19327.1,0.7051,19514.7,65.13,2.08,0.03886,74.6,True,physics_simulated_synthetic
BGW-002,249.78,301.8,3.551,90.33,49.35,1.0,4208.8,4278.6,2.875,0.901,19124.8,0.6982,19301.4,69.93,1.9034,0.0367,98.59,True,physics_simulated_synthetic
BGW-002,424.65,499.3,5.108,141.62,32.3,1.0,4208.8,4278.6,2.875,0.966,19365.1,0.6242,19726.7,58.41,3.5585,0.058807,121.56,True,physics_simulated_synthetic
BGW-002,74.88,1118.9,5.002,85.69,53.4,1.0,4208.8,4278.6,2.875,0.907,19149.8,0.7421,19205.1,71.56,1.7108,0.034643,145.84,True,physics_simulated_synthetic
BGW-002,21652.99,250.0,5.132,127.89,34.27,1.0,4208.8,4278.6,2.875,0.915,19182.4,0.3448,20541.3,14.85,13.7331,0.055298,29.76,True,physics_simulated_synthetic
BGW-002,12537.91,866.2,4.764,128.66,52.48,1.0,4208.8,4278.6,2.875,0.989,19444.0,0.3747,20478.6,23.4,5.6767,0.055462,67.03,True,physics_simulated_synthetic
BGW-002,9534.78,716.6,7.711,136.96,36.28,1.0,4208.8,4278.6,2.875,0.963,19371.2,0.3596,20228.1,21.45,8.8468,0.058319,73.19,True,physics_simulated_synthetic
BGW-002,2000.97,360.2,6.943,89.89,32.97,1.0,4208.8,4278.6,2.875,0.994,19466.7,0.4661,19667.0,40.95,4.9586,0.037213,75.03,True,physics_simulated_synthetic
BGW-002,788.28,655.4,3.357,129.87,46.38,1.0,4208.8,4278.6,2.875,0.958,19329.0,0.5984,19777.9,55.7,2.6058,0.05407,100.31,True,physics_simulated_synthetic
BGW-002,16920.12,1109.6,5.196,80.48,36.88,1.0,4208.8,4278.6,2.875,0.956,19321.9,0.3555,20577.4,19.2,9.8893,0.034858,26.37,True,physics_simulated_synthetic
BGW-002,55.01,1191.8,4.408,72.82,48.77,1.0,4208.8,4278.6,2.875,0.913,19167.1,0.7663,19188.4,76.8,1.7435,0.029414,107.08,True,physics_simulated_synthetic
BGW-002,5971.44,1048.7,7.073,67.8,32.71,1.0,4208.8,4278.6,2.875,0.981,19415.9,0.3914,20189.7,27.11,7.7502,0.028814,37.87,True,physics_simulated_synthetic
BGW-002,190.7,918.7,7.108,91.53,47.53,1.0,4208.8,4278.6,2.875,0.901,19137.4,0.6515,19240.8,61.34,2.246,0.037071,168.94,True,physics_simulated_synthetic
BGW-002,2507.87,764.3,5.681,107.34,30.41,1.0,4208.8,4278.6,2.875,0.979,19410.3,0.465,19872.3,40.69,5.4669,0.044902,67.19,True,physics_simulated_synthetic
BGW-002,38158.79,885.0,7.723,120.13,36.14,1.0,4208.8,4278.6,2.875,0.958,19348.8,0.2996,20984.6,12.0,16.465,0.053064,35.84,True,physics_simulated_synthetic
BGW-002,767.19,379.2,7.825,90.65,49.92,1.0,4208.8,4278.6,2.875,0.986,19442.3,0.5315,19572.6,51.57,2.5877,0.037346,162.63,True,physics_simulated_synthetic
BGW-002,14197.31,1119.5,6.236,125.08,56.9,1.0,4208.8,4278.6,2.875,0.909,19167.9,0.3538,20327.5,18.57,6.5492,0.053521,73.38,True,physics_simulated_synthetic
BGW-002,411.66,739.7,3.45,94.09,56.5,1.0,4208.8,4278.6,2.875,0.958,19325.8,0.6572,19412.9,62.77,1.863,0.03845,102.53,True,physics_simulated_synthetic
BGW-002,1934.85,705.5,5.447,110.14,37.1,1.0,4208.8,4278.6,2.875,0.979,19408.0,0.488,20023.8,41.27,4.4512,0.046423,81.81,True,physics_simulated_synthetic
BGW-002,111.98,1156.8,4.655,139.07,39.3,1.0,4208.8,4278.6,2.875,0.977,19401.3,0.7299,19462.5,73.18,2.3032,0.056975,165.81,True,physics_simulated_synthetic
BGW-002,7372.3,1184.7,4.034,102.64,37.74,1.0,4208.8,4278.6,2.875,0.915,19178.3,0.4125,20158.6,27.66,6.5742,0.043552,38.48,True,physics_simulated_synthetic
BGW-002,7045.66,733.6,3.37,143.05,53.68,1.0,4208.8,4278.6,2.875,0.926,19215.0,0.4233,19940.0,31.9,3.9629,0.060041,73.51,True,physics_simulated_synthetic
BGW-002,6847.51,895.3,5.712,106.22,49.29,1.0,4208.8,4278.6,2.875,0.979,19409.2,0.3978,20350.3,27.16,5.1742,0.0455,72.33,True,physics_simulated_synthetic
BGW-002,11419.72,756.0,5.254,88.81,51.91,1.0,4208.8,4278.6,2.875,0.982,19416.8,0.3744,20429.3,20.95,6.3928,0.038191,45.2,True,physics_simulated_synthetic
BGW-002,547.28,1028.0,7.632,97.41,35.02,1.0,4208.8,4278.6,2.875,0.992,19463.0,0.5624,19593.0,53.14,3.5843,0.040174,123.18,True,physics_simulated_synthetic
BGW-002,4468.34,1145.8,4.442,97.89,46.26,1.0,4208.8,4278.6,2.875,0.928,19222.2,0.4395,19775.9,34.3,4.2417,0.040748,61.45,True,physics_simulated_synthetic
BGW-002,870.89,788.9,6.914,136.37,32.25,1.0,4208.8,4278.6,2.875,0.996,19482.0,0.5336,19767.7,51.11,4.0824,0.056743,138.39,True,physics_simulated_synthetic
BGW-002,897.13,445.1,3.817,143.05,52.33,1.0,4208.8,4278.6,2.875,0.945,19284.3,0.5785,19393.7,54.29,2.3238,0.058399,138.14,True,physics_simulated_synthetic
BGW-002,327.29,584.3,7.171,101.88,36.62,1.0,4208.8,4278.6,2.875,0.932,19250.9,0.6112,19449.1,57.74,3.1314,0.041708,137.55,True,physics_simulated_synthetic
BGW-002,998.55,858.1,5.362,137.74,33.79,1.0,4208.8,4278.6,2.875,0.96,19343.4,0.5444,19566.1,50.59,3.8954,0.056729,112.45,True,physics_simulated_synthetic
BGW-002,18613.3,504.9,2.677,119.67,38.56,1.0,4208.8,4278.6,2.875,0.908,19148.6,0.3774,20097.3,18.75,9.463,0.050624,20.62,True,physics_simulated_synthetic
BGW-002,11753.07,601.3,5.988,85.96,52.7,1.0,4208.8,4278.6,2.875,0.94,19271.8,0.3655,20171.7,21.05,6.1892,0.036499,50.85,True,physics_simulated_synthetic
BGW-002,20696.34,540.6,3.52,110.05,40.72,1.0,4208.8,4278.6,2.875,0.947,19290.7,0.3631,20419.9,18.94,9.0107,0.047302,26.61,True,physics_simulated_synthetic
BGW-002,184.4,252.4,6.734,90.27,42.78,1.0,4208.8,4278.6,2.875,0.952,19316.6,0.6603,19265.5,64.96,2.36,0.036607,150.41,True,physics_simulated_synthetic
BGW-002,516.26,367.6,4.645,112.15,45.26,1.0,4208.8,4278.6,2.875,0.967,19363.3,0.6149,19410.2,57.16,2.5535,0.045822,120.04,True,physics_simulated_synthetic
BGW-002,1160.1,472.6,6.576,122.98,51.41,1.0,4208.8,4278.6,2.875,0.956,19335.5,0.5142,19805.9,45.56,2.8778,0.051273,168.73,True,physics_simulated_synthetic
BGW-002,1651.74,1110.5,3.201,120.41,33.61,1.0,4208.8,4278.6,2.875,0.911,19160.4,0.5337,19503.1,52.02,3.797,0.049434,60.0,True,physics_simulated_synthetic
BGW-002,21049.93,1158.7,6.72,70.83,31.43,1.0,4208.8,4278.6,2.875,0.986,19434.3,0.3314,20582.2,15.34,14.5281,0.030685,20.44,True,physics_simulated_synthetic
BGW-002,2128.64,766.5,5.614,137.41,57.3,1.0,4208.8,4278.6,2.875,0.905,19152.7,0.4783,19651.7,42.78,2.7285,0.05684,168.4,True,physics_simulated_synthetic
BGW-002,8596.8,529.1,4.371,135.03,45.61,1.0,4208.8,4278.6,2.875,0.941,19270.9,0.3995,20038.2,26.14,5.7203,0.056956,62.67,True,physics_simulated_synthetic
BGW-002,24259.96,474.6,4.102,70.75,57.85,1.0,4208.8,4278.6,2.875,0.956,19318.3,0.3498,20486.4,15.96,7.5518,0.030512,23.86,True,physics_simulated_synthetic
BGW-002,72.73,1139.8,2.541,142.32,49.1,1.0,4208.8,4278.6,2.875,0.996,19461.1,0.798,19534.9,82.06,1.6502,0.058523,129.78,True,physics_simulated_synthetic
BGW-002,68.57,1183.2,5.71,80.38,32.38,1.0,4208.8,4278.6,2.875,0.965,19356.6,0.7312,19401.4,70.97,2.8742,0.032827,93.91,True,physics_simulated_synthetic
BGW-002,37604.5,561.3,7.187,96.28,57.26,1.0,4208.8,4278.6,2.875,0.987,19445.0,0.3043,20737.1,8.67,14.2144,0.042028,30.6,True,physics_simulated_synthetic
BGW-002,50.78,912.4,5.103,140.16,48.15,1.0,4208.8,4278.6,2.875,0.964,19355.9,0.754,19390.1,72.88,1.8808,0.057206,223.52,True,physics_simulated_synthetic
BGW-002,72.42,393.6,7.954,81.06,57.91,1.0,4208.8,4278.6,2.875,0.922,19215.2,0.6869,19023.7,64.75,1.7268,0.032458,215.31,True,physics_simulated_synthetic
BGW-002,659.12,836.0,5.703,100.47,46.87,1.0,4208.8,4278.6,2.875,0.911,19170.3,0.5757,19417.6,55.31,2.5495,0.041067,132.3,True,physics_simulated_synthetic
BGW-002,10158.64,440.9,5.574,70.64,33.97,1.0,4208.8,4278.6,2.875,0.994,19458.9,0.3773,20386.7,21.3,9.5908,0.030313,25.37,True,physics_simulated_synthetic
BGW-002,238.05,735.7,3.823,129.94,32.51,1.0,4208.8,4278.6,2.875,0.905,19140.9,0.6965,19154.1,67.41,2.9744,0.052389,96.96,True,physics_simulated_synthetic
BGW-002,713.46,286.7,4.162,127.19,46.76,1.0,4208.8,4278.6,2.875,0.969,19370.6,0.5938,19574.1,55.46,2.5693,0.052407,122.25,True,physics_simulated_synthetic
BGW-002,110.55,377.5,7.227,131.39,48.04,1.0,4208.8,4278.6,2.875,0.922,19222.6,0.6813,19187.5,66.23,2.0527,0.053068,269.05,True,physics_simulated_synthetic
BGW-002,31545.99,872.0,6.853,84.22,50.85,1.0,4208.8,4278.6,2.875,0.971,19382.3,0.3137,20756.8,9.48,14.6486,0.036798,24.79,True,physics_simulated_synthetic
BGW-002,66.99,927.8,6.588,79.02,44.0,1.0,4208.8,4278.6,2.875,0.948,19299.8,0.7149,19235.2,69.61,2.1374,0.031995,142.0,True,physics_simulated_synthetic
BGW-002,11130.38,842.0,5.285,129.66,54.34,1.0,4208.8,4278.6,2.875,0.911,19171.3,0.3754,20170.7,22.25,5.6769,0.055054,73.81,True,physics_simulated_synthetic
BGW-002,76.97,493.8,7.952,76.41,45.69,1.0,4208.8,4278.6,2.875,0.941,19278.5,0.6846,19263.0,69.13,2.0758,0.030983,170.92,True,physics_simulated_synthetic
BGW-002,4772.52,511.4,5.141,99.87,47.3,1.0,4208.8,4278.6,2.875,0.913,19174.0,0.4266,19892.9,31.16,4.5933,0.041818,67.4,True,physics_simulated_synthetic
BGW-002,7187.74,957.7,5.393,119.73,53.91,1.0,4208.8,4278.6,2.875,0.924,19216.4,0.3985,19753.8,28.75,4.3378,0.049786,89.13,True,physics_simulated_synthetic
BGW-002,27326.17,1153.2,3.204,138.56,32.13,1.0,4208.8,4278.6,2.875,0.963,19347.7,0.3536,20540.3,14.31,15.203,0.059908,18.18,True,physics_simulated_synthetic
BGW-002,27144.35,754.2,3.473,79.02,44.78,1.0,4208.8,4278.6,2.875,0.924,19205.4,0.3512,20516.1,13.03,11.9711,0.034127,14.26,True,physics_simulated_synthetic
BGW-002,35727.41,932.0,3.786,95.86,32.79,1.0,4208.8,4278.6,2.875,0.991,19442.5,0.3363,20687.1,8.89,24.1468,0.041742,9.43,True,physics_simulated_synthetic
BGW-002,3468.05,487.8,5.22,71.16,59.57,1.0,4208.8,4278.6,2.875,0.98,19407.0,0.4473,19983.7,33.7,3.3886,0.029935,66.4,True,physics_simulated_synthetic
BGW-002,4299.29,480.9,2.885,66.42,48.81,1.0,4208.8,4278.6,2.875,0.98,19400.0,0.4625,20233.6,34.72,4.0635,0.02829,28.92,True,physics_simulated_synthetic
BGW-002,96.32,274.3,7.061,81.69,36.7,1.0,4208.8,4278.6,2.875,0.992,19457.2,0.6909,19517.2,69.65,2.5986,0.033562,131.32,True,physics_simulated_synthetic
BGW-002,85.07,368.0,3.676,110.9,38.82,1.0,4208.8,4278.6,2.875,0.938,19257.0,0.7648,19241.7,74.37,2.2688,0.044919,104.81,True,physics_simulated_synthetic
BGW-002,115.32,980.4,4.973,107.35,56.74,1.0,4208.8,4278.6,2.875,0.927,19221.4,0.7218,19436.6,70.69,1.6494,0.043919,190.69,True,physics_simulated_synthetic
BGW-002,6032.16,554.6,7.151,97.0,51.85,1.0,4208.8,4278.6,2.875,0.992,19459.3,0.39,20254.8,27.06,4.9145,0.041355,86.66,True,physics_simulated_synthetic
BGW-002,6711.42,775.4,5.212,110.61,43.77,1.0,4208.8,4278.6,2.875,0.914,19179.4,0.4046,20104.2,30.51,5.1235,0.046809,68.57,True,physics_simulated_synthetic
BGW-002,1928.45,854.3,3.706,104.51,43.34,1.0,4208.8,4278.6,2.875,0.998,19470.4,0.5128,19955.4,44.83,3.4962,0.043898,67.01,True,physics_simulated_synthetic
BGW-002,3765.74,893.9,7.489,95.34,38.2,1.0,4208.8,4278.6,2.875,0.913,19182.0,0.4154,19791.6,31.56,5.5881,0.039721,76.66,True,physics_simulated_synthetic
BGW-002,14624.87,767.2,5.235,121.58,44.86,1.0,4208.8,4278.6,2.875,0.996,19468.8,0.3621,20536.5,20.05,7.7715,0.05256,50.98,True,physics_simulated_synthetic
BGW-002,946.0,678.8,7.351,126.33,54.59,1.0,4208.8,4278.6,2.875,0.911,19183.9,0.5206,19567.4,48.27,2.5278,0.052033,217.89,True,physics_simulated_synthetic
BGW-002,2747.63,865.2,3.36,65.06,46.32,1.0,4208.8,4278.6,2.875,0.9,19120.2,0.4893,19632.1,40.91,3.5265,0.026888,36.89,True,physics_simulated_synthetic
BGW-002,27905.01,466.8,7.319,140.0,37.43,1.0,4208.8,4278.6,2.875,0.962,19367.0,0.3147,20566.9,12.91,14.4938,0.060612,44.07,True,physics_simulated_synthetic
BGW-002,3924.77,427.4,4.291,138.09,50.95,1.0,4208.8,4278.6,2.875,0.934,19246.5,0.4503,20040.9,33.73,3.9696,0.058253,90.69,True,physics_simulated_synthetic
BGW-002,1986.35,1167.6,7.787,129.18,32.23,1.0,4208.8,4278.6,2.875,0.985,19449.0,0.4565,19694.0,38.63,5.3833,0.053553,111.55,True,physics_simulated_synthetic
BGW-002,2452.33,910.2,3.684,67.74,43.9,1.0,4208.8,4278.6,2.875,0.904,19136.5,0.4936,19588.4,43.7,3.4759,0.027933,42.63,True,physics_simulated_synthetic
BGW-002,33485.3,486.9,3.407,84.07,34.15,1.0,4208.8,4278.6,2.875,0.936,19248.1,0.3428,20667.4,11.68,17.6347,0.036573,10.17,True,physics_simulated_synthetic
BGW-002,9286.98,238.8,3.504,141.86,47.12,1.0,4208.8,4278.6,2.875,0.918,19189.4,0.4051,20184.0,26.69,5.4629,0.060273,55.68,True,physics_simulated_synthetic
BGW-002,279.98,303.0,2.649,71.1,47.6,1.0,4208.8,4278.6,2.875,0.925,19206.3,0.7074,19181.6,68.57,2.0004,0.028707,54.74,True,physics_simulated_synthetic
BGW-002,21018.12,956.9,7.952,107.47,54.89,1.0,4208.8,4278.6,2.875,0.912,19187.4,0.3209,20496.4,12.03,10.5676,0.046369,50.25,True,physics_simulated_synthetic
BGW-002,1995.64,1034.8,5.216,71.66,35.44,1.0,4208.8,4278.6,2.875,0.953,19311.4,0.4886,19794.2,39.47,4.8168,0.029857,46.56,True,physics_simulated_synthetic
BGW-002,1960.71,899.6,6.532,69.13,53.07,1.0,4208.8,4278.6,2.875,0.909,19161.0,0.4728,19579.5,38.93,3.2258,0.02849,83.07,True,physics_simulated_synthetic
BGW-002,3871.57,378.3,6.527,73.81,48.49,1.0,4208.8,4278.6,2.875,0.967,19367.0,0.4243,20032.3,35.16,3.9997,0.031126,73.14,True,physics_simulated_synthetic
BGW-002,985.55,291.5,5.257,80.31,56.75,1.0,4208.8,4278.6,2.875,0.901,19130.5,0.5472,19432.5,46.56,2.503,0.03285,99.35,True,physics_simulated_synthetic
BGW-002,73.22,836.4,3.794,66.98,46.39,1.0,4208.8,4278.6,2.875,0.917,19181.2,0.7689,19214.4,75.93,1.8567,0.027091,79.72,True,physics_simulated_synthetic
BGW-002,1192.91,253.4,7.569,74.03,35.57,1.0,4208.8,4278.6,2.875,0.924,19216.5,0.4987,19338.7,45.06,4.1064,0.030137,79.99,True,physics_simulated_synthetic
BGW-002,418.98,718.0,6.296,120.32,53.66,1.0,4208.8,4278.6,2.875,0.987,19441.0,0.6053,19618.9,56.19,2.2146,0.049689,203.42,True,physics_simulated_synthetic
BGW-002,37058.9,355.1,2.622,116.44,46.04,1.0,4208.8,4278.6,2.875,0.914,19170.0,0.3465,20699.5,12.15,12.5958,0.050736,15.21,True,physics_simulated_synthetic
BGW-002,1316.81,287.9,7.219,72.25,30.21,1.0,4208.8,4278.6,2.875,0.958,19336.4,0.4953,19522.0,45.09,4.879,0.029691,63.26,True,physics_simulated_synthetic
BGW-002,439.03,520.0,7.62,115.11,48.03,1.0,4208.8,4278.6,2.875,0.96,19354.8,0.5807,19470.9,56.2,2.4548,0.047177,210.87,True,physics_simulated_synthetic
BGW-002,19613.04,444.2,7.843,114.92,31.53,1.0,4208.8,4278.6,2.875,0.913,19192.2,0.3248,20334.0,17.72,12.3844,0.049189,44.86,True,physics_simulated_synthetic
BGW-002,206.14,1028.9,5.007,109.01,38.54,1.0,4208.8,4278.6,2.875,0.955,19320.6,0.6842,19330.0,65.78,2.5954,0.044357,123.21,True,physics_simulated_synthetic
BGW-002,5567.68,642.3,7.476,97.1,47.85,1.0,4208.8,4278.6,2.875,0.902,19144.0,0.3914,19914.1,29.99,4.7245,0.040701,92.75,True,physics_simulated_synthetic
BGW-002,2014.09,535.0,7.531,123.96,56.15,1.0,4208.8,4278.6,2.875,0.954,19333.7,0.4585,19573.0,37.74,3.1439,0.051072,176.17,True,physics_simulated_synthetic
BGW-002,3465.3,234.7,4.218,80.29,34.37,1.0,4208.8,4278.6,2.875,0.96,19332.7,0.4601,19923.2,38.09,5.1789,0.033671,39.49,True,physics_simulated_synthetic
BGW-002,3115.0,321.6,6.339,113.52,35.55,1.0,4208.8,4278.6,2.875,0.964,19360.4,0.4412,19818.8,38.11,4.9789,0.047356,86.82,True,physics_simulated_synthetic
BGW-002,264.37,702.7,3.849,131.72,31.85,1.0,4208.8,4278.6,2.875,0.967,19362.8,0.6876,19333.1,69.4,2.977,0.053605,99.81,True,physics_simulated_synthetic
BGW-002,12862.77,874.8,4.731,132.41,41.94,1.0,4208.8,4278.6,2.875,0.97,19376.1,0.3737,20277.3,20.51,8.0254,0.056516,47.98,True,physics_simulated_synthetic
BGW-002,17643.27,963.6,6.409,142.84,33.09,1.0,4208.8,4278.6,2.875,0.978,19415.6,0.342,20505.9,15.83,13.3278,0.061655,42.7,True,physics_simulated_synthetic
BGW-002,7946.21,577.9,4.804,74.8,35.32,1.0,4208.8,4278.6,2.875,0.912,19165.4,0.3992,19724.0,24.96,7.615,0.031056,28.21,True,physics_simulated_synthetic
BGW-003,1310.82,807.2,7.878,69.06,43.0,0.75,4247.5,4376.1,3.5,0.91,13189.9,0.484,13427.7,41.75,2.5459,0.019519,86.97,True,physics_simulated_synthetic
BGW-003,20642.07,964.9,6.835,84.44,55.64,0.75,4247.5,4376.1,3.5,0.944,13345.9,0.3293,14060.1,12.31,6.987,0.024992,35.2,True,physics_simulated_synthetic
BGW-003,2310.81,873.6,2.831,95.98,42.19,0.75,4247.5,4376.1,3.5,0.904,13149.9,0.5096,13468.5,42.8,2.5389,0.02721,43.69,True,physics_simulated_synthetic
BGW-003,509.11,825.4,3.323,122.33,31.83,0.75,4247.5,4376.1,3.5,0.927,13258.2,0.638,13337.5,60.39,2.3619,0.034345,69.59,True,physics_simulated_synthetic
BGW-003,81.26,307.0,7.64,86.31,38.37,0.75,4247.5,4376.1,3.5,0.99,13557.5,0.6835,13528.3,66.91,1.7935,0.024578,150.77,True,physics_simulated_synthetic
BGW-003,118.65,1179.8,2.599,97.2,41.95,0.75,4247.5,4376.1,3.5,0.932,13277.1,0.7695,13202.9,78.0,1.3735,0.027014,73.6,True,physics_simulated_synthetic
BGW-003,2904.34,897.4,2.69,90.26,30.57,0.75,4247.5,4376.1,3.5,0.949,13353.0,0.4934,13697.9,40.87,3.7309,0.026026,27.02,True,physics_simulated_synthetic
BGW-003,163.39,1160.6,2.954,113.67,51.17,0.75,4247.5,4376.1,3.5,0.985,13520.5,0.7407,13564.4,75.33,1.1978,0.032456,115.25,True,physics_simulated_synthetic
BGW-003,332.69,1052.4,3.301,99.73,43.71,0.75,4247.5,4376.1,3.5,0.984,13513.2,0.6769,13510.1,65.9,1.5965,0.028362,84.45,True,physics_simulated_synthetic
BGW-003,88.75,895.0,3.684,134.39,49.5,0.75,4247.5,4376.1,3.5,0.903,13150.0,0.7599,12993.2,72.12,1.239,0.036756,157.4,True,physics_simulated_synthetic
BGW-003,14430.11,1039.2,6.766,82.1,30.83,0.75,4247.5,4376.1,3.5,0.978,13499.2,0.346,14374.5,16.87,9.4079,0.024842,25.73,True,physics_simulated_synthetic
BGW-003,2325.94,547.3,2.812,119.33,49.87,0.75,4247.5,4376.1,3.5,0.969,13445.2,0.5094,13762.4,43.22,2.1734,0.034569,64.42,True,physics_simulated_synthetic
BGW-003,359.79,1078.3,7.354,113.87,53.12,0.75,4247.5,4376.1,3.5,0.997,13594.3,0.5972,13657.6,56.45,1.5503,0.032738,223.61,True,physics_simulated_synthetic
BGW-003,56.47,321.8,3.452,85.81,49.4,0.75,4247.5,4376.1,3.5,0.923,13236.2,0.7842,13101.3,77.84,1.1597,0.023664,101.42,True,physics_simulated_synthetic
BGW-003,416.43,1047.9,5.327,77.44,49.01,0.75,4247.5,4376.1,3.5,0.951,13370.4,0.6191,13384.5,61.62,1.5086,0.021818,110.95,True,physics_simulated_synthetic
BGW-003,4294.15,894.3,2.958,132.55,34.76,0.75,4247.5,4376.1,3.5,0.995,13567.0,0.4603,13985.4,33.63,4.0732,0.03902,40.81,True,physics_simulated_synthetic
BGW-003,37424.25,251.1,7.488,80.89,35.78,0.75,4247.5,4376.1,3.5,0.997,13588.5,0.3002,14765.7,8.36,16.791,0.025142,16.14,True,physics_simulated_synthetic
BGW-003,55.46,945.4,7.757,93.73,41.84,0.75,4247.5,4376.1,3.5,0.991,13565.2,0.6951,13478.1,70.85,1.5477,0.026591,191.92,True,physics_simulated_synthetic
BGW-003,93.76,311.0,6.812,114.01,52.55,0.75,4247.5,4376.1,3.5,0.923,13253.2,0.6927,13377.4,66.6,1.301,0.032105,242.07,True,physics_simulated_synthetic
BGW-003,19196.05,457.8,6.699,81.02,32.72,0.75,4247.5,4376.1,3.5,0.936,13306.6,0.3337,13842.3,15.04,9.5752,0.023608,23.78,True,physics_simulated_synthetic
BGW-003,172.02,872.0,6.7,102.8,53.32,0.75,4247.5,4376.1,3.5,0.953,13388.8,0.6616,13526.8,64.26,1.3437,0.029272,210.18,True,physics_simulated_synthetic
BGW-003,763.47,312.6,5.801,121.53,35.35,0.75,4247.5,4376.1,3.5,0.937,13311.8,0.5585,13267.5,51.97,2.458,0.03394,115.34,True,physics_simulated_synthetic
BGW-003,56.46,941.9,5.397,85.74,51.68,0.75,4247.5,4376.1,3.5,0.973,13468.9,0.7409,13482.4,74.08,1.1986,0.024334,157.78,True,physics_simulated_synthetic
BGW-003,586.38,1183.9,7.035,96.64,57.42,0.75,4247.5,4376.1,3.5,0.941,13335.5,0.562,13212.2,55.9,1.4012,0.026878,194.32,True,physics_simulated_synthetic
BGW-003,13005.78,512.4,7.543,71.43,58.69,0.75,4247.5,4376.1,3.5,0.916,13219.7,0.3437,14136.1,19.87,4.1257,0.021256,55.96,True,physics_simulated_synthetic
BGW-003,94.08,838.3,5.682,87.17,51.66,0.75,4247.5,4376.1,3.5,0.904,13159.7,0.7146,13278.6,71.25,1.228,0.024366,162.34,True,physics_simulated_synthetic
BGW-003,72.18,890.3,5.837,111.88,33.85,0.75,4247.5,4376.1,3.5,0.947,13356.6,0.7229,13332.6,70.98,1.8888,0.031398,139.73,True,physics_simulated_synthetic
BGW-003,105.6,673.8,5.118,123.44,55.78,0.75,4247.5,4376.1,3.5,0.942,13330.5,0.7203,13450.5,70.21,1.1691,0.034948,220.28,True,physics_simulated_synthetic
BGW-003,1883.64,1116.4,7.495,76.64,52.15,0.75,4247.5,4376.1,3.5,0.97,13464.6,0.461,13786.9,40.66,2.2129,0.022241,108.47,True,physics_simulated_synthetic
BGW-003,38933.25,379.7,3.006,100.64,44.59,0.75,4247.5,4376.1,3.5,0.963,13417.9,0.3395,14664.7,14.38,7.7842,0.031068,17.28,True,physics_simulated_synthetic
BGW-003,500.04,1178.8,3.872,97.31,45.93,0.75,4247.5,4376.1,3.5,0.948,13353.3,0.6293,13391.0,63.26,1.5685,0.02743,97.51,True,physics_simulated_synthetic
BGW-003,16576.02,593.7,7.033,117.25,58.76,0.75,4247.5,4376.1,3.5,0.94,13335.0,0.3371,14053.2,17.96,4.5324,0.034684,77.5,True,physics_simulated_synthetic
BGW-003,774.58,673.1,7.138,93.0,30.34,0.75,4247.5,4376.1,3.5,0.97,13463.4,0.5371,13563.6,48.71,3.1237,0.026553,87.38,True,physics_simulated_synthetic
BGW-003,65.99,970.5,4.927,113.2,32.91,0.75,4247.5,4376.1,3.5,0.951,13369.0,0.7453,13424.3,72.22,1.9225,0.031989,118.06,True,physics_simulated_synthetic
BGW-003,22219.55,1079.7,6.238,79.29,48.63,0.75,4247.5,4376.1,3.5,0.962,13422.4,0.3316,14364.6,13.33,7.5425,0.023974,28.55,True,physics_simulated_synthetic
BGW-003,626.17,404.3,3.376,113.04,54.91,0.75,4247.5,4376.1,3.5,0.902,13141.9,0.6177,13318.6,56.03,1.4736,0.03169,104.54,True,physics_simulated_synthetic
BGW-003,2075.91,1161.6,2.512,77.57,40.38,0.75,4247.5,4376.1,3.5,0.943,13324.2,0.5236,13758.8,44.09,2.6301,0.022466,30.9,True,physics_simulated_synthetic
BGW-003,2694.72,682.0,7.698,139.86,31.19,0.75,4247.5,4376.1,3.5,0.971,13481.8,0.4328,13836.6,35.02,4.3118,0.040734,104.73,True,physics_simulated_synthetic
BGW-003,154.09,338.2,7.335,75.46,48.86,0.75,4247.5,4376.1,3.5,0.976,13489.7,0.657,13553.4,62.33,1.5146,0.021527,150.13,True,physics_simulated_synthetic
BGW-003,125.13,276.6,7.461,76.68,59.09,0.75,4247.5,4376.1,3.5,0.929,13274.9,0.6665,13337.8,65.87,1.1664,0.021528,198.29,True,physics_simulated_synthetic
BGW-003,5453.43,662.2,5.776,131.12,58.68,0.75,4247.5,4376.1,3.5,0.93,13281.4,0.4088,13932.3,31.77,2.5434,0.038453,125.76,True,physics_simulated_synthetic
BGW-003,323.89,467.0,4.268,109.96,55.3,0.75,4247.5,4376.1,3.5,0.976,13481.8,0.6601,13663.1,64.98,1.2943,0.031624,150.15,True,physics_simulated_synthetic
BGW-003,11438.07,658.8,3.408,139.98,52.76,0.75,4247.5,4376.1,3.5,0.974,13473.9,0.3933,14156.2,23.47,3.8901,0.041712,52.62,True,physics_simulated_synthetic
BGW-003,71.89,334.9,3.771,141.28,50.96,0.75,4247.5,4376.1,3.5,0.955,13384.4,0.7675,13274.3,76.77,1.155,0.039477,185.58,True,physics_simulated_synthetic
BGW-003,366.65,1021.4,3.651,107.74,45.39,0.75,4247.5,4376.1,3.5,0.982,13504.2,0.6614,13662.3,64.19,1.5961,0.030983,102.06,True,physics_simulated_synthetic
BGW-003,5963.13,581.9,7.239,88.26,58.1,0.75,4247.5,4376.1,3.5,0.953,13388.4,0.3874,14052.8,27.9,2.9506,0.026109,92.23,True,physics_simulated_synthetic
BGW-003,3814.44,919.6,3.005,136.85,48.62,0.75,4247.5,4376.1,3.5,0.998,13578.8,0.4682,13975.4,40.21,2.4335,0.040259,71.6,True,physics_simulated_synthetic
BGW-003,52.72,389.9,4.929,100.52,30.34,0.75,4247.5,4376.1,3.5,0.966,13436.5,0.7532,13287.1,73.98,2.0153,0.028115,99.02,True,physics_simulated_synthetic
BGW-003,996.82,1135.3,3.612,102.1,49.92,0.75,4247.5,4376.1,3.5,0.974,13471.5,0.5703,13536.0,49.82,1.8524,0.029093,81.69,True,physics_simulated_synthetic
BGW-003,198.45,345.5,5.213,87.77,37.63,0.75,4247.5,4376.1,3.5,0.979,13495.7,0.6798,13509.3,65.29,1.8713,0.024959,100.11,True,physics_simulated_synthetic
BGW-003,6319.93,935.3,7.628,127.53,45.99,0.75,4247.5,4376.1,3.5,0.924,13266.1,0.3801,13880.9,27.26,3.769,0.037263,108.61,True,physics_simulated_synthetic
BGW-003,19460.13,346.0,3.012,123.46,54.02,0.75,4247.5,4376.1,3.5,0.988,13532.5,0.3704,14283.9,19.58,4.5974,0.037122,35.03,True,physics_simulated_synthetic
BGW-003,5030.55,217.4,7.919,106.75,47.44,0.75,4247.5,4376.1,3.5,0.977,13504.9,0.3903,14131.5,27.24,3.7225,0.031753,97.27,True,physics_simulated_synthetic
BGW-003,8459.3,229.7,5.508,101.75,42.17,0.75,4247.5,4376.1,3.5,0.95,13366.2,0.3861,13883.8,24.65,4.5469,0.029736,51.87,True,physics_simulated_synthetic
BGW-003,546.96,607.9,5.367,88.98,40.76,0.75,4247.5,4376.1,3.5,0.964,13431.2,0.5948,13576.3,54.23,2.0906,0.025429,94.01,True,physics_simulated_synthetic
BGW-003,1192.33,884.9,5.035,102.09,34.35,0.75,4247.5,4376.1,3.5,0.969,13450.3,0.5315,13780.0,45.34,3.0111,0.029613,71.3,True,physics_simulated_synthetic
BGW-003,245.89,1193.5,3.407,73.96,41.74,0.75,4247.5,4376.1,3.5,0.927,13255.7,0.7001,13449.4,68.38,1.604,0.020939,64.04,True,physics_simulated_synthetic
BGW-003,89.8,209.6,2.597,114.62,38.11,0.75,4247.5,4376.1,3.5,0.911,13181.9,0.7848,13325.6,75.7,1.5721,0.032152,76.48,True,physics_simulated_synthetic
BGW-003,57.58,355.3,5.08,69.24,52.13,0.75,4247.5,4376.1,3.5,0.993,13557.3,0.747,13446.3,75.53,1.1624,0.019599,123.33,True,physics_simulated_synthetic
BGW-003,548.75,472.1,6.562,122.46,45.35,0.75,4247.5,4376.1,3.5,0.934,13305.2,0.575,13334.2,56.08,1.7847,0.034372,181.99,True,physics_simulated_synthetic
BGW-003,8152.87,357.6,5.238,78.93,52.69,0.75,4247.5,4376.1,3.5,0.963,13421.2,0.3911,14095.8,22.87,3.9817,0.023419,44.36,True,physics_simulated_synthetic
BGW-003,7919.62,910.0,7.548,133.16,47.49,0.75,4247.5,4376.1,3.5,0.98,13522.8,0.3685,14068.2,26.03,3.8742,0.039432,110.62,True,physics_simulated_synthetic
BGW-003,612.64,371.1,4.715,90.72,41.3,0.75,4247.5,4376.1,3.5,0.997,13578.0,0.5958,13674.0,57.18,1.9709,0.026113,89.96,True,physics_simulated_synthetic
BGW-003,16793.9,379.1,6.109,141.06,59.29,0.75,4247.5,4376.1,3.5,0.937,13316.2,0.3452,14021.9,17.2,4.6789,0.041636,78.28,True,physics_simulated_synthetic
BGW-003,18051.32,943.8,4.44,111.18,46.75,0.75,4247.5,4376.1,3.5,0.904,13155.3,0.3585,14061.4,20.19,5.071,0.032908,41.49,True,physics_simulated_synthetic
BGW-003,11488.73,507.1,4.109,141.06,32.97,0.75,4247.5,4376.1,3.5,0.967,13441.2,0.3849,14184.5,21.83,6.7091,0.042118,37.14,True,physics_simulated_synthetic
BGW-003,12788.53,845.1,6.852,110.51,45.87,0.75,4247.5,4376.1,3.5,0.913,13210.9,0.3509,13840.2,21.39,4.8007,0.032196,66.17,True,physics_simulated_synthetic
BGW-003,1228.24,651.4,6.487,98.85,30.82,0.75,4247.5,4376.1,3.5,0.972,13471.3,0.5079,13769.7,42.67,3.5642,0.028651,75.08,True,physics_simulated_synthetic
BGW-003,6395.93,1012.4,3.198,126.88,51.25,0.75,4247.5,4376.1,3.5,0.909,13176.0,0.4302,13662.5,31.61,2.8707,0.03649,58.53,True,physics_simulated_synthetic
BGW-003,359.42,776.0,2.617,89.51,47.68,0.75,4247.5,4376.1,3.5,0.997,13573.2,0.6843,13497.7,66.6,1.4468,0.025432,66.24,True,physics_simulated_synthetic
BGW-003,13958.38,919.3,4.287,105.19,31.74,0.75,4247.5,4376.1,3.5,0.974,13472.2,0.3728,14044.9,19.4,7.7624,0.031099,24.73,True,physics_simulated_synthetic
BGW-003,6126.42,731.3,7.619,98.24,58.88,0.75,4247.5,4376.1,3.5,0.944,13349.7,0.382,13905.3,27.38,2.9352,0.028755,107.48,True,physics_simulated_synthetic
BGW-003,24157.32,984.6,7.497,119.39,33.73,0.75,4247.5,4376.1,3.5,0.974,13491.3,0.317,14351.7,11.87,12.1989,0.036069,31.92,True,physics_simulated_synthetic
BGW-003,2217.83,226.9,6.773,115.1,53.66,0.75,4247.5,4376.1,3.5,0.947,13363.4,0.4578,13743.8,40.02,2.1783,0.0333,149.1,True,physics_simulated_synthetic
BGW-003,4663.19,1040.7,7.318,93.92,58.64,0.75,4247.5,4376.1,3.5,0.961,13423.3,0.4013,13866.8,30.2,2.6656,0.027416,108.39,True,physics_simulated_synthetic
BGW-003,17331.79,1183.9,5.072,88.41,49.74,0.75,4247.5,4376.1,3.5,0.945,13340.8,0.354,14208.7,14.36,6.7692,0.026444,28.53,True,physics_simulated_synthetic
BGW-003,432.99,443.3,4.473,96.34,42.43,0.75,4247.5,4376.1,3.5,0.942,13326.4,0.6311,13423.0,60.4,1.783,0.027221,98.35,True,physics_simulated_synthetic
BGW-003,73.19,957.6,4.901,91.14,58.72,0.75,4247.5,4376.1,3.5,0.902,13146.3,0.7418,13043.6,74.01,1.0216,0.025025,172.87,True,physics_simulated_synthetic
BGW-003,29849.07,775.8,5.251,128.01,35.96,0.75,4247.5,4376.1,3.5,0.917,13220.8,0.3284,14148.0,12.32,10.8693,0.038124,26.52,True,physics_simulated_synthetic
BGW-003,14523.87,461.5,3.705,135.78,51.13,0.75,4247.5,4376.1,3.5,0.938,13309.6,0.3772,13876.6,21.59,4.2785,0.039663,49.46,True,physics_simulated_synthetic
BGW-003,569.38,561.6,2.546,126.51,49.73,0.75,4247.5,4376.1,3.5,0.987,13528.9,0.6427,13547.4,58.46,1.5863,0.036076,83.36,True,physics_simulated_synthetic
BGW-003,791.8,338.0,2.999,124.86,33.42,0.75,4247.5,4376.1,3.5,0.938,13307.1,0.6026,13318.8,57.51,2.3583,0.035006,64.1,True,physics_simulated_synthetic
BGW-003,20238.95,661.4,6.125,139.54,54.86,0.75,4247.5,4376.1,3.5,0.928,13279.1,0.3367,14058.5,17.4,5.0135,0.041293,72.64,True,physics_simulated_synthetic
BGW-003,66.79,1025.1,3.136,73.71,46.37,0.75,4247.5,4376.1,3.5,0.92,13224.2,0.7853,13568.2,78.84,1.2633,0.021052,75.26,True,physics_simulated_synthetic
BGW-003,88.99,1054.2,5.073,106.55,39.01,0.75,4247.5,4376.1,3.5,0.902,13148.6,0.7296,13156.4,71.98,1.5947,0.029509,135.18,True,physics_simulated_synthetic
BGW-003,267.0,1026.4,3.167,105.79,31.87,0.75,4247.5,4376.1,3.5,0.953,13374.9,0.6985,13562.1,67.2,2.1553,0.030202,63.91,True,physics_simulated_synthetic
BGW-003,312.61,968.5,7.972,133.93,45.93,0.75,4247.5,4376.1,3.5,0.988,13562.8,0.5982,13543.8,55.66,1.8032,0.038183,243.09,True,physics_simulated_synthetic
BGW-003,93.97,448.7,6.587,81.83,56.49,0.75,4247.5,4376.1,3.5,0.957,13401.3,0.6969,13285.1,71.41,1.1209,0.022883,193.66,True,physics_simulated_synthetic
BGW-003,892.7,1032.2,6.639,138.65,39.89,0.75,4247.5,4376.1,3.5,0.91,13199.4,0.5324,13356.0,49.41,2.3065,0.03898,161.57,True,physics_simulated_synthetic
BGW-003,6927.26,778.9,4.11,111.9,33.16,0.75,4247.5,4376.1,3.5,0.915,13203.2,0.4138,13579.3,28.44,4.9006,0.031986,38.63,True,physics_simulated_synthetic
BGW-003,5244.78,467.9,3.849,116.8,43.47,0.75,4247.5,4376.1,3.5,0.958,13398.0,0.4347,13907.4,36.03,3.022,0.034193,62.72,True,physics_simulated_synthetic
BGW-003,1069.14,1110.0,6.447,124.16,54.81,0.75,4247.5,4376.1,3.5,0.928,13277.3,0.52,13579.8,48.87,1.7258,0.035491,190.9,True,physics_simulated_synthetic
BGW-003,663.99,283.6,7.271,132.78,43.83,0.75,4247.5,4376.1,3.5,0.907,13188.0,0.5481,13208.0,53.49,1.9176,0.036916,201.58,True,physics_simulated_synthetic
BGW-003,2401.78,250.3,4.153,104.86,30.13,0.75,4247.5,4376.1,3.5,0.987,13531.3,0.4868,13754.9,42.37,3.6671,0.03036,49.51,True,physics_simulated_synthetic
BGW-003,109.26,385.1,7.995,141.37,47.97,0.75,4247.5,4376.1,3.5,0.924,13274.0,0.664,13044.5,65.71,1.4088,0.038818,317.22,True,physics_simulated_synthetic
BGW-003,170.83,301.7,4.924,91.43,57.31,0.75,4247.5,4376.1,3.5,0.963,13422.5,0.6958,13241.1,68.94,1.1408,0.025482,158.39,True,physics_simulated_synthetic
BGW-003,1390.96,832.5,7.128,115.3,31.49,0.75,4247.5,4376.1,3.5,0.982,13525.2,0.4891,13894.0,44.56,3.3702,0.033722,102.7,True,physics_simulated_synthetic
BGW-003,89.58,565.5,7.724,130.31,35.48,0.75,4247.5,4376.1,3.5,0.935,13316.1,0.6779,13367.9,67.77,1.8923,0.036667,215.51,True,physics_simulated_synthetic
BGW-003,2813.25,221.2,7.334,102.45,34.18,0.75,4247.5,4376.1,3.5,0.989,13555.5,0.4341,13940.8,35.22,3.9413,0.030066,80.56,True,physics_simulated_synthetic
BGW-003,1964.7,759.4,4.291,104.62,50.37,0.75,4247.5,4376.1,3.5,0.988,13537.4,0.5008,13680.2,43.55,2.1223,0.030127,87.71,True,physics_simulated_synthetic
BGW-003,139.07,747.7,5.723,78.0,40.65,0.75,4247.5,4376.1,3.5,0.997,13577.7,0.693,13624.3,68.01,1.6772,0.02237,109.91,True,physics_simulated_synthetic
BGW-003,165.66,410.9,7.907,129.12,59.41,0.75,4247.5,4376.1,3.5,0.959,13426.3,0.6428,13491.6,62.45,1.2379,0.036669,337.28,True,physics_simulated_synthetic
BGW-003,1451.61,1195.8,5.247,135.63,57.01,0.75,4247.5,4376.1,3.5,0.925,13258.7,0.5117,13523.6,46.7,1.7289,0.03861,168.72,True,physics_simulated_synthetic
BGW-003,1187.48,228.1,7.638,126.83,31.15,0.75,4247.5,4376.1,3.5,1.0,13611.0,0.495,14001.7,45.65,3.3517,0.037382,122.67,True,physics_simulated_synthetic
BGW-003,137.45,578.4,7.186,96.65,59.63,0.75,4247.5,4376.1,3.5,0.932,13293.5,0.6663,13288.5,65.45,1.159,0.027034,241.37,True,physics_simulated_synthetic
BGW-003,517.22,659.3,5.038,100.06,34.21,0.75,4247.5,4376.1,3.5,0.934,13293.7,0.6053,13486.6,58.94,2.2765,0.028406,90.53,True,physics_simulated_synthetic
BGW-003,187.61,415.0,2.768,74.02,58.48,0.75,4247.5,4376.1,3.5,0.956,13386.7,0.7349,13383.8,69.63,1.1189,0.020853,74.29,True,physics_simulated_synthetic
BGW-003,2736.84,865.4,3.43,67.05,35.84,0.75,4247.5,4376.1,3.5,0.972,13457.0,0.4871,13854.1,37.57,3.5021,0.019554,27.58,True,physics_simulated_synthetic
BGW-003,819.47,328.1,3.27,131.87,54.78,0.75,4247.5,4376.1,3.5,0.988,13531.7,0.5944,13627.7,57.42,1.4748,0.037827,120.77,True,physics_simulated_synthetic
BGW-003,9421.87,914.5,3.679,109.21,57.33,0.75,4247.5,4376.1,3.5,0.955,13384.4,0.4009,13966.2,26.56,3.1225,0.032107,54.47,True,physics_simulated_synthetic
BGW-003,3780.25,1003.4,4.311,80.29,33.12,0.75,4247.5,4376.1,3.5,0.907,13165.8,0.4509,13700.5,35.29,3.9902,0.023156,36.02,True,physics_simulated_synthetic
BGW-003,5832.56,862.6,5.558,135.56,51.7,0.75,4247.5,4376.1,3.5,0.967,13451.0,0.4072,13943.9,27.71,3.3124,0.039788,96.14,True,physics_simulated_synthetic
BGW-003,7109.83,808.2,5.214,108.91,47.98,0.75,4247.5,4376.1,3.5,0.968,13450.8,0.3992,14077.1,26.23,3.8074,0.032273,63.65,True,physics_simulated_synthetic
BGW-003,73.07,615.6,7.102,91.97,58.82,0.75,4247.5,4376.1,3.5,0.975,13485.6,0.6977,13520.0,69.09,1.1323,0.026173,236.4,True,physics_simulated_synthetic
BGW-003,74.99,897.0,7.402,85.15,51.04,0.75,4247.5,4376.1,3.5,0.981,13515.5,0.6911,13614.0,70.96,1.2795,0.024401,203.26,True,physics_simulated_synthetic
BGW-003,5918.69,496.6,3.948,78.83,42.76,0.75,4247.5,4376.1,3.5,0.995,13563.7,0.4256,14035.7,29.89,3.7371,0.02329,35.43,True,physics_simulated_synthetic
BGW-003,6073.4,746.6,2.699,80.04,42.87,0.75,4247.5,4376.1,3.5,0.984,13510.5,0.4402,13986.7,32.51,3.4165,0.023565,26.81,True,physics_simulated_synthetic
BGW-003,99.24,201.4,2.623,64.33,31.82,0.75,4247.5,4376.1,3.5,0.902,13139.6,0.779,13060.9,78.73,1.7746,0.017686,37.64,True,physics_simulated_synthetic
BGW-003,65.41,1150.1,3.046,117.1,53.57,0.75,4247.5,4376.1,3.5,0.945,13337.2,0.7883,13392.8,77.91,1.0923,0.033014,132.57,True,physics_simulated_synthetic
BGW-003,542.92,679.0,4.303,95.88,36.54,0.75,4247.5,4376.1,3.5,0.916,13210.2,0.6139,13409.9,58.68,2.1286,0.027066,78.79,True,physics_simulated_synthetic
BGW-003,22406.03,361.2,3.747,105.19,40.71,0.75,4247.5,4376.1,3.5,0.911,13187.2,0.3558,14217.6,19.49,6.0976,0.031482,27.86,True,physics_simulated_synthetic
BGW-003,1954.82,478.3,5.087,112.43,44.08,0.75,4247.5,4376.1,3.5,0.945,13343.3,0.4898,13429.4,44.38,2.3366,0.031782,99.64,True,physics_simulated_synthetic
BGW-003,13457.76,384.7,6.762,93.97,47.27,0.75,4247.5,4376.1,3.5,0.983,13520.5,0.3493,14435.2,18.48,5.6253,0.028552,49.43,True,physics_simulated_synthetic
BGW-003,23058.34,898.4,4.548,134.74,34.1,0.75,4247.5,4376.1,3.5,0.97,13457.2,0.3462,14348.8,13.43,10.6607,0.040697,25.0,True,physics_simulated_synthetic
BGW-003,6219.93,747.5,7.036,83.51,51.2,0.75,4247.5,4376.1,3.5,0.906,13174.3,0.3871,13339.8,27.03,3.281,0.023449,72.42,True,physics_simulated_synthetic
BGW-003,3808.72,422.7,3.849,73.33,52.72,0.75,4247.5,4376.1,3.5,0.981,13502.4,0.4566,13777.0,32.72,2.7191,0.021266,43.35,True,physics_simulated_synthetic
BGW-003,485.53,704.9,2.53,83.78,52.49,0.75,4247.5,4376.1,3.5,0.927,13252.5,0.6581,13394.3,65.2,1.3323,0.023622,64.61,True,physics_simulated_synthetic
BGW-003,7602.41,875.7,5.819,101.54,35.08,0.75,4247.5,4376.1,3.5,0.948,13361.1,0.3887,14125.3,24.8,5.5267,0.030191,45.77,True,physics_simulated_synthetic
BGW-003,92.95,441.4,6.939,70.74,37.69,0.75,4247.5,4376.1,3.5,0.918,13222.7,0.6907,13268.7,68.5,1.749,0.019757,112.86,True,physics_simulated_synthetic
BGW-003,6002.19,1009.2,7.212,110.18,32.6,0.75,4247.5,4376.1,3.5,0.947,13363.5,0.3873,13972.5,28.74,5.0763,0.032406,66.3,True,physics_simulated_synthetic
BGW-003,95.1,578.6,6.575,124.54,56.34,0.75,4247.5,4376.1,3.5,0.905,13172.5,0.6966,13426.5,70.56,1.1496,0.035197,289.88,True,physics_simulated_synthetic
BGW-003,2059.17,940.6,7.7,112.3,38.35,0.75,4247.5,4376.1,3.5,0.951,13385.9,0.4519,13627.2,38.5,3.1409,0.032213,113.71,True,physics_simulated_synthetic
BGW-003,1349.24,690.0,6.465,110.58,39.99,0.75,4247.5,4376.1,3.5,0.934,13302.6,0.5005,13592.2,45.71,2.5312,0.031639,116.37,True,physics_simulated_synthetic
BGW-003,7421.3,680.6,3.081,124.32,33.87,0.75,4247.5,4376.1,3.5,0.997,13574.2,0.4224,14288.3,27.78,5.1686,0.037392,32.1,True,physics_simulated_synthetic
BGW-003,3080.63,495.0,4.387,136.72,52.24,0.75,4247.5,4376.1,3.5,0.901,13144.4,0.4646,13629.0,38.1,2.3306,0.039224,106.32,True,physics_simulated_synthetic
BGW-003,1294.06,726.5,6.602,103.65,51.16,0.75,4247.5,4376.1,3.5,0.988,13547.1,0.502,13730.5,46.24,1.9753,0.029959,144.18,True,physics_simulated_synthetic
BGW-003,19594.81,592.3,3.748,101.06,44.61,0.75,4247.5,4376.1,3.5,0.94,13314.9,0.362,13900.4,16.2,6.5472,0.029569,24.37,True,physics_simulated_synthetic
BGW-003,919.94,709.8,5.162,72.2,47.76,0.75,4247.5,4376.1,3.5,0.936,13300.4,0.5521,13546.3,52.97,1.8228,0.020587,83.95,True,physics_simulated_synthetic
BGW-003,2874.26,327.8,4.061,93.47,34.38,0.75,4247.5,4376.1,3.5,0.904,13152.0,0.4743,13763.6,37.52,3.632,0.02708,43.6,True,physics_simulated_synthetic
BGW-003,523.22,460.5,6.397,109.55,36.89,0.75,4247.5,4376.1,3.5,0.962,13428.2,0.5817,13563.8,55.48,2.2559,0.031279,127.72,True,physics_simulated_synthetic
BGW-003,3122.57,924.3,7.55,100.06,49.7,0.75,4247.5,4376.1,3.5,0.998,13594.8,0.4245,14168.5,33.81,2.8699,0.029843,113.05,True,physics_simulated_synthetic
BGW-003,8973.46,651.9,7.043,108.16,51.23,0.75,4247.5,4376.1,3.5,0.979,13506.2,0.3669,13995.1,21.86,4.2538,0.031862,75.96,True,physics_simulated_synthetic
BGW-003,68.02,431.0,6.373,87.06,33.65,0.75,4247.5,4376.1,3.5,0.93,13280.4,0.7145,13299.5,71.67,1.8769,0.024371,119.17,True,physics_simulated_synthetic
BGW-003,8719.18,1033.1,3.347,108.84,44.16,0.75,4247.5,4376.1,3.5,0.952,13368.0,0.4094,13819.3,28.0,3.8035,0.031662,40.12,True,physics_simulated_synthetic
BGW-003,20358.93,937.7,4.773,91.38,57.21,0.75,4247.5,4376.1,3.5,0.925,13252.7,0.3495,13928.2,17.27,4.7975,0.026791,38.38,True,physics_simulated_synthetic
BGW-003,137.14,698.0,2.83,119.25,51.27,0.75,4247.5,4376.1,3.5,0.924,13240.3,0.7551,13235.6,76.32,1.1513,0.033225,117.6,True,physics_simulated_synthetic
BGW-003,3804.53,421.0,7.395,131.64,51.16,0.75,4247.5,4376.1,3.5,0.914,13222.7,0.4132,13583.0,33.17,2.7241,0.037637,147.13,True,physics_simulated_synthetic
BGW-003,1780.58,856.0,6.494,106.09,45.59,0.75,4247.5,4376.1,3.5,0.952,13381.6,0.4781,13608.5,39.72,2.5582,0.030392,111.09,True,physics_simulated_synthetic
BGW-003,587.35,733.6,3.027,76.47,37.18,0.75,4247.5,4376.1,3.5,0.936,13296.6,0.6303,13507.6,58.77,2.1042,0.021742,45.04,True,physics_simulated_synthetic
BGW-003,31888.5,485.1,7.588,84.58,48.98,0.75,4247.5,4376.1,3.5,0.97,13465.7,0.3054,14497.9,11.06,9.1052,0.025811,30.97,True,physics_simulated_synthetic
BGW-003,15661.51,488.5,5.638,140.33,40.34,0.75,4247.5,4376.1,3.5,0.919,13232.0,0.3531,14018.8,18.92,6.2518,0.041411,53.77,True,physics_simulated_synthetic
BGW-003,517.24,326.6,2.768,65.9,32.94,0.75,4247.5,4376.1,3.5,0.998,13573.2,0.6474,13743.6,62.03,2.2894,0.019064,33.19,True,physics_simulated_synthetic
BGW-003,9019.96,924.5,5.932,119.01,31.81,0.75,4247.5,4376.1,3.5,0.968,13455.5,0.378,14053.3,23.67,6.3542,0.035207,47.33,True,physics_simulated_synthetic
BGW-003,895.44,311.5,4.885,118.45,57.1,0.75,4247.5,4376.1,3.5,0.964,13430.5,0.5589,13841.5,51.95,1.5884,0.034512,152.86,True,physics_simulated_synthetic
BGW-003,31837.65,1164.1,6.761,93.72,37.53,0.75,4247.5,4376.1,3.5,0.985,13532.8,0.3123,14412.1,10.63,12.2976,0.028432,22.51,True,physics_simulated_synthetic
BGW-003,83.11,236.1,3.456,69.88,41.85,0.75,4247.5,4376.1,3.5,0.941,13316.5,0.7683,13566.4,76.97,1.4335,0.019957,69.28,True,physics_simulated_synthetic
BGW-003,24994.73,720.7,3.958,93.29,36.1,0.75,4247.5,4376.1,3.5,0.973,13465.4,0.3486,14248.9,16.11,8.3382,0.027981,19.13,True,physics_simulated_synthetic
BGW-003,22573.65,1081.2,3.029,108.07,30.79,0.75,4247.5,4376.1,3.5,0.911,13183.2,0.3632,14023.7,16.95,9.1478,0.031902,15.21,True,physics_simulated_synthetic
BGW-003,3843.07,310.6,7.752,92.36,51.53,0.75,4247.5,4376.1,3.5,0.939,13326.7,0.4087,13720.1,31.96,2.8353,0.026674,105.01,True,physics_simulated_synthetic
BGW-003,1124.43,725.5,4.893,77.94,54.11,0.75,4247.5,4376.1,3.5,0.914,13200.6,0.5388,13225.6,48.25,1.7243,0.021699,88.67,True,physics_simulated_synthetic
BGW-004,7699.26,852.2,5.662,126.75,52.41,0.75,3007.3,4646.3,3.5,0.94,11325.1,0.4057,12192.6,28.5,2.7785,0.032532,95.46,True,physics_simulated_synthetic
BGW-004,141.39,783.7,3.42,127.32,57.23,0.75,3007.3,4646.3,3.5,0.917,11200.9,0.7592,11140.9,74.96,0.884,0.029857,166.33,True,physics_simulated_synthetic
BGW-004,1627.11,210.6,7.799,143.48,31.04,0.75,3007.3,4646.3,3.5,0.901,11136.0,0.4937,11322.5,42.57,2.916,0.034196,131.7,True,physics_simulated_synthetic
BGW-004,1408.96,826.3,7.563,105.45,44.38,0.75,3007.3,4646.3,3.5,0.946,11362.8,0.5079,11499.4,46.27,1.9058,0.025526,145.86,True,physics_simulated_synthetic
BGW-004,2879.1,294.1,5.417,132.74,47.28,0.75,3007.3,4646.3,3.5,0.994,11608.8,0.474,12235.7,37.91,2.3236,0.034188,114.76,True,physics_simulated_synthetic
BGW-004,1752.66,1166.4,7.749,88.28,59.96,0.75,3007.3,4646.3,3.5,0.991,11592.7,0.4882,11978.6,40.41,1.6829,0.02226,147.6,True,physics_simulated_synthetic
BGW-004,10198.89,1138.8,2.578,126.97,49.17,0.75,3007.3,4646.3,3.5,0.974,11496.2,0.4181,11970.4,28.19,2.9398,0.031994,40.39,True,physics_simulated_synthetic
BGW-004,5504.46,490.6,3.939,83.27,41.98,0.75,3007.3,4646.3,3.5,0.931,11272.5,0.4432,11723.4,34.47,2.7578,0.020549,42.26,True,physics_simulated_synthetic
BGW-004,268.67,937.1,7.791,116.68,52.48,0.75,3007.3,4646.3,3.5,0.91,11177.4,0.6454,11321.9,64.09,1.1458,0.027807,272.24,True,physics_simulated_synthetic
BGW-004,14531.64,883.8,4.566,99.85,45.52,0.75,3007.3,4646.3,3.5,0.954,11392.2,0.3803,11948.6,20.49,4.361,0.025114,37.86,True,physics_simulated_synthetic
BGW-004,2331.45,1190.2,2.688,75.5,34.76,0.75,3007.3,4646.3,3.5,0.924,11233.4,0.5218,11581.7,47.27,2.3995,0.018407,29.69,True,physics_simulated_synthetic
BGW-004,121.83,448.4,3.509,122.1,37.79,0.75,3007.3,4646.3,3.5,0.929,11260.5,0.767,11196.8,72.3,1.3949,0.028778,104.25,True,physics_simulated_synthetic
BGW-004,39773.55,725.9,6.939,113.63,44.11,0.75,3007.3,4646.3,3.5,0.911,11176.6,0.3173,12016.7,9.54,9.7214,0.028742,29.54,True,physics_simulated_synthetic
BGW-004,121.36,387.9,4.445,71.26,49.67,0.75,3007.3,4646.3,3.5,0.972,11484.8,0.751,11495.5,72.99,1.0793,0.017244,102.26,True,physics_simulated_synthetic
BGW-004,416.9,660.1,6.282,93.37,45.85,0.75,3007.3,4646.3,3.5,0.929,11265.2,0.6299,11157.8,59.95,1.3819,0.021929,143.56,True,physics_simulated_synthetic
BGW-004,444.22,1188.7,6.866,89.94,35.24,0.75,3007.3,4646.3,3.5,0.923,11236.2,0.6165,11494.5,60.76,1.8269,0.021761,117.77,True,physics_simulated_synthetic
BGW-004,1580.75,701.2,4.27,67.99,44.93,0.75,3007.3,4646.3,3.5,0.937,11301.6,0.5357,11471.2,47.37,1.8348,0.016417,55.02,True,physics_simulated_synthetic
BGW-004,2521.07,883.5,4.298,128.41,38.67,0.75,3007.3,4646.3,3.5,0.923,11230.9,0.4965,11680.5,40.79,2.5208,0.031573,77.53,True,physics_simulated_synthetic
BGW-004,1214.62,1055.6,3.603,90.79,44.75,0.75,3007.3,4646.3,3.5,0.948,11358.6,0.5678,11575.8,51.53,1.7087,0.022123,67.18,True,physics_simulated_synthetic
BGW-004,295.59,892.9,2.79,79.01,30.07,0.75,3007.3,4646.3,3.5,0.974,11492.8,0.713,11505.8,68.42,1.9033,0.019136,40.4,True,physics_simulated_synthetic
BGW-004,50.75,928.7,6.524,88.5,39.48,0.75,3007.3,4646.3,3.5,0.903,11130.1,0.7549,11131.3,75.45,1.2719,0.020737,153.17,True,physics_simulated_synthetic
BGW-004,783.73,463.4,7.957,141.74,51.69,0.75,3007.3,4646.3,3.5,0.995,11627.3,0.5534,11792.6,52.18,1.4884,0.035185,270.87,True,physics_simulated_synthetic
BGW-004,38155.94,1158.7,6.091,120.45,54.03,0.75,3007.3,4646.3,3.5,0.952,11392.6,0.3248,12202.5,10.25,7.5026,0.030939,36.17,True,physics_simulated_synthetic
BGW-004,1265.83,489.3,3.59,67.41,48.17,0.75,3007.3,4646.3,3.5,0.99,11579.0,0.5641,11868.3,52.8,1.5883,0.016841,54.82,True,physics_simulated_synthetic
BGW-004,667.54,461.7,7.197,142.04,40.7,0.75,3007.3,4646.3,3.5,0.929,11278.7,0.5765,11180.2,57.3,1.632,0.033428,212.28,True,physics_simulated_synthetic
BGW-004,13715.28,573.6,3.048,99.05,46.71,0.75,3007.3,4646.3,3.5,0.919,11207.2,0.3968,11682.9,21.0,4.0542,0.024359,26.37,True,physics_simulated_synthetic
BGW-004,13248.95,439.9,7.446,89.96,31.05,0.75,3007.3,4646.3,3.5,0.921,11231.1,0.3616,11718.6,19.85,6.4717,0.022192,36.77,True,physics_simulated_synthetic
BGW-004,35001.87,361.9,7.472,130.73,43.87,0.75,3007.3,4646.3,3.5,0.923,11246.9,0.3187,12117.0,12.4,7.5798,0.033345,47.34,True,physics_simulated_synthetic
BGW-004,560.36,1069.0,7.576,107.55,44.42,0.75,3007.3,4646.3,3.5,0.907,11158.1,0.5872,11536.1,55.96,1.5796,0.026118,180.38,True,physics_simulated_synthetic
BGW-004,1150.05,435.5,5.711,105.32,36.76,0.75,3007.3,4646.3,3.5,0.971,11488.2,0.5463,11768.6,48.94,2.2271,0.026091,96.34,True,physics_simulated_synthetic
BGW-004,201.63,877.5,7.814,143.06,37.49,0.75,3007.3,4646.3,3.5,0.959,11437.7,0.6662,11585.8,67.44,1.5599,0.03489,251.66,True,physics_simulated_synthetic
BGW-004,906.2,697.3,4.203,104.27,33.38,0.75,3007.3,4646.3,3.5,0.962,11434.2,0.587,11515.4,55.88,2.1016,0.025274,72.79,True,physics_simulated_synthetic
BGW-004,851.01,1187.8,5.205,143.47,53.12,0.75,3007.3,4646.3,3.5,0.958,11417.9,0.5797,11564.8,51.71,1.4331,0.034927,182.67,True,physics_simulated_synthetic
BGW-004,160.4,772.0,3.043,101.35,53.34,0.75,3007.3,4646.3,3.5,0.944,11337.2,0.7573,11393.7,75.13,0.9677,0.024307,110.08,True,physics_simulated_synthetic
BGW-004,127.85,432.2,6.472,87.1,57.39,0.75,3007.3,4646.3,3.5,0.967,11462.6,0.7151,11655.2,72.48,0.9538,0.02137,208.81,True,physics_simulated_synthetic
BGW-004,581.6,1195.7,6.255,109.59,51.54,0.75,3007.3,4646.3,3.5,0.918,11210.6,0.6007,11260.1,55.91,1.3299,0.025976,175.93,True,physics_simulated_synthetic
BGW-004,29858.47,1162.9,4.729,138.28,34.16,0.75,3007.3,4646.3,3.5,0.951,11381.2,0.345,12302.5,14.42,8.5022,0.035809,28.68,True,physics_simulated_synthetic
BGW-004,1251.27,1086.2,7.177,130.21,55.75,0.75,3007.3,4646.3,3.5,0.915,11203.7,0.522,11299.4,45.79,1.5065,0.03097,212.46,True,physics_simulated_synthetic
BGW-004,11394.46,737.7,4.555,110.68,39.53,0.75,3007.3,4646.3,3.5,0.951,11376.9,0.3933,11954.4,25.59,4.0227,0.027852,45.41,True,physics_simulated_synthetic
BGW-004,1351.83,422.3,6.577,125.22,51.82,0.75,3007.3,4646.3,3.5,0.991,11596.9,0.5222,11804.4,47.59,1.6295,0.031115,180.84,True,physics_simulated_synthetic
BGW-004,51.15,540.9,6.899,102.84,58.93,0.75,3007.3,4646.3,3.5,0.91,11172.6,0.7486,11234.4,77.85,0.8335,0.02432,289.86,True,physics_simulated_synthetic
BGW-004,1212.76,491.8,6.896,137.22,37.83,0.75,3007.3,4646.3,3.5,0.942,11345.5,0.5278,11570.7,51.3,2.0297,0.033421,163.51,True,physics_simulated_synthetic
BGW-004,148.4,491.9,2.997,88.76,46.63,0.75,3007.3,4646.3,3.5,0.966,11449.9,0.7635,11374.7,76.56,1.0845,0.021251,84.57,True,physics_simulated_synthetic
BGW-004,1569.39,483.1,6.843,91.1,55.16,0.75,3007.3,4646.3,3.5,0.96,11429.6,0.5068,11621.2,44.75,1.6025,0.022284,137.02,True,physics_simulated_synthetic
BGW-004,14267.15,318.7,7.902,111.25,34.55,0.75,3007.3,4646.3,3.5,0.927,11266.9,0.3545,11659.4,18.07,6.3546,0.027303,48.89,True,physics_simulated_synthetic
BGW-004,28906.59,503.2,7.494,102.05,59.06,0.75,3007.3,4646.3,3.5,0.914,11194.2,0.3261,11942.4,14.26,4.8269,0.025654,57.36,True,physics_simulated_synthetic
BGW-004,74.98,1019.9,4.927,108.63,35.44,0.75,3007.3,4646.3,3.5,0.968,11467.6,0.7672,11640.7,75.75,1.476,0.026618,127.93,True,physics_simulated_synthetic
BGW-004,150.95,549.9,7.492,76.11,53.03,0.75,3007.3,4646.3,3.5,0.935,11299.3,0.6898,11327.5,67.62,1.0752,0.018147,182.09,True,physics_simulated_synthetic
BGW-004,4593.27,202.0,4.504,142.98,40.61,0.75,3007.3,4646.3,3.5,0.907,11148.9,0.4497,11473.0,36.8,2.6129,0.03453,85.71,True,physics_simulated_synthetic
BGW-004,286.66,506.2,4.833,131.44,52.53,0.75,3007.3,4646.3,3.5,0.99,11582.6,0.6829,11530.1,68.96,1.0835,0.031901,204.9,True,physics_simulated_synthetic
BGW-004,38312.22,524.7,6.212,83.42,51.39,0.75,3007.3,4646.3,3.5,0.962,11437.5,0.3238,12201.0,11.43,7.0716,0.021424,27.1,True,physics_simulated_synthetic
BGW-004,293.56,911.2,6.849,109.46,59.55,0.75,3007.3,4646.3,3.5,0.971,11492.5,0.6515,11387.8,63.31,1.028,0.026238,251.7,True,physics_simulated_synthetic
BGW-004,26045.3,817.7,5.434,128.39,52.42,0.75,3007.3,4646.3,3.5,0.912,11180.0,0.3455,11973.3,15.22,5.1066,0.032359,49.59,True,physics_simulated_synthetic
BGW-004,1134.55,499.8,4.545,136.84,38.52,0.75,3007.3,4646.3,3.5,0.929,11267.0,0.5619,11450.3,48.16,2.101,0.032982,102.75,True,physics_simulated_synthetic
BGW-004,2210.15,346.5,6.892,110.3,33.01,0.75,3007.3,4646.3,3.5,0.958,11423.9,0.4789,11804.9,39.81,3.0574,0.02741,88.98,True,physics_simulated_synthetic
BGW-004,2123.59,945.7,3.674,108.82,34.76,0.75,3007.3,4646.3,3.5,0.929,11259.2,0.5177,11576.8,45.25,2.5049,0.026519,56.0,True,physics_simulated_synthetic
BGW-004,13530.46,850.7,6.51,80.73,30.53,0.75,3007.3,4646.3,3.5,0.927,11256.3,0.3678,11940.0,18.9,7.0439,0.020291,27.0,True,physics_simulated_synthetic
BGW-004,3497.04,596.9,4.695,99.76,47.29,0.75,3007.3,4646.3,3.5,0.959,11420.9,0.4671,11915.7,37.59,2.2818,0.025021,74.14,True,physics_simulated_synthetic
BGW-004,10730.47,676.4,3.5,104.37,57.53,0.75,3007.3,4646.3,3.5,0.978,11518.8,0.4062,11956.3,26.74,2.6452,0.026266,50.05,True,physics_simulated_synthetic
BGW-004,15159.22,439.1,5.133,80.19,44.2,0.75,3007.3,4646.3,3.5,0.974,11496.7,0.3733,12335.5,18.19,5.222,0.020821,29.47,True,physics_simulated_synthetic
BGW-004,5406.28,785.2,6.086,110.0,50.92,0.75,3007.3,4646.3,3.5,0.966,11463.5,0.4236,11887.1,32.74,2.4271,0.027524,99.38,True,physics_simulated_synthetic
BGW-004,8362.23,927.8,5.625,87.63,53.39,0.75,3007.3,4646.3,3.5,0.916,11197.5,0.4012,11702.4,25.96,2.8746,0.021586,60.82,True,physics_simulated_synthetic
BGW-004,804.02,1148.5,7.873,108.56,51.82,0.75,3007.3,4646.3,3.5,0.961,11444.3,0.5521,11524.5,52.04,1.4546,0.026336,205.27,True,physics_simulated_synthetic
BGW-004,6482.97,387.3,6.281,69.45,58.71,0.75,3007.3,4646.3,3.5,0.993,11598.5,0.4105,11872.2,28.39,2.4246,0.017355,64.74,True,physics_simulated_synthetic
BGW-004,26234.73,625.8,7.649,136.08,49.66,0.75,3007.3,4646.3,3.5,0.938,11324.3,0.3291,12017.7,11.75,7.0103,0.034425,54.09,True,physics_simulated_synthetic
BGW-004,1267.72,680.1,5.087,116.65,44.28,0.75,3007.3,4646.3,3.5,0.967,11464.2,0.5452,11577.4,46.83,1.9003,0.028429,109.58,True,physics_simulated_synthetic
BGW-004,3027.55,806.6,4.288,115.95,52.72,0.75,3007.3,4646.3,3.5,0.958,11416.9,0.4823,11702.1,39.6,1.9076,0.028561,92.44,True,physics_simulated_synthetic
BGW-004,1163.77,460.3,5.811,85.71,52.51,0.75,3007.3,4646.3,3.5,0.978,11523.1,0.544,11437.3,51.0,1.4538,0.020634,118.75,True,physics_simulated_synthetic
BGW-004,51.59,813.2,2.71,92.88,44.56,0.75,3007.3,4646.3,3.5,0.932,11275.8,0.8222,11398.8,82.68,1.0531,0.022285,82.57,True,physics_simulated_synthetic
BGW-004,763.79,360.3,2.776,90.88,59.69,0.75,3007.3,4646.3,3.5,0.945,11340.9,0.6233,11264.9,59.17,1.0857,0.021551,79.35,True,physics_simulated_synthetic
BGW-004,29821.74,242.4,7.577,91.08,44.68,0.75,3007.3,4646.3,3.5,0.916,11201.7,0.3243,12118.7,10.31,8.9565,0.023234,28.3,True,physics_simulated_synthetic
BGW-004,1148.13,1191.1,5.236,90.31,41.45,0.75,3007.3,4646.3,3.5,0.991,11587.6,0.5522,11470.2,49.95,1.8855,0.021805,87.19,True,physics_simulated_synthetic
BGW-004,3045.65,1001.7,6.564,98.72,51.68,0.75,3007.3,4646.3,3.5,0.978,11523.4,0.4582,11816.2,36.65,2.1234,0.024554,109.3,True,physics_simulated_synthetic
BGW-004,147.74,328.4,7.973,136.18,53.81,0.75,3007.3,4646.3,3.5,0.955,11416.7,0.6841,11665.7,67.54,1.0927,0.03344,351.37,True,physics_simulated_synthetic
BGW-004,2732.25,1090.2,3.973,112.54,32.6,0.75,3007.3,4646.3,3.5,0.972,11489.1,0.4938,11921.2,43.08,2.8888,0.028241,55.93,True,physics_simulated_synthetic
BGW-004,13217.82,639.3,2.987,109.98,58.76,0.75,3007.3,4646.3,3.5,0.938,11305.2,0.3994,11837.1,24.44,2.8051,0.027404,42.03,True,physics_simulated_synthetic
BGW-004,255.95,597.0,6.111,84.35,43.22,0.75,3007.3,4646.3,3.5,0.922,11230.3,0.6729,11236.3,65.3,1.3551,0.01995,129.55,True,physics_simulated_synthetic
BGW-004,1913.0,301.4,3.922,65.69,43.8,0.75,3007.3,4646.3,3.5,0.901,11113.4,0.5235,11291.3,46.02,1.907,0.015613,46.23,True,physics_simulated_synthetic
BGW-004,5303.84,788.2,4.944,105.15,41.93,0.75,3007.3,4646.3,3.5,0.927,11252.7,0.4357,11630.8,32.49,2.9056,0.025744,63.07,True,physics_simulated_synthetic
BGW-004,36629.55,1053.0,3.53,68.26,42.02,0.75,3007.3,4646.3,3.5,0.931,11268.8,0.3457,11894.1,11.62,8.2941,0.01709,10.47,True,physics_simulated_synthetic
BGW-004,9913.18,636.6,5.66,92.55,33.6,0.75,3007.3,4646.3,3.5,0.995,11609.1,0.3913,12390.6,25.52,4.9175,0.02414,40.01,True,physics_simulated_synthetic
BGW-004,11881.7,403.6,3.834,110.86,46.03,0.75,3007.3,4646.3,3.5,0.917,11198.5,0.3975,11542.0,23.24,3.672,0.026934,40.49,True,physics_simulated_synthetic
BGW-004,1752.3,605.5,4.369,70.51,58.97,0.75,3007.3,4646.3,3.5,0.964,11443.6,0.5257,11741.5,48.92,1.3853,0.017427,79.15,True,physics_simulated_synthetic
BGW-004,57.57,729.7,2.71,66.97,55.33,0.75,3007.3,4646.3,3.5,0.977,11508.0,0.8182,11646.9,81.89,0.8749,0.016418,73.24,True,physics_simulated_synthetic
BGW-004,8403.74,964.8,5.078,86.59,43.72,0.75,3007.3,4646.3,3.5,0.916,11197.3,0.4058,11662.2,30.71,2.9569,0.021257,52.57,True,physics_simulated_synthetic
BGW-004,2800.4,549.6,3.29,103.99,54.35,0.75,3007.3,4646.3,3.5,0.93,11266.9,0.4996,11578.7,40.23,1.8023,0.025345,66.62,True,physics_simulated_synthetic
BGW-004,445.69,724.3,5.657,107.7,41.62,0.75,3007.3,4646.3,3.5,0.966,11458.6,0.6326,11476.1,60.12,1.5609,0.026017,135.78,True,physics_simulated_synthetic
BGW-004,5433.71,703.1,5.935,95.17,37.16,0.75,3007.3,4646.3,3.5,0.985,11556.3,0.4246,12079.8,32.97,3.3555,0.0242,61.64,True,physics_simulated_synthetic
BGW-004,508.6,979.2,6.766,137.26,54.59,0.75,3007.3,4646.3,3.5,0.942,11344.5,0.606,11630.5,59.77,1.2133,0.033605,269.85,True,physics_simulated_synthetic
BGW-004,9928.51,456.3,5.046,100.04,55.13,0.75,3007.3,4646.3,3.5,0.955,11401.5,0.3966,11894.6,27.22,2.6978,0.025047,67.46,True,physics_simulated_synthetic
BGW-004,12049.36,420.2,2.7,132.95,43.36,0.75,3007.3,4646.3,3.5,0.98,11527.5,0.4073,12162.1,23.69,4.0305,0.034036,32.83,True,physics_simulated_synthetic
BGW-004,361.49,1031.7,5.895,78.51,47.35,0.75,3007.3,4646.3,3.5,0.94,11319.3,0.6476,11437.0,65.06,1.2636,0.018901,126.97,True,physics_simulated_synthetic
BGW-004,1810.26,944.9,5.513,137.46,40.62,0.75,3007.3,4646.3,3.5,0.956,11409.5,0.5097,11758.0,42.27,2.3312,0.034022,115.86,True,physics_simulated_synthetic
BGW-004,133.37,642.5,3.799,126.38,46.79,0.75,3007.3,4646.3,3.5,0.909,11159.2,0.7563,11232.0,73.91,1.1055,0.029879,147.88,True,physics_simulated_synthetic
BGW-004,202.46,1110.0,3.084,70.14,54.43,0.75,3007.3,4646.3,3.5,0.932,11275.9,0.7394,11518.9,72.72,0.9906,0.017007,76.25,True,physics_simulated_synthetic
BGW-004,2322.13,734.1,7.956,84.29,33.81,0.75,3007.3,4646.3,3.5,0.975,11511.8,0.4645,11807.4,36.85,3.2261,0.020949,74.4,True,physics_simulated_synthetic
BGW-004,13876.71,883.7,4.099,97.28,58.44,0.75,3007.3,4646.3,3.5,0.927,11252.3,0.3867,11823.3,24.65,2.7932,0.024211,51.16,True,physics_simulated_synthetic
BGW-004,134.88,407.5,7.426,88.84,49.2,0.75,3007.3,4646.3,3.5,0.963,11449.0,0.6975,11352.8,68.61,1.1447,0.02123,198.33,True,physics_simulated_synthetic
BGW-004,11973.03,1144.9,7.377,123.56,39.94,0.75,3007.3,4646.3,3.5,0.919,11224.1,0.3672,12002.7,22.71,4.5036,0.031218,73.63,True,physics_simulated_synthetic
BGW-004,1673.77,810.3,7.83,108.36,44.15,0.75,3007.3,4646.3,3.5,0.959,11433.4,0.4911,11543.5,41.53,2.1429,0.02633,138.55,True,physics_simulated_synthetic
BGW-004,5966.3,1074.4,5.2,119.06,52.81,0.75,3007.3,4646.3,3.5,0.982,11543.4,0.4256,12043.9,29.14,2.6637,0.030184,84.85,True,physics_simulated_synthetic
BGW-004,1373.3,382.2,3.064,100.67,47.95,0.75,3007.3,4646.3,3.5,0.989,11571.7,0.5636,11655.7,48.05,1.722,0.024699,63.29,True,physics_simulated_synthetic
BGW-004,1139.19,593.3,5.967,65.28,47.45,0.75,3007.3,4646.3,3.5,0.951,11377.0,0.544,11493.4,51.08,1.6139,0.015794,84.09,True,physics_simulated_synthetic
BGW-004,59.2,291.4,3.668,139.53,48.45,0.75,3007.3,4646.3,3.5,0.913,11180.4,0.7991,11083.5,76.41,1.019,0.032554,168.73,True,physics_simulated_synthetic
BGW-004,176.44,1009.1,5.662,79.66,40.85,0.75,3007.3,4646.3,3.5,0.952,11385.5,0.7072,11676.6,65.85,1.4775,0.019579,108.05,True,physics_simulated_synthetic
BGW-004,19466.74,668.2,6.306,73.17,58.39,0.75,3007.3,4646.3,3.5,0.938,11313.8,0.3519,11937.2,15.6,4.4604,0.018386,37.43,True,physics_simulated_synthetic
BGW-004,54.79,1132.2,3.018,93.56,33.41,0.75,3007.3,4646.3,3.5,0.991,11581.1,0.8141,11627.1,81.03,1.462,0.022898,68.07,True,physics_simulated_synthetic
BGW-004,418.23,1194.1,3.229,107.98,38.5,0.75,3007.3,4646.3,3.5,0.992,11589.9,0.6743,11634.7,62.79,1.6383,0.026445,75.06,True,physics_simulated_synthetic
BGW-004,1472.31,254.6,2.871,103.59,38.56,0.75,3007.3,4646.3,3.5,0.916,11192.7,0.5598,11340.6,49.35,2.0285,0.024729,50.41,True,physics_simulated_synthetic
BGW-004,91.97,412.8,7.047,134.65,59.08,0.75,3007.3,4646.3,3.5,0.947,11367.0,0.7235,11460.3,72.65,0.9089,0.032483,362.67,True,physics_simulated_synthetic
BGW-004,782.9,329.1,7.803,126.68,58.35,0.75,3007.3,4646.3,3.5,0.907,11161.8,0.5552,11345.3,53.32,1.2412,0.030254,273.89,True,physics_simulated_synthetic
BGW-004,22843.5,356.9,5.566,82.98,50.53,0.75,3007.3,4646.3,3.5,0.964,11449.6,0.3503,12411.8,16.25,5.1449,0.021681,33.78,True,physics_simulated_synthetic
BGW-004,309.32,615.8,7.047,118.33,40.42,0.75,3007.3,4646.3,3.5,0.975,11512.7,0.6445,11509.6,64.44,1.504,0.028668,193.42,True,physics_simulated_synthetic
BGW-004,38169.96,970.1,7.844,141.47,34.08,0.75,3007.3,4646.3,3.5,0.956,11425.1,0.3128,12240.7,9.73,12.5591,0.036452,32.79,True,physics_simulated_synthetic
BGW-004,9949.6,332.8,6.769,118.54,52.02,0.75,3007.3,4646.3,3.5,0.901,11127.6,0.3817,11806.7,26.86,2.8761,0.02946,99.84,True,physics_simulated_synthetic
BGW-004,7056.3,619.9,2.953,83.8,41.97,0.75,3007.3,4646.3,3.5,0.964,11440.0,0.437,11844.5,29.66,3.238,0.020893,27.44,True,physics_simulated_synthetic
BGW-004,95.5,606.6,3.898,133.31,46.89,0.75,3007.3,4646.3,3.5,0.962,11434.1,0.7737,11452.4,74.43,1.117,0.032137,161.47,True,physics_simulated_synthetic
BGW-004,1902.67,237.9,7.245,96.13,33.27,0.75,3007.3,4646.3,3.5,0.96,11432.6,0.487,11714.8,41.16,2.9114,0.023706,84.95,True,physics_simulated_synthetic
BGW-004,127.35,521.5,6.102,107.39,37.09,0.75,3007.3,4646.3,3.5,0.926,11251.4,0.7211,11277.0,71.82,1.4409,0.025491,155.44,True,physics_simulated_synthetic
BGW-004,1256.09,810.1,7.708,82.83,37.62,0.75,3007.3,4646.3,3.5,0.987,11574.7,0.5159,11863.3,45.79,2.3441,0.020685,97.94,True,physics_simulated_synthetic
BGW-004,637.6,605.7,2.9,68.26,46.33,0.75,3007.3,4646.3,3.5,0.94,11313.6,0.639,11421.5,61.63,1.3615,0.016411,50.33,True,physics_simulated_synthetic
BGW-004,448.95,1187.5,3.939,134.88,52.57,0.75,3007.3,4646.3,3.5,0.938,11312.6,0.6568,11727.7,63.45,1.1968,0.033297,157.79,True,physics_simulated_synthetic
BGW-004,6197.74,1120.0,3.231,107.22,48.52,0.75,3007.3,4646.3,3.5,1.0,11631.1,0.4425,12120.6,33.77,2.5179,0.027355,50.55,True,physics_simulated_synthetic
BGW-004,382.81,559.6,7.089,71.36,37.12,0.75,3007.3,4646.3,3.5,0.969,11476.5,0.6263,11375.7,60.81,1.7155,0.017088,101.68,True,physics_simulated_synthetic
BGW-004,18245.7,823.4,7.418,115.56,56.48,0.75,3007.3,4646.3,3.5,0.953,11399.5,0.3466,12086.5,13.89,5.2427,0.0294,59.9,True,physics_simulated_synthetic
BGW-004,2162.25,495.6,2.902,83.99,35.74,0.75,3007.3,4646.3,3.5,0.967,11459.6,0.5255,11582.4,42.94,2.569,0.020478,33.31,True,physics_simulated_synthetic
BGW-004,1309.75,347.7,6.337,105.1,41.85,0.75,3007.3,4646.3,3.5,0.99,11587.5,0.5276,11762.7,49.03,1.9513,0.026024,121.7,True,physics_simulated_synthetic
BGW-004,1135.18,435.8,2.979,140.54,38.74,0.75,3007.3,4646.3,3.5,0.903,11127.9,0.5824,11173.9,55.43,1.7712,0.033057,80.06,True,physics_simulated_synthetic
BGW-004,154.42,660.1,6.663,106.48,57.41,0.75,3007.3,4646.3,3.5,0.942,11335.9,0.7007,11409.0,69.17,0.9781,0.025572,250.86,True,physics_simulated_synthetic
BGW-004,50.43,723.9,6.217,92.0,44.33,0.75,3007.3,4646.3,3.5,0.93,11270.3,0.7602,11205.6,72.52,1.1865,0.0217,163.74,True,physics_simulated_synthetic
BGW-004,322.28,423.6,5.393,91.63,41.03,0.75,3007.3,4646.3,3.5,0.947,11359.7,0.6646,11430.9,64.76,1.4644,0.022048,116.91,True,physics_simulated_synthetic
BGW-004,385.62,1008.4,7.942,70.49,46.3,0.75,3007.3,4646.3,3.5,0.988,11578.8,0.6145,11685.3,60.38,1.4226,0.017338,139.39,True,physics_simulated_synthetic
BGW-004,99.05,1109.3,4.384,115.43,47.37,0.75,3007.3,4646.3,3.5,0.987,11565.5,0.7633,11793.3,73.2,1.1578,0.028654,156.23,True,physics_simulated_synthetic
BGW-004,19801.14,730.2,4.084,77.99,54.59,0.75,3007.3,4646.3,3.5,0.937,11301.0,0.3689,11930.6,21.87,3.4013,0.019587,33.87,True,physics_simulated_synthetic
BGW-004,1327.26,738.0,4.75,84.93,33.59,0.75,3007.3,4646.3,3.5,0.92,11215.5,0.5452,11280.9,50.25,2.2749,0.020167,60.64,True,physics_simulated_synthetic
BGW-004,1534.95,894.6,5.886,78.61,46.84,0.75,3007.3,4646.3,3.5,0.928,11259.7,0.5193,11604.2,47.4,1.7788,0.019202,91.5,True,physics_simulated_synthetic
BGW-004,990.16,617.3,7.519,68.66,37.84,0.75,3007.3,4646.3,3.5,0.901,11121.8,0.5382,11239.3,49.32,2.0501,0.016244,85.79,True,physics_simulated_synthetic
BGW-004,4042.44,1053.5,5.761,82.53,53.22,0.75,3007.3,4646.3,3.5,0.913,11180.3,0.446,11629.8,34.18,2.1765,0.020203,77.0,True,physics_simulated_synthetic
BGW-004,105.81,814.5,7.804,122.64,33.1,0.75,3007.3,4646.3,3.5,0.979,11537.3,0.7051,11507.3,69.76,1.6961,0.029707,196.82,True,physics_simulated_synthetic
BGW-004,241.0,1088.6,4.742,77.14,45.37,0.75,3007.3,4646.3,3.5,0.95,11371.4,0.6984,11439.3,70.94,1.2096,0.018574,104.85,True,physics_simulated_synthetic
BGW-004,8778.04,688.7,7.614,120.16,52.66,0.75,3007.3,4646.3,3.5,0.993,11609.8,0.3817,12307.5,22.3,3.5682,0.03113,95.66,True,physics_simulated_synthetic
BGW-004,187.25,698.2,3.744,86.32,59.84,0.75,3007.3,4646.3,3.5,0.994,11600.4,0.734,11567.9,72.82,0.9036,0.021018,125.4,True,physics_simulated_synthetic
BGW-004,1198.48,707.3,5.504,71.5,57.76,0.75,3007.3,4646.3,3.5,0.98,11526.9,0.5451,11704.1,50.19,1.3742,0.017616,101.6,True,physics_simulated_synthetic
BGW-004,238.87,297.1,2.705,134.96,50.37,0.75,3007.3,4646.3,3.5,0.955,11393.5,0.7327,11534.7,69.76,1.1174,0.032769,114.22,True,physics_simulated_synthetic
BGW-004,225.8,401.9,5.124,105.82,59.31,0.75,3007.3,4646.3,3.5,0.923,11233.0,0.6975,11228.9,68.4,0.9421,0.025012,195.88,True,physics_simulated_synthetic
BGW-004,288.87,206.2,7.958,111.97,32.55,0.75,3007.3,4646.3,3.5,0.958,11426.5,0.6376,11327.4,64.88,1.8255,0.026698,167.6,True,physics_simulated_synthetic
BGW-004,241.7,504.6,3.491,117.11,53.96,0.75,3007.3,4646.3,3.5,0.95,11368.9,0.7184,11324.8,71.16,1.0039,0.027917,139.81,True,physics_simulated_synthetic
BGW-004,2348.56,533.2,6.33,98.71,30.46,0.75,3007.3,4646.3,3.5,0.997,11621.4,0.48,12179.6,41.41,3.2874,0.025308,70.17,True,physics_simulated_synthetic
BGW-004,235.56,1050.3,5.887,110.33,56.88,0.75,3007.3,4646.3,3.5,0.998,11626.3,0.6827,11753.2,66.61,1.0558,0.027296,219.16,True,physics_simulated_synthetic
BGW-004,1152.15,706.5,6.577,93.35,31.97,0.75,3007.3,4646.3,3.5,0.985,11562.1,0.5359,11901.0,49.35,2.5674,0.023384,86.26,True,physics_simulated_synthetic
BGW-004,115.97,685.3,7.134,64.53,44.69,0.75,3007.3,4646.3,3.5,0.976,11508.7,0.7104,11576.1,69.87,1.2619,0.015725,128.02,True,physics_simulated_synthetic
BGW-004,8901.08,266.1,5.453,95.09,57.21,0.75,3007.3,4646.3,3.5,0.922,11226.4,0.3991,11798.0,26.82,2.6176,0.023615,70.84,True,physics_simulated_synthetic
BGW-004,57.17,714.9,6.896,135.49,59.44,0.75,3007.3,4646.3,3.5,0.916,11208.7,0.745,11067.9,73.9,0.8577,0.031567,365.5,True,physics_simulated_synthetic
BGW-004,5605.72,457.5,5.636,128.39,32.27,0.75,3007.3,4646.3,3.5,0.968,11473.8,0.4254,11999.8,31.84,3.9753,0.03243,66.21,True,physics_simulated_synthetic
BGW-004,2357.81,498.9,4.264,117.64,42.58,0.75,3007.3,4646.3,3.5,0.942,11329.5,0.5022,11642.2,43.59,2.1349,0.02883,82.92,True,physics_simulated_synthetic
BGW-004,204.33,734.1,3.753,113.62,36.75,0.75,3007.3,4646.3,3.5,0.979,11524.4,0.7273,11435.5,69.53,1.5233,0.027349,97.03,True,physics_simulated_synthetic
BGW-004,32312.79,335.5,4.653,142.45,34.81,0.75,3007.3,4646.3,3.5,0.954,11397.1,0.3422,12221.4,11.64,10.2634,0.036646,23.92,True,physics_simulated_synthetic
BGW-004,1629.83,772.5,3.26,123.77,37.81,0.75,3007.3,4646.3,3.5,0.9,11110.4,0.5456,11342.8,48.47,2.1065,0.029552,65.86,True,physics_simulated_synthetic
BGW-004,21271.14,1050.3,7.242,81.27,41.93,0.75,3007.3,4646.3,3.5,0.933,11290.4,0.3409,12034.5,16.8,5.8148,0.020588,36.92,True,physics_simulated_synthetic
BGW-004,3072.94,746.1,7.956,64.66,31.97,0.75,3007.3,4646.3,3.5,0.975,11506.0,0.4442,11864.3,35.18,3.5906,0.016149,51.53,True,physics_simulated_synthetic
BGW-005,13040.3,359.5,4.934,103.83,55.63,0.875,4601.1,4071.3,3.5,0.938,16719.9,0.3689,17439.1,21.84,4.8859,0.038114,55.42,True,physics_simulated_synthetic
BGW-005,378.22,860.6,3.094,116.87,32.4,0.875,4601.1,4071.3,3.5,0.991,16904.1,0.6693,17042.9,64.71,2.7669,0.041928,67.52,True,physics_simulated_synthetic
BGW-005,7705.81,927.2,2.843,127.32,57.93,0.875,4601.1,4071.3,3.5,0.976,16850.6,0.4229,17545.0,27.44,3.757,0.047023,51.24,True,physics_simulated_synthetic
BGW-005,2607.92,836.2,3.786,138.6,54.64,0.875,4601.1,4071.3,3.5,0.927,16680.6,0.4852,17011.2,40.59,2.6107,0.049629,103.63,True,physics_simulated_synthetic
BGW-005,11681.11,529.7,6.571,113.3,48.17,0.875,4601.1,4071.3,3.5,0.999,16949.4,0.3576,17897.3,19.7,6.4214,0.042682,62.9,True,physics_simulated_synthetic
BGW-005,5234.02,787.1,6.349,115.88,48.32,0.875,4601.1,4071.3,3.5,0.918,16659.5,0.4043,17285.2,29.05,4.1916,0.042163,91.97,True,physics_simulated_synthetic
BGW-005,6163.39,430.8,6.033,101.26,49.74,0.875,4601.1,4071.3,3.5,0.942,16739.3,0.398,17704.1,27.14,4.464,0.037737,73.44,True,physics_simulated_synthetic
BGW-005,35173.52,660.2,3.453,109.84,39.35,0.875,4601.1,4071.3,3.5,0.909,16611.1,0.3389,17952.9,12.23,12.6988,0.041507,16.25,True,physics_simulated_synthetic
BGW-005,445.35,996.4,3.804,108.21,41.38,0.875,4601.1,4071.3,3.5,0.978,16861.2,0.6405,16937.8,62.9,2.2147,0.038579,95.43,True,physics_simulated_synthetic
BGW-005,12471.5,566.4,4.453,88.75,58.23,0.875,4601.1,4071.3,3.5,0.959,16795.2,0.3764,17636.0,20.3,5.0769,0.032948,41.62,True,physics_simulated_synthetic
BGW-005,1928.94,852.0,7.721,65.08,43.82,0.875,4601.1,4071.3,3.5,0.983,16886.7,0.4558,17380.3,38.67,3.4913,0.023811,75.82,True,physics_simulated_synthetic
BGW-005,2354.74,401.3,7.499,78.14,54.07,0.875,4601.1,4071.3,3.5,0.94,16734.0,0.4439,17075.0,37.56,2.8616,0.028086,105.99,True,physics_simulated_synthetic
BGW-005,755.19,202.6,6.291,131.99,52.29,0.875,4601.1,4071.3,3.5,0.97,16846.6,0.5511,17010.4,48.16,2.2995,0.047262,186.19,True,physics_simulated_synthetic
BGW-005,21594.9,319.4,4.868,108.04,56.46,0.875,4601.1,4071.3,3.5,0.958,16793.9,0.3455,17924.2,17.08,6.3282,0.040765,45.16,True,physics_simulated_synthetic
BGW-005,297.01,932.2,3.988,68.45,44.66,0.875,4601.1,4071.3,3.5,0.923,16660.9,0.6722,16963.9,63.59,2.0335,0.024444,69.03,True,physics_simulated_synthetic
BGW-005,1884.52,961.1,4.022,82.95,42.45,0.875,4601.1,4071.3,3.5,0.976,16851.9,0.5077,17211.2,44.15,3.126,0.030054,55.68,True,physics_simulated_synthetic
BGW-005,12717.71,598.2,6.282,90.21,47.82,0.875,4601.1,4071.3,3.5,0.953,16778.3,0.3562,17571.0,21.3,5.8722,0.033365,51.4,True,physics_simulated_synthetic
BGW-005,1607.44,494.2,7.071,70.08,56.33,0.875,4601.1,4071.3,3.5,0.931,16700.4,0.4778,16993.1,42.41,2.4213,0.025068,105.42,True,physics_simulated_synthetic
BGW-005,7408.02,1176.7,5.545,69.6,35.58,0.875,4601.1,4071.3,3.5,0.991,16909.0,0.3927,17513.2,26.54,6.3123,0.025659,32.46,True,physics_simulated_synthetic
BGW-005,80.1,402.2,4.368,87.78,52.25,0.875,4601.1,4071.3,3.5,0.948,16754.6,0.7487,16646.3,75.27,1.4408,0.030759,134.29,True,physics_simulated_synthetic
BGW-005,206.09,864.9,6.793,110.84,35.49,0.875,4601.1,4071.3,3.5,0.997,16943.0,0.647,16988.9,64.04,2.5441,0.039637,152.41,True,physics_simulated_synthetic
BGW-005,32915.4,1165.3,4.846,142.95,40.84,0.875,4601.1,4071.3,3.5,0.965,16823.3,0.3278,17935.3,12.57,11.8942,0.053969,31.66,True,physics_simulated_synthetic
BGW-005,1340.31,275.0,6.668,69.25,38.06,0.875,4601.1,4071.3,3.5,0.96,16802.7,0.4975,16910.5,41.53,3.6418,0.02465,64.99,True,physics_simulated_synthetic
BGW-005,83.28,825.4,7.196,121.42,45.26,0.875,4601.1,4071.3,3.5,0.993,16933.1,0.6897,16876.1,69.83,1.8175,0.043132,245.9,True,physics_simulated_synthetic
BGW-005,74.02,940.3,3.391,103.2,48.74,0.875,4601.1,4071.3,3.5,0.922,16656.4,0.7744,16554.2,77.13,1.4989,0.035963,117.18,True,physics_simulated_synthetic
BGW-005,5949.92,1020.8,4.094,72.55,40.36,0.875,4601.1,4071.3,3.5,0.92,16650.2,0.423,17355.9,31.63,4.6284,0.026505,33.76,True,physics_simulated_synthetic
BGW-005,26859.49,1037.0,4.655,108.3,45.14,0.875,4601.1,4071.3,3.5,0.942,16734.0,0.3381,18079.8,15.19,8.9756,0.041218,30.79,True,physics_simulated_synthetic
BGW-005,1286.85,950.5,2.808,126.49,50.82,0.875,4601.1,4071.3,3.5,0.945,16739.7,0.5604,16949.4,51.98,2.1836,0.045129,83.57,True,physics_simulated_synthetic
BGW-005,725.88,590.7,4.38,141.14,39.59,0.875,4601.1,4071.3,3.5,0.976,16857.9,0.5856,16970.4,55.43,2.6323,0.050418,120.79,True,physics_simulated_synthetic
BGW-005,13592.79,860.5,6.065,122.39,49.76,0.875,4601.1,4071.3,3.5,0.916,16651.2,0.3552,17438.1,19.73,6.0444,0.044924,64.91,True,physics_simulated_synthetic
BGW-005,20630.5,959.2,4.24,116.73,48.34,0.875,4601.1,4071.3,3.5,0.908,16611.4,0.354,17801.6,15.5,8.0879,0.043743,33.03,True,physics_simulated_synthetic
BGW-005,27648.48,417.2,3.868,76.96,41.83,0.875,4601.1,4071.3,3.5,0.929,16682.1,0.3448,17951.4,14.91,9.7992,0.029083,16.53,True,physics_simulated_synthetic
BGW-005,10413.87,1102.0,5.122,65.71,51.59,0.875,4601.1,4071.3,3.5,0.912,16623.3,0.3785,17594.9,23.05,5.0377,0.024336,35.63,True,physics_simulated_synthetic
BGW-005,4366.94,876.6,7.961,108.54,59.77,0.875,4601.1,4071.3,3.5,0.916,16660.0,0.3978,17271.3,29.55,3.3285,0.039459,135.91,True,physics_simulated_synthetic
BGW-005,1950.38,252.2,2.968,126.41,52.33,0.875,4601.1,4071.3,3.5,0.946,16743.5,0.5212,17236.9,46.25,2.4241,0.045866,80.86,True,physics_simulated_synthetic
BGW-005,84.37,922.2,3.778,140.3,32.11,0.875,4601.1,4071.3,3.5,0.908,16610.7,0.7596,16739.2,75.64,2.346,0.049436,114.65,True,physics_simulated_synthetic
BGW-005,611.88,823.8,3.404,71.95,47.24,0.875,4601.1,4071.3,3.5,0.906,16598.6,0.6189,16767.6,57.95,2.0849,0.025394,59.7,True,physics_simulated_synthetic
BGW-005,17049.88,1094.5,5.187,130.52,48.76,0.875,4601.1,4071.3,3.5,0.903,16601.3,0.3532,17738.0,19.38,6.3877,0.048732,56.98,True,physics_simulated_synthetic
BGW-005,12734.61,1186.6,3.201,136.97,56.73,0.875,4601.1,4071.3,3.5,0.9,16581.4,0.3896,17503.5,24.05,4.3678,0.050465,53.27,True,physics_simulated_synthetic
BGW-005,12018.91,1150.3,4.943,80.05,35.28,0.875,4601.1,4071.3,3.5,0.93,16691.7,0.3729,17514.5,20.85,8.1038,0.029514,25.92,True,physics_simulated_synthetic
BGW-005,971.9,835.2,7.353,121.44,44.63,0.875,4601.1,4071.3,3.5,0.959,16813.8,0.5143,16982.4,48.15,2.6894,0.043413,170.92,True,physics_simulated_synthetic
BGW-005,31439.39,1019.1,5.081,120.32,47.66,0.875,4601.1,4071.3,3.5,0.97,16839.0,0.3275,17959.4,12.67,10.1233,0.045487,32.88,True,physics_simulated_synthetic
BGW-005,88.7,721.5,3.575,70.95,55.37,0.875,4601.1,4071.3,3.5,0.999,16932.7,0.7618,16949.0,77.31,1.3478,0.025315,96.68,True,physics_simulated_synthetic
BGW-005,30262.63,602.0,6.326,96.9,58.18,0.875,4601.1,4071.3,3.5,0.941,16737.1,0.3176,17777.1,11.18,9.2995,0.036259,35.52,True,physics_simulated_synthetic
BGW-005,21500.3,645.2,4.844,131.74,31.19,0.875,4601.1,4071.3,3.5,0.923,16670.2,0.346,17865.5,13.8,14.1318,0.049543,24.45,True,physics_simulated_synthetic
BGW-005,89.4,837.2,6.632,102.34,59.0,0.875,4601.1,4071.3,3.5,0.934,16715.8,0.6973,16621.3,70.3,1.3641,0.035807,250.67,True,physics_simulated_synthetic
BGW-005,1377.59,702.8,3.837,96.25,52.17,0.875,4601.1,4071.3,3.5,0.961,16799.2,0.5372,17009.1,47.05,2.3586,0.034461,80.73,True,physics_simulated_synthetic
BGW-005,3731.2,921.2,6.561,106.7,45.85,0.875,4601.1,4071.3,3.5,0.969,16841.1,0.4234,17463.5,32.64,3.9723,0.039224,93.3,True,physics_simulated_synthetic
BGW-005,4937.11,419.5,6.397,94.55,58.91,0.875,4601.1,4071.3,3.5,0.942,16739.8,0.4073,17343.7,29.76,3.3667,0.034518,94.44,True,physics_simulated_synthetic
BGW-005,154.46,459.7,7.843,81.29,49.93,0.875,4601.1,4071.3,3.5,0.941,16742.9,0.647,17016.5,62.71,1.85,0.029119,177.76,True,physics_simulated_synthetic
BGW-005,1313.31,1031.5,3.969,135.56,44.06,0.875,4601.1,4071.3,3.5,0.92,16653.6,0.5393,16997.9,49.2,2.6691,0.048504,103.86,True,physics_simulated_synthetic
BGW-005,217.82,355.7,4.093,109.62,41.57,0.875,4601.1,4071.3,3.5,0.956,16784.3,0.6947,16834.4,67.44,2.0437,0.038846,112.03,True,physics_simulated_synthetic
BGW-005,830.2,832.5,4.055,115.43,59.68,0.875,4601.1,4071.3,3.5,0.958,16788.6,0.579,17098.2,56.44,1.7278,0.041546,140.39,True,physics_simulated_synthetic
BGW-005,2101.12,700.1,5.468,72.1,50.13,0.875,4601.1,4071.3,3.5,0.915,16637.9,0.4783,17063.7,40.95,2.8293,0.025898,72.07,True,physics_simulated_synthetic
BGW-005,39912.51,900.6,3.003,103.39,33.95,0.875,4601.1,4071.3,3.5,0.924,16666.5,0.3383,18037.9,11.58,15.6123,0.039258,10.87,True,physics_simulated_synthetic
BGW-005,6144.78,234.0,3.953,77.66,38.34,0.875,4601.1,4071.3,3.5,0.946,16744.4,0.4228,17228.0,31.1,4.9174,0.028165,32.6,True,physics_simulated_synthetic
BGW-005,315.6,395.6,5.629,126.45,44.07,0.875,4601.1,4071.3,3.5,0.938,16727.2,0.6361,17039.5,62.66,2.1003,0.045357,175.04,True,physics_simulated_synthetic
BGW-005,1048.32,801.5,5.063,112.39,58.95,0.875,4601.1,4071.3,3.5,0.934,16707.0,0.5416,16853.8,50.88,1.9126,0.039871,151.99,True,physics_simulated_synthetic
BGW-005,3046.58,1117.8,7.147,64.33,50.44,0.875,4601.1,4071.3,3.5,0.998,16938.8,0.4301,17269.0,35.29,3.3021,0.023386,72.89,True,physics_simulated_synthetic
BGW-005,8166.16,218.5,5.166,64.52,51.94,0.875,4601.1,4071.3,3.5,0.956,16781.4,0.3914,17582.9,26.86,4.2894,0.023881,41.41,True,physics_simulated_synthetic
BGW-005,2450.09,1155.1,4.819,138.86,50.3,0.875,4601.1,4071.3,3.5,0.997,16934.9,0.4754,17085.9,39.71,2.9119,0.049942,119.01,True,physics_simulated_synthetic
BGW-005,23224.84,822.8,7.55,141.52,47.64,0.875,4601.1,4071.3,3.5,0.983,16908.2,0.3176,18034.5,12.05,10.6922,0.053723,54.63,True,physics_simulated_synthetic
BGW-005,108.11,818.6,7.029,117.98,58.19,0.875,4601.1,4071.3,3.5,0.928,16699.5,0.6809,16690.8,66.57,1.4666,0.041451,286.05,True,physics_simulated_synthetic
BGW-005,99.51,278.2,6.332,115.13,52.68,0.875,4601.1,4071.3,3.5,0.962,16817.3,0.6981,16711.7,68.06,1.5866,0.040499,232.74,True,physics_simulated_synthetic
BGW-005,125.34,362.2,4.291,106.09,54.79,0.875,4601.1,4071.3,3.5,0.939,16722.4,0.7275,16728.6,71.79,1.4476,0.037357,159.47,True,physics_simulated_synthetic
BGW-005,22601.14,265.1,6.539,98.55,41.53,0.875,4601.1,4071.3,3.5,0.908,16620.9,0.3277,17866.9,13.49,10.8583,0.037065,32.14,True,physics_simulated_synthetic
BGW-005,21281.31,381.1,4.659,83.94,58.17,0.875,4601.1,4071.3,3.5,0.903,16593.4,0.3483,17457.2,17.04,5.9956,0.030846,34.51,True,physics_simulated_synthetic
BGW-005,100.78,289.7,7.824,100.55,41.58,0.875,4601.1,4071.3,3.5,0.977,16877.2,0.6698,16979.8,65.7,2.1155,0.03594,191.41,True,physics_simulated_synthetic
BGW-005,224.38,309.2,7.493,84.56,52.99,0.875,4601.1,4071.3,3.5,0.995,16936.2,0.6291,17019.7,61.46,1.7786,0.030294,183.78,True,physics_simulated_synthetic
BGW-005,123.05,723.5,7.357,114.11,35.2,0.875,4601.1,4071.3,3.5,0.962,16821.0,0.6682,17002.2,68.12,2.4131,0.040841,179.3,True,physics_simulated_synthetic
BGW-005,169.77,692.1,4.148,75.46,52.44,0.875,4601.1,4071.3,3.5,0.969,16826.2,0.7114,16654.0,72.01,1.5013,0.026453,105.24,True,physics_simulated_synthetic
BGW-005,60.14,994.7,4.105,122.12,56.79,0.875,4601.1,4071.3,3.5,0.912,16624.7,0.7661,16699.5,78.6,1.2733,0.042929,199.31,True,physics_simulated_synthetic
BGW-005,7631.96,1009.1,3.457,70.93,41.22,0.875,4601.1,4071.3,3.5,0.92,16650.4,0.4156,17361.8,29.24,4.9026,0.025922,26.32,True,physics_simulated_synthetic
BGW-005,33650.01,400.9,2.748,102.99,55.88,0.875,4601.1,4071.3,3.5,0.981,16869.6,0.3481,18052.7,14.37,7.6551,0.039138,20.23,True,physics_simulated_synthetic
BGW-005,33488.29,811.9,6.616,108.18,35.25,0.875,4601.1,4071.3,3.5,0.951,16779.2,0.3112,17953.5,14.32,12.1039,0.040884,32.18,True,physics_simulated_synthetic
BGW-005,51.31,1053.8,3.765,141.26,57.08,0.875,4601.1,4071.3,3.5,0.906,16605.5,0.7794,16690.2,76.76,1.2966,0.04963,207.52,True,physics_simulated_synthetic
BGW-005,91.74,690.1,7.64,103.65,34.41,0.875,4601.1,4071.3,3.5,0.99,16923.1,0.6773,16924.9,67.19,2.4914,0.036928,163.08,True,physics_simulated_synthetic
BGW-005,7765.41,767.3,7.549,103.19,45.86,0.875,4601.1,4071.3,3.5,0.937,16730.4,0.369,17236.7,22.2,5.7635,0.037441,70.62,True,physics_simulated_synthetic
BGW-005,35888.63,673.1,3.138,118.03,34.46,0.875,4601.1,4071.3,3.5,0.933,16697.1,0.3413,17946.6,14.64,12.1043,0.044587,16.64,True,physics_simulated_synthetic
BGW-005,4631.49,992.1,5.263,73.09,38.22,0.875,4601.1,4071.3,3.5,0.951,16763.8,0.4247,17506.7,33.8,4.6123,0.026934,44.26,True,physics_simulated_synthetic
BGW-005,187.19,533.6,7.483,77.76,49.52,0.875,4601.1,4071.3,3.5,0.966,16830.1,0.6414,17021.8,63.08,1.8548,0.02786,161.85,True,physics_simulated_synthetic
BGW-005,154.34,678.9,6.58,73.65,46.26,0.875,4601.1,4071.3,3.5,0.916,16645.7,0.6696,16802.0,63.17,1.9573,0.026047,126.09,True,physics_simulated_synthetic
BGW-005,473.19,1190.6,6.954,88.84,30.17,0.875,4601.1,4071.3,3.5,0.957,16797.7,0.5804,16885.4,57.47,3.3148,0.031577,95.39,True,physics_simulated_synthetic
BGW-005,137.77,1140.5,3.551,102.92,48.08,0.875,4601.1,4071.3,3.5,0.955,16775.4,0.7379,16746.4,71.92,1.6487,0.036281,112.54,True,physics_simulated_synthetic
BGW-005,1041.44,1148.9,7.403,91.6,36.98,0.875,4601.1,4071.3,3.5,0.908,16624.5,0.508,17027.3,46.37,3.38,0.032831,103.54,True,physics_simulated_synthetic
BGW-005,1828.23,382.0,6.193,115.42,49.78,0.875,4601.1,4071.3,3.5,0.966,16827.9,0.4793,17293.4,39.74,2.9753,0.042017,125.95,True,physics_simulated_synthetic
BGW-005,377.66,223.3,7.656,109.28,33.59,0.875,4601.1,4071.3,3.5,0.952,16787.7,0.5876,16864.5,57.37,2.9789,0.038795,143.58,True,physics_simulated_synthetic
BGW-005,1942.35,251.3,5.255,105.88,38.69,0.875,4601.1,4071.3,3.5,0.95,16767.1,0.4874,17049.3,39.21,3.8254,0.037998,75.17,True,physics_simulated_synthetic
BGW-005,18549.81,269.3,3.404,69.46,50.41,0.875,4601.1,4071.3,3.5,0.972,16836.1,0.3681,17586.7,17.92,6.6252,0.025714,19.02,True,physics_simulated_synthetic
BGW-005,353.08,294.7,4.636,118.35,47.66,0.875,4601.1,4071.3,3.5,0.907,16610.0,0.6451,16647.2,61.43,1.9355,0.041473,143.06,True,physics_simulated_synthetic
BGW-005,27072.95,935.5,4.286,102.95,33.94,0.875,4601.1,4071.3,3.5,0.921,16657.6,0.3415,17774.6,13.48,13.2266,0.038519,17.98,True,physics_simulated_synthetic
BGW-005,2592.9,985.0,7.103,119.73,39.42,0.875,4601.1,4071.3,3.5,0.91,16635.8,0.4418,16982.1,36.24,4.0468,0.042799,108.17,True,physics_simulated_synthetic
BGW-005,1099.56,507.5,5.159,77.12,59.99,0.875,4601.1,4071.3,3.5,0.908,16611.4,0.536,16701.4,50.29,1.8844,0.027113,106.89,True,physics_simulated_synthetic
BGW-005,4671.4,1143.5,7.728,65.5,49.91,0.875,4601.1,4071.3,3.5,0.996,16935.7,0.3961,17585.7,29.43,4.0745,0.024248,66.23,True,physics_simulated_synthetic
BGW-005,12492.17,697.6,2.754,118.65,39.59,0.875,4601.1,4071.3,3.5,0.944,16736.1,0.396,17675.3,22.59,6.7264,0.044144,26.03,True,physics_simulated_synthetic
BGW-005,164.12,997.8,6.757,124.94,31.22,0.875,4601.1,4071.3,3.5,0.933,16715.9,0.6626,16825.8,65.97,2.7801,0.04425,154.86,True,physics_simulated_synthetic
BGW-005,177.36,1153.8,4.083,87.6,54.44,0.875,4601.1,4071.3,3.5,0.905,16597.1,0.7098,16578.5,69.26,1.4966,0.03057,120.08,True,physics_simulated_synthetic
BGW-005,136.37,698.8,3.086,111.56,45.76,0.875,4601.1,4071.3,3.5,0.918,16643.5,0.7491,16585.5,73.91,1.669,0.038946,103.71,True,physics_simulated_synthetic
BGW-005,114.14,530.3,7.945,122.89,38.38,0.875,4601.1,4071.3,3.5,0.972,16864.0,0.6616,16949.7,66.49,2.2611,0.043844,221.85,True,physics_simulated_synthetic
BGW-005,16499.01,843.4,4.455,123.05,42.56,0.875,4601.1,4071.3,3.5,0.918,16648.8,0.3623,17445.1,18.9,7.3807,0.045185,39.28,True,physics_simulated_synthetic
BGW-005,198.39,1012.4,2.591,132.24,58.59,0.875,4601.1,4071.3,3.5,0.929,16680.4,0.7343,16866.9,70.69,1.3862,0.046951,126.37,True,physics_simulated_synthetic
BGW-005,8597.0,351.1,4.039,129.44,53.04,0.875,4601.1,4071.3,3.5,0.998,16937.0,0.4015,17809.1,25.47,4.4868,0.048522,62.9,True,physics_simulated_synthetic
BGW-005,616.03,771.4,4.753,91.05,48.46,0.875,4601.1,4071.3,3.5,0.968,16828.3,0.594,17018.2,57.26,2.0874,0.032615,106.93,True,physics_simulated_synthetic
BGW-005,264.64,1151.6,2.818,83.5,51.14,0.875,4601.1,4071.3,3.5,0.94,16719.0,0.7062,16837.9,69.25,1.6183,0.029596,74.21,True,physics_simulated_synthetic
BGW-005,10685.0,771.7,5.217,82.32,48.14,0.875,4601.1,4071.3,3.5,0.91,16620.7,0.3761,17409.0,22.29,5.5215,0.030167,41.05,True,physics_simulated_synthetic
BGW-005,68.18,1110.1,3.444,105.73,31.74,0.875,4601.1,4071.3,3.5,0.971,16834.2,0.7766,16713.5,77.09,2.3252,0.037198,79.33,True,physics_simulated_synthetic
BGW-005,2174.39,1080.3,6.226,72.91,51.85,0.875,4601.1,4071.3,3.5,0.986,16895.3,0.4656,17304.6,39.35,2.8872,0.026558,82.48,True,physics_simulated_synthetic
BGW-005,28786.58,1073.0,4.353,131.42,33.02,0.875,4601.1,4071.3,3.5,0.997,16935.2,0.3382,18021.0,14.39,12.9132,0.049854,24.2,True,physics_simulated_synthetic
BGW-005,21037.39,859.5,5.633,99.14,52.05,0.875,4601.1,4071.3,3.5,0.997,16937.5,0.3392,18003.6,15.21,7.7398,0.03757,39.38,True,physics_simulated_synthetic
BGW-005,71.93,304.8,5.804,75.79,48.21,0.875,4601.1,4071.3,3.5,0.979,16868.5,0.7228,16928.7,73.4,1.6283,0.027008,138.64,True,physics_simulated_synthetic
BGW-005,219.54,730.7,6.983,85.19,39.14,0.875,4601.1,4071.3,3.5,0.954,16783.6,0.6393,16722.8,64.46,2.256,0.029987,133.66,True,physics_simulated_synthetic
BGW-005,9479.7,1072.4,3.385,74.48,34.35,0.875,4601.1,4071.3,3.5,0.928,16677.5,0.4037,17282.5,24.63,6.9514,0.027096,19.0,True,physics_simulated_synthetic
BGW-005,334.51,913.5,6.725,65.66,35.81,0.875,4601.1,4071.3,3.5,0.929,16690.2,0.6123,16903.4,58.37,2.7524,0.023363,82.2,True,physics_simulated_synthetic
BGW-005,220.83,713.4,5.101,114.36,35.21,0.875,4601.1,4071.3,3.5,0.988,16901.9,0.6735,17000.5,67.7,2.4275,0.040924,123.82,True,physics_simulated_synthetic
BGW-005,3338.15,1146.0,6.119,103.24,36.93,0.875,4601.1,4071.3,3.5,0.919,16658.9,0.4361,16911.1,35.79,4.3552,0.036749,74.35,True,physics_simulated_synthetic
BGW-005,553.61,247.2,3.715,67.51,56.58,0.875,4601.1,4071.3,3.5,0.983,16874.5,0.6223,17128.8,58.73,1.7545,0.02434,74.22,True,physics_simulated_synthetic
BGW-005,22618.83,683.6,6.947,139.01,47.52,0.875,4601.1,4071.3,3.5,0.994,16938.9,0.324,17951.9,11.72,10.969,0.052531,47.91,True,physics_simulated_synthetic
BGW-005,972.46,1160.3,7.872,122.02,30.01,0.875,4601.1,4071.3,3.5,0.936,16733.9,0.5072,16953.5,46.1,4.1705,0.043546,118.36,True,physics_simulated_synthetic
BGW-005,17205.04,870.3,7.723,70.64,41.98,0.875,4601.1,4071.3,3.5,0.936,16722.0,0.3288,17790.7,13.9,10.3742,0.026455,28.36,True,physics_simulated_synthetic
BGW-005,2671.4,1009.7,4.181,92.37,45.9,0.875,4601.1,4071.3,3.5,0.97,16831.7,0.4777,17015.9,40.53,3.1132,0.033084,63.99,True,physics_simulated_synthetic
BGW-005,5142.36,605.6,7.912,126.98,44.71,0.875,4601.1,4071.3,3.5,0.952,16793.1,0.3885,17444.3,29.19,4.5497,0.046625,116.77,True,physics_simulated_synthetic
BGW-005,27098.76,327.3,7.364,136.78,44.54,0.875,4601.1,4071.3,3.5,0.911,16646.6,0.313,17778.0,7.33,18.5293,0.051184,29.29,True,physics_simulated_synthetic
BGW-005,35614.87,1107.7,6.718,139.64,40.87,0.875,4601.1,4071.3,3.5,0.967,16843.4,0.308,18026.2,8.9,16.8765,0.052985,30.37,True,physics_simulated_synthetic
BGW-005,2265.35,1156.9,5.809,74.92,54.16,0.875,4601.1,4071.3,3.5,0.974,16849.4,0.468,17173.9,39.66,2.7214,0.027084,83.25,True,physics_simulated_synthetic
BGW-005,38437.1,873.2,2.858,82.02,36.04,0.875,4601.1,4071.3,3.5,0.956,16778.0,0.3414,18219.6,15.03,11.4464,0.031455,11.31,True,physics_simulated_synthetic
BGW-005,12478.99,230.4,3.014,74.06,51.12,0.875,4601.1,4071.3,3.5,0.954,16771.0,0.3929,17691.9,24.0,4.9094,0.027581,24.38,True,physics_simulated_synthetic
BGW-005,6051.22,844.5,4.401,99.33,32.79,0.875,4601.1,4071.3,3.5,0.964,16812.3,0.4182,17633.4,31.99,5.7213,0.036871,40.85,True,physics_simulated_synthetic
BGW-005,14887.05,485.5,5.776,108.68,30.33,0.875,4601.1,4071.3,3.5,0.924,16674.4,0.3537,17844.7,19.9,10.0604,0.040823,33.75,True,physics_simulated_synthetic
BGW-005,13743.81,834.4,3.515,66.19,42.85,0.875,4601.1,4071.3,3.5,0.94,16722.8,0.3819,17604.7,21.36,6.5464,0.024529,18.96,True,physics_simulated_synthetic
BGW-005,1760.46,827.9,7.296,99.99,35.8,0.875,4601.1,4071.3,3.5,0.945,16756.9,0.4679,17274.7,42.46,3.8679,0.036359,98.76,True,physics_simulated_synthetic
BGW-005,864.36,1011.0,3.265,139.51,52.7,0.875,4601.1,4071.3,3.5,0.949,16756.7,0.5891,16801.3,54.68,1.9843,0.049341,116.91,True,physics_simulated_synthetic
BGW-005,5365.37,596.0,7.151,121.42,44.45,0.875,4601.1,4071.3,3.5,0.934,16724.0,0.394,17412.0,26.83,4.9702,0.044503,92.2,True,physics_simulated_synthetic
BGW-005,32668.97,974.3,4.019,116.56,58.85,0.875,4601.1,4071.3,3.5,0.995,16922.5,0.3362,18058.6,13.25,7.8838,0.044308,32.53,True,physics_simulated_synthetic
BGW-005,34339.41,490.7,7.168,134.45,36.94,0.875,4601.1,4071.3,3.5,0.99,16927.1,0.3056,18066.5,11.78,14.1288,0.051129,37.35,True,physics_simulated_synthetic
BGW-005,6905.56,823.6,7.97,106.2,36.65,0.875,4601.1,4071.3,3.5,0.939,16741.1,0.3712,17537.9,25.6,6.3627,0.039206,70.72,True,physics_simulated_synthetic
BGW-005,37646.73,1170.4,5.009,94.37,35.5,0.875,4601.1,4071.3,3.5,0.912,16629.1,0.321,17762.9,8.35,20.3929,0.035285,12.48,True,physics_simulated_synthetic
BGW-005,219.23,782.7,4.988,140.56,39.58,0.875,4601.1,4071.3,3.5,0.916,16646.6,0.6763,16855.7,65.66,2.2077,0.049871,162.26,True,physics_simulated_synthetic
BGW-005,581.38,314.3,7.175,106.07,52.19,0.875,4601.1,4071.3,3.5,0.937,16731.0,0.5598,16951.3,55.57,1.9896,0.037849,196.56,True,physics_simulated_synthetic
BGW-005,4245.37,1114.4,4.858,82.32,31.15,0.875,4601.1,4071.3,3.5,0.961,16800.9,0.4354,17138.8,34.94,5.3597,0.029698,38.76,True,physics_simulated_synthetic
BGW-005,38945.14,549.1,4.064,76.91,44.44,0.875,4601.1,4071.3,3.5,0.941,16725.7,0.3286,17904.1,11.9,11.5222,0.028987,14.72,True,physics_simulated_synthetic
BGW-005,6036.43,224.3,3.022,113.79,52.75,0.875,4601.1,4071.3,3.5,0.954,16773.9,0.436,17278.6,30.66,3.6366,0.041388,49.53,True,physics_simulated_synthetic
BGW-005,237.09,779.1,6.888,72.47,52.08,0.875,4601.1,4071.3,3.5,0.968,16830.9,0.6356,16871.3,63.19,1.7448,0.025738,146.31,True,physics_simulated_synthetic
BGW-005,819.67,903.5,5.622,118.92,41.03,0.875,4601.1,4071.3,3.5,0.942,16741.4,0.5544,17001.8,51.25,2.752,0.042561,125.2,True,physics_simulated_synthetic
BGW-005,27204.88,537.2,4.505,78.41,40.52,0.875,4601.1,4071.3,3.5,0.937,16714.1,0.3391,17860.7,16.42,9.1363,0.02948,20.93,True,physics_simulated_synthetic
BGW-005,14456.15,469.9,5.706,79.63,48.47,0.875,4601.1,4071.3,3.5,0.951,16769.4,0.3558,17739.6,18.45,6.7528,0.029737,36.18,True,physics_simulated_synthetic
BGW-005,12539.1,794.9,5.64,83.64,51.56,0.875,4601.1,4071.3,3.5,0.906,16608.1,0.3634,17634.0,18.48,6.2974,0.031045,40.03,True,physics_simulated_synthetic
BGW-005,465.66,489.3,7.809,80.1,35.47,0.875,4601.1,4071.3,3.5,0.958,16802.0,0.5685,16779.8,53.38,3.0169,0.028294,105.47,True,physics_simulated_synthetic
BGW-005,629.01,856.2,2.952,93.06,39.5,0.875,4601.1,4071.3,3.5,0.944,16737.0,0.6248,16806.4,60.39,2.3979,0.03292,58.37,True,physics_simulated_synthetic
BGW-005,12310.75,590.2,3.284,104.14,37.17,0.875,4601.1,4071.3,3.5,0.941,16725.4,0.3904,17578.5,25.53,6.3035,0.038535,28.91,True,physics_simulated_synthetic
BGW-005,78.73,608.0,6.156,94.07,54.29,0.875,4601.1,4071.3,3.5,0.969,16837.6,0.7121,16932.9,68.76,1.5438,0.03353,192.54,True,physics_simulated_synthetic
BGW-005,73.63,423.6,7.308,97.35,41.93,0.875,4601.1,4071.3,3.5,0.994,16932.3,0.6925,16891.0,70.29,1.9508,0.034612,186.72,True,physics_simulated_synthetic
BGW-005,21801.56,479.4,3.87,117.93,31.69,0.875,4601.1,4071.3,3.5,0.989,16902.2,0.3554,18090.6,18.08,10.7457,0.044909,23.29,True,physics_simulated_synthetic
BGW-005,38471.54,939.5,4.141,83.09,45.59,0.875,4601.1,4071.3,3.5,0.969,16828.9,0.3284,17999.1,10.32,13.0271,0.031481,14.41,True,physics_simulated_synthetic
BGW-005,516.28,442.0,4.108,138.05,54.98,0.875,4601.1,4071.3,3.5,0.994,16923.1,0.6215,17005.8,62.16,1.6939,0.049416,172.57,True,physics_simulated_synthetic
BGW-005,438.56,522.1,5.775,66.55,53.44,0.875,4601.1,4071.3,3.5,0.991,16910.7,0.6062,16891.8,58.17,1.8496,0.023665,106.4,True,physics_simulated_synthetic
BGW-005,11168.55,708.5,5.777,117.32,52.09,0.875,4601.1,4071.3,3.5,0.99,16915.6,0.3679,17791.8,21.87,5.3165,0.043938,68.76,True,physics_simulated_synthetic
BGW-005,103.96,466.6,3.162,94.71,35.89,0.875,4601.1,4071.3,3.5,0.923,16659.3,0.7632,16679.7,76.2,2.076,0.033254,72.93,True,physics_simulated_synthetic
BGW-005,527.5,1142.4,5.265,111.13,57.24,0.875,4601.1,4071.3,3.5,0.918,16652.5,0.599,16947.1,58.19,1.7318,0.039644,173.56,True,physics_simulated_synthetic
BGW-005,16889.23,837.3,5.459,67.67,53.97,0.875,4601.1,4071.3,3.5,0.964,16813.3,0.3509,17860.3,15.41,7.3101,0.025442,27.36,True,physics_simulated_synthetic
BGW-005,1747.16,899.7,3.539,120.29,55.2,0.875,4601.1,4071.3,3.5,0.948,16752.2,0.5215,17233.4,46.06,2.3072,0.043635,96.38,True,physics_simulated_synthetic
BGW-006,103.92,449.8,6.125,108.62,58.35,1.0,3162.2,3425.7,2.875,0.981,14859.4,0.7545,15024.3,74.22,1.1809,0.034353,256.58,True,physics_simulated_synthetic
BGW-006,59.38,456.5,5.218,87.44,45.17,1.0,3162.2,3425.7,2.875,0.9,14617.7,0.7921,14597.3,78.81,1.3958,0.026869,144.63,True,physics_simulated_synthetic
BGW-006,2820.42,573.2,5.578,101.07,52.48,1.0,3162.2,3425.7,2.875,0.911,14652.3,0.4874,14880.4,41.47,2.3275,0.031658,109.25,True,physics_simulated_synthetic
BGW-006,435.9,1076.9,3.713,100.48,32.46,1.0,3162.2,3425.7,2.875,0.971,14820.6,0.6759,14753.5,68.26,2.2666,0.031205,73.61,True,physics_simulated_synthetic
BGW-006,52.44,723.2,3.262,131.96,33.06,1.0,3162.2,3425.7,2.875,0.984,14858.3,0.8251,14903.2,83.73,1.8324,0.041396,106.1,True,physics_simulated_synthetic
BGW-006,273.93,1064.1,6.738,79.97,53.25,1.0,3162.2,3425.7,2.875,0.98,14854.7,0.6807,14950.2,64.74,1.4759,0.025165,165.42,True,physics_simulated_synthetic
BGW-006,10967.27,801.1,6.808,112.2,47.69,1.0,3162.2,3425.7,2.875,0.905,14639.4,0.389,15280.6,20.49,5.3232,0.036089,66.47,True,physics_simulated_synthetic
BGW-006,102.59,374.9,2.92,88.32,34.01,1.0,3162.2,3425.7,2.875,0.983,14855.5,0.7999,14592.2,80.35,1.8177,0.027128,62.75,True,physics_simulated_synthetic
BGW-006,188.12,553.8,7.513,72.39,40.14,1.0,3162.2,3425.7,2.875,0.929,14705.0,0.7002,14601.0,68.17,1.8162,0.022249,132.54,True,physics_simulated_synthetic
BGW-006,3029.71,642.5,2.835,128.61,34.06,1.0,3162.2,3425.7,2.875,0.949,14756.7,0.5063,15221.7,44.26,3.4368,0.041209,48.95,True,physics_simulated_synthetic
BGW-006,306.85,303.2,4.245,71.95,54.03,1.0,3162.2,3425.7,2.875,0.997,14896.4,0.7014,14904.2,68.56,1.3695,0.022573,100.76,True,physics_simulated_synthetic
BGW-006,3906.8,627.8,5.38,68.01,46.54,1.0,3162.2,3425.7,2.875,0.966,14807.5,0.4646,15237.2,36.4,3.0618,0.021813,55.2,True,physics_simulated_synthetic
BGW-006,82.04,330.1,5.726,106.97,52.76,1.0,3162.2,3425.7,2.875,0.99,14882.5,0.7716,14998.8,76.04,1.2725,0.033774,218.83,True,physics_simulated_synthetic
BGW-006,88.51,365.9,7.588,88.56,53.51,1.0,3162.2,3425.7,2.875,0.906,14641.1,0.7437,14611.8,73.81,1.2592,0.027239,236.36,True,physics_simulated_synthetic
BGW-006,3862.04,1046.6,3.513,92.9,39.21,1.0,3162.2,3425.7,2.875,0.966,14806.0,0.4813,15180.6,41.44,3.1799,0.029686,47.23,True,physics_simulated_synthetic
BGW-006,10853.99,695.0,7.435,97.1,44.19,1.0,3162.2,3425.7,2.875,0.992,14895.7,0.3854,15610.8,24.95,4.8189,0.031907,70.89,True,physics_simulated_synthetic
BGW-006,5546.53,340.6,5.387,72.63,41.22,1.0,3162.2,3425.7,2.875,0.977,14840.5,0.4403,15378.8,32.81,3.8701,0.023511,47.13,True,physics_simulated_synthetic
BGW-006,7866.22,497.3,4.927,71.82,48.55,1.0,3162.2,3425.7,2.875,0.993,14887.9,0.4215,15610.7,27.8,3.9378,0.0236,42.52,True,physics_simulated_synthetic
BGW-006,535.64,1153.7,7.724,96.19,31.73,1.0,3162.2,3425.7,2.875,0.905,14641.3,0.6116,14910.3,58.1,2.7529,0.030189,121.98,True,physics_simulated_synthetic
BGW-006,576.62,931.5,5.882,140.94,43.43,1.0,3162.2,3425.7,2.875,0.963,14807.6,0.6245,15185.8,58.0,2.0522,0.045053,185.96,True,physics_simulated_synthetic
BGW-006,411.38,1010.4,2.725,135.33,58.69,1.0,3162.2,3425.7,2.875,0.966,14807.7,0.6939,14971.8,66.27,1.3102,0.04265,127.71,True,physics_simulated_synthetic
BGW-006,211.27,805.1,7.103,84.53,34.37,1.0,3162.2,3425.7,2.875,0.976,14845.8,0.6967,14902.9,67.4,2.1898,0.026517,123.87,True,physics_simulated_synthetic
BGW-006,96.59,624.9,6.337,112.65,33.81,1.0,3162.2,3425.7,2.875,0.973,14835.7,0.7556,15076.7,72.26,2.1004,0.035752,155.31,True,physics_simulated_synthetic
BGW-006,3417.58,413.6,7.821,124.18,54.29,1.0,3162.2,3425.7,2.875,0.989,14892.3,0.4548,15300.2,32.49,2.9525,0.039993,152.55,True,physics_simulated_synthetic
BGW-006,17632.07,332.2,4.457,114.15,44.8,1.0,3162.2,3425.7,2.875,0.958,14787.9,0.3801,15674.3,21.6,5.5132,0.037662,43.84,True,physics_simulated_synthetic
BGW-006,4712.19,383.8,2.562,131.65,54.94,1.0,3162.2,3425.7,2.875,0.968,14813.1,0.475,15300.3,36.88,2.5698,0.042399,60.87,True,physics_simulated_synthetic
BGW-006,102.75,264.0,3.639,84.0,50.86,1.0,3162.2,3425.7,2.875,0.932,14705.7,0.7893,14604.7,76.13,1.2838,0.025825,105.42,True,physics_simulated_synthetic
BGW-006,2329.31,750.2,6.67,89.82,38.59,1.0,3162.2,3425.7,2.875,0.96,14798.5,0.493,15208.9,41.42,3.2392,0.028754,85.26,True,physics_simulated_synthetic
BGW-006,880.34,398.0,2.863,114.1,33.15,1.0,3162.2,3425.7,2.875,0.999,14903.9,0.6176,15165.5,59.5,2.6167,0.036425,57.39,True,physics_simulated_synthetic
BGW-006,2857.78,695.9,2.658,128.51,53.12,1.0,3162.2,3425.7,2.875,0.945,14744.2,0.5127,14978.7,45.58,2.1057,0.040521,73.66,True,physics_simulated_synthetic
BGW-006,56.74,496.3,7.247,122.52,46.42,1.0,3162.2,3425.7,2.875,0.932,14722.8,0.7663,14936.7,74.81,1.464,0.038523,274.59,True,physics_simulated_synthetic
BGW-006,9119.44,482.3,7.063,127.07,42.56,1.0,3162.2,3425.7,2.875,0.917,14679.4,0.3976,15339.7,25.47,4.8171,0.04103,86.63,True,physics_simulated_synthetic
BGW-006,6516.41,306.0,4.841,78.33,47.26,1.0,3162.2,3425.7,2.875,0.961,14793.9,0.434,15367.5,30.64,3.6123,0.025339,48.9,True,physics_simulated_synthetic
BGW-006,1239.59,414.1,7.681,97.12,42.41,1.0,3162.2,3425.7,2.875,0.984,14873.6,0.5368,14991.5,51.57,2.3331,0.030648,145.29,True,physics_simulated_synthetic
BGW-006,2407.37,945.2,4.553,67.84,50.0,1.0,3162.2,3425.7,2.875,0.983,14855.9,0.509,15017.3,42.28,2.4176,0.021444,58.15,True,physics_simulated_synthetic
BGW-006,128.23,743.3,6.4,122.09,39.09,1.0,3162.2,3425.7,2.875,0.995,14901.9,0.739,14960.5,70.73,1.842,0.038448,192.36,True,physics_simulated_synthetic
BGW-006,2177.39,442.6,4.602,110.84,55.24,1.0,3162.2,3425.7,2.875,0.997,14900.8,0.5169,15335.1,45.87,2.0598,0.035778,115.12,True,physics_simulated_synthetic
BGW-006,7121.67,1008.2,6.209,107.02,31.39,1.0,3162.2,3425.7,2.875,0.905,14636.4,0.4182,15357.5,29.4,5.6634,0.034597,54.62,True,physics_simulated_synthetic
BGW-006,73.16,832.3,6.249,75.99,41.35,1.0,3162.2,3425.7,2.875,0.995,14895.9,0.7697,14923.5,74.47,1.6495,0.023871,130.22,True,physics_simulated_synthetic
BGW-006,71.06,1152.6,5.231,91.2,37.5,1.0,3162.2,3425.7,2.875,0.951,14766.5,0.7848,14729.4,77.71,1.7204,0.028276,123.81,True,physics_simulated_synthetic
BGW-006,104.74,338.3,4.838,94.22,45.57,1.0,3162.2,3425.7,2.875,0.924,14685.3,0.7714,14768.9,75.38,1.4635,0.029292,139.44,True,physics_simulated_synthetic
BGW-006,1125.88,351.0,7.085,100.68,39.66,1.0,3162.2,3425.7,2.875,0.905,14638.2,0.5508,14887.2,54.36,2.3505,0.031551,136.95,True,physics_simulated_synthetic
BGW-006,5561.16,417.4,5.592,75.72,57.8,1.0,3162.2,3425.7,2.875,0.983,14859.3,0.4385,15361.3,30.47,2.9692,0.024485,66.4,True,physics_simulated_synthetic
BGW-006,18468.72,271.2,5.514,74.95,49.62,1.0,3162.2,3425.7,2.875,0.982,14855.8,0.3707,15634.6,19.17,5.5961,0.024666,35.0,True,physics_simulated_synthetic
BGW-006,212.44,533.3,3.401,94.84,34.2,1.0,3162.2,3425.7,2.875,0.946,14748.0,0.7434,14742.3,71.44,2.0539,0.029431,70.17,True,physics_simulated_synthetic
BGW-006,1287.81,274.9,7.289,69.35,59.67,1.0,3162.2,3425.7,2.875,0.942,14743.6,0.537,15086.6,48.79,1.7638,0.022024,131.06,True,physics_simulated_synthetic
BGW-006,30703.0,1055.3,6.465,139.08,44.28,1.0,3162.2,3425.7,2.875,0.988,14886.3,0.3416,16026.6,15.04,8.1942,0.046919,53.31,True,physics_simulated_synthetic
BGW-006,116.3,680.0,4.07,73.08,46.27,1.0,3162.2,3425.7,2.875,0.928,14694.7,0.7761,14800.7,75.68,1.4387,0.022767,92.75,True,physics_simulated_synthetic
BGW-006,211.36,1090.8,4.346,96.44,54.84,1.0,3162.2,3425.7,2.875,0.903,14624.6,0.7312,14889.4,73.47,1.2579,0.030227,150.37,True,physics_simulated_synthetic
BGW-006,74.87,498.8,6.48,114.72,45.71,1.0,3162.2,3425.7,2.875,0.919,14678.5,0.7656,14633.3,76.34,1.4274,0.035336,231.0,True,physics_simulated_synthetic
BGW-006,10397.5,1004.4,5.719,72.88,31.21,1.0,3162.2,3425.7,2.875,0.995,14896.2,0.3994,15638.1,27.64,6.1694,0.02399,32.02,True,physics_simulated_synthetic
BGW-006,9465.97,1004.7,2.573,115.39,50.99,1.0,3162.2,3425.7,2.875,0.981,14850.3,0.4284,15563.9,30.22,3.4384,0.037805,40.73,True,physics_simulated_synthetic
BGW-006,859.97,348.9,3.215,127.73,46.89,1.0,3162.2,3425.7,2.875,0.906,14632.4,0.6159,15012.9,60.6,1.7982,0.040366,103.92,True,physics_simulated_synthetic
BGW-006,6181.06,269.1,4.112,135.14,37.71,1.0,3162.2,3425.7,2.875,0.991,14883.9,0.4432,15476.7,34.03,4.1049,0.044025,63.51,True,physics_simulated_synthetic
BGW-006,14968.75,481.3,6.746,101.16,49.53,1.0,3162.2,3425.7,2.875,0.987,14879.0,0.3731,15432.3,22.25,4.7665,0.032861,66.97,True,physics_simulated_synthetic
BGW-006,476.13,1178.9,4.029,130.06,52.9,1.0,3162.2,3425.7,2.875,0.918,14668.5,0.6637,14859.4,63.52,1.5052,0.040681,156.79,True,physics_simulated_synthetic
BGW-006,15271.61,505.2,6.212,70.9,53.61,1.0,3162.2,3425.7,2.875,0.915,14661.4,0.3756,15616.3,23.48,4.2237,0.023308,49.36,True,physics_simulated_synthetic
BGW-006,4090.57,566.3,6.014,95.34,39.35,1.0,3162.2,3425.7,2.875,0.996,14901.0,0.4562,15423.4,35.54,3.7538,0.030953,71.41,True,physics_simulated_synthetic
BGW-006,354.67,930.3,4.661,96.76,36.38,1.0,3162.2,3425.7,2.875,0.907,14635.6,0.6834,14685.5,67.43,2.0376,0.029911,98.53,True,physics_simulated_synthetic
BGW-006,1775.45,310.5,3.254,124.96,30.51,1.0,3162.2,3425.7,2.875,0.996,14896.4,0.5475,15131.3,48.88,3.4535,0.039801,54.0,True,physics_simulated_synthetic
BGW-006,17528.5,887.0,2.699,110.5,47.16,1.0,3162.2,3425.7,2.875,0.918,14666.5,0.3927,15488.9,21.08,5.3036,0.036026,26.4,True,physics_simulated_synthetic
BGW-006,342.14,706.3,6.018,74.04,57.22,1.0,3162.2,3425.7,2.875,0.972,14826.7,0.6703,14934.2,64.65,1.3739,0.023276,146.8,True,physics_simulated_synthetic
BGW-006,24033.92,944.1,3.714,111.06,50.3,1.0,3162.2,3425.7,2.875,0.956,14779.1,0.37,15628.5,16.69,6.3379,0.036537,30.83,True,physics_simulated_synthetic
BGW-006,80.27,594.5,6.146,69.73,53.38,1.0,3162.2,3425.7,2.875,0.945,14749.7,0.767,14898.6,75.92,1.2512,0.021867,154.67,True,physics_simulated_synthetic
BGW-006,68.65,668.1,3.56,101.42,41.17,1.0,3162.2,3425.7,2.875,0.913,14650.6,0.8102,14695.5,79.58,1.5266,0.031373,105.36,True,physics_simulated_synthetic
BGW-006,223.84,536.0,5.609,120.3,38.95,1.0,3162.2,3425.7,2.875,0.927,14699.9,0.7105,14729.1,69.68,1.8473,0.037298,163.08,True,physics_simulated_synthetic
BGW-006,75.86,390.4,4.806,117.76,42.72,1.0,3162.2,3425.7,2.875,0.996,14898.6,0.7879,14884.0,81.59,1.4537,0.036893,175.65,True,physics_simulated_synthetic
BGW-006,2053.74,412.8,6.816,130.27,47.9,1.0,3162.2,3425.7,2.875,0.928,14710.6,0.5019,15379.0,44.2,2.4724,0.042172,167.41,True,physics_simulated_synthetic
BGW-006,1700.31,742.0,5.261,129.59,46.0,1.0,3162.2,3425.7,2.875,0.921,14681.5,0.5317,15111.1,48.1,2.3245,0.041221,134.33,True,physics_simulated_synthetic
BGW-006,632.18,282.4,7.787,102.59,48.44,1.0,3162.2,3425.7,2.875,0.972,14838.6,0.596,14993.7,55.33,1.904,0.03238,190.7,True,physics_simulated_synthetic
BGW-006,1806.17,744.3,2.707,80.41,51.14,1.0,3162.2,3425.7,2.875,0.964,14798.1,0.5515,15089.0,47.63,2.1085,0.025539,47.21,True,physics_simulated_synthetic
BGW-006,1340.57,594.6,6.07,72.43,40.74,1.0,3162.2,3425.7,2.875,0.928,14699.8,0.5449,14851.4,47.74,2.599,0.022642,76.15,True,physics_simulated_synthetic
BGW-006,1508.67,694.8,6.544,105.08,33.17,1.0,3162.2,3425.7,2.875,0.936,14727.2,0.5302,14672.8,48.28,3.1189,0.032454,98.05,True,physics_simulated_synthetic
BGW-006,3918.21,231.9,7.948,118.11,31.57,1.0,3162.2,3425.7,2.875,0.915,14677.2,0.4443,15345.5,36.77,4.4992,0.038151,97.05,True,physics_simulated_synthetic
BGW-006,346.11,707.4,6.65,116.87,53.0,1.0,3162.2,3425.7,2.875,0.992,14893.0,0.662,15024.7,65.13,1.4815,0.036963,238.93,True,physics_simulated_synthetic
BGW-006,26289.23,730.4,5.092,94.23,41.6,1.0,3162.2,3425.7,2.875,0.932,14710.1,0.3568,15659.2,15.57,8.2297,0.03106,27.68,True,physics_simulated_synthetic
BGW-006,334.83,480.3,4.481,106.62,41.69,1.0,3162.2,3425.7,2.875,0.981,14852.9,0.6907,14914.0,68.29,1.7829,0.033472,121.15,True,physics_simulated_synthetic
BGW-006,95.64,278.3,3.812,141.7,44.05,1.0,3162.2,3425.7,2.875,0.986,14866.6,0.7907,14853.6,76.21,1.5059,0.044306,161.48,True,physics_simulated_synthetic
BGW-006,20093.02,304.7,3.945,75.79,38.58,1.0,3162.2,3425.7,2.875,0.963,14797.0,0.377,15532.4,20.62,6.6457,0.024779,21.18,True,physics_simulated_synthetic
BGW-006,32213.87,823.6,3.676,68.31,51.52,1.0,3162.2,3425.7,2.875,0.991,14879.5,0.3568,15876.0,13.72,7.6455,0.022827,15.8,True,physics_simulated_synthetic
BGW-006,74.96,1198.6,7.713,87.27,43.2,1.0,3162.2,3425.7,2.875,0.981,14861.7,0.7496,15027.2,73.48,1.6111,0.027606,190.31,True,physics_simulated_synthetic
BGW-006,32254.56,519.1,7.025,73.19,42.0,1.0,3162.2,3425.7,2.875,0.907,14641.9,0.3363,15534.9,11.91,10.569,0.023932,22.91,True,physics_simulated_synthetic
BGW-006,882.77,801.8,5.959,72.98,41.69,1.0,3162.2,3425.7,2.875,0.969,14818.9,0.5839,14907.1,53.53,2.2736,0.0229,86.43,True,physics_simulated_synthetic
BGW-006,6458.96,227.0,6.464,114.66,51.21,1.0,3162.2,3425.7,2.875,0.993,14897.5,0.4224,15523.5,30.24,3.4124,0.037467,102.21,True,physics_simulated_synthetic
BGW-006,18904.15,1180.4,7.946,118.22,59.45,1.0,3162.2,3425.7,2.875,0.994,14906.3,0.3544,15914.9,18.07,5.0435,0.039604,89.85,True,physics_simulated_synthetic
BGW-006,1213.63,529.6,3.523,78.72,37.24,1.0,3162.2,3425.7,2.875,0.97,14816.3,0.5795,15326.7,53.78,2.6053,0.025396,49.45,True,physics_simulated_synthetic
BGW-006,220.28,756.3,5.404,117.57,35.79,1.0,3162.2,3425.7,2.875,0.965,14809.3,0.7143,14887.7,70.61,2.0054,0.036844,142.98,True,physics_simulated_synthetic
BGW-006,255.59,393.0,4.582,115.23,43.12,1.0,3162.2,3425.7,2.875,0.915,14662.2,0.7128,14905.6,68.88,1.7082,0.036154,139.65,True,physics_simulated_synthetic
BGW-006,107.2,211.7,2.783,141.31,53.96,1.0,3162.2,3425.7,2.875,0.95,14759.3,0.7994,14921.8,84.1,1.1193,0.044386,158.93,True,physics_simulated_synthetic
BGW-006,198.99,605.6,3.95,135.44,31.98,1.0,3162.2,3425.7,2.875,0.922,14681.0,0.7411,14880.5,73.89,2.1435,0.042423,112.58,True,physics_simulated_synthetic
BGW-006,902.72,742.0,7.289,117.4,53.08,1.0,3162.2,3425.7,2.875,0.995,14904.6,0.5686,15255.9,53.78,1.8191,0.037702,217.55,True,physics_simulated_synthetic
BGW-006,2817.08,300.4,6.927,115.37,32.37,1.0,3162.2,3425.7,2.875,0.988,14884.2,0.4761,15305.6,40.11,4.0134,0.037171,92.39,True,physics_simulated_synthetic
BGW-006,4257.62,948.8,6.943,115.13,30.27,1.0,3162.2,3425.7,2.875,0.975,14846.9,0.4461,15138.8,33.27,5.1172,0.036688,71.68,True,physics_simulated_synthetic
BGW-006,1262.26,715.7,7.955,134.94,38.14,1.0,3162.2,3425.7,2.875,0.97,14839.0,0.5327,15216.9,48.52,2.7987,0.043221,176.91,True,physics_simulated_synthetic
BGW-006,725.78,251.6,3.32,113.13,42.53,1.0,3162.2,3425.7,2.875,1.0,14906.3,0.6312,14893.4,59.64,1.9984,0.035466,84.84,True,physics_simulated_synthetic
BGW-006,17620.49,477.3,5.786,125.32,36.19,1.0,3162.2,3425.7,2.875,0.996,14904.5,0.3712,15598.7,17.06,8.6015,0.041148,39.86,True,physics_simulated_synthetic
BGW-006,2453.46,1025.3,4.297,69.04,35.95,1.0,3162.2,3425.7,2.875,0.915,14658.2,0.5098,15011.1,42.97,3.3075,0.021814,40.81,True,physics_simulated_synthetic
BGW-006,34946.04,248.2,4.333,69.99,56.19,1.0,3162.2,3425.7,2.875,0.989,14874.2,0.3491,15732.9,13.29,7.1688,0.023178,20.17,True,physics_simulated_synthetic
BGW-006,29495.08,805.1,4.931,101.77,48.4,1.0,3162.2,3425.7,2.875,0.918,14669.6,0.3527,15684.2,15.06,7.3253,0.033599,32.57,True,physics_simulated_synthetic
BGW-006,998.93,746.9,4.896,97.61,33.94,1.0,3162.2,3425.7,2.875,0.908,14640.4,0.5834,14885.7,51.81,2.8816,0.030585,74.83,True,physics_simulated_synthetic
BGW-006,4577.68,788.7,4.95,103.73,48.73,1.0,3162.2,3425.7,2.875,0.919,14672.0,0.4568,15243.4,35.53,2.9972,0.033285,79.15,True,physics_simulated_synthetic
BGW-006,309.38,652.7,5.459,102.04,37.44,1.0,3162.2,3425.7,2.875,0.946,14754.5,0.6857,14733.1,65.87,2.0335,0.031646,122.33,True,physics_simulated_synthetic
BGW-006,5739.93,297.7,4.49,134.94,38.41,1.0,3162.2,3425.7,2.875,0.963,14804.4,0.4451,15452.8,34.24,3.9996,0.043892,70.96,True,physics_simulated_synthetic
BGW-006,76.98,888.0,5.843,75.67,58.38,1.0,3162.2,3425.7,2.875,0.947,14754.7,0.7729,14853.6,79.38,1.091,0.02366,182.48,True,physics_simulated_synthetic
BGW-006,12428.86,366.1,3.111,138.33,45.63,1.0,3162.2,3425.7,2.875,0.905,14628.6,0.4083,15416.1,28.34,4.0583,0.044889,49.56,True,physics_simulated_synthetic
BGW-006,1318.05,1123.8,4.999,124.66,35.3,1.0,3162.2,3425.7,2.875,0.904,14632.6,0.5568,15012.8,49.51,2.9238,0.039396,97.0,True,physics_simulated_synthetic
BGW-006,2808.06,1077.6,4.507,105.07,56.7,1.0,3162.2,3425.7,2.875,0.924,14685.4,0.4971,15068.7,43.98,2.057,0.033327,105.16,True,physics_simulated_synthetic
BGW-006,732.9,310.2,4.399,119.43,59.38,1.0,3162.2,3425.7,2.875,0.995,14894.0,0.6181,15218.9,58.88,1.4817,0.03826,163.57,True,physics_simulated_synthetic
BGW-006,1039.46,904.9,2.836,84.48,53.43,1.0,3162.2,3425.7,2.875,0.92,14671.7,0.6017,14797.2,57.09,1.6514,0.026314,65.08,True,physics_simulated_synthetic
BGW-006,18156.84,298.3,4.62,71.51,37.5,1.0,3162.2,3425.7,2.875,0.989,14875.9,0.3775,15701.3,18.09,7.8762,0.023634,19.96,True,physics_simulated_synthetic
BGW-006,68.21,666.7,2.616,66.89,31.56,1.0,3162.2,3425.7,2.875,0.951,14760.2,0.8247,14832.1,81.96,1.9516,0.020885,40.31,True,physics_simulated_synthetic
BGW-006,312.92,215.0,6.114,64.86,31.95,1.0,3162.2,3425.7,2.875,0.98,14850.0,0.6769,14907.8,65.0,2.4436,0.020355,73.34,True,physics_simulated_synthetic
BGW-006,626.08,213.8,3.971,81.75,43.91,1.0,3162.2,3425.7,2.875,0.994,14889.4,0.6381,15004.9,62.08,1.8736,0.025821,78.8,True,physics_simulated_synthetic
BGW-006,124.91,1137.2,6.641,82.49,45.55,1.0,3162.2,3425.7,2.875,0.987,14875.2,0.7375,14756.5,69.82,1.5793,0.025624,155.16,True,physics_simulated_synthetic
BGW-006,621.01,487.9,7.986,120.17,56.76,1.0,3162.2,3425.7,2.875,0.902,14639.1,0.5956,14971.0,55.84,1.6078,0.03787,270.89,True,physics_simulated_synthetic
BGW-006,1649.82,529.8,3.948,87.55,39.46,1.0,3162.2,3425.7,2.875,0.997,14896.7,0.5471,15201.5,49.45,2.6518,0.028014,60.06,True,physics_simulated_synthetic
BGW-006,415.03,771.9,4.46,67.84,40.06,1.0,3162.2,3425.7,2.875,0.985,14861.1,0.6714,15080.8,65.49,1.9565,0.021534,70.69,True,physics_simulated_synthetic
BGW-006,62.97,1011.5,4.458,137.42,44.29,1.0,3162.2,3425.7,2.875,0.934,14717.6,0.8007,14809.0,80.39,1.4158,0.042839,194.25,True,physics_simulated_synthetic
BGW-006,14256.13,1136.3,7.239,104.9,35.32,1.0,3162.2,3425.7,2.875,0.952,14777.5,0.3724,15632.5,23.83,6.3227,0.034517,56.91,True,physics_simulated_synthetic
BGW-006,5331.5,288.3,7.709,68.01,39.74,1.0,3162.2,3425.7,2.875,0.983,14864.5,0.4255,15546.5,32.47,4.1009,0.022258,60.25,True,physics_simulated_synthetic
BGW-006,3422.69,280.0,4.621,111.13,39.07,1.0,3162.2,3425.7,2.875,0.905,14633.1,0.4807,15130.4,37.57,3.5082,0.035392,67.13,True,physics_simulated_synthetic
BGW-006,171.52,524.0,6.494,132.58,32.59,1.0,3162.2,3425.7,2.875,0.966,14819.6,0.7191,14912.3,71.33,2.1833,0.041616,178.23,True,physics_simulated_synthetic
BGW-006,4289.72,653.6,6.944,118.63,36.38,1.0,3162.2,3425.7,2.875,0.954,14784.7,0.4456,15278.7,35.63,4.0123,0.038154,95.09,True,physics_simulated_synthetic
BGW-006,52.22,348.5,7.477,91.27,33.67,1.0,3162.2,3425.7,2.875,0.989,14884.1,0.7661,14953.5,76.73,1.9704,0.02873,156.99,True,physics_simulated_synthetic
BGW-006,84.64,634.3,3.994,143.02,31.38,1.0,3162.2,3425.7,2.875,0.929,14702.5,0.7943,14988.5,81.55,1.9933,0.045123,130.18,True,physics_simulated_synthetic
BGW-006,29794.75,489.2,6.905,138.87,58.59,1.0,3162.2,3425.7,2.875,0.947,14767.5,0.3403,15741.8,14.54,6.2913,0.046015,72.73,True,physics_simulated_synthetic
BGW-006,2565.05,841.4,5.388,100.26,40.75,1.0,3162.2,3425.7,2.875,0.965,14807.8,0.4965,15223.3,44.12,2.8816,0.032127,86.51,True,physics_simulated_synthetic
BGW-006,2268.25,966.0,4.506,140.28,53.68,1.0,3162.2,3425.7,2.875,0.93,14707.1,0.5144,15117.9,44.17,2.17,0.04464,133.47,True,physics_simulated_synthetic
BGW-006,1737.16,587.2,7.025,128.65,45.03,1.0,3162.2,3425.7,2.875,0.903,14636.8,0.5139,14902.5,44.29,2.5439,0.040358,160.48,True,physics_simulated_synthetic
BGW-006,69.43,1033.4,4.246,127.72,48.12,1.0,3162.2,3425.7,2.875,0.987,14869.7,0.7997,14756.7,80.42,1.2978,0.039672,186.91,True,physics_simulated_synthetic
BGW-006,208.81,1015.4,3.35,128.69,39.29,1.0,3162.2,3425.7,2.875,0.926,14691.3,0.7455,14847.3,73.36,1.7534,0.040218,110.63,True,physics_simulated_synthetic
BGW-006,639.08,1137.7,6.136,82.8,32.43,1.0,3162.2,3425.7,2.875,0.901,14620.4,0.6121,14992.4,56.77,2.772,0.026131,83.3,True,physics_simulated_synthetic
BGW-006,456.88,941.9,6.637,111.35,44.34,1.0,3162.2,3425.7,2.875,0.921,14684.8,0.6376,14594.8,62.09,1.8046,0.034207,181.16,True,physics_simulated_synthetic
BGW-006,21323.41,377.0,4.317,135.55,55.21,1.0,3162.2,3425.7,2.875,0.928,14699.4,0.3716,15691.1,18.03,5.3662,0.04477,51.87,True,physics_simulated_synthetic
BGW-006,3941.67,232.5,5.83,66.56,30.39,1.0,3162.2,3425.7,2.875,0.902,14623.5,0.4603,15050.0,37.43,4.5035,0.021085,39.3,True,physics_simulated_synthetic
BGW-006,120.74,314.3,5.851,80.93,43.0,1.0,3162.2,3425.7,2.875,0.953,14771.4,0.7497,14725.4,76.38,1.5261,0.025085,138.49,True,physics_simulated_synthetic
BGW-006,131.6,642.1,6.685,112.29,53.56,1.0,3162.2,3425.7,2.875,0.961,14802.1,0.7338,14927.5,72.51,1.3082,0.035284,259.63,True,physics_simulated_synthetic
BGW-006,114.44,959.5,7.111,71.43,58.28,1.0,3162.2,3425.7,2.875,0.935,14722.1,0.7366,14667.8,72.99,1.1736,0.022055,192.42,True,physics_simulated_synthetic
BGW-006,9270.53,211.1,2.875,69.99,37.09,1.0,3162.2,3425.7,2.875,0.925,14685.5,0.4273,15308.1,31.65,4.438,0.022554,21.04,True,physics_simulated_synthetic
BGW-006,2590.76,706.7,6.23,116.65,35.53,1.0,3162.2,3425.7,2.875,0.938,14735.7,0.4884,15239.7,42.01,3.4753,0.037422,96.6,True,physics_simulated_synthetic
BGW-006,510.85,445.3,7.167,90.93,47.23,1.0,3162.2,3425.7,2.875,0.997,14906.0,0.6217,14935.1,61.25,1.7573,0.028587,167.89,True,physics_simulated_synthetic
BGW-006,1200.87,1061.3,5.006,70.97,31.33,1.0,3162.2,3425.7,2.875,0.92,14673.8,0.5652,14820.2,51.63,3.1191,0.022141,51.17,True,physics_simulated_synthetic
BGW-006,599.66,1129.3,3.869,132.57,33.91,1.0,3162.2,3425.7,2.875,0.98,14849.2,0.6435,14896.7,60.65,2.4653,0.041571,93.94,True,physics_simulated_synthetic
BGW-006,24931.13,485.0,5.383,112.02,46.42,1.0,3162.2,3425.7,2.875,0.946,14755.7,0.3574,15847.7,12.97,8.9591,0.037368,32.33,True,physics_simulated_synthetic
BGW-006,357.56,269.8,2.802,64.2,46.64,1.0,3162.2,3425.7,2.875,0.966,14803.5,0.7061,15109.2,68.77,1.6032,0.020419,51.38,True,physics_simulated_synthetic
BGW-006,12990.46,684.2,3.67,66.75,58.9,1.0,3162.2,3425.7,2.875,0.941,14732.6,0.4017,15555.0,24.86,3.6156,0.021856,31.94,True,physics_simulated_synthetic
BGW-006,14682.73,555.5,3.611,74.0,33.29,1.0,3162.2,3425.7,2.875,0.907,14633.1,0.3955,15373.7,20.96,7.5013,0.023946,16.6,True,physics_simulated_synthetic
BGW-006,7721.44,316.6,2.761,103.53,47.28,1.0,3162.2,3425.7,2.875,0.976,14835.3,0.4396,15630.9,31.0,3.63,0.034065,37.31,True,physics_simulated_synthetic
BGW-006,591.44,206.3,4.146,67.04,51.32,1.0,3162.2,3425.7,2.875,0.984,14857.5,0.6416,15047.8,64.18,1.555,0.021236,81.53,True,physics_simulated_synthetic
BGW-006,2636.77,929.6,7.16,81.57,39.79,1.0,3162.2,3425.7,2.875,0.928,14702.6,0.4793,14965.6,39.83,3.2145,0.025695,82.41,True,physics_simulated_synthetic
BGW-006,60.68,925.6,6.206,139.64,37.11,1.0,3162.2,3425.7,2.875,0.985,14875.2,0.7777,14789.4,79.73,1.7014,0.043472,228.36,True,physics_simulated_synthetic
BGW-006,187.6,860.0,2.566,89.6,50.53,1.0,3162.2,3425.7,2.875,0.909,14637.1,0.7647,14570.4,73.6,1.3335,0.027481,76.15,True,physics_simulated_synthetic
BGW-006,447.4,882.8,2.832,132.97,39.23,1.0,3162.2,3425.7,2.875,0.936,14720.2,0.6844,14709.2,65.5,1.9485,0.04117,86.16,True,physics_simulated_synthetic
BGW-006,1221.46,227.7,6.277,141.59,41.2,1.0,3162.2,3425.7,2.875,0.952,14779.9,0.5512,15179.6,50.39,2.4885,0.045243,164.33,True,physics_simulated_synthetic
BGW-006,129.68,716.3,5.23,93.08,32.46,1.0,3162.2,3425.7,2.875,0.941,14737.7,0.7536,14622.8,74.24,2.0653,0.02865,104.46,True,physics_simulated_synthetic
BGW-006,4063.56,717.5,3.075,116.07,37.26,1.0,3162.2,3425.7,2.875,0.926,14688.5,0.4813,15229.7,35.38,3.9325,0.03721,41.91,True,physics_simulated_synthetic
BGW-006,152.42,781.7,5.804,68.62,34.25,1.0,3162.2,3425.7,2.875,0.997,14899.5,0.7358,14951.9,72.75,2.0422,0.021597,88.39,True,physics_simulated_synthetic
BGW-006,10753.07,1084.9,4.667,122.86,35.29,1.0,3162.2,3425.7,2.875,0.978,14845.5,0.405,15676.0,29.0,5.214,0.040543,52.26,True,physics_simulated_synthetic
BGW-006,18644.47,466.0,6.855,121.08,53.34,1.0,3162.2,3425.7,2.875,0.991,14892.8,0.3617,15715.8,19.35,5.1838,0.040055,76.28,True,physics_simulated_synthetic
BGW-006,1216.07,1072.0,3.808,80.44,35.3,1.0,3162.2,3425.7,2.875,0.993,14885.9,0.5763,15176.4,52.53,2.7854,0.025698,50.59,True,physics_simulated_synthetic
BGW-007,771.84,205.7,2.715,117.44,32.94,0.75,2915.5,4728.5,2.375,0.958,11344.0,0.6237,11457.5,61.62,1.9216,0.028323,57.63,True,physics_simulated_synthetic
BGW-007,665.55,529.7,7.973,83.44,46.45,0.75,2915.5,4728.5,2.375,0.95,11307.5,0.5686,11576.1,54.59,1.554,0.020332,150.22,True,physics_simulated_synthetic
BGW-007,13726.67,893.7,3.667,74.32,47.18,0.75,2915.5,4728.5,2.375,0.922,11147.9,0.3916,11821.8,20.87,4.0858,0.018494,23.9,True,physics_simulated_synthetic
BGW-007,19850.71,758.4,2.564,66.08,50.38,0.75,2915.5,4728.5,2.375,0.952,11310.4,0.3824,12005.7,20.99,3.8642,0.016699,15.95,True,physics_simulated_synthetic
BGW-007,378.29,650.1,6.699,83.79,56.59,0.75,2915.5,4728.5,2.375,0.925,11171.9,0.6338,11265.7,61.45,1.1027,0.01987,173.83,True,physics_simulated_synthetic
BGW-007,1060.36,612.8,5.533,84.84,51.01,0.75,2915.5,4728.5,2.375,0.913,11102.6,0.5565,11203.8,52.92,1.4128,0.020008,112.84,True,physics_simulated_synthetic
BGW-007,85.2,481.5,3.993,70.01,48.87,0.75,2915.5,4728.5,2.375,1.0,11565.5,0.7787,11766.9,79.77,1.0273,0.017341,97.05,True,physics_simulated_synthetic
BGW-007,111.05,795.1,3.199,112.04,47.64,0.75,2915.5,4728.5,2.375,0.918,11125.9,0.7788,11160.6,77.68,1.0264,0.026323,118.15,True,physics_simulated_synthetic
BGW-007,15158.31,1087.7,3.117,104.99,44.48,0.75,2915.5,4728.5,2.375,0.918,11127.6,0.3912,11761.5,23.22,3.8764,0.025994,30.1,True,physics_simulated_synthetic
BGW-007,33785.56,1021.9,3.1,81.0,48.74,0.75,2915.5,4728.5,2.375,0.929,11184.7,0.353,11766.6,16.84,4.8806,0.020064,18.35,True,physics_simulated_synthetic
BGW-007,1555.36,216.9,6.446,80.95,35.76,0.75,2915.5,4728.5,2.375,0.994,11542.3,0.5128,11717.4,46.57,2.3946,0.019967,77.4,True,physics_simulated_synthetic
BGW-007,50.98,1167.0,7.858,105.21,40.27,0.75,2915.5,4728.5,2.375,0.979,11470.7,0.7353,11393.9,75.48,1.276,0.025233,223.75,True,physics_simulated_synthetic
BGW-007,250.62,494.8,3.465,88.01,49.46,0.75,2915.5,4728.5,2.375,0.901,11033.9,0.7166,10893.3,71.83,1.0435,0.02018,96.49,True,physics_simulated_synthetic
BGW-007,2419.87,834.1,3.466,83.45,37.93,0.75,2915.5,4728.5,2.375,0.994,11535.7,0.5099,11622.1,43.08,2.4205,0.020416,42.1,True,physics_simulated_synthetic
BGW-007,13303.18,730.6,7.084,143.0,37.71,0.75,2915.5,4728.5,2.375,0.924,11175.5,0.3649,11740.5,22.34,4.7433,0.035341,76.01,True,physics_simulated_synthetic
BGW-007,16785.14,999.7,5.085,135.66,36.65,0.75,2915.5,4728.5,2.375,0.943,11270.3,0.3692,11869.4,18.8,5.8639,0.033896,42.33,True,physics_simulated_synthetic
BGW-007,2142.94,927.2,2.537,86.33,43.79,0.75,2915.5,4728.5,2.375,0.937,11228.6,0.5313,11490.1,47.79,1.8685,0.020879,40.82,True,physics_simulated_synthetic
BGW-007,4185.92,643.5,2.519,86.64,52.08,0.75,2915.5,4728.5,2.375,0.987,11498.4,0.478,11985.3,36.4,2.1516,0.021857,36.85,True,physics_simulated_synthetic
BGW-007,23658.23,350.6,3.117,112.82,31.65,0.75,2915.5,4728.5,2.375,0.936,11224.9,0.369,12007.6,18.41,7.0124,0.028515,18.25,True,physics_simulated_synthetic
BGW-007,5237.71,274.2,3.867,77.44,39.38,0.75,2915.5,4728.5,2.375,0.924,11162.6,0.4478,11574.1,34.49,2.9002,0.018867,36.23,True,physics_simulated_synthetic
BGW-007,823.12,646.9,7.016,117.84,40.54,0.75,2915.5,4728.5,2.375,0.904,11065.4,0.5613,11174.5,53.83,1.743,0.027719,160.66,True,physics_simulated_synthetic
BGW-007,7344.83,621.2,6.123,99.36,35.24,0.75,2915.5,4728.5,2.375,0.985,11495.6,0.4051,11902.1,25.64,4.4831,0.024893,48.96,True,physics_simulated_synthetic
BGW-007,9694.02,724.4,5.887,88.87,55.03,0.75,2915.5,4728.5,2.375,0.959,11352.5,0.3912,11757.7,24.22,3.0028,0.021996,62.1,True,physics_simulated_synthetic
BGW-007,977.5,287.3,7.958,113.12,30.89,0.75,2915.5,4728.5,2.375,0.924,11176.1,0.5355,11295.0,50.27,2.476,0.026896,124.47,True,physics_simulated_synthetic
BGW-007,6683.73,1112.7,7.495,128.26,54.09,0.75,2915.5,4728.5,2.375,0.942,11273.8,0.399,11769.3,25.82,2.8688,0.031776,119.55,True,physics_simulated_synthetic
BGW-007,6071.86,392.5,5.875,132.59,59.23,0.75,2915.5,4728.5,2.375,0.971,11420.6,0.4189,11977.7,31.46,2.1876,0.03343,129.28,True,physics_simulated_synthetic
BGW-007,465.46,504.6,6.445,71.95,39.06,0.75,2915.5,4728.5,2.375,0.962,11369.9,0.6192,11498.2,58.53,1.7119,0.017415,94.41,True,physics_simulated_synthetic
BGW-007,1409.71,587.8,5.151,74.14,47.62,0.75,2915.5,4728.5,2.375,0.905,11058.9,0.5359,11299.9,46.57,1.7344,0.017635,75.43,True,physics_simulated_synthetic
BGW-007,15997.77,826.3,5.531,90.22,39.96,0.75,2915.5,4728.5,2.375,0.969,11407.3,0.368,12005.6,17.03,6.0046,0.022801,30.24,True,physics_simulated_synthetic
BGW-007,18885.85,700.5,2.99,102.27,38.74,0.75,2915.5,4728.5,2.375,0.916,11118.8,0.3811,11736.7,19.32,5.3387,0.025267,20.38,True,physics_simulated_synthetic
BGW-007,9625.93,336.3,3.074,109.23,40.06,0.75,2915.5,4728.5,2.375,0.902,11041.2,0.417,11289.4,28.29,3.3912,0.025957,33.88,True,physics_simulated_synthetic
BGW-007,20978.88,1141.8,3.889,121.13,30.8,0.75,2915.5,4728.5,2.375,0.957,11342.0,0.3682,12056.2,19.12,6.9684,0.03074,24.71,True,physics_simulated_synthetic
BGW-007,2217.26,755.4,6.383,91.93,40.19,0.75,2915.5,4728.5,2.375,0.945,11279.0,0.4848,11629.2,38.7,2.545,0.022503,81.27,True,physics_simulated_synthetic
BGW-007,1445.47,682.7,2.638,113.19,30.57,0.75,2915.5,4728.5,2.375,0.934,11215.6,0.565,11446.0,50.04,2.5469,0.027272,40.68,True,physics_simulated_synthetic
BGW-007,775.31,1010.7,5.861,82.15,45.92,0.75,2915.5,4728.5,2.375,0.941,11253.0,0.5808,11233.8,52.98,1.5715,0.019427,104.33,True,physics_simulated_synthetic
BGW-007,167.4,609.4,6.358,81.75,38.56,0.75,2915.5,4728.5,2.375,0.91,11092.3,0.7013,11171.1,71.5,1.3789,0.019224,127.65,True,physics_simulated_synthetic
BGW-007,2076.8,365.1,2.652,138.43,58.25,0.75,2915.5,4728.5,2.375,0.95,11298.3,0.5325,11544.4,46.46,1.4522,0.03364,88.46,True,physics_simulated_synthetic
BGW-007,9839.1,441.0,6.05,82.69,59.01,0.75,2915.5,4728.5,2.375,0.99,11516.3,0.389,12198.0,25.15,2.7983,0.021233,66.11,True,physics_simulated_synthetic
BGW-007,4367.07,693.6,6.523,76.31,59.01,0.75,2915.5,4728.5,2.375,0.937,11237.6,0.4343,11475.3,33.38,1.983,0.018434,87.31,True,physics_simulated_synthetic
BGW-007,6403.66,265.7,3.261,114.04,30.04,0.75,2915.5,4728.5,2.375,0.907,11068.9,0.4405,11465.8,34.18,3.8018,0.027524,33.99,True,physics_simulated_synthetic
BGW-007,115.07,670.0,6.266,122.3,46.17,0.75,2915.5,4728.5,2.375,0.958,11350.1,0.7255,11333.7,72.35,1.1548,0.029177,227.95,True,physics_simulated_synthetic
BGW-007,476.22,340.3,2.707,84.16,49.19,0.75,2915.5,4728.5,2.375,0.999,11561.3,0.6708,11514.2,65.36,1.2189,0.020398,65.23,True,physics_simulated_synthetic
BGW-007,2614.72,670.6,7.729,131.81,50.28,0.75,2915.5,4728.5,2.375,0.917,11141.7,0.4589,11358.0,37.12,2.0711,0.031514,169.35,True,physics_simulated_synthetic
BGW-007,78.78,967.3,6.679,78.54,50.66,0.75,2915.5,4728.5,2.375,0.984,11485.0,0.7376,11317.2,73.85,1.0297,0.01871,174.77,True,physics_simulated_synthetic
BGW-007,21400.94,904.6,5.896,84.3,51.37,0.75,2915.5,4728.5,2.375,0.963,11373.9,0.3513,12207.2,17.17,4.7104,0.021662,39.05,True,physics_simulated_synthetic
BGW-007,1186.95,465.2,5.257,122.4,39.34,0.75,2915.5,4728.5,2.375,0.927,11184.6,0.5498,11258.9,48.47,2.0096,0.029009,109.28,True,physics_simulated_synthetic
BGW-007,5607.06,294.3,7.848,112.23,50.52,0.75,2915.5,4728.5,2.375,0.971,11428.9,0.4066,11903.7,30.63,2.6183,0.028122,121.38,True,physics_simulated_synthetic
BGW-007,270.55,1073.8,3.993,115.74,48.26,0.75,2915.5,4728.5,2.375,0.902,11042.6,0.7017,11072.0,67.34,1.1597,0.026976,133.74,True,physics_simulated_synthetic
BGW-007,29398.1,1077.1,5.019,124.98,48.55,0.75,2915.5,4728.5,2.375,0.999,11566.1,0.344,12187.7,13.17,6.4899,0.032063,35.71,True,physics_simulated_synthetic
BGW-007,81.83,659.6,7.186,106.53,33.75,0.75,2915.5,4728.5,2.375,0.995,11549.5,0.7281,11464.7,70.67,1.6364,0.025708,162.58,True,physics_simulated_synthetic
BGW-007,11293.7,519.9,3.214,116.04,56.34,0.75,2915.5,4728.5,2.375,0.943,11261.9,0.4064,11877.1,25.29,2.8376,0.02901,47.32,True,physics_simulated_synthetic
BGW-007,435.23,585.2,6.823,86.13,36.99,0.75,2915.5,4728.5,2.375,0.92,11146.7,0.62,11279.7,59.78,1.7365,0.020451,115.72,True,physics_simulated_synthetic
BGW-007,85.42,669.7,4.448,116.99,59.13,0.75,2915.5,4728.5,2.375,0.944,11268.4,0.7706,11331.6,76.24,0.8556,0.027905,208.9,True,physics_simulated_synthetic
BGW-007,58.3,732.6,3.945,87.18,45.5,0.75,2915.5,4728.5,2.375,0.929,11188.0,0.7956,11273.5,76.46,1.1031,0.020687,106.54,True,physics_simulated_synthetic
BGW-007,5610.87,546.1,6.101,81.65,54.04,0.75,2915.5,4728.5,2.375,0.933,11214.2,0.4218,11502.9,29.77,2.4342,0.01977,71.35,True,physics_simulated_synthetic
BGW-007,2813.68,365.1,3.41,119.12,58.0,0.75,2915.5,4728.5,2.375,0.931,11196.8,0.4984,11480.8,40.78,1.6524,0.028788,85.55,True,physics_simulated_synthetic
BGW-007,4380.76,747.8,7.161,92.96,30.71,0.75,2915.5,4728.5,2.375,0.978,11456.2,0.4282,11905.9,31.73,4.1587,0.023297,57.76,True,physics_simulated_synthetic
BGW-007,143.13,373.5,4.757,112.36,34.47,0.75,2915.5,4728.5,2.375,0.976,11442.6,0.7367,11387.7,75.4,1.4912,0.026934,123.73,True,physics_simulated_synthetic
BGW-007,164.25,926.3,6.364,121.44,57.04,0.75,2915.5,4728.5,2.375,0.995,11550.9,0.7025,11491.2,72.72,0.9428,0.029374,285.5,True,physics_simulated_synthetic
BGW-007,21016.01,625.2,4.265,141.98,50.98,0.75,2915.5,4728.5,2.375,0.965,11386.2,0.365,12154.1,16.21,5.0061,0.036323,44.56,True,physics_simulated_synthetic
BGW-007,8077.35,219.9,7.377,136.61,36.0,0.75,2915.5,4728.5,2.375,0.916,11132.6,0.389,11589.3,25.9,4.2298,0.033325,83.7,True,physics_simulated_synthetic
BGW-007,2936.53,665.5,5.424,138.3,39.81,0.75,2915.5,4728.5,2.375,0.941,11259.5,0.4732,11643.1,37.22,2.6743,0.033895,99.0,True,physics_simulated_synthetic
BGW-007,8760.45,931.5,3.511,69.66,38.58,0.75,2915.5,4728.5,2.375,0.931,11198.6,0.4185,11817.2,25.91,4.0239,0.017329,21.77,True,physics_simulated_synthetic
BGW-007,227.89,204.5,7.429,122.94,55.02,0.75,2915.5,4728.5,2.375,0.999,11577.9,0.6642,11568.5,63.72,1.1231,0.029937,285.14,True,physics_simulated_synthetic
BGW-007,967.62,470.6,7.437,95.46,40.65,0.75,2915.5,4728.5,2.375,0.906,11073.5,0.5422,11134.6,50.77,1.8364,0.022375,130.49,True,physics_simulated_synthetic
BGW-007,11922.97,631.0,6.114,87.05,43.9,0.75,2915.5,4728.5,2.375,0.99,11521.4,0.3782,12311.1,21.87,4.3651,0.022557,45.5,True,physics_simulated_synthetic
BGW-007,1924.23,1122.5,4.929,126.77,37.01,0.75,2915.5,4728.5,2.375,0.997,11557.0,0.512,11891.9,44.76,2.4434,0.031733,92.18,True,physics_simulated_synthetic
BGW-007,866.38,502.1,6.954,80.51,42.59,0.75,2915.5,4728.5,2.375,0.92,11147.5,0.5575,10923.0,53.94,1.6186,0.018511,114.52,True,physics_simulated_synthetic
BGW-007,2221.76,621.3,7.673,93.06,39.12,0.75,2915.5,4728.5,2.375,0.941,11264.0,0.4716,11943.6,38.7,2.6849,0.023396,96.28,True,physics_simulated_synthetic
BGW-007,99.0,909.0,5.444,138.96,44.84,0.75,2915.5,4728.5,2.375,0.944,11277.5,0.7466,11427.7,73.92,1.1737,0.033427,223.28,True,physics_simulated_synthetic
BGW-007,8892.94,1152.8,3.44,92.71,48.84,0.75,2915.5,4728.5,2.375,0.945,11273.7,0.4182,11843.0,31.25,2.6411,0.023112,43.35,True,physics_simulated_synthetic
BGW-007,31716.28,749.5,3.849,124.47,30.11,0.75,2915.5,4728.5,2.375,0.917,11125.1,0.3498,11862.3,12.27,10.9304,0.031081,15.76,True,physics_simulated_synthetic
BGW-007,779.95,307.5,3.461,89.61,55.24,0.75,2915.5,4728.5,2.375,0.903,11045.6,0.6121,11008.9,56.22,1.2065,0.020766,85.77,True,physics_simulated_synthetic
BGW-007,21796.47,538.9,7.675,77.34,46.75,0.75,2915.5,4728.5,2.375,0.973,11433.6,0.3375,12135.6,15.53,5.6887,0.019756,38.38,True,physics_simulated_synthetic
BGW-007,187.79,317.6,3.701,109.79,32.18,0.75,2915.5,4728.5,2.375,0.923,11153.0,0.7354,11049.5,71.42,1.6365,0.025537,83.16,True,physics_simulated_synthetic
BGW-007,4820.62,1105.3,7.43,104.83,53.34,0.75,2915.5,4728.5,2.375,0.967,11404.4,0.4196,11961.7,28.47,2.6812,0.026395,105.32,True,physics_simulated_synthetic
BGW-007,619.69,583.2,5.078,70.66,44.68,0.75,2915.5,4728.5,2.375,0.913,11100.2,0.6115,11240.1,58.85,1.455,0.016717,84.02,True,physics_simulated_synthetic
BGW-007,1898.61,606.8,3.365,127.33,34.17,0.75,2915.5,4728.5,2.375,0.903,11050.7,0.5315,11402.1,47.81,2.3753,0.030561,62.35,True,physics_simulated_synthetic
BGW-007,4670.46,621.2,2.974,93.13,53.83,0.75,2915.5,4728.5,2.375,0.991,11516.9,0.4651,11958.5,35.68,2.119,0.023444,47.38,True,physics_simulated_synthetic
BGW-007,162.42,467.7,2.693,98.94,51.06,0.75,2915.5,4728.5,2.375,0.964,11374.9,0.7633,11434.6,78.24,0.9742,0.023816,94.82,True,physics_simulated_synthetic
BGW-007,50.91,1046.3,6.131,113.03,59.32,0.75,2915.5,4728.5,2.375,0.932,11208.2,0.7626,11010.9,75.6,0.8357,0.026198,276.78,True,physics_simulated_synthetic
BGW-007,1295.05,1062.6,3.164,66.94,41.36,0.75,2915.5,4728.5,2.375,0.973,11422.7,0.5682,11568.9,52.49,1.8136,0.016301,40.95,True,physics_simulated_synthetic
BGW-007,128.73,1041.5,3.462,137.53,47.85,0.75,2915.5,4728.5,2.375,0.977,11445.2,0.7653,11361.8,77.54,1.0422,0.032891,157.32,True,physics_simulated_synthetic
BGW-007,3288.56,829.1,4.756,115.81,40.14,0.75,2915.5,4728.5,2.375,0.925,11168.7,0.4717,11485.1,37.84,2.5739,0.027999,74.5,True,physics_simulated_synthetic
BGW-007,593.67,244.3,5.131,136.59,35.59,0.75,2915.5,4728.5,2.375,0.978,11454.9,0.6148,11626.0,59.51,1.8686,0.033427,132.18,True,physics_simulated_synthetic
BGW-007,252.64,269.8,5.851,90.95,40.96,0.75,2915.5,4728.5,2.375,0.92,11144.9,0.6789,11091.8,68.01,1.3553,0.021235,132.01,True,physics_simulated_synthetic
BGW-007,1570.8,574.4,6.179,83.35,52.75,0.75,2915.5,4728.5,2.375,0.922,11152.9,0.5149,11546.7,43.32,1.7199,0.02026,104.81,True,physics_simulated_synthetic
BGW-007,368.27,897.0,3.173,135.71,35.93,0.75,2915.5,4728.5,2.375,0.968,11394.4,0.6876,11502.0,65.66,1.6594,0.032857,90.47,True,physics_simulated_synthetic
BGW-007,1112.17,277.7,3.211,69.57,43.0,0.75,2915.5,4728.5,2.375,0.909,11080.8,0.5818,11333.2,54.21,1.6546,0.016597,46.38,True,physics_simulated_synthetic
BGW-007,144.95,1168.0,5.414,71.46,45.73,0.75,2915.5,4728.5,2.375,0.996,11544.8,0.7253,11508.1,72.56,1.1806,0.017311,114.33,True,physics_simulated_synthetic
BGW-007,4353.47,919.1,7.51,117.72,55.28,0.75,2915.5,4728.5,2.375,0.953,11327.8,0.4255,11723.4,32.36,2.2307,0.029049,140.83,True,physics_simulated_synthetic
BGW-007,55.62,218.6,5.046,132.72,40.99,0.75,2915.5,4728.5,2.375,0.977,11447.6,0.7779,11427.5,76.49,1.2405,0.031926,187.02,True,physics_simulated_synthetic
BGW-007,3955.05,724.7,5.074,79.41,31.79,0.75,2915.5,4728.5,2.375,0.933,11208.2,0.4551,11342.6,35.98,3.3752,0.018961,41.04,True,physics_simulated_synthetic
BGW-007,36992.97,783.8,7.103,67.93,39.11,0.75,2915.5,4728.5,2.375,0.935,11223.7,0.3197,11940.7,8.95,11.6056,0.017075,15.05,True,physics_simulated_synthetic
BGW-007,59.6,556.4,7.699,131.53,31.55,0.75,2915.5,4728.5,2.375,0.958,11358.2,0.7326,11395.5,72.39,1.6985,0.03155,205.95,True,physics_simulated_synthetic
BGW-007,1187.19,548.7,3.638,143.72,31.32,0.75,2915.5,4728.5,2.375,0.966,11389.1,0.57,11560.7,54.44,2.3081,0.034975,79.39,True,physics_simulated_synthetic
BGW-007,148.5,315.0,7.488,115.89,58.06,0.75,2915.5,4728.5,2.375,0.925,11180.3,0.6923,11129.9,65.46,0.9968,0.02715,293.72,True,physics_simulated_synthetic
BGW-007,17381.28,877.4,7.684,100.09,43.14,0.75,2915.5,4728.5,2.375,0.958,11356.2,0.3476,12184.2,19.18,5.0121,0.025672,56.68,True,physics_simulated_synthetic
BGW-007,694.22,805.8,5.961,71.88,39.95,0.75,2915.5,4728.5,2.375,0.97,11408.7,0.5895,11474.9,56.17,1.7404,0.017362,85.62,True,physics_simulated_synthetic
BGW-007,19507.05,368.0,6.644,73.36,56.49,0.75,2915.5,4728.5,2.375,0.95,11302.2,0.3499,11875.5,15.73,4.5492,0.018338,38.57,True,physics_simulated_synthetic
BGW-007,476.04,494.3,5.614,75.81,57.85,0.75,2915.5,4728.5,2.375,0.942,11257.2,0.6284,11343.9,60.73,1.099,0.018104,133.16,True,physics_simulated_synthetic
BGW-007,10835.43,380.8,7.138,82.53,57.64,0.75,2915.5,4728.5,2.375,0.966,11391.4,0.375,11976.8,24.91,2.8394,0.020807,75.32,True,physics_simulated_synthetic
BGW-007,436.37,1123.7,5.374,116.06,34.79,0.75,2915.5,4728.5,2.375,0.952,11316.9,0.6395,11569.2,59.95,1.8881,0.028264,115.84,True,physics_simulated_synthetic
BGW-007,517.83,1082.0,4.637,86.69,58.69,0.75,2915.5,4728.5,2.375,0.905,11062.4,0.6342,11023.9,60.96,1.0489,0.020118,128.06,True,physics_simulated_synthetic
BGW-007,121.9,1182.7,5.504,87.99,30.22,0.75,2915.5,4728.5,2.375,0.911,11095.2,0.7343,11086.1,73.2,1.7061,0.020533,95.38,True,physics_simulated_synthetic
BGW-007,12908.56,1023.0,3.547,128.46,41.71,0.75,2915.5,4728.5,2.375,0.961,11360.9,0.396,12017.9,24.19,4.054,0.032498,40.95,True,physics_simulated_synthetic
BGW-007,120.94,764.4,4.678,82.37,44.39,0.75,2915.5,4728.5,2.375,0.964,11374.6,0.7483,11537.3,74.59,1.1861,0.020005,113.61,True,physics_simulated_synthetic
BGW-007,5540.54,392.7,4.279,95.58,35.68,0.75,2915.5,4728.5,2.375,0.957,11339.3,0.4399,11677.4,33.46,3.3293,0.023494,43.48,True,physics_simulated_synthetic
BGW-007,134.02,456.0,5.515,96.92,56.91,0.75,2915.5,4728.5,2.375,0.981,11471.9,0.7285,11443.0,72.84,0.9397,0.023345,197.3,True,physics_simulated_synthetic
BGW-007,89.96,611.3,7.217,125.52,36.77,0.75,2915.5,4728.5,2.375,0.908,11090.2,0.7234,10971.1,72.17,1.4072,0.028987,214.08,True,physics_simulated_synthetic
BGW-007,671.46,383.1,6.123,142.45,41.72,0.75,2915.5,4728.5,2.375,0.99,11524.8,0.5905,11684.6,55.46,1.719,0.035036,179.69,True,physics_simulated_synthetic
BGW-007,1077.41,645.8,4.579,71.62,42.51,0.75,2915.5,4728.5,2.375,0.992,11523.6,0.5669,11634.3,52.15,1.7863,0.017539,64.74,True,physics_simulated_synthetic
BGW-007,3644.29,585.3,3.268,129.66,31.47,0.75,2915.5,4728.5,2.375,0.983,11476.1,0.48,12088.6,37.08,3.5266,0.032992,44.02,True,physics_simulated_synthetic
BGW-007,76.06,988.8,7.192,109.21,47.09,0.75,2915.5,4728.5,2.375,0.919,11144.9,0.7311,11226.9,70.96,1.1436,0.025808,233.7,True,physics_simulated_synthetic
BGW-007,37016.65,428.3,5.557,134.08,30.3,0.75,2915.5,4728.5,2.375,0.904,11059.5,0.3304,11907.6,14.67,9.118,0.033608,29.5,True,physics_simulated_synthetic
BGW-007,155.79,729.1,3.772,129.2,48.56,0.75,2915.5,4728.5,2.375,0.96,11354.6,0.7475,11589.6,74.15,1.0956,0.03152,156.28,True,physics_simulated_synthetic
BGW-007,6312.0,236.4,4.328,128.42,42.84,0.75,2915.5,4728.5,2.375,0.904,11058.7,0.4309,11679.7,31.94,2.905,0.031574,67.73,True,physics_simulated_synthetic
BGW-007,324.04,304.0,6.933,97.65,31.49,0.75,2915.5,4728.5,2.375,0.981,11473.0,0.6436,11538.8,61.54,2.0269,0.023719,116.82,True,physics_simulated_synthetic
BGW-007,21522.18,665.5,5.693,66.5,56.33,0.75,2915.5,4728.5,2.375,0.923,11156.3,0.3526,11931.3,17.14,4.2063,0.016703,32.55,True,physics_simulated_synthetic
BGW-007,91.72,342.5,5.216,106.81,50.58,0.75,2915.5,4728.5,2.375,0.958,11346.2,0.7542,11293.7,75.8,1.0028,0.025391,190.2,True,physics_simulated_synthetic
BGW-007,6891.37,684.1,6.388,72.01,40.31,0.75,2915.5,4728.5,2.375,0.987,11504.6,0.4066,11752.2,24.57,4.0386,0.017815,40.58,True,physics_simulated_synthetic
BGW-007,227.65,368.6,7.933,97.45,37.97,0.75,2915.5,4728.5,2.375,0.938,11250.3,0.6573,11322.8,65.33,1.5536,0.023225,170.78,True,physics_simulated_synthetic
BGW-007,14965.09,298.0,7.677,132.44,59.86,0.75,2915.5,4728.5,2.375,0.948,11306.8,0.3547,11965.0,18.2,3.739,0.033356,98.62,True,physics_simulated_synthetic
BGW-007,3651.63,935.4,7.605,75.76,56.0,0.75,2915.5,4728.5,2.375,0.96,11360.1,0.4364,11685.9,33.7,2.1079,0.018637,96.83,True,physics_simulated_synthetic
BGW-007,1863.68,957.9,6.086,88.58,30.05,0.75,2915.5,4728.5,2.375,0.983,11482.4,0.5018,11761.1,45.09,2.9542,0.02193,65.05,True,physics_simulated_synthetic
BGW-007,4257.94,752.1,3.894,120.23,30.74,0.75,2915.5,4728.5,2.375,0.905,11059.1,0.4619,11465.7,37.57,3.3791,0.029017,48.15,True,physics_simulated_synthetic
BGW-007,1590.19,242.7,6.319,116.44,50.72,0.75,2915.5,4728.5,2.375,0.975,11443.7,0.5124,11671.8,45.11,1.7363,0.028609,149.92,True,physics_simulated_synthetic
BGW-007,1099.3,661.7,7.235,120.93,48.66,0.75,2915.5,4728.5,2.375,0.965,11396.0,0.5335,11640.7,46.12,1.7656,0.029631,174.85,True,physics_simulated_synthetic
BGW-007,4241.77,405.5,7.122,95.09,39.45,0.75,2915.5,4728.5,2.375,0.953,11326.3,0.4307,11749.3,31.85,3.1831,0.023517,75.77,True,physics_simulated_synthetic
BGW-007,65.27,200.8,7.41,65.67,36.24,0.75,2915.5,4728.5,2.375,0.983,11483.0,0.7338,11560.8,72.57,1.496,0.015981,113.98,True,physics_simulated_synthetic
BGW-007,5547.66,762.9,5.656,134.47,48.38,0.75,2915.5,4728.5,2.375,0.946,11285.5,0.4266,11631.4,31.24,2.6199,0.032923,102.36,True,physics_simulated_synthetic
BGW-007,36503.36,548.5,3.098,137.93,56.37,0.75,2915.5,4728.5,2.375,0.942,11259.9,0.3497,12211.9,11.76,6.271,0.035455,25.22,True,physics_simulated_synthetic
BGW-007,33185.89,735.6,3.225,114.35,45.85,0.75,2915.5,4728.5,2.375,0.974,11428.8,0.3528,12186.9,12.91,7.0059,0.029334,19.44,True,physics_simulated_synthetic
BGW-007,6489.93,1040.3,6.675,113.24,37.73,0.75,2915.5,4728.5,2.375,0.906,11073.8,0.4077,11258.2,31.72,3.2023,0.026835,80.54,True,physics_simulated_synthetic
BGW-007,1202.69,268.8,5.465,93.26,44.62,0.75,2915.5,4728.5,2.375,0.994,11538.9,0.5461,11668.3,50.18,1.7738,0.022905,101.63,True,physics_simulated_synthetic
BGW-007,212.16,1172.4,6.869,103.06,37.94,0.75,2915.5,4728.5,2.375,0.911,11097.5,0.6773,11211.6,65.93,1.5256,0.024322,157.7,True,physics_simulated_synthetic
BGW-007,1109.84,1160.8,3.291,103.42,30.41,0.75,2915.5,4728.5,2.375,0.925,11166.0,0.5809,11526.8,55.61,2.3199,0.025093,51.26,True,physics_simulated_synthetic
BGW-007,306.02,443.8,6.973,133.27,50.03,0.75,2915.5,4728.5,2.375,0.988,11517.1,0.6477,11838.8,63.91,1.2602,0.033211,264.6,True,physics_simulated_synthetic
BGW-007,4310.73,422.8,4.435,69.84,50.47,0.75,2915.5,4728.5,2.375,0.977,11445.2,0.4555,11894.5,37.32,2.1497,0.017486,51.95,True,physics_simulated_synthetic
BGW-007,9087.55,543.9,2.952,94.58,49.86,0.75,2915.5,4728.5,2.375,0.933,11208.6,0.4216,11783.4,28.41,2.832,0.023459,35.21,True,physics_simulated_synthetic
BGW-007,4692.51,850.2,7.105,117.23,40.45,0.75,2915.5,4728.5,2.375,0.956,11344.8,0.4242,11734.7,30.22,3.2676,0.028958,90.67,True,physics_simulated_synthetic
BGW-007,28123.75,684.0,4.78,81.5,37.67,0.75,2915.5,4728.5,2.375,0.987,11502.0,0.3477,12338.4,12.92,8.6318,0.021167,16.88,True,physics_simulated_synthetic
BGW-007,1340.67,214.8,5.179,139.03,34.54,0.75,2915.5,4728.5,2.375,0.956,11341.2,0.54,11507.6,45.85,2.4739,0.033677,101.52,True,physics_simulated_synthetic
BGW-007,13310.99,243.6,4.443,97.57,42.68,0.75,2915.5,4728.5,2.375,0.946,11281.7,0.3864,11842.9,19.64,4.8093,0.024322,32.36,True,physics_simulated_synthetic
BGW-007,952.89,494.5,3.28,78.29,30.08,0.75,2915.5,4728.5,2.375,0.904,11054.6,0.5954,11220.1,58.98,2.1526,0.018491,40.57,True,physics_simulated_synthetic
BGW-007,74.94,868.0,4.184,72.51,51.05,0.75,2915.5,4728.5,2.375,0.914,11104.5,0.7812,11064.6,77.6,0.9506,0.016887,107.03,True,physics_simulated_synthetic
BGW-007,4309.24,727.7,6.909,104.22,47.78,0.75,2915.5,4728.5,2.375,0.945,11283.5,0.4316,11483.0,32.18,2.5414,0.025191,98.61,True,physics_simulated_synthetic
BGW-007,13554.64,359.2,6.336,96.1,33.43,0.75,2915.5,4728.5,2.375,0.921,11150.4,0.3698,11721.1,21.79,5.4778,0.023712,39.49,True,physics_simulated_synthetic
BGW-007,23974.5,588.3,7.899,135.82,44.71,0.75,2915.5,4728.5,2.375,0.977,11463.3,0.3318,12121.3,16.19,5.699,0.034656,69.17,True,physics_simulated_synthetic
BGW-007,558.45,220.4,7.012,85.93,42.59,0.75,2915.5,4728.5,2.375,0.933,11215.2,0.5957,11182.6,59.88,1.4925,0.020227,136.85,True,physics_simulated_synthetic
BGW-007,12504.95,283.5,6.696,119.17,33.63,0.75,2915.5,4728.5,2.375,0.908,11085.8,0.3711,11870.7,19.72,6.0935,0.029777,47.12,True,physics_simulated_synthetic
BGW-007,2853.01,1159.4,7.338,73.74,31.64,0.75,2915.5,4728.5,2.375,0.936,11234.1,0.4563,11567.0,39.1,3.1829,0.017954,59.61,True,physics_simulated_synthetic
BGW-007,487.54,617.7,5.79,127.88,59.31,0.75,2915.5,4728.5,2.375,0.938,11243.5,0.6238,11525.7,61.52,1.075,0.031026,240.62,True,physics_simulated_synthetic
BGW-007,11800.44,288.8,2.974,106.22,48.16,0.75,2915.5,4728.5,2.375,0.994,11534.7,0.4062,12139.8,25.09,3.4197,0.027143,33.99,True,physics_simulated_synthetic
BGW-007,26334.39,850.0,7.725,97.61,49.22,0.75,2915.5,4728.5,2.375,0.963,11378.9,0.3291,12152.3,9.52,8.8253,0.024969,31.47,True,physics_simulated_synthetic
BGW-007,243.67,897.1,7.673,123.91,56.46,0.75,2915.5,4728.5,2.375,0.964,11392.0,0.6559,11460.7,63.47,1.0886,0.029893,303.38,True,physics_simulated_synthetic
BGW-007,39480.64,752.2,3.773,85.74,32.61,0.75,2915.5,4728.5,2.375,0.948,11289.4,0.3411,12133.6,11.57,10.9464,0.021898,10.87,True,physics_simulated_synthetic
BGW-007,10006.5,641.0,5.107,113.1,51.2,0.75,2915.5,4728.5,2.375,0.981,11470.4,0.3962,11984.2,26.18,3.0437,0.028532,68.94,True,physics_simulated_synthetic
BGW-007,9569.55,352.5,5.182,111.01,49.78,0.75,2915.5,4728.5,2.375,0.908,11080.8,0.398,11585.7,24.75,3.2013,0.027072,63.1,True,physics_simulated_synthetic
BGW-007,16377.38,801.1,3.797,131.08,57.01,0.75,2915.5,4728.5,2.375,0.916,11120.0,0.3812,11504.4,21.27,3.229,0.031742,53.75,True,physics_simulated_synthetic
BGW-008,22568.64,245.7,3.864,111.84,50.75,1.0,4698.3,3128.8,2.875,0.955,19521.8,0.3629,20658.9,18.63,7.437,0.048634,36.39,True,physics_simulated_synthetic
BGW-008,157.79,1179.7,7.769,117.49,43.1,1.0,4698.3,3128.8,2.875,0.979,19586.0,0.6773,19641.5,66.07,2.3473,0.048577,231.51,True,physics_simulated_synthetic
BGW-008,6864.73,706.1,6.253,69.96,52.14,1.0,4698.3,3128.8,2.875,0.984,19577.6,0.4044,20242.4,26.92,4.9091,0.029808,54.67,True,physics_simulated_synthetic
BGW-008,145.33,1151.7,2.666,143.68,58.96,1.0,4698.3,3128.8,2.875,0.923,19461.0,0.7683,19436.6,75.54,1.4853,0.058784,151.93,True,physics_simulated_synthetic
BGW-008,8530.67,811.4,3.397,140.85,54.12,1.0,4698.3,3128.8,2.875,0.958,19527.2,0.419,20550.2,29.17,4.4299,0.06093,67.28,True,physics_simulated_synthetic
BGW-008,2158.42,879.7,6.159,109.47,36.75,1.0,4698.3,3128.8,2.875,0.975,19566.6,0.485,19961.8,43.65,4.235,0.045998,96.33,True,physics_simulated_synthetic
BGW-008,6147.93,248.7,7.295,64.05,46.92,1.0,4698.3,3128.8,2.875,0.945,19510.5,0.4016,20268.5,27.83,5.2822,0.027325,54.34,True,physics_simulated_synthetic
BGW-008,3629.77,882.7,7.544,138.21,55.91,1.0,4698.3,3128.8,2.875,0.987,19605.4,0.4328,20191.2,32.97,3.7285,0.058741,171.16,True,physics_simulated_synthetic
BGW-008,22552.29,828.0,6.966,119.56,55.57,1.0,4698.3,3128.8,2.875,0.923,19480.9,0.3378,20805.9,15.66,8.138,0.05236,64.54,True,physics_simulated_synthetic
BGW-008,503.27,419.3,6.531,100.41,41.99,1.0,4698.3,3128.8,2.875,0.947,19516.8,0.6055,19630.6,56.64,2.8096,0.041493,138.89,True,physics_simulated_synthetic
BGW-008,10652.95,265.4,3.713,103.47,34.85,1.0,4698.3,3128.8,2.875,0.939,19491.1,0.4029,20503.7,26.52,7.5506,0.044657,31.62,True,physics_simulated_synthetic
BGW-008,879.63,736.7,4.19,102.5,57.72,1.0,4698.3,3128.8,2.875,0.936,19486.8,0.5871,19859.6,53.71,2.1805,0.042847,118.55,True,physics_simulated_synthetic
BGW-008,3692.4,341.9,6.531,97.36,39.2,1.0,4698.3,3128.8,2.875,0.956,19532.8,0.4416,19996.2,34.99,4.9613,0.040981,77.69,True,physics_simulated_synthetic
BGW-008,1886.3,1142.1,3.906,108.06,30.59,1.0,4698.3,3128.8,2.875,0.998,19597.6,0.5225,19865.7,42.91,5.151,0.045187,49.34,True,physics_simulated_synthetic
BGW-008,2753.58,738.7,7.741,128.12,34.15,1.0,4698.3,3128.8,2.875,0.992,19613.5,0.4502,20103.0,38.54,5.1981,0.054216,116.26,True,physics_simulated_synthetic
BGW-008,79.05,1004.1,5.756,95.33,44.6,1.0,4698.3,3128.8,2.875,0.936,19492.1,0.746,19475.4,75.54,1.9676,0.039082,164.64,True,physics_simulated_synthetic
BGW-008,291.77,397.5,4.422,92.65,54.59,1.0,4698.3,3128.8,2.875,0.921,19459.5,0.6842,19413.7,64.13,1.8872,0.037861,127.75,True,physics_simulated_synthetic
BGW-008,90.36,1135.5,7.266,94.95,44.51,1.0,4698.3,3128.8,2.875,0.974,19568.2,0.7152,19561.0,69.9,2.14,0.039097,191.16,True,physics_simulated_synthetic
BGW-008,75.53,309.3,3.236,65.25,33.8,1.0,4698.3,3128.8,2.875,0.936,19480.9,0.794,19422.3,79.23,2.4685,0.026675,50.36,True,physics_simulated_synthetic
BGW-008,11724.93,214.8,7.083,76.34,33.79,1.0,4698.3,3128.8,2.875,0.927,19479.2,0.3677,20414.1,20.0,10.2818,0.032805,32.54,True,physics_simulated_synthetic
BGW-008,5758.02,511.1,6.754,123.18,54.88,1.0,4698.3,3128.8,2.875,0.927,19487.4,0.4104,20152.5,28.44,4.3945,0.052255,115.65,True,physics_simulated_synthetic
BGW-008,471.93,684.0,7.255,88.24,55.8,1.0,4698.3,3128.8,2.875,0.96,19542.9,0.6013,19604.7,60.7,1.9704,0.036414,193.06,True,physics_simulated_synthetic
BGW-008,26566.39,1016.1,7.544,89.03,41.88,1.0,4698.3,3128.8,2.875,0.975,19571.5,0.3266,20764.8,12.44,13.5641,0.038916,31.17,True,physics_simulated_synthetic
BGW-008,7352.98,1084.1,3.026,105.24,31.34,1.0,4698.3,3128.8,2.875,0.967,19539.2,0.432,20302.6,29.66,7.434,0.044977,26.36,True,physics_simulated_synthetic
BGW-008,110.75,280.2,3.569,65.66,39.2,1.0,4698.3,3128.8,2.875,0.963,19530.6,0.7682,19461.0,76.65,2.2044,0.026899,62.72,True,physics_simulated_synthetic
BGW-008,784.25,573.4,4.84,88.91,48.73,1.0,4698.3,3128.8,2.875,0.902,19426.7,0.5887,19714.6,52.7,2.6132,0.036898,98.41,True,physics_simulated_synthetic
BGW-008,222.64,361.8,7.772,78.38,47.81,1.0,4698.3,3128.8,2.875,0.936,19499.0,0.6541,19617.4,63.54,2.1981,0.032366,164.8,True,physics_simulated_synthetic
BGW-008,108.62,938.5,3.169,133.2,36.25,1.0,4698.3,3128.8,2.875,0.969,19544.6,0.7768,19469.2,75.92,2.4079,0.054587,103.44,True,physics_simulated_synthetic
BGW-008,1372.68,706.0,4.521,103.73,48.51,1.0,4698.3,3128.8,2.875,0.925,19468.3,0.5422,19759.0,51.44,2.695,0.043142,104.21,True,physics_simulated_synthetic
BGW-008,4988.15,341.4,6.927,114.26,35.78,1.0,4698.3,3128.8,2.875,0.908,19453.2,0.4178,20131.1,30.33,6.3134,0.048419,76.5,True,physics_simulated_synthetic
BGW-008,611.92,973.6,5.535,122.62,32.3,1.0,4698.3,3128.8,2.875,0.919,19464.7,0.6018,19737.5,57.63,3.6087,0.050947,112.53,True,physics_simulated_synthetic
BGW-008,3517.83,419.2,6.877,118.63,43.48,1.0,4698.3,3128.8,2.875,0.987,19594.7,0.4415,20278.1,36.46,4.3532,0.050638,115.18,True,physics_simulated_synthetic
BGW-008,131.88,1025.3,2.535,99.49,36.17,1.0,4698.3,3128.8,2.875,0.982,19564.1,0.7772,19536.6,77.02,2.3873,0.040914,62.57,True,physics_simulated_synthetic
BGW-008,419.03,641.3,3.336,70.72,56.66,1.0,4698.3,3128.8,2.875,0.936,19482.9,0.6697,19610.1,67.04,1.7573,0.029191,79.8,True,physics_simulated_synthetic
BGW-008,83.86,496.8,4.337,68.09,57.35,1.0,4698.3,3128.8,2.875,0.953,19515.5,0.7685,19276.8,78.3,1.4611,0.027627,118.08,True,physics_simulated_synthetic
BGW-008,2088.11,1050.5,7.113,118.96,58.34,1.0,4698.3,3128.8,2.875,0.909,19456.9,0.4773,20057.5,42.84,2.7317,0.050227,188.34,True,physics_simulated_synthetic
BGW-008,172.36,1145.6,6.906,95.07,37.64,1.0,4698.3,3128.8,2.875,0.973,19565.5,0.6846,19467.8,67.97,2.59,0.03896,149.58,True,physics_simulated_synthetic
BGW-008,12510.89,1118.9,3.952,90.06,55.54,1.0,4698.3,3128.8,2.875,1.0,19600.1,0.3917,20636.0,22.29,5.6737,0.03912,39.24,True,physics_simulated_synthetic
BGW-008,9361.44,349.4,3.395,121.7,32.7,1.0,4698.3,3128.8,2.875,0.961,19530.5,0.4135,20396.7,25.55,8.3083,0.05225,30.75,True,physics_simulated_synthetic
BGW-008,5125.57,324.4,3.005,106.18,57.03,1.0,4698.3,3128.8,2.875,0.983,19568.6,0.4561,20084.8,33.43,3.5852,0.044891,54.17,True,physics_simulated_synthetic
BGW-008,75.47,1152.6,2.813,143.47,50.85,1.0,4698.3,3128.8,2.875,0.912,19440.5,0.8023,19884.0,81.43,1.6347,0.060051,148.81,True,physics_simulated_synthetic
BGW-008,12984.05,1116.4,3.924,121.56,44.22,1.0,4698.3,3128.8,2.875,0.915,19450.3,0.39,20665.5,24.48,6.498,0.052879,45.98,True,physics_simulated_synthetic
BGW-008,246.05,777.1,4.491,122.15,48.05,1.0,4698.3,3128.8,2.875,0.987,19581.7,0.697,19500.7,68.74,2.0098,0.050141,161.36,True,physics_simulated_synthetic
BGW-008,11122.92,571.5,4.646,136.66,46.32,1.0,4698.3,3128.8,2.875,0.927,19476.7,0.3917,20402.9,23.13,6.4827,0.058692,60.57,True,physics_simulated_synthetic
BGW-008,860.52,813.4,2.825,87.81,42.87,1.0,4698.3,3128.8,2.875,0.967,19538.4,0.6089,19672.2,56.21,2.7791,0.036362,53.22,True,physics_simulated_synthetic
BGW-008,4493.92,1084.6,2.951,87.73,32.84,1.0,4698.3,3128.8,2.875,0.925,19463.2,0.466,20017.2,38.59,5.3762,0.036964,29.22,True,physics_simulated_synthetic
BGW-008,7540.86,1014.7,6.736,135.23,49.77,1.0,4698.3,3128.8,2.875,0.915,19469.0,0.3946,20357.1,28.26,4.9253,0.057949,114.12,True,physics_simulated_synthetic
BGW-008,841.14,1131.0,7.056,120.86,53.68,1.0,4698.3,3128.8,2.875,0.99,19602.4,0.5534,19834.7,51.74,2.431,0.050463,210.92,True,physics_simulated_synthetic
BGW-008,134.36,428.6,2.947,142.63,54.96,1.0,4698.3,3128.8,2.875,0.917,19450.2,0.7682,19671.6,74.62,1.6328,0.059062,153.52,True,physics_simulated_synthetic
BGW-008,4778.36,830.2,7.345,76.46,49.25,1.0,4698.3,3128.8,2.875,0.978,19572.8,0.4167,20241.4,30.68,4.5605,0.032578,75.56,True,physics_simulated_synthetic
BGW-008,402.92,338.6,2.851,94.79,45.71,1.0,4698.3,3128.8,2.875,0.929,19469.6,0.6814,19572.6,66.43,2.1942,0.039055,73.08,True,physics_simulated_synthetic
BGW-008,351.05,898.3,6.903,85.86,32.55,1.0,4698.3,3128.8,2.875,0.913,19454.3,0.6312,19503.4,60.93,3.3474,0.035249,104.67,True,physics_simulated_synthetic
BGW-008,427.79,305.2,4.647,123.52,37.12,1.0,4698.3,3128.8,2.875,0.909,19442.8,0.6472,19518.6,63.55,2.816,0.050748,120.59,True,physics_simulated_synthetic
BGW-008,701.33,602.5,7.042,76.68,42.83,1.0,4698.3,3128.8,2.875,0.904,19438.5,0.5696,19481.6,51.04,3.033,0.031444,105.13,True,physics_simulated_synthetic
BGW-008,26595.73,668.7,3.677,81.06,53.91,1.0,4698.3,3128.8,2.875,0.996,19592.5,0.357,20853.3,16.79,7.8415,0.035583,24.03,True,physics_simulated_synthetic
BGW-008,63.06,915.3,7.373,105.32,41.99,1.0,4698.3,3128.8,2.875,0.972,19567.3,0.7281,19440.9,70.41,2.2383,0.043098,204.42,True,physics_simulated_synthetic
BGW-008,1489.64,232.1,6.749,118.43,56.98,1.0,4698.3,3128.8,2.875,0.933,19496.5,0.5083,20028.6,47.96,2.495,0.04993,194.47,True,physics_simulated_synthetic
BGW-008,117.98,1154.7,4.014,84.37,52.57,1.0,4698.3,3128.8,2.875,0.974,19553.1,0.7564,19631.7,75.08,1.6931,0.034863,119.03,True,physics_simulated_synthetic
BGW-008,99.45,537.7,7.444,80.36,57.01,1.0,4698.3,3128.8,2.875,0.972,19562.3,0.7078,19547.4,71.03,1.6433,0.033067,215.7,True,physics_simulated_synthetic
BGW-008,6971.63,1151.6,7.505,105.58,35.14,1.0,4698.3,3128.8,2.875,0.911,19460.9,0.3923,20242.4,27.63,7.0967,0.044988,68.51,True,physics_simulated_synthetic
BGW-008,8204.42,502.5,3.398,84.08,52.89,1.0,4698.3,3128.8,2.875,0.952,19513.0,0.4213,20360.4,25.94,5.0512,0.036035,34.91,True,physics_simulated_synthetic
BGW-008,394.08,866.1,4.38,134.49,49.12,1.0,4698.3,3128.8,2.875,0.97,19552.4,0.6587,19624.5,61.08,2.2262,0.055558,157.41,True,physics_simulated_synthetic
BGW-008,326.15,359.1,3.727,68.3,43.0,1.0,4698.3,3128.8,2.875,0.989,19578.0,0.686,19823.3,66.62,2.3557,0.0285,64.93,True,physics_simulated_synthetic
BGW-008,10439.85,1040.1,6.484,69.88,59.03,1.0,4698.3,3128.8,2.875,0.938,19494.8,0.3787,20479.3,23.2,5.09,0.030124,55.26,True,physics_simulated_synthetic
BGW-008,4796.44,691.6,2.579,87.11,51.18,1.0,4698.3,3128.8,2.875,0.937,19483.8,0.4656,20320.5,35.77,3.7778,0.037261,36.63,True,physics_simulated_synthetic
BGW-008,2429.67,842.3,4.544,114.28,51.99,1.0,4698.3,3128.8,2.875,0.963,19538.5,0.494,19898.7,41.1,3.1698,0.047869,98.81,True,physics_simulated_synthetic
BGW-008,100.86,531.5,5.223,119.03,49.26,1.0,4698.3,3128.8,2.875,0.998,19604.5,0.7436,19621.7,75.88,1.7869,0.049164,206.94,True,physics_simulated_synthetic
BGW-008,7075.06,1022.4,4.909,102.26,39.12,1.0,4698.3,3128.8,2.875,0.992,19591.5,0.4153,20629.2,28.75,6.2434,0.044406,50.27,True,physics_simulated_synthetic
BGW-008,118.93,248.4,6.008,106.62,55.52,1.0,4698.3,3128.8,2.875,0.904,19438.5,0.7215,19378.0,70.35,1.6886,0.043489,222.82,True,physics_simulated_synthetic
BGW-008,91.41,284.9,3.369,73.36,30.26,1.0,4698.3,3128.8,2.875,0.999,19595.0,0.7823,19616.3,77.11,2.8616,0.030291,51.36,True,physics_simulated_synthetic
BGW-008,593.31,386.2,2.683,88.28,34.98,1.0,4698.3,3128.8,2.875,0.951,19508.9,0.6472,19639.3,62.65,3.0505,0.036497,46.23,True,physics_simulated_synthetic
BGW-008,2061.4,397.3,3.554,79.56,47.77,1.0,4698.3,3128.8,2.875,0.919,19452.4,0.5194,19767.8,44.6,3.1581,0.033105,53.65,True,physics_simulated_synthetic
BGW-008,8372.68,375.6,3.077,140.44,46.81,1.0,4698.3,3128.8,2.875,0.914,19446.6,0.4234,20364.5,28.79,5.1442,0.060202,51.86,True,physics_simulated_synthetic
BGW-008,278.19,383.5,7.177,82.24,48.16,1.0,4698.3,3128.8,2.875,0.902,19435.1,0.646,19556.8,62.76,2.2022,0.033854,158.87,True,physics_simulated_synthetic
BGW-008,221.17,684.0,5.944,131.98,38.47,1.0,4698.3,3128.8,2.875,0.974,19568.0,0.682,19711.5,66.58,2.6193,0.054763,178.94,True,physics_simulated_synthetic
BGW-008,2003.41,694.3,4.422,70.62,50.94,1.0,4698.3,3128.8,2.875,0.904,19427.7,0.5111,19813.7,45.1,2.9354,0.029454,63.89,True,physics_simulated_synthetic
BGW-008,350.0,506.2,7.135,121.75,37.39,1.0,4698.3,3128.8,2.875,0.98,19583.9,0.6282,19790.6,62.02,2.9048,0.050719,179.4,True,physics_simulated_synthetic
BGW-008,1303.42,1140.9,4.902,92.92,46.74,1.0,4698.3,3128.8,2.875,0.997,19598.4,0.5419,20163.1,51.51,2.8506,0.039438,97.66,True,physics_simulated_synthetic
BGW-008,2133.18,760.4,6.724,112.57,50.95,1.0,4698.3,3128.8,2.875,0.976,19572.7,0.4798,19956.0,40.79,3.2685,0.047288,140.08,True,physics_simulated_synthetic
BGW-008,412.2,551.5,6.562,90.49,31.63,1.0,4698.3,3128.8,2.875,0.908,19445.2,0.6224,19755.1,60.08,3.5381,0.037631,100.5,True,physics_simulated_synthetic
BGW-008,97.72,372.2,6.706,84.13,35.3,1.0,4698.3,3128.8,2.875,0.914,19456.1,0.7204,19265.8,71.29,2.6061,0.034118,126.42,True,physics_simulated_synthetic
BGW-008,527.32,1025.2,2.755,117.0,58.41,1.0,4698.3,3128.8,2.875,0.997,19592.6,0.6574,19814.6,61.98,1.8632,0.048802,103.9,True,physics_simulated_synthetic
BGW-008,2292.73,885.7,7.567,101.38,43.54,1.0,4698.3,3128.8,2.875,0.903,19445.1,0.4654,19724.3,39.03,3.9515,0.042091,116.07,True,physics_simulated_synthetic
BGW-008,11236.16,237.4,6.381,66.71,40.05,1.0,4698.3,3128.8,2.875,0.904,19433.8,0.3757,20640.3,21.56,8.1366,0.028984,32.73,True,physics_simulated_synthetic
BGW-008,172.31,397.1,4.032,137.44,46.15,1.0,4698.3,3128.8,2.875,0.903,19429.4,0.7317,19440.9,72.4,1.9805,0.056245,164.87,True,physics_simulated_synthetic
BGW-008,50.0,221.6,7.642,136.22,52.02,1.0,4698.3,3128.8,2.875,0.978,19587.8,0.7314,19692.3,70.77,1.8206,0.056465,341.29,True,physics_simulated_synthetic
BGW-008,87.46,555.4,6.552,79.74,35.39,1.0,4698.3,3128.8,2.875,0.948,19515.2,0.7282,19575.1,70.45,2.6724,0.032856,115.99,True,physics_simulated_synthetic
BGW-008,8685.1,378.1,2.928,128.77,37.73,1.0,4698.3,3128.8,2.875,0.966,19538.7,0.4227,20479.3,26.87,6.8761,0.055512,34.04,True,physics_simulated_synthetic
BGW-008,9582.31,780.7,6.821,108.02,33.4,1.0,4698.3,3128.8,2.875,0.95,19526.9,0.3805,20237.3,25.29,8.1542,0.046016,55.43,True,physics_simulated_synthetic
BGW-008,30010.77,1161.8,2.878,103.82,40.49,1.0,4698.3,3128.8,2.875,0.963,19531.8,0.3585,20714.3,14.93,11.6615,0.045268,16.09,True,physics_simulated_synthetic
BGW-008,357.4,715.7,7.119,75.6,38.39,1.0,4698.3,3128.8,2.875,0.912,19452.1,0.6267,19587.9,59.89,2.8993,0.031172,110.22,True,physics_simulated_synthetic
BGW-008,5116.98,998.7,5.298,68.92,51.31,1.0,4698.3,3128.8,2.875,0.939,19493.0,0.4319,20377.6,31.89,4.2387,0.029563,53.21,True,physics_simulated_synthetic
BGW-008,343.91,1186.2,4.011,93.61,46.19,1.0,4698.3,3128.8,2.875,0.931,19476.3,0.6767,19584.8,66.02,2.1857,0.038592,101.99,True,physics_simulated_synthetic
BGW-008,332.38,310.2,6.272,135.13,58.62,1.0,4698.3,3128.8,2.875,0.904,19444.3,0.6448,19787.3,60.56,1.8972,0.056283,267.93,True,physics_simulated_synthetic
BGW-008,30629.04,704.9,4.979,87.77,30.86,1.0,4698.3,3128.8,2.875,0.961,19534.2,0.34,21006.6,11.7,19.7981,0.03881,14.06,True,physics_simulated_synthetic
BGW-008,17053.57,1104.7,4.116,131.75,33.76,1.0,4698.3,3128.8,2.875,0.931,19480.5,0.3742,20595.4,19.74,10.5195,0.057118,32.18,True,physics_simulated_synthetic
BGW-008,12294.96,898.7,6.076,106.99,34.05,1.0,4698.3,3128.8,2.875,0.964,19546.9,0.3736,20446.6,21.61,9.458,0.046047,42.6,True,physics_simulated_synthetic
BGW-008,474.63,1152.5,2.89,134.42,49.77,1.0,4698.3,3128.8,2.875,0.914,19445.4,0.6653,19513.2,65.06,2.051,0.055213,112.02,True,physics_simulated_synthetic
BGW-008,1280.03,1159.4,4.297,68.22,43.04,1.0,4698.3,3128.8,2.875,0.901,19421.6,0.5513,19820.0,50.49,3.1048,0.028462,56.73,True,physics_simulated_synthetic
BGW-008,8998.73,602.3,5.448,131.45,55.45,1.0,4698.3,3128.8,2.875,0.919,19465.3,0.3961,20393.6,25.72,4.8675,0.05643,90.96,True,physics_simulated_synthetic
BGW-008,870.94,489.0,2.918,137.92,35.64,1.0,4698.3,3128.8,2.875,0.993,19587.7,0.6063,19868.7,57.6,3.2948,0.057682,73.57,True,physics_simulated_synthetic
BGW-008,20547.64,658.2,3.895,120.77,52.09,1.0,4698.3,3128.8,2.875,0.963,19537.4,0.367,20604.0,18.32,7.3484,0.052377,39.98,True,physics_simulated_synthetic
BGW-008,121.76,267.3,4.947,105.96,51.06,1.0,4698.3,3128.8,2.875,0.984,19576.3,0.7381,19602.1,74.56,1.7524,0.043723,177.73,True,physics_simulated_synthetic
BGW-008,272.23,255.2,5.869,89.01,39.96,1.0,4698.3,3128.8,2.875,0.977,19566.3,0.6671,19519.1,63.06,2.6368,0.03657,117.2,True,physics_simulated_synthetic
BGW-008,3039.59,435.9,4.778,143.07,51.45,1.0,4698.3,3128.8,2.875,0.943,19506.5,0.474,19792.6,37.03,3.5356,0.059605,116.0,True,physics_simulated_synthetic
BGW-008,50.43,338.0,7.5,109.03,44.62,1.0,4698.3,3128.8,2.875,0.993,19607.1,0.7335,19548.1,71.62,2.0819,0.044865,232.74,True,physics_simulated_synthetic
BGW-008,357.33,460.3,5.645,112.5,51.33,1.0,4698.3,3128.8,2.875,0.947,19514.8,0.648,19462.8,64.67,1.9957,0.04609,187.72,True,physics_simulated_synthetic
BGW-008,1505.41,1046.1,3.886,129.15,43.07,1.0,4698.3,3128.8,2.875,0.995,19593.7,0.5423,20058.6,49.38,3.2101,0.054529,95.05,True,physics_simulated_synthetic
BGW-008,450.11,931.8,4.961,80.24,42.35,1.0,4698.3,3128.8,2.875,0.944,19501.6,0.6379,19489.4,63.1,2.4826,0.032918,94.72,True,physics_simulated_synthetic
BGW-008,52.96,560.2,4.528,102.98,51.21,1.0,4698.3,3128.8,2.875,0.972,19553.1,0.7834,19767.8,77.3,1.6997,0.042849,164.38,True,physics_simulated_synthetic
BGW-008,691.69,320.4,3.857,94.64,38.16,1.0,4698.3,3128.8,2.875,0.937,19487.9,0.6144,19733.2,60.47,2.9113,0.039311,75.0,True,physics_simulated_synthetic
BGW-008,314.03,355.4,4.274,136.04,43.46,1.0,4698.3,3128.8,2.875,0.981,19571.4,0.6803,19671.1,67.69,2.276,0.056331,152.32,True,physics_simulated_synthetic
BGW-008,62.42,207.6,4.982,81.91,31.79,1.0,4698.3,3128.8,2.875,0.921,19460.5,0.7692,19643.9,77.07,2.7288,0.03387,89.05,True,physics_simulated_synthetic
BGW-008,882.23,920.1,5.203,88.62,59.05,1.0,4698.3,3128.8,2.875,0.986,19580.0,0.573,19706.1,53.73,2.1141,0.036762,130.28,True,physics_simulated_synthetic
BGW-008,34806.99,804.2,4.481,87.09,43.43,1.0,4698.3,3128.8,2.875,0.904,19429.9,0.3386,21036.6,11.18,14.7425,0.038565,16.88,True,physics_simulated_synthetic
BGW-008,283.92,762.1,4.333,110.15,30.79,1.0,4698.3,3128.8,2.875,0.914,19448.0,0.6879,19509.3,68.19,3.1634,0.045235,89.22,True,physics_simulated_synthetic
BGW-008,1205.86,636.7,3.25,126.34,50.33,1.0,4698.3,3128.8,2.875,0.98,19564.7,0.5709,19778.7,51.29,2.6078,0.052602,94.4,True,physics_simulated_synthetic
BGW-008,1006.42,373.1,5.826,141.5,44.27,1.0,4698.3,3128.8,2.875,0.98,19579.5,0.553,19881.2,51.67,2.9586,0.059217,167.93,True,physics_simulated_synthetic
BGW-008,1360.52,283.4,3.675,131.77,37.54,1.0,4698.3,3128.8,2.875,0.936,19487.7,0.5541,19588.1,49.63,3.5781,0.054332,80.35,True,physics_simulated_synthetic
BGW-008,7428.5,1089.6,7.248,125.71,57.07,1.0,4698.3,3128.8,2.875,0.907,19455.5,0.3909,20230.5,27.28,4.4233,0.053533,126.31,True,physics_simulated_synthetic
BGW-008,84.59,976.5,7.863,121.85,32.23,1.0,4698.3,3128.8,2.875,0.932,19504.4,0.7087,19534.6,71.14,2.8994,0.050104,195.66,True,physics_simulated_synthetic
BGW-008,65.0,1107.0,6.592,122.7,45.9,1.0,4698.3,3128.8,2.875,0.935,19500.1,0.7398,19564.7,71.91,2.0174,0.050531,237.75,True,physics_simulated_synthetic
BGW-008,119.84,417.6,3.538,143.42,48.31,1.0,4698.3,3128.8,2.875,0.911,19442.0,0.7642,19691.2,75.69,1.833,0.059446,165.23,True,physics_simulated_synthetic
BGW-008,120.98,551.6,7.458,113.8,53.12,1.0,4698.3,3128.8,2.875,0.901,19443.2,0.6975,19338.1,67.71,1.8301,0.046324,271.83,True,physics_simulated_synthetic
BGW-008,1453.58,910.7,3.337,137.4,45.95,1.0,4698.3,3128.8,2.875,0.905,19431.2,0.5526,19753.9,50.58,2.8935,0.057131,94.88,True,physics_simulated_synthetic
BGW-008,634.5,229.1,3.071,105.31,40.85,1.0,4698.3,3128.8,2.875,0.905,19427.5,0.6346,19563.8,60.69,2.6863,0.043368,71.4,True,physics_simulated_synthetic
BGW-008,36170.12,1149.4,6.927,87.42,37.47,1.0,4698.3,3128.8,2.875,0.908,19447.9,0.3186,21110.8,10.63,18.0341,0.038849,21.49,True,physics_simulated_synthetic
BGW-008,131.54,224.8,4.017,103.81,57.1,1.0,4698.3,3128.8,2.875,0.969,19545.2,0.7498,19663.1,74.77,1.5675,0.042966,158.55,True,physics_simulated_synthetic
BGW-008,3108.63,737.0,7.394,82.19,59.62,1.0,4698.3,3128.8,2.875,0.95,19523.1,0.445,19831.6,34.96,3.2386,0.034311,112.79,True,physics_simulated_synthetic
BGW-008,36003.91,994.7,6.836,88.51,33.21,1.0,4698.3,3128.8,2.875,0.962,19544.6,0.3195,20832.5,9.76,21.8791,0.038813,17.46,True,physics_simulated_synthetic
BGW-008,2306.86,725.4,3.653,67.22,37.16,1.0,4698.3,3128.8,2.875,0.901,19420.4,0.5089,19803.5,43.1,4.2078,0.028021,35.03,True,physics_simulated_synthetic
BGW-008,22541.05,547.9,3.214,140.55,43.6,1.0,4698.3,3128.8,2.875,0.933,19481.1,0.3687,20744.7,16.9,9.5802,0.061373,29.65,True,physics_simulated_synthetic
BGW-008,8073.95,930.0,2.784,113.85,55.41,1.0,4698.3,3128.8,2.875,0.907,19431.8,0.4287,20245.1,27.86,4.4643,0.048519,43.58,True,physics_simulated_synthetic
BGW-008,10666.03,644.3,4.844,76.9,52.96,1.0,4698.3,3128.8,2.875,0.907,19434.2,0.3921,20339.3,24.58,5.3185,0.032922,43.18,True,physics_simulated_synthetic
BGW-008,28431.57,449.2,4.102,118.94,55.26,1.0,4698.3,3128.8,2.875,0.981,19569.4,0.3504,20981.9,17.13,7.5461,0.052532,41.12,True,physics_simulated_synthetic
BGW-008,144.09,414.6,7.303,142.09,49.47,1.0,4698.3,3128.8,2.875,0.964,19561.4,0.6898,19700.4,66.54,2.0372,0.058925,304.19,True,physics_simulated_synthetic
BGW-008,2877.79,995.9,2.915,134.56,35.7,1.0,4698.3,3128.8,2.875,0.948,19505.8,0.5001,20086.8,42.52,4.5038,0.056896,53.04,True,physics_simulated_synthetic
BGW-008,4530.56,743.5,5.475,88.43,54.72,1.0,4698.3,3128.8,2.875,0.914,19451.3,0.4382,19918.1,34.42,3.5991,0.037078,81.22,True,physics_simulated_synthetic
BGW-008,4162.25,562.7,7.76,73.45,59.28,1.0,4698.3,3128.8,2.875,0.954,19530.5,0.4217,20355.8,29.85,3.9155,0.031473,89.82,True,physics_simulated_synthetic
BGW-008,110.91,780.2,7.736,130.64,53.3,1.0,4698.3,3128.8,2.875,0.92,19484.0,0.6978,19461.1,70.31,1.7676,0.053516,337.28,True,physics_simulated_synthetic
BGW-008,24009.34,612.2,3.71,93.8,35.28,1.0,4698.3,3128.8,2.875,0.944,19499.6,0.3613,20670.7,15.2,13.1251,0.040812,16.61,True,physics_simulated_synthetic
BGW-008,280.47,265.3,3.771,117.43,51.48,1.0,4698.3,3128.8,2.875,0.993,19589.5,0.6983,19820.6,70.37,1.8622,0.048994,142.88,True,physics_simulated_synthetic
BGW-008,314.39,330.0,5.962,138.14,46.04,1.0,4698.3,3128.8,2.875,0.967,19555.2,0.654,19598.5,63.54,2.2802,0.056988,214.55,True,physics_simulated_synthetic
BGW-008,53.55,822.7,2.628,126.33,59.1,1.0,4698.3,3128.8,2.875,0.947,19501.9,0.8198,19526.8,82.3,1.3666,0.051926,143.78,True,physics_simulated_synthetic
BGW-008,2943.3,567.3,6.578,75.64,42.99,1.0,4698.3,3128.8,2.875,0.949,19516.4,0.4571,20225.1,37.46,4.275,0.032202,71.35,True,physics_simulated_synthetic
BGW-008,1406.24,422.5,5.013,128.32,43.56,1.0,4698.3,3128.8,2.875,0.975,19562.9,0.5339,19988.9,49.34,3.1659,0.05399,123.1,True,physics_simulated_synthetic
BGW-008,308.45,293.6,3.004,73.18,50.73,1.0,4698.3,3128.8,2.875,0.955,19515.4,0.7031,19543.9,68.3,1.9197,0.030106,67.83,True,physics_simulated_synthetic
BGW-008,55.35,1156.8,7.339,126.41,50.5,1.0,4698.3,3128.8,2.875,0.947,19527.7,0.7332,19457.0,73.24,1.7905,0.051773,305.58,True,physics_simulated_synthetic
BGW-008,87.0,923.7,5.928,103.6,36.07,1.0,4698.3,3128.8,2.875,0.991,19593.0,0.7388,19935.4,72.32,2.6011,0.043475,142.68,True,physics_simulated_synthetic
BGW-008,143.6,840.4,6.324,90.54,39.25,1.0,4698.3,3128.8,2.875,0.902,19432.6,0.7054,19477.9,72.59,2.327,0.03712,145.26,True,physics_simulated_synthetic
BGW-008,623.37,686.0,2.72,74.08,48.29,1.0,4698.3,3128.8,2.875,0.931,19472.1,0.6418,19684.0,60.92,2.2779,0.030694,52.78,True,physics_simulated_synthetic
BGW-008,1372.68,496.2,6.2,73.87,43.02,1.0,4698.3,3128.8,2.875,0.936,19490.7,0.5215,19822.4,45.85,3.4204,0.030822,80.46,True,physics_simulated_synthetic
BGW-008,4521.6,1195.3,6.549,112.38,47.98,1.0,4698.3,3128.8,2.875,0.914,19461.3,0.4278,20091.4,30.99,4.5998,0.047529,97.45,True,physics_simulated_synthetic
BGW-008,199.02,971.4,6.938,112.59,47.19,1.0,4698.3,3128.8,2.875,0.958,19541.3,0.6744,19563.4,66.93,2.1082,0.046365,219.72,True,physics_simulated_synthetic
BGW-008,6316.66,430.1,5.023,113.88,55.66,1.0,4698.3,3128.8,2.875,0.936,19491.5,0.4212,20347.0,30.28,4.1094,0.048775,85.85,True,physics_simulated_synthetic
BGW-008,71.97,347.5,5.963,112.26,34.9,1.0,4698.3,3128.8,2.875,0.976,19567.5,0.7465,19901.2,74.39,2.6093,0.047026,154.74,True,physics_simulated_synthetic
BGW-008,612.59,741.8,6.986,122.65,49.65,1.0,4698.3,3128.8,2.875,0.995,19610.3,0.5822,19907.1,56.68,2.4082,0.051397,214.69,True,physics_simulated_synthetic
BGW-008,1678.92,402.4,4.39,136.77,56.6,1.0,4698.3,3128.8,2.875,0.975,19560.5,0.5264,19954.7,49.16,2.4411,0.057449,148.76,True,physics_simulated_synthetic
BGW-008,2067.41,205.8,4.836,122.06,47.04,1.0,4698.3,3128.8,2.875,0.965,19543.4,0.5036,20065.4,45.3,3.2051,0.051554,112.02,True,physics_simulated_synthetic
BGW-008,1040.32,539.7,7.869,140.94,42.27,1.0,4698.3,3128.8,2.875,0.915,19479.0,0.5255,19765.0,45.98,3.4617,0.058639,191.95,True,physics_simulated_synthetic
BGW-009,3094.09,362.2,5.441,82.69,50.12,0.875,2936.3,4447.5,2.375,0.915,12816.5,0.4721,13431.2,39.19,2.3276,0.023379,78.7,True,physics_simulated_synthetic
BGW-009,565.14,478.7,7.325,100.05,33.92,0.875,2936.3,4447.5,2.375,0.953,13002.5,0.5956,13101.9,55.85,2.3542,0.027594,123.64,True,physics_simulated_synthetic
BGW-009,1008.76,1103.3,6.888,85.4,45.82,0.875,2936.3,4447.5,2.375,0.964,13051.4,0.5491,13183.8,47.89,2.0449,0.023701,114.96,True,physics_simulated_synthetic
BGW-009,1080.84,300.9,4.009,84.23,41.58,0.875,2936.3,4447.5,2.375,0.982,13128.6,0.5767,13289.9,53.86,2.02,0.023564,67.34,True,physics_simulated_synthetic
BGW-009,147.73,911.1,7.109,105.86,53.35,0.875,2936.3,4447.5,2.375,0.917,12834.1,0.7037,12910.4,71.85,1.1464,0.028768,256.89,True,physics_simulated_synthetic
BGW-009,4695.15,1122.5,6.277,116.58,38.43,0.875,2936.3,4447.5,2.375,0.991,13178.7,0.4348,13809.5,30.88,3.9609,0.033887,77.34,True,physics_simulated_synthetic
BGW-009,523.63,1187.5,4.737,79.17,46.49,0.875,2936.3,4447.5,2.375,0.948,12969.0,0.6353,13021.2,60.75,1.5693,0.021699,94.31,True,physics_simulated_synthetic
BGW-009,87.35,1196.7,6.252,122.9,36.08,0.875,2936.3,4447.5,2.375,0.942,12950.1,0.745,13071.0,75.79,1.627,0.033816,187.1,True,physics_simulated_synthetic
BGW-009,925.84,705.4,2.658,130.85,50.81,0.875,2936.3,4447.5,2.375,0.932,12891.8,0.6088,13064.3,57.08,1.5334,0.035985,89.8,True,physics_simulated_synthetic
BGW-009,1601.27,294.4,6.647,129.02,36.57,0.875,2936.3,4447.5,2.375,0.939,12938.3,0.512,13215.2,45.08,2.7288,0.035891,125.89,True,physics_simulated_synthetic
BGW-009,2326.16,891.8,3.275,104.69,55.08,0.875,2936.3,4447.5,2.375,0.963,13038.7,0.5175,13324.1,44.51,1.85,0.029363,74.85,True,physics_simulated_synthetic
BGW-009,8235.4,601.5,3.529,100.41,38.67,0.875,2936.3,4447.5,2.375,0.911,12793.7,0.4238,13517.0,29.32,4.0589,0.028569,35.77,True,physics_simulated_synthetic
BGW-009,7482.17,1060.9,3.076,127.21,49.73,0.875,2936.3,4447.5,2.375,0.986,13145.0,0.434,13941.3,33.7,2.8316,0.037333,58.4,True,physics_simulated_synthetic
BGW-009,2480.04,587.7,3.631,80.01,47.15,0.875,2936.3,4447.5,2.375,0.975,13093.5,0.5082,13497.2,41.43,2.3514,0.022732,50.55,True,physics_simulated_synthetic
BGW-009,1646.08,609.1,5.573,82.66,39.45,0.875,2936.3,4447.5,2.375,0.922,12850.1,0.5211,13172.5,46.73,2.4317,0.02292,75.65,True,physics_simulated_synthetic
BGW-009,786.44,886.6,3.995,136.38,42.02,0.875,2936.3,4447.5,2.375,0.973,13089.4,0.6068,13214.4,56.47,1.8959,0.037937,115.11,True,physics_simulated_synthetic
BGW-009,25458.16,1108.0,3.679,114.35,35.6,0.875,2936.3,4447.5,2.375,0.987,13151.0,0.3625,13988.9,13.97,9.5767,0.033673,18.63,True,physics_simulated_synthetic
BGW-009,6010.04,201.4,2.613,133.25,30.71,0.875,2936.3,4447.5,2.375,0.92,12837.2,0.4529,13306.4,36.02,4.0938,0.037324,34.31,True,physics_simulated_synthetic
BGW-009,4343.55,1118.4,7.366,74.22,32.52,0.875,2936.3,4447.5,2.375,0.931,12894.5,0.4305,13446.8,31.43,4.4784,0.021007,49.75,True,physics_simulated_synthetic
BGW-009,28726.92,275.1,7.761,88.02,55.77,0.875,2936.3,4447.5,2.375,0.923,12860.1,0.3281,13708.9,13.32,6.2799,0.0254,45.2,True,physics_simulated_synthetic
BGW-009,495.49,1180.7,7.457,130.66,56.38,0.875,2936.3,4447.5,2.375,0.999,13222.3,0.6056,13353.1,58.88,1.3691,0.036725,288.02,True,physics_simulated_synthetic
BGW-009,360.18,840.8,5.581,120.95,42.85,0.875,2936.3,4447.5,2.375,0.969,13074.5,0.6577,13184.7,64.79,1.6168,0.033567,166.87,True,physics_simulated_synthetic
BGW-009,14085.17,590.3,5.261,127.51,58.8,0.875,2936.3,4447.5,2.375,0.927,12875.3,0.3789,13588.0,23.3,3.3759,0.036471,81.84,True,physics_simulated_synthetic
BGW-009,1271.1,247.6,4.407,85.23,30.43,0.875,2936.3,4447.5,2.375,0.951,12984.2,0.557,13318.2,51.06,2.9175,0.023893,51.97,True,physics_simulated_synthetic
BGW-009,979.17,916.2,5.744,64.94,32.22,0.875,2936.3,4447.5,2.375,0.935,12908.8,0.5648,13192.3,52.01,2.68,0.018035,55.66,True,physics_simulated_synthetic
BGW-009,394.86,1129.3,4.633,101.09,45.67,0.875,2936.3,4447.5,2.375,0.946,12962.2,0.6627,13341.2,63.74,1.5598,0.028388,121.43,True,physics_simulated_synthetic
BGW-009,957.26,956.6,2.612,123.16,36.17,0.875,2936.3,4447.5,2.375,0.952,12985.1,0.6062,13229.6,53.13,2.3433,0.034297,55.06,True,physics_simulated_synthetic
BGW-009,1050.85,1139.0,7.854,132.87,45.66,0.875,2936.3,4447.5,2.375,0.938,12938.8,0.5351,13115.1,48.83,2.0024,0.036681,207.19,True,physics_simulated_synthetic
BGW-009,105.03,416.4,2.725,78.53,47.35,0.875,2936.3,4447.5,2.375,0.96,13020.3,0.7932,12898.8,76.8,1.2074,0.021323,69.31,True,physics_simulated_synthetic
BGW-009,4774.25,812.7,3.068,98.13,46.8,0.875,2936.3,4447.5,2.375,0.983,13130.9,0.4642,13552.7,37.06,2.6596,0.027994,46.49,True,physics_simulated_synthetic
BGW-009,983.38,342.6,2.906,112.55,43.83,0.875,2936.3,4447.5,2.375,0.94,12928.3,0.5997,13289.2,56.56,1.8248,0.031483,72.2,True,physics_simulated_synthetic
BGW-009,870.26,327.3,3.99,82.76,57.28,0.875,2936.3,4447.5,2.375,0.927,12871.5,0.5972,13049.5,54.56,1.4212,0.022733,91.91,True,physics_simulated_synthetic
BGW-009,2597.99,1126.7,7.658,100.12,55.1,0.875,2936.3,4447.5,2.375,0.933,12912.5,0.464,13218.9,39.13,2.0869,0.027858,147.2,True,physics_simulated_synthetic
BGW-009,30903.96,792.9,7.966,90.43,45.87,0.875,2936.3,4447.5,2.375,0.997,13212.2,0.3238,14173.5,11.09,9.484,0.02698,32.63,True,physics_simulated_synthetic
BGW-009,154.61,1057.8,5.379,127.08,51.69,0.875,2936.3,4447.5,2.375,0.911,12798.7,0.7262,12788.7,69.94,1.204,0.03421,220.09,True,physics_simulated_synthetic
BGW-009,2882.0,632.7,3.785,98.5,43.68,0.875,2936.3,4447.5,2.375,0.981,13122.3,0.4945,13328.2,41.44,2.506,0.027636,60.1,True,physics_simulated_synthetic
BGW-009,967.27,883.2,7.355,80.18,51.7,0.875,2936.3,4447.5,2.375,0.953,12998.4,0.5477,13381.5,54.71,1.6104,0.022585,148.53,True,physics_simulated_synthetic
BGW-009,17936.45,743.2,2.979,132.01,47.02,0.875,2936.3,4447.5,2.375,0.922,12844.7,0.3852,13547.7,17.93,5.4693,0.037646,29.53,True,physics_simulated_synthetic
BGW-009,14279.97,984.7,7.01,97.89,34.0,0.875,2936.3,4447.5,2.375,0.908,12788.1,0.3648,13236.6,21.29,6.2238,0.027275,44.23,True,physics_simulated_synthetic
BGW-009,51.67,526.2,4.285,94.69,52.63,0.875,2936.3,4447.5,2.375,0.904,12764.9,0.7978,12887.0,78.96,1.0556,0.025687,150.14,True,physics_simulated_synthetic
BGW-009,53.96,1051.5,7.394,98.07,44.98,0.875,2936.3,4447.5,2.375,0.938,12930.4,0.7467,12736.0,72.13,1.3362,0.026293,209.51,True,physics_simulated_synthetic
BGW-009,282.51,1179.1,2.901,121.48,58.69,0.875,2936.3,4447.5,2.375,0.908,12781.3,0.7183,12916.4,69.45,1.0786,0.033028,127.93,True,physics_simulated_synthetic
BGW-009,10592.11,482.4,5.161,82.65,58.15,0.875,2936.3,4447.5,2.375,0.985,13146.3,0.3949,13775.7,23.26,3.4666,0.023965,51.38,True,physics_simulated_synthetic
BGW-009,482.8,879.5,6.914,140.54,59.35,0.875,2936.3,4447.5,2.375,0.963,13052.4,0.6146,13199.7,57.97,1.3059,0.039048,297.72,True,physics_simulated_synthetic
BGW-009,6041.06,1026.0,7.848,115.2,53.33,0.875,2936.3,4447.5,2.375,0.963,13055.9,0.4055,13356.4,28.44,2.9976,0.032388,122.1,True,physics_simulated_synthetic
BGW-009,131.96,356.8,5.447,71.31,50.15,0.875,2936.3,4447.5,2.375,0.946,12959.6,0.7352,12949.7,71.63,1.2269,0.019439,124.28,True,physics_simulated_synthetic
BGW-009,223.73,267.6,7.251,69.53,59.47,0.875,2936.3,4447.5,2.375,0.934,12909.4,0.6734,12967.9,67.4,1.1012,0.01898,179.97,True,physics_simulated_synthetic
BGW-009,361.28,1118.6,5.236,113.07,45.34,0.875,2936.3,4447.5,2.375,0.999,13214.0,0.6622,13305.0,61.19,1.6321,0.031667,146.28,True,physics_simulated_synthetic
BGW-009,3028.55,266.6,4.477,119.54,46.82,0.875,2936.3,4447.5,2.375,0.936,12915.1,0.4834,13257.5,39.12,2.4634,0.03336,87.31,True,physics_simulated_synthetic
BGW-009,88.31,1194.8,7.593,126.86,52.27,0.875,2936.3,4447.5,2.375,0.915,12829.4,0.7246,12711.9,70.42,1.1756,0.033946,315.73,True,physics_simulated_synthetic
BGW-009,246.15,675.7,4.35,140.62,55.81,0.875,2936.3,4447.5,2.375,0.954,13000.4,0.7075,13172.5,69.74,1.1521,0.03899,211.99,True,physics_simulated_synthetic
BGW-009,37338.05,843.7,6.704,121.88,32.64,0.875,2936.3,4447.5,2.375,0.976,13113.1,0.3244,13938.8,9.68,15.0211,0.035762,22.98,True,physics_simulated_synthetic
BGW-009,5323.92,769.3,4.689,106.71,35.18,0.875,2936.3,4447.5,2.375,0.932,12898.4,0.4409,13396.8,32.71,3.9626,0.030092,51.28,True,physics_simulated_synthetic
BGW-009,270.45,917.4,3.869,129.78,32.67,0.875,2936.3,4447.5,2.375,0.961,13029.7,0.707,13280.1,68.23,2.0279,0.036278,99.67,True,physics_simulated_synthetic
BGW-009,90.58,1114.6,3.031,65.32,35.43,0.875,2936.3,4447.5,2.375,0.982,13123.3,0.7958,13069.7,78.25,1.6046,0.017971,48.89,True,physics_simulated_synthetic
BGW-009,94.72,743.1,2.502,78.86,47.92,0.875,2936.3,4447.5,2.375,0.902,12752.2,0.8028,12879.9,79.44,1.1516,0.02138,66.88,True,physics_simulated_synthetic
BGW-009,4398.35,1121.5,5.782,118.39,30.89,0.875,2936.3,4447.5,2.375,0.968,13068.7,0.4437,13685.3,33.79,4.4618,0.034105,63.64,True,physics_simulated_synthetic
BGW-009,118.57,733.2,2.955,117.52,31.69,0.875,2936.3,4447.5,2.375,0.949,12973.9,0.7821,12982.1,78.73,1.7712,0.032114,77.15,True,physics_simulated_synthetic
BGW-009,1370.91,951.4,6.903,127.36,54.31,0.875,2936.3,4447.5,2.375,0.931,12900.1,0.5224,13164.4,47.62,1.7328,0.035293,202.48,True,physics_simulated_synthetic
BGW-009,174.03,719.2,5.71,101.14,32.38,0.875,2936.3,4447.5,2.375,0.969,13074.3,0.7132,13107.0,73.23,1.8816,0.027904,121.95,True,physics_simulated_synthetic
BGW-009,1558.52,691.0,6.735,101.3,55.29,0.875,2936.3,4447.5,2.375,0.915,12823.5,0.5134,13105.8,46.08,1.7507,0.027946,154.8,True,physics_simulated_synthetic
BGW-009,178.9,914.3,5.418,95.07,53.21,0.875,2936.3,4447.5,2.375,0.902,12755.4,0.7156,12682.8,73.26,1.1074,0.02538,178.81,True,physics_simulated_synthetic
BGW-009,1061.61,1140.8,5.232,94.33,35.9,0.875,2936.3,4447.5,2.375,0.909,12790.5,0.5635,12926.4,53.76,2.2798,0.025666,84.82,True,physics_simulated_synthetic
BGW-009,492.17,376.8,5.346,128.48,33.0,0.875,2936.3,4447.5,2.375,0.939,12930.9,0.6329,12928.5,61.09,2.1832,0.034965,123.29,True,physics_simulated_synthetic
BGW-009,429.5,284.5,5.789,99.85,39.63,0.875,2936.3,4447.5,2.375,0.981,13128.7,0.6394,13329.2,65.36,1.7513,0.028015,133.34,True,physics_simulated_synthetic
BGW-009,247.29,295.1,7.79,91.25,37.72,0.875,2936.3,4447.5,2.375,0.907,12788.7,0.6588,12702.2,65.18,1.7585,0.024399,155.63,True,physics_simulated_synthetic
BGW-009,11308.07,689.1,6.849,116.08,35.72,0.875,2936.3,4447.5,2.375,0.928,12885.2,0.3779,13494.1,24.08,5.3408,0.032973,60.89,True,physics_simulated_synthetic
BGW-009,771.58,1140.1,7.586,74.16,35.2,0.875,2936.3,4447.5,2.375,0.964,13050.0,0.565,13439.4,52.43,2.4789,0.02098,92.45,True,physics_simulated_synthetic
BGW-009,141.82,345.9,3.046,131.76,57.94,0.875,2936.3,4447.5,2.375,0.989,13160.6,0.7692,12867.5,75.64,0.9994,0.035689,156.66,True,physics_simulated_synthetic
BGW-009,3547.6,869.2,6.968,100.12,35.83,0.875,2936.3,4447.5,2.375,0.957,13020.7,0.4478,13415.8,36.63,3.4786,0.028275,81.56,True,physics_simulated_synthetic
BGW-009,21466.06,343.5,4.375,109.29,51.56,0.875,2936.3,4447.5,2.375,0.939,12928.7,0.365,13612.2,19.57,4.5923,0.031314,42.96,True,physics_simulated_synthetic
BGW-009,4335.2,1036.6,3.701,68.51,36.58,0.875,2936.3,4447.5,2.375,0.982,13126.6,0.4647,13613.9,38.56,3.2855,0.019632,31.85,True,physics_simulated_synthetic
BGW-009,1827.52,1113.3,5.035,130.77,46.53,0.875,2936.3,4447.5,2.375,0.987,13159.0,0.5181,13570.0,45.09,2.2013,0.037355,123.02,True,physics_simulated_synthetic
BGW-009,8162.13,1186.1,4.545,76.58,53.77,0.875,2936.3,4447.5,2.375,0.973,13087.6,0.4152,13616.9,28.95,2.9778,0.021949,48.24,True,physics_simulated_synthetic
BGW-009,30104.01,1161.1,3.776,141.65,37.48,0.875,2936.3,4447.5,2.375,0.952,12990.2,0.3542,13888.8,11.45,11.0107,0.041411,20.45,True,physics_simulated_synthetic
BGW-009,18987.96,1038.5,3.395,111.75,34.07,0.875,2936.3,4447.5,2.375,0.958,13018.0,0.3788,13877.2,21.11,6.5658,0.032643,24.3,True,physics_simulated_synthetic
BGW-009,8685.46,366.9,3.126,109.81,57.24,0.875,2936.3,4447.5,2.375,0.916,12816.8,0.4243,13409.0,28.76,2.772,0.030994,50.33,True,physics_simulated_synthetic
BGW-009,1631.38,283.2,2.535,92.63,44.41,0.875,2936.3,4447.5,2.375,0.969,13065.6,0.5571,13190.9,50.39,2.0064,0.025719,46.79,True,physics_simulated_synthetic
BGW-009,17790.65,902.2,4.5,115.71,41.96,0.875,2936.3,4447.5,2.375,0.944,12954.7,0.3731,13624.0,19.39,5.7015,0.033185,37.71,True,physics_simulated_synthetic
BGW-009,26894.31,543.8,5.571,83.65,33.02,0.875,2936.3,4447.5,2.375,0.935,12911.1,0.3459,13716.5,13.15,10.7513,0.024153,18.02,True,physics_simulated_synthetic
BGW-009,19832.08,1076.0,6.982,100.48,38.75,0.875,2936.3,4447.5,2.375,0.9,12755.1,0.3494,13523.6,14.88,7.9817,0.028604,36.03,True,physics_simulated_synthetic
BGW-009,842.38,455.4,7.575,140.1,55.16,0.875,2936.3,4447.5,2.375,0.986,13164.6,0.5574,13135.9,52.82,1.5346,0.03874,275.38,True,physics_simulated_synthetic
BGW-009,3500.37,1040.3,7.398,89.69,57.57,0.875,2936.3,4447.5,2.375,0.959,13030.4,0.4449,13670.3,36.53,2.2128,0.02581,124.26,True,physics_simulated_synthetic
BGW-009,9326.02,639.5,7.399,115.16,44.15,0.875,2936.3,4447.5,2.375,0.957,13022.3,0.3841,13661.8,23.26,4.5294,0.033117,77.91,True,physics_simulated_synthetic
BGW-009,293.74,1015.7,5.864,129.9,47.43,0.875,2936.3,4447.5,2.375,0.955,13011.2,0.6711,13319.9,66.15,1.445,0.036423,212.86,True,physics_simulated_synthetic
BGW-009,976.33,955.9,4.196,111.7,42.21,0.875,2936.3,4447.5,2.375,0.945,12954.4,0.5838,13092.3,51.89,2.0348,0.030783,91.42,True,physics_simulated_synthetic
BGW-009,299.24,634.3,2.629,107.36,36.03,0.875,2936.3,4447.5,2.375,0.924,12852.3,0.7175,12946.1,70.74,1.7291,0.029258,64.06,True,physics_simulated_synthetic
BGW-009,13543.07,1129.2,5.607,97.08,44.52,0.875,2936.3,4447.5,2.375,0.988,13159.5,0.3782,14054.6,19.5,5.51,0.028721,42.08,True,physics_simulated_synthetic
BGW-009,2393.25,1165.6,2.907,108.54,37.15,0.875,2936.3,4447.5,2.375,0.928,12876.0,0.5193,13407.5,45.19,2.7183,0.030632,47.17,True,physics_simulated_synthetic
BGW-009,73.24,424.2,5.01,98.68,39.22,0.875,2936.3,4447.5,2.375,0.991,13170.7,0.7724,13155.3,76.77,1.487,0.027327,132.58,True,physics_simulated_synthetic
BGW-009,22973.64,506.4,2.918,121.67,55.65,0.875,2936.3,4447.5,2.375,0.955,13001.6,0.3735,13843.6,17.99,4.706,0.035456,31.66,True,physics_simulated_synthetic
BGW-009,3019.61,1067.3,7.223,137.98,48.42,0.875,2936.3,4447.5,2.375,0.965,13066.0,0.4569,13533.9,37.44,2.5408,0.039308,160.91,True,physics_simulated_synthetic
BGW-009,116.41,420.0,5.457,111.16,38.63,0.875,2936.3,4447.5,2.375,0.97,13077.6,0.7424,13146.0,73.22,1.5822,0.03076,152.77,True,physics_simulated_synthetic
BGW-009,146.65,784.0,6.667,109.46,54.71,0.875,2936.3,4447.5,2.375,0.991,13178.5,0.7105,13143.2,71.77,1.1392,0.030283,255.2,True,physics_simulated_synthetic
BGW-009,1255.06,1187.1,5.068,88.22,52.58,0.875,2936.3,4447.5,2.375,0.992,13175.9,0.5504,13267.3,51.14,1.6794,0.024636,107.06,True,physics_simulated_synthetic
BGW-009,4336.09,1045.8,7.353,83.18,54.31,0.875,2936.3,4447.5,2.375,0.945,12964.4,0.4307,13414.5,35.33,2.3794,0.023487,104.51,True,physics_simulated_synthetic
BGW-009,162.92,779.1,3.411,96.68,45.5,0.875,2936.3,4447.5,2.375,0.957,13011.3,0.7536,13095.7,75.3,1.3008,0.026652,100.64,True,physics_simulated_synthetic
BGW-009,36457.45,908.6,6.154,106.06,52.59,0.875,2936.3,4447.5,2.375,0.917,12830.9,0.3291,13915.4,11.87,7.5874,0.031066,36.29,True,physics_simulated_synthetic
BGW-009,70.87,1094.7,4.033,132.91,58.33,0.875,2936.3,4447.5,2.375,0.961,13029.7,0.7901,12986.5,81.5,0.9297,0.036333,226.97,True,physics_simulated_synthetic
BGW-009,17396.93,700.3,7.428,67.82,49.18,0.875,2936.3,4447.5,2.375,0.987,13160.1,0.3523,14029.5,17.8,5.4551,0.020027,39.27,True,physics_simulated_synthetic
BGW-009,2181.66,642.7,4.802,116.07,49.76,0.875,2936.3,4447.5,2.375,0.936,12916.4,0.506,13161.0,42.23,2.1318,0.032156,104.31,True,physics_simulated_synthetic
BGW-009,62.52,413.7,4.359,119.95,30.16,0.875,2936.3,4447.5,2.375,0.926,12868.2,0.7897,12849.6,78.47,1.848,0.032444,110.19,True,physics_simulated_synthetic
BGW-009,13699.53,753.1,4.209,124.81,48.01,0.875,2936.3,4447.5,2.375,0.929,12881.1,0.3889,13550.0,22.21,4.3253,0.0356,49.89,True,physics_simulated_synthetic
BGW-009,123.43,498.1,7.997,92.39,37.71,0.875,2936.3,4447.5,2.375,0.936,12924.7,0.7019,12944.8,67.78,1.7236,0.025175,168.2,True,physics_simulated_synthetic
BGW-009,16259.25,1016.7,6.718,65.34,51.91,0.875,2936.3,4447.5,2.375,0.98,13122.9,0.3606,13776.5,17.97,5.0272,0.01895,36.47,True,physics_simulated_synthetic
BGW-009,98.98,699.2,5.473,96.93,38.86,0.875,2936.3,4447.5,2.375,0.953,12996.3,0.7509,12997.0,71.67,1.5884,0.026519,131.57,True,physics_simulated_synthetic
BGW-009,3511.9,812.0,6.772,117.75,35.03,0.875,2936.3,4447.5,2.375,0.958,13028.4,0.4503,13432.0,35.97,3.6287,0.033294,89.48,True,physics_simulated_synthetic
BGW-009,61.59,1190.3,3.46,88.06,48.74,0.875,2936.3,4447.5,2.375,0.995,13186.6,0.8057,13386.1,80.12,1.1668,0.024814,105.97,True,physics_simulated_synthetic
BGW-009,111.8,227.4,4.862,89.56,44.14,0.875,2936.3,4447.5,2.375,0.978,13112.3,0.754,13075.5,74.6,1.3515,0.024651,127.71,True,physics_simulated_synthetic
BGW-009,18555.88,427.6,4.905,69.59,47.67,0.875,2936.3,4447.5,2.375,0.957,13010.9,0.3679,13841.5,17.29,5.7168,0.020277,25.05,True,physics_simulated_synthetic
BGW-009,851.06,904.8,4.305,110.08,49.35,0.875,2936.3,4447.5,2.375,0.905,12768.9,0.5953,12979.2,56.27,1.5907,0.030075,117.21,True,physics_simulated_synthetic
BGW-009,38243.75,666.8,4.264,114.02,31.63,0.875,2936.3,4447.5,2.375,0.99,13167.2,0.3404,14250.4,10.83,14.1575,0.034203,14.84,True,physics_simulated_synthetic
BGW-009,1038.48,599.2,5.72,64.77,41.07,0.875,2936.3,4447.5,2.375,0.924,12859.2,0.5598,12964.4,49.36,2.1766,0.017677,66.89,True,physics_simulated_synthetic
BGW-009,17360.42,268.4,7.001,103.48,55.07,0.875,2936.3,4447.5,2.375,0.968,13072.6,0.3554,13690.2,17.13,4.9402,0.02982,60.86,True,physics_simulated_synthetic
BGW-009,1072.65,530.7,6.627,119.1,57.15,0.875,2936.3,4447.5,2.375,0.932,12905.5,0.5466,12918.2,49.23,1.5626,0.032387,197.79,True,physics_simulated_synthetic
BGW-009,67.89,465.6,3.909,83.92,50.2,0.875,2936.3,4447.5,2.375,0.939,12926.7,0.794,12949.3,78.23,1.1223,0.022876,114.72,True,physics_simulated_synthetic
BGW-009,3822.59,545.9,5.867,110.84,42.85,0.875,2936.3,4447.5,2.375,0.927,12875.2,0.4527,13400.0,33.3,3.1971,0.031264,82.61,True,physics_simulated_synthetic
BGW-009,11210.99,849.6,3.503,123.33,46.9,0.875,2936.3,4447.5,2.375,0.927,12872.4,0.4059,13506.2,28.29,3.4647,0.035062,51.05,True,physics_simulated_synthetic
BGW-009,109.84,1196.3,5.813,79.95,53.39,0.875,2936.3,4447.5,2.375,0.953,12996.1,0.7401,13083.8,73.53,1.1344,0.022019,162.47,True,physics_simulated_synthetic
BGW-009,1968.27,515.8,5.362,115.73,45.03,0.875,2936.3,4447.5,2.375,0.903,12763.0,0.5084,13092.3,42.11,2.3502,0.031895,104.79,True,physics_simulated_synthetic
BGW-009,31052.84,816.4,6.172,105.47,50.45,0.875,2936.3,4447.5,2.375,0.905,12775.3,0.3355,13651.8,13.21,6.9733,0.030308,38.63,True,physics_simulated_synthetic
BGW-009,1226.58,419.9,5.012,82.96,46.05,0.875,2936.3,4447.5,2.375,0.92,12839.9,0.5531,12994.3,48.51,1.9801,0.022693,82.71,True,physics_simulated_synthetic
BGW-009,11956.99,532.0,2.681,75.99,34.07,0.875,2936.3,4447.5,2.375,0.919,12831.3,0.4096,13375.0,25.54,5.2325,0.021395,15.79,True,physics_simulated_synthetic
BGW-009,6036.26,844.9,6.287,106.85,39.27,0.875,2936.3,4447.5,2.375,0.998,13211.2,0.4185,13908.7,32.49,3.7099,0.031284,76.35,True,physics_simulated_synthetic
BGW-009,933.56,414.7,3.533,142.15,52.19,0.875,2936.3,4447.5,2.375,0.959,13021.6,0.5965,13349.3,58.28,1.4937,0.039943,136.06,True,physics_simulated_synthetic
BGW-009,89.27,942.5,3.461,65.64,57.35,0.875,2936.3,4447.5,2.375,0.941,12932.9,0.7891,13045.4,77.41,1.0003,0.018024,89.81,True,physics_simulated_synthetic
BGW-009,3706.18,904.7,7.678,105.12,50.87,0.875,2936.3,4447.5,2.375,0.972,13095.7,0.4384,13569.0,31.93,2.8432,0.030026,116.77,True,physics_simulated_synthetic
BGW-009,221.35,1053.7,2.866,99.42,56.03,0.875,2936.3,4447.5,2.375,0.925,12860.6,0.7394,12933.4,72.8,1.0793,0.027067,103.49,True,physics_simulated_synthetic
BGW-009,167.95,742.9,7.636,98.06,38.08,0.875,2936.3,4447.5,2.375,0.959,13030.1,0.6882,13265.2,69.98,1.6942,0.027381,177.72,True,physics_simulated_synthetic
BGW-009,6271.96,1199.8,6.947,80.24,38.61,0.875,2936.3,4447.5,2.375,0.913,12811.9,0.4106,13396.2,29.88,3.9519,0.022625,57.27,True,physics_simulated_synthetic
BGW-009,5733.55,542.0,5.769,83.36,56.41,0.875,2936.3,4447.5,2.375,0.921,12845.3,0.4263,13456.7,32.37,2.5087,0.023613,78.19,True,physics_simulated_synthetic
BGW-009,407.26,873.4,2.558,82.64,52.78,0.875,2936.3,4447.5,2.375,0.934,12900.4,0.6902,12962.5,68.46,1.2211,0.022548,68.01,True,physics_simulated_synthetic
BGW-009,349.46,316.8,3.419,90.25,49.87,0.875,2936.3,4447.5,2.375,0.981,13120.9,0.6914,13199.1,69.33,1.2993,0.025075,95.01,True,physics_simulated_synthetic
BGW-009,169.75,1071.4,7.745,64.32,46.17,0.875,2936.3,4447.5,2.375,0.991,13177.5,0.686,13165.8,68.39,1.4194,0.017824,140.06,True,physics_simulated_synthetic
BGW-009,585.49,558.6,5.136,99.92,55.05,0.875,2936.3,4447.5,2.375,0.929,12883.7,0.6197,13172.1,55.22,1.4749,0.027704,138.91,True,physics_simulated_synthetic
BGW-009,59.76,787.8,7.149,129.73,51.11,0.875,2936.3,4447.5,2.375,0.957,13025.6,0.7469,13042.0,75.88,1.1446,0.035616,320.35,True,physics_simulated_synthetic
BGW-009,247.92,793.1,6.645,101.61,46.37,0.875,2936.3,4447.5,2.375,0.969,13075.6,0.6739,13229.2,65.79,1.476,0.028295,183.44,True,physics_simulated_synthetic
BGW-009,100.41,206.5,6.166,131.06,52.74,0.875,2936.3,4447.5,2.375,0.963,13046.2,0.7395,13155.1,73.16,1.1605,0.036293,277.68,True,physics_simulated_synthetic
BGW-009,2528.62,639.6,4.135,133.84,39.99,0.875,2936.3,4447.5,2.375,0.929,12881.8,0.5012,13390.3,44.88,2.5391,0.037725,88.47,True,physics_simulated_synthetic
BGW-009,9982.62,438.9,3.905,75.69,46.55,0.875,2936.3,4447.5,2.375,0.979,13115.2,0.409,13829.6,25.43,3.9754,0.022035,31.17,True,physics_simulated_synthetic
BGW-009,405.4,315.9,4.758,88.96,46.92,0.875,2936.3,4447.5,2.375,0.955,13002.6,0.6585,13193.8,62.63,1.5281,0.024705,110.77,True,physics_simulated_synthetic
BGW-009,125.02,688.5,5.689,118.65,54.27,0.875,2936.3,4447.5,2.375,0.985,13149.8,0.7347,13174.8,71.3,1.1591,0.032906,232.59,True,physics_simulated_synthetic
BGW-009,312.27,1090.6,7.957,105.19,31.75,0.875,2936.3,4447.5,2.375,0.993,13195.2,0.6384,13278.8,61.96,2.298,0.029401,146.61,True,physics_simulated_synthetic
BGW-009,67.17,569.4,4.869,143.66,50.22,0.875,2936.3,4447.5,2.375,0.961,13035.1,0.7783,13124.8,78.23,1.1371,0.03969,244.74,True,physics_simulated_synthetic
BGW-009,24456.34,331.6,2.868,69.3,46.39,0.875,2936.3,4447.5,2.375,0.956,13001.7,0.3709,14051.7,17.19,5.9963,0.020499,14.12,True,physics_simulated_synthetic
BGW-009,30335.55,584.2,5.487,109.4,48.54,0.875,2936.3,4447.5,2.375,0.913,12812.4,0.3413,13849.2,12.82,7.5724,0.031892,33.28,True,physics_simulated_synthetic
BGW-009,69.12,517.4,5.165,137.03,51.86,0.875,2936.3,4447.5,2.375,0.966,13057.5,0.7724,12960.8,77.22,1.1017,0.037386,252.38,True,physics_simulated_synthetic
BGW-009,1686.08,314.1,4.151,85.13,56.57,0.875,2936.3,4447.5,2.375,0.921,12843.5,0.5349,12988.1,46.09,1.6955,0.023274,82.06,True,physics_simulated_synthetic
BGW-009,2341.83,758.8,4.55,126.81,32.46,0.875,2936.3,4447.5,2.375,0.951,12988.8,0.5029,13367.2,44.22,3.1699,0.035682,73.75,True,physics_simulated_synthetic
BGW-009,85.05,1145.3,2.586,113.93,52.37,0.875,2936.3,4447.5,2.375,0.996,13191.8,0.8069,13284.9,81.24,1.0629,0.031859,111.63,True,physics_simulated_synthetic
BGW-009,7518.3,985.9,4.966,80.59,55.95,0.875,2936.3,4447.5,2.375,0.968,13062.7,0.4165,13769.8,28.9,2.8987,0.023359,57.63,True,physics_simulated_synthetic
BGW-009,953.97,937.8,6.798,84.15,34.42,0.875,2936.3,4447.5,2.375,0.97,13077.7,0.5551,13084.1,51.09,2.533,0.023176,89.57,True,physics_simulated_synthetic
BGW-009,11496.91,442.3,5.37,68.32,50.19,0.875,2936.3,4447.5,2.375,0.996,13195.5,0.3887,13866.5,22.58,4.1648,0.019941,37.02,True,physics_simulated_synthetic
BGW-009,3277.24,917.7,7.107,67.63,34.22,0.875,2936.3,4447.5,2.375,0.995,13195.5,0.4521,13641.0,36.43,3.7247,0.01942,53.36,True,physics_simulated_synthetic
BGW-009,16747.04,257.2,5.618,138.24,51.46,0.875,2936.3,4447.5,2.375,0.988,13166.8,0.3674,13988.8,17.56,5.2693,0.040705,62.5,True,physics_simulated_synthetic
BGW-009,16675.7,397.3,5.754,96.5,50.78,0.875,2936.3,4447.5,2.375,0.991,13174.3,0.3666,14048.7,21.1,4.4621,0.028537,52.99,True,physics_simulated_synthetic
BGW-009,36242.26,314.2,4.964,117.61,34.1,0.875,2936.3,4447.5,2.375,0.929,12883.4,0.3376,13682.5,13.44,10.1604,0.033874,23.83,True,physics_simulated_synthetic
BGW-009,109.97,263.8,5.591,75.27,42.48,0.875,2936.3,4447.5,2.375,0.929,12882.0,0.7435,12960.6,72.91,1.4242,0.020536,116.08,True,physics_simulated_synthetic
BGW-009,1355.82,343.7,6.29,94.12,34.1,0.875,2936.3,4447.5,2.375,0.915,12819.5,0.5299,12977.6,47.2,2.7444,0.02571,84.86,True,physics_simulated_synthetic
BGW-009,36217.19,643.3,6.451,99.33,53.85,0.875,2936.3,4447.5,2.375,0.928,12881.5,0.3273,13894.4,9.96,8.8159,0.029051,30.61,True,physics_simulated_synthetic
BGW-010,26383.03,677.0,5.602,118.12,51.53,1.0,4704.8,3111.1,2.375,0.988,19588.4,0.3417,20727.3,12.78,10.714,0.051535,38.8,True,physics_simulated_synthetic
BGW-010,460.64,1119.1,2.866,94.8,30.22,1.0,4704.8,3111.1,2.375,0.925,19462.6,0.6688,19827.2,65.52,3.4081,0.039564,47.91,True,physics_simulated_synthetic
BGW-010,334.75,1107.6,5.503,73.89,48.59,1.0,4704.8,3111.1,2.375,0.94,19495.4,0.656,19798.1,64.25,2.1587,0.030795,113.05,True,physics_simulated_synthetic
BGW-010,6890.17,646.6,4.899,105.91,49.73,1.0,4704.8,3111.1,2.375,0.963,19538.7,0.4172,20494.3,29.09,4.8219,0.045691,66.85,True,physics_simulated_synthetic
BGW-010,30404.26,662.6,5.104,140.99,49.95,1.0,4704.8,3111.1,2.375,0.916,19460.1,0.3395,20869.6,13.95,10.1954,0.061936,44.65,True,physics_simulated_synthetic
BGW-010,662.96,340.5,3.404,115.03,52.3,1.0,4704.8,3111.1,2.375,0.909,19438.0,0.6255,19762.2,60.14,2.1383,0.047853,109.7,True,physics_simulated_synthetic
BGW-010,3051.06,756.4,5.055,83.2,34.36,1.0,4704.8,3111.1,2.375,0.945,19504.2,0.4709,20037.1,41.04,4.8355,0.035093,52.83,True,physics_simulated_synthetic
BGW-010,913.67,627.5,6.95,78.69,32.95,1.0,4704.8,3111.1,2.375,0.995,19598.9,0.5479,19918.7,50.62,4.0645,0.032994,81.24,True,physics_simulated_synthetic
BGW-010,8136.81,619.6,5.28,126.46,35.58,1.0,4704.8,3111.1,2.375,0.943,19508.2,0.4036,20336.4,25.26,7.7022,0.054134,53.44,True,physics_simulated_synthetic
BGW-010,345.26,215.7,2.616,74.18,37.25,1.0,4704.8,3111.1,2.375,0.924,19459.4,0.6999,19745.3,66.6,2.7092,0.03083,42.86,True,physics_simulated_synthetic
BGW-010,298.72,632.7,4.057,77.16,56.05,1.0,4704.8,3111.1,2.375,0.922,19460.2,0.6884,19707.4,64.69,1.8498,0.032009,101.09,True,physics_simulated_synthetic
BGW-010,1679.05,498.0,5.335,88.18,37.02,1.0,4704.8,3111.1,2.375,0.987,19580.2,0.5151,20070.5,47.39,3.8933,0.037253,73.5,True,physics_simulated_synthetic
BGW-010,444.57,707.4,6.519,143.61,51.95,1.0,4704.8,3111.1,2.375,0.992,19604.7,0.6169,19809.2,59.64,2.1762,0.059881,258.31,True,physics_simulated_synthetic
BGW-010,32004.03,961.9,6.693,76.17,38.83,1.0,4704.8,3111.1,2.375,0.955,19527.2,0.3254,21006.8,12.42,14.8253,0.033682,21.9,True,physics_simulated_synthetic
BGW-010,1339.07,424.2,7.56,135.82,59.61,1.0,4704.8,3111.1,2.375,0.912,19469.4,0.5083,19972.3,45.08,2.5297,0.0571,245.71,True,physics_simulated_synthetic
BGW-010,1588.56,452.5,4.268,88.74,55.22,1.0,4704.8,3111.1,2.375,0.938,19490.2,0.5329,19858.0,48.47,2.5253,0.037092,90.28,True,physics_simulated_synthetic
BGW-010,13377.64,910.6,3.715,76.92,58.09,1.0,4704.8,3111.1,2.375,0.937,19485.9,0.3905,20603.7,21.63,5.5822,0.033358,31.97,True,physics_simulated_synthetic
BGW-010,306.14,751.4,6.626,89.67,49.64,1.0,4704.8,3111.1,2.375,0.918,19463.3,0.6468,19504.2,63.14,2.1183,0.036813,165.81,True,physics_simulated_synthetic
BGW-010,24890.52,546.3,6.765,140.33,40.42,1.0,4704.8,3111.1,2.375,0.908,19457.6,0.3352,20671.1,15.32,11.3617,0.06106,52.35,True,physics_simulated_synthetic
BGW-010,2285.93,313.2,2.963,86.19,34.95,1.0,4704.8,3111.1,2.375,0.908,19433.6,0.5184,19834.3,46.77,4.13,0.035987,37.18,True,physics_simulated_synthetic
BGW-010,84.01,462.8,4.769,133.12,54.49,1.0,4704.8,3111.1,2.375,0.967,19546.4,0.7609,19662.0,75.9,1.6183,0.055098,233.81,True,physics_simulated_synthetic
BGW-010,157.6,918.7,2.752,87.44,50.65,1.0,4704.8,3111.1,2.375,0.947,19501.5,0.7614,19293.3,76.98,1.6843,0.035511,83.54,True,physics_simulated_synthetic
BGW-010,31782.61,1005.0,3.533,82.14,51.3,1.0,4704.8,3111.1,2.375,0.986,19571.9,0.3504,21018.8,13.76,10.135,0.036344,18.24,True,physics_simulated_synthetic
BGW-010,456.81,457.1,4.237,75.99,54.46,1.0,4704.8,3111.1,2.375,0.955,19517.8,0.6478,19700.8,63.62,1.9355,0.031513,99.33,True,physics_simulated_synthetic
BGW-010,12906.27,1077.4,7.253,135.78,33.4,1.0,4704.8,3111.1,2.375,0.917,19476.4,0.3617,20693.4,19.13,11.0218,0.059146,56.05,True,physics_simulated_synthetic
BGW-010,3041.94,286.7,6.91,116.85,52.72,1.0,4704.8,3111.1,2.375,0.933,19498.3,0.4517,19907.3,34.51,3.724,0.048966,130.84,True,physics_simulated_synthetic
BGW-010,116.65,873.1,3.19,136.09,50.84,1.0,4704.8,3111.1,2.375,0.974,19552.2,0.7725,19369.4,77.64,1.6705,0.055487,152.59,True,physics_simulated_synthetic
BGW-010,9385.01,1062.4,3.924,96.04,56.92,1.0,4704.8,3111.1,2.375,0.972,19550.0,0.4082,20536.5,27.15,4.5242,0.041516,51.86,True,physics_simulated_synthetic
BGW-010,359.79,1134.3,3.045,65.88,57.1,1.0,4704.8,3111.1,2.375,0.971,19544.1,0.6888,19693.6,70.33,1.6694,0.027311,71.74,True,physics_simulated_synthetic
BGW-010,1495.41,1092.7,5.78,114.18,48.63,1.0,4704.8,3111.1,2.375,0.965,19546.7,0.5195,20004.6,47.31,2.9598,0.048079,135.21,True,physics_simulated_synthetic
BGW-010,520.08,552.0,7.917,114.3,56.2,1.0,4704.8,3111.1,2.375,1.0,19622.8,0.5848,19693.3,53.35,2.2355,0.04738,241.63,True,physics_simulated_synthetic
BGW-010,134.44,281.3,5.648,66.41,36.03,1.0,4704.8,3111.1,2.375,0.971,19549.4,0.7208,19638.1,68.54,2.7065,0.027451,82.5,True,physics_simulated_synthetic
BGW-010,130.59,576.9,5.581,103.17,35.21,1.0,4704.8,3111.1,2.375,0.973,19559.0,0.7236,19296.6,70.47,2.6473,0.041907,127.23,True,physics_simulated_synthetic
BGW-010,109.05,1069.4,6.555,101.51,44.1,1.0,4704.8,3111.1,2.375,0.985,19585.1,0.7178,19639.9,70.49,2.1506,0.041968,184.2,True,physics_simulated_synthetic
BGW-010,190.51,977.5,3.857,102.98,38.05,1.0,4704.8,3111.1,2.375,0.956,19520.3,0.7278,19655.0,71.5,2.4592,0.042606,96.23,True,physics_simulated_synthetic
BGW-010,2876.89,309.4,6.929,128.51,36.63,1.0,4704.8,3111.1,2.375,0.976,19577.6,0.4555,20138.7,36.64,5.1077,0.054479,106.42,True,physics_simulated_synthetic
BGW-010,60.15,852.6,5.691,69.15,47.29,1.0,4704.8,3111.1,2.375,0.981,19567.5,0.7585,19598.6,78.8,1.79,0.028526,130.59,True,physics_simulated_synthetic
BGW-010,8636.24,669.3,6.404,81.07,51.26,1.0,4704.8,3111.1,2.375,0.958,19532.7,0.39,20517.7,27.69,4.9205,0.035012,65.62,True,physics_simulated_synthetic
BGW-010,18338.94,436.6,5.714,106.96,36.83,1.0,4704.8,3111.1,2.375,0.99,19590.7,0.3572,20745.3,18.71,10.248,0.04671,37.51,True,physics_simulated_synthetic
BGW-010,1491.19,1006.7,7.917,83.02,54.25,1.0,4704.8,3111.1,2.375,0.959,19542.4,0.4956,20083.5,41.92,3.0061,0.035098,133.1,True,physics_simulated_synthetic
BGW-010,15579.68,912.6,4.241,74.21,51.92,1.0,4704.8,3111.1,2.375,0.974,19552.9,0.3777,20480.9,21.65,6.2011,0.031992,31.51,True,physics_simulated_synthetic
BGW-010,1419.62,900.2,6.081,75.18,42.36,1.0,4704.8,3111.1,2.375,0.911,19446.0,0.5204,19849.3,45.26,3.524,0.031411,78.05,True,physics_simulated_synthetic
BGW-010,11738.18,445.4,7.996,133.07,34.22,1.0,4704.8,3111.1,2.375,0.981,19596.5,0.3606,20602.8,21.05,9.735,0.05771,68.25,True,physics_simulated_synthetic
BGW-010,153.76,398.3,3.198,141.05,34.11,1.0,4704.8,3111.1,2.375,0.924,19464.3,0.7548,19626.9,73.54,2.6627,0.058272,100.78,True,physics_simulated_synthetic
BGW-010,2057.42,694.1,7.471,139.96,50.33,1.0,4704.8,3111.1,2.375,0.963,19560.7,0.4749,19792.5,40.53,3.3026,0.058311,189.96,True,physics_simulated_synthetic
BGW-010,791.56,423.0,7.927,93.89,50.31,1.0,4704.8,3111.1,2.375,0.929,19491.5,0.5485,19594.5,50.87,2.6062,0.038727,169.63,True,physics_simulated_synthetic
BGW-010,1635.63,318.0,7.02,100.42,57.4,1.0,4704.8,3111.1,2.375,0.965,19552.6,0.4979,19998.5,42.81,2.7702,0.042272,154.26,True,physics_simulated_synthetic
BGW-010,578.34,796.0,4.053,81.08,38.38,1.0,4704.8,3111.1,2.375,0.927,19469.6,0.6286,19542.9,60.56,2.8619,0.033354,68.03,True,physics_simulated_synthetic
BGW-010,1530.93,824.4,6.253,82.94,45.98,1.0,4704.8,3111.1,2.375,0.958,19531.8,0.512,19971.9,43.73,3.3808,0.034869,92.87,True,physics_simulated_synthetic
BGW-010,1397.4,1130.4,4.212,92.33,48.97,1.0,4704.8,3111.1,2.375,0.943,19499.2,0.5448,19763.3,49.2,2.7921,0.038409,83.45,True,physics_simulated_synthetic
BGW-010,338.01,766.6,6.913,121.13,56.38,1.0,4704.8,3111.1,2.375,0.974,19571.7,0.6346,19657.0,59.89,1.9814,0.050119,251.81,True,physics_simulated_synthetic
BGW-010,10792.68,667.8,4.457,128.78,49.4,1.0,4704.8,3111.1,2.375,0.955,19524.7,0.3952,20630.1,25.87,5.4957,0.055925,65.32,True,physics_simulated_synthetic
BGW-010,22353.43,485.0,6.553,101.79,30.84,1.0,4704.8,3111.1,2.375,0.933,19493.7,0.3415,20752.0,14.61,15.6792,0.044465,26.76,True,physics_simulated_synthetic
BGW-010,289.01,937.6,7.384,110.94,35.92,1.0,4704.8,3111.1,2.375,0.928,19490.0,0.6405,19394.5,62.02,2.9636,0.04529,162.49,True,physics_simulated_synthetic
BGW-010,1412.09,294.8,7.303,106.5,46.41,1.0,4704.8,3111.1,2.375,0.922,19479.5,0.5068,19845.4,43.61,3.3379,0.044488,140.17,True,physics_simulated_synthetic
BGW-010,11599.86,581.2,7.289,80.31,42.7,1.0,4704.8,3111.1,2.375,0.945,19512.8,0.3668,20396.1,19.12,8.5042,0.034481,42.56,True,physics_simulated_synthetic
BGW-010,1952.62,379.8,3.871,123.72,59.61,1.0,4704.8,3111.1,2.375,0.987,19577.6,0.5202,20306.2,43.85,2.6442,0.052884,111.49,True,physics_simulated_synthetic
BGW-010,430.26,373.0,3.694,103.34,50.6,1.0,4704.8,3111.1,2.375,0.935,19483.3,0.6618,19758.8,64.62,2.0566,0.042981,111.18,True,physics_simulated_synthetic
BGW-010,369.29,808.2,6.27,93.31,59.28,1.0,4704.8,3111.1,2.375,0.944,19509.0,0.6364,19461.9,59.78,1.8691,0.038226,184.64,True,physics_simulated_synthetic
BGW-010,67.68,281.0,5.601,125.16,42.26,1.0,4704.8,3111.1,2.375,0.945,19512.3,0.7556,19582.9,75.15,2.0987,0.051593,198.28,True,physics_simulated_synthetic
BGW-010,1682.48,359.1,4.639,132.97,49.88,1.0,4704.8,3111.1,2.375,0.9,19428.4,0.5233,19803.5,45.99,2.9383,0.055431,126.02,True,physics_simulated_synthetic
BGW-010,105.69,652.6,2.681,88.15,32.0,1.0,4704.8,3111.1,2.375,0.997,19589.2,0.788,19537.1,79.95,2.5989,0.03625,53.84,True,physics_simulated_synthetic
BGW-010,1659.38,342.0,5.541,83.42,31.66,1.0,4704.8,3111.1,2.375,0.954,19522.4,0.5136,19916.0,46.64,4.5913,0.034973,60.77,True,physics_simulated_synthetic
BGW-010,613.42,814.5,7.734,92.48,40.66,1.0,4704.8,3111.1,2.375,0.966,19556.5,0.5729,19735.9,57.73,2.8622,0.038418,149.48,True,physics_simulated_synthetic
BGW-010,2901.1,583.5,6.978,103.27,41.63,1.0,4704.8,3111.1,2.375,0.923,19478.1,0.4544,19749.9,36.33,4.4448,0.042932,97.06,True,physics_simulated_synthetic
BGW-010,125.18,850.9,5.267,72.19,41.7,1.0,4704.8,3111.1,2.375,0.96,19529.3,0.7314,19670.1,70.1,2.2902,0.029892,98.99,True,physics_simulated_synthetic
BGW-010,107.17,1089.9,4.458,95.93,59.31,1.0,4704.8,3111.1,2.375,0.929,19475.5,0.7542,19445.7,76.62,1.4567,0.039266,173.06,True,physics_simulated_synthetic
BGW-010,35574.16,444.0,7.765,103.02,36.55,1.0,4704.8,3111.1,2.375,0.983,19589.3,0.3136,21005.4,11.32,17.2792,0.04555,29.48,True,physics_simulated_synthetic
BGW-010,119.03,803.6,2.782,117.9,53.9,1.0,4704.8,3111.1,2.375,0.976,19554.5,0.7791,19670.9,75.62,1.6426,0.04882,119.08,True,physics_simulated_synthetic
BGW-010,76.35,992.3,3.07,99.98,51.88,1.0,4704.8,3111.1,2.375,0.93,19472.4,0.797,19443.6,77.87,1.6381,0.040919,110.42,True,physics_simulated_synthetic
BGW-010,685.79,222.7,2.687,106.58,42.25,1.0,4704.8,3111.1,2.375,0.929,19470.6,0.6332,19712.3,61.99,2.5619,0.044223,66.79,True,physics_simulated_synthetic
BGW-010,1781.02,405.2,3.827,135.09,56.71,1.0,4704.8,3111.1,2.375,0.904,19430.7,0.5286,19719.6,45.45,2.6038,0.056075,118.67,True,physics_simulated_synthetic
BGW-010,1326.2,499.5,7.447,132.62,56.57,1.0,4704.8,3111.1,2.375,0.903,19453.1,0.5103,19623.5,46.92,2.5162,0.054782,233.47,True,physics_simulated_synthetic
BGW-010,11612.57,301.7,5.472,126.81,45.37,1.0,4704.8,3111.1,2.375,0.944,19511.2,0.3821,20369.3,21.15,7.2264,0.054373,59.29,True,physics_simulated_synthetic
BGW-010,9195.32,209.0,4.917,101.92,43.57,1.0,4704.8,3111.1,2.375,0.942,19501.5,0.4,20298.1,27.22,5.8256,0.043548,52.92,True,physics_simulated_synthetic
BGW-010,4179.68,294.9,3.063,105.58,54.76,1.0,4704.8,3111.1,2.375,0.983,19567.3,0.4701,20212.7,37.37,3.3618,0.044923,58.94,True,physics_simulated_synthetic
BGW-010,3959.04,330.7,3.772,75.26,37.64,1.0,4704.8,3111.1,2.375,0.926,19466.5,0.466,19906.5,36.28,4.9611,0.031536,34.53,True,physics_simulated_synthetic
BGW-010,7878.6,522.1,7.391,119.29,56.82,1.0,4704.8,3111.1,2.375,0.932,19500.4,0.3866,20220.6,23.74,5.1014,0.050775,105.94,True,physics_simulated_synthetic
BGW-010,1682.21,418.4,7.055,66.32,35.78,1.0,4704.8,3111.1,2.375,0.911,19448.1,0.4953,20000.1,42.3,4.4987,0.027919,63.05,True,physics_simulated_synthetic
BGW-010,23299.19,654.9,2.738,89.31,46.53,1.0,4704.8,3111.1,2.375,0.919,19452.5,0.3715,20650.1,17.42,8.6731,0.03882,17.65,True,physics_simulated_synthetic
BGW-010,372.32,548.3,5.67,70.95,50.97,1.0,4704.8,3111.1,2.375,0.994,19591.6,0.6444,19541.2,60.97,2.1404,0.029184,111.32,True,physics_simulated_synthetic
BGW-010,209.05,1103.0,5.092,131.22,47.46,1.0,4704.8,3111.1,2.375,0.957,19530.3,0.7001,19501.1,70.56,1.9823,0.053866,199.26,True,physics_simulated_synthetic
BGW-010,917.9,337.6,6.535,86.94,38.32,1.0,4704.8,3111.1,2.375,0.919,19465.3,0.5526,19689.2,50.35,3.4737,0.036031,97.62,True,physics_simulated_synthetic
BGW-010,8564.77,953.1,3.388,127.74,44.84,1.0,4704.8,3111.1,2.375,0.973,19551.2,0.419,20391.0,28.45,5.4409,0.054828,49.17,True,physics_simulated_synthetic
BGW-010,114.64,728.7,5.322,122.38,48.01,1.0,4704.8,3111.1,2.375,0.959,19535.5,0.7355,19432.8,71.85,1.9176,0.050062,200.06,True,physics_simulated_synthetic
BGW-010,232.1,836.7,7.536,129.43,33.64,1.0,4704.8,3111.1,2.375,0.956,19545.4,0.655,19555.0,65.02,3.043,0.053279,189.99,True,physics_simulated_synthetic
BGW-010,5233.08,911.3,4.493,83.27,41.84,1.0,4704.8,3111.1,2.375,0.975,19556.5,0.4389,20191.1,33.44,4.9119,0.035392,46.62,True,physics_simulated_synthetic
BGW-010,1461.14,1147.5,7.351,119.48,58.62,1.0,4704.8,3111.1,2.375,0.906,19453.6,0.5034,19810.9,44.11,2.608,0.049826,202.23,True,physics_simulated_synthetic
BGW-010,977.3,676.8,4.305,127.23,54.03,1.0,4704.8,3111.1,2.375,0.93,19478.7,0.576,19750.2,57.57,2.1613,0.052893,151.73,True,physics_simulated_synthetic
BGW-010,2542.71,390.4,2.987,71.74,45.2,1.0,4704.8,3111.1,2.375,0.952,19510.7,0.5093,20272.3,43.52,3.5076,0.030612,37.54,True,physics_simulated_synthetic
BGW-010,1402.49,894.5,6.992,98.08,36.35,1.0,4704.8,3111.1,2.375,0.933,19494.1,0.5108,19753.0,43.44,4.258,0.040783,96.44,True,physics_simulated_synthetic
BGW-010,341.88,1061.8,5.598,113.92,57.45,1.0,4704.8,3111.1,2.375,0.923,19471.1,0.6528,19716.2,64.73,1.8045,0.047278,211.2,True,physics_simulated_synthetic
BGW-010,412.38,970.2,4.39,64.97,41.09,1.0,4704.8,3111.1,2.375,0.954,19515.9,0.6547,19505.2,62.18,2.5986,0.026676,64.89,True,physics_simulated_synthetic
BGW-010,35773.94,400.5,4.902,86.89,38.98,1.0,4704.8,3111.1,2.375,0.938,19491.4,0.3344,21089.4,11.86,15.5224,0.038573,17.54,True,physics_simulated_synthetic
BGW-010,39611.86,294.2,7.53,97.58,55.48,1.0,4704.8,3111.1,2.375,0.943,19515.2,0.3112,20973.7,9.76,13.1779,0.043079,35.45,True,physics_simulated_synthetic
BGW-010,83.75,369.2,7.083,70.89,58.92,1.0,4704.8,3111.1,2.375,0.918,19462.2,0.722,19534.4,70.94,1.5907,0.02915,186.9,True,physics_simulated_synthetic
BGW-010,5576.98,615.1,2.944,135.3,35.12,1.0,4704.8,3111.1,2.375,0.942,19496.1,0.4511,20062.8,33.55,5.7956,0.057142,41.8,True,physics_simulated_synthetic
BGW-010,10748.78,1145.9,6.338,97.79,42.57,1.0,4704.8,3111.1,2.375,0.906,19443.5,0.3787,20593.2,24.42,6.7413,0.042388,57.39,True,physics_simulated_synthetic
BGW-010,1020.05,961.5,5.556,99.4,42.85,1.0,4704.8,3111.1,2.375,0.904,19435.4,0.5556,19589.2,49.64,3.1349,0.040986,104.6,True,physics_simulated_synthetic
BGW-010,4772.98,800.4,7.142,127.72,33.16,1.0,4704.8,3111.1,2.375,0.994,19610.7,0.4189,20330.9,33.96,6.1457,0.054658,91.47,True,physics_simulated_synthetic
BGW-010,246.55,577.6,3.257,143.33,30.81,1.0,4704.8,3111.1,2.375,0.938,19489.6,0.7181,19421.3,70.36,3.0497,0.058594,90.1,True,physics_simulated_synthetic
BGW-010,1381.61,618.1,4.336,109.65,55.31,1.0,4704.8,3111.1,2.375,0.92,19459.2,0.5442,19953.6,47.18,2.6025,0.046056,110.48,True,physics_simulated_synthetic
BGW-010,73.59,216.7,5.429,120.12,44.2,1.0,4704.8,3111.1,2.375,0.953,19523.9,0.7552,19526.7,72.83,2.0647,0.049372,186.93,True,physics_simulated_synthetic
BGW-010,2786.97,463.7,4.557,98.87,36.42,1.0,4704.8,3111.1,2.375,0.912,19445.6,0.4833,20212.4,38.35,4.9256,0.042064,56.04,True,physics_simulated_synthetic
BGW-010,37292.14,1042.8,4.411,87.41,49.91,1.0,4704.8,3111.1,2.375,0.933,19481.5,0.3365,20803.3,13.58,10.4464,0.038276,23.27,True,physics_simulated_synthetic
BGW-010,284.51,211.2,7.309,93.55,36.17,1.0,4704.8,3111.1,2.375,0.972,19563.4,0.6428,19530.2,62.42,2.9446,0.038461,137.48,True,physics_simulated_synthetic
BGW-010,4432.38,212.8,6.463,86.33,56.12,1.0,4704.8,3111.1,2.375,0.975,19563.6,0.4302,19970.2,33.33,3.634,0.036291,92.94,True,physics_simulated_synthetic
BGW-010,145.24,993.2,5.602,67.16,56.98,1.0,4704.8,3111.1,2.375,0.951,19514.3,0.7168,19366.3,70.23,1.6472,0.027379,134.08,True,physics_simulated_synthetic
BGW-010,454.35,873.0,5.138,100.69,55.86,1.0,4704.8,3111.1,2.375,0.941,19499.1,0.6347,19738.8,62.36,1.9286,0.041838,160.51,True,physics_simulated_synthetic
BGW-010,2540.53,672.3,6.46,107.29,47.51,1.0,4704.8,3111.1,2.375,0.939,19504.3,0.4695,19978.1,37.46,3.8208,0.045121,109.85,True,physics_simulated_synthetic
BGW-010,100.25,1002.8,6.867,123.93,52.99,1.0,4704.8,3111.1,2.375,0.935,19502.9,0.717,19688.2,67.7,1.8681,0.051363,271.89,True,physics_simulated_synthetic
BGW-010,2237.98,377.9,7.074,122.58,42.66,1.0,4704.8,3111.1,2.375,0.905,19450.0,0.4727,19846.9,38.97,4.064,0.05121,128.36,True,physics_simulated_synthetic
BGW-010,734.63,1176.1,3.751,136.39,55.33,1.0,4704.8,3111.1,2.375,0.955,19522.3,0.6105,19723.9,55.24,2.1967,0.056628,139.25,True,physics_simulated_synthetic
BGW-010,8338.9,1094.2,2.531,75.48,53.12,1.0,4704.8,3111.1,2.375,0.947,19500.7,0.4295,20505.7,29.27,4.4892,0.032578,26.45,True,physics_simulated_synthetic
BGW-010,6734.03,981.6,5.614,135.41,53.88,1.0,4704.8,3111.1,2.375,0.95,19523.9,0.4118,20413.2,29.77,4.3321,0.058187,108.58,True,physics_simulated_synthetic
BGW-010,575.83,748.4,6.969,122.79,39.48,1.0,4704.8,3111.1,2.375,0.958,19543.5,0.5882,19823.5,56.01,3.0512,0.051236,168.52,True,physics_simulated_synthetic
BGW-010,2760.16,502.6,6.659,78.84,45.55,1.0,4704.8,3111.1,2.375,0.959,19535.0,0.4613,20096.3,35.89,4.185,0.033352,76.42,True,physics_simulated_synthetic
BGW-010,2265.22,1139.5,4.691,85.66,57.23,1.0,4704.8,3111.1,2.375,0.988,19579.9,0.4981,19902.9,43.53,2.7191,0.035887,89.15,True,physics_simulated_synthetic
BGW-010,37196.39,687.2,3.418,104.95,59.69,1.0,4704.8,3111.1,2.375,0.952,19513.0,0.3447,20767.7,11.67,10.1502,0.045881,22.25,True,physics_simulated_synthetic
BGW-010,455.0,516.5,7.644,73.16,33.89,1.0,4704.8,3111.1,2.375,0.96,19539.8,0.5997,19791.3,58.61,3.3921,0.030481,98.91,True,physics_simulated_synthetic
BGW-010,165.9,1173.8,5.649,66.97,47.89,1.0,4704.8,3111.1,2.375,0.988,19580.7,0.7074,19599.7,71.12,1.9584,0.027629,114.76,True,physics_simulated_synthetic
BGW-010,401.29,589.3,4.75,100.87,30.26,1.0,4704.8,3111.1,2.375,0.973,19554.5,0.6517,19637.9,65.0,3.3986,0.041695,83.92,True,physics_simulated_synthetic
BGW-010,131.32,1134.3,5.032,136.94,32.73,1.0,4704.8,3111.1,2.375,0.971,19555.8,0.7325,19676.2,74.1,2.7619,0.056717,148.82,True,physics_simulated_synthetic
BGW-010,146.95,1170.4,6.732,142.51,46.17,1.0,4704.8,3111.1,2.375,0.919,19477.1,0.6979,19514.7,70.58,2.0383,0.058542,278.44,True,physics_simulated_synthetic
BGW-010,2643.87,1194.9,6.807,92.06,51.14,1.0,4704.8,3111.1,2.375,0.922,19473.2,0.4629,20178.3,36.68,3.6615,0.039104,104.69,True,physics_simulated_synthetic
BGW-010,435.91,653.6,7.591,114.36,33.28,1.0,4704.8,3111.1,2.375,0.954,19539.1,0.6041,19643.1,58.31,3.446,0.047286,150.0,True,physics_simulated_synthetic
BGW-010,2247.87,871.3,3.756,68.92,43.52,1.0,4704.8,3111.1,2.375,0.987,19574.2,0.5099,20266.8,40.87,3.8782,0.029402,41.0,True,physics_simulated_synthetic
BGW-010,15557.09,711.9,3.876,69.8,59.03,1.0,4704.8,3111.1,2.375,0.955,19518.1,0.3811,20520.5,21.73,5.4462,0.03015,30.9,True,physics_simulated_synthetic
BGW-010,384.2,456.7,3.069,89.1,39.34,1.0,4704.8,3111.1,2.375,0.918,19451.2,0.6824,19643.6,64.11,2.6507,0.036843,61.42,True,physics_simulated_synthetic
BGW-010,554.64,714.4,2.802,122.42,54.47,1.0,4704.8,3111.1,2.375,0.976,19554.7,0.652,19722.6,62.91,1.9592,0.050823,104.68,True,physics_simulated_synthetic
BGW-010,36084.54,598.5,5.538,136.91,34.54,1.0,4704.8,3111.1,2.375,0.944,19512.9,0.3291,20927.6,13.44,15.3477,0.060311,31.34,True,physics_simulated_synthetic
BGW-010,77.82,524.4,7.906,122.43,46.21,1.0,4704.8,3111.1,2.375,0.91,19465.3,0.7121,19359.8,71.54,1.9933,0.049894,284.98,True,physics_simulated_synthetic
BGW-010,1586.94,697.9,4.849,98.61,47.92,1.0,4704.8,3111.1,2.375,0.972,19553.2,0.5257,19992.3,44.83,3.1676,0.041497,91.47,True,physics_simulated_synthetic
BGW-010,521.62,866.8,5.662,131.01,42.33,1.0,4704.8,3111.1,2.375,0.922,19472.9,0.6148,19664.9,61.37,2.5764,0.054229,171.62,True,physics_simulated_synthetic
BGW-010,5374.69,1159.1,4.295,130.27,38.89,1.0,4704.8,3111.1,2.375,0.979,19565.7,0.4391,20306.1,34.33,5.1776,0.055684,66.52,True,physics_simulated_synthetic
BGW-010,89.32,585.8,4.622,66.19,33.65,1.0,4704.8,3111.1,2.375,0.927,19469.4,0.7607,19739.4,76.01,2.6268,0.027505,69.69,True,physics_simulated_synthetic
BGW-010,1909.34,473.6,6.428,76.86,44.43,1.0,4704.8,3111.1,2.375,0.992,19592.6,0.492,20076.8,42.53,3.6162,0.032483,83.14,True,physics_simulated_synthetic
BGW-010,320.95,691.4,4.801,79.95,41.15,1.0,4704.8,3111.1,2.375,0.951,19513.6,0.6704,19649.3,66.76,2.4344,0.033068,93.91,True,physics_simulated_synthetic
BGW-010,79.34,980.5,4.194,133.56,40.38,1.0,4704.8,3111.1,2.375,0.95,19513.6,0.774,19461.1,76.11,2.1551,0.054714,153.33,True,physics_simulated_synthetic
BGW-010,11883.27,927.1,3.344,128.32,31.77,1.0,4704.8,3111.1,2.375,0.978,19560.5,0.4005,20351.3,24.87,8.7696,0.054971,30.18,True,physics_simulated_synthetic
BGW-010,447.3,736.5,2.754,76.67,59.03,1.0,4704.8,3111.1,2.375,0.951,19507.3,0.6734,19499.8,62.45,1.8004,0.031472,69.32,True,physics_simulated_synthetic
BGW-010,4782.78,1051.2,6.875,138.74,39.11,1.0,4704.8,3111.1,2.375,0.988,19599.7,0.4213,20389.0,33.01,5.375,0.059543,109.67,True,physics_simulated_synthetic
BGW-010,39754.76,1192.7,7.74,114.85,48.45,1.0,4704.8,3111.1,2.375,0.96,19551.2,0.3096,20883.0,9.33,15.7268,0.050485,35.78,True,physics_simulated_synthetic
BGW-010,36109.52,325.3,6.378,123.59,48.57,1.0,4704.8,3111.1,2.375,0.914,19462.0,0.3228,20923.9,11.45,12.8022,0.054434,39.05,True,physics_simulated_synthetic
BGW-010,910.32,979.9,3.616,98.03,58.99,1.0,4704.8,3111.1,2.375,0.909,19437.3,0.5922,19444.8,57.36,1.9558,0.040125,106.82,True,physics_simulated_synthetic
BGW-010,18776.64,651.8,5.714,91.65,38.1,1.0,4704.8,3111.1,2.375,0.993,19593.1,0.3561,20653.6,18.02,10.2407,0.039846,32.02,True,physics_simulated_synthetic
BGW-010,7420.05,600.4,5.982,105.94,57.43,1.0,4704.8,3111.1,2.375,0.996,19602.8,0.4025,20558.7,27.75,4.3907,0.045844,89.95,True,physics_simulated_synthetic
BGW-010,2121.58,624.5,7.541,114.19,54.31,1.0,4704.8,3111.1,2.375,0.908,19456.9,0.4719,19985.4,43.3,2.8926,0.048039,180.35,True,physics_simulated_synthetic
BGW-010,412.04,934.2,5.07,107.38,53.26,1.0,4704.8,3111.1,2.375,0.941,19499.8,0.6445,19751.4,62.16,2.0304,0.044644,160.53,True,physics_simulated_synthetic
BGW-010,2977.7,222.1,7.41,130.75,50.21,1.0,4704.8,3111.1,2.375,0.997,19618.1,0.4482,20497.2,37.16,3.7392,0.056414,160.99,True,physics_simulated_synthetic
BGW-010,64.0,664.7,5.561,88.55,39.97,1.0,4704.8,3111.1,2.375,0.917,19457.4,0.7584,19565.8,75.34,2.2117,0.036472,132.06,True,physics_simulated_synthetic
BGW-010,59.65,863.0,7.182,76.7,50.48,1.0,4704.8,3111.1,2.375,0.965,19546.2,0.7337,19485.9,75.15,1.7485,0.03146,186.08,True,physics_simulated_synthetic
BGW-010,39270.25,420.9,4.709,104.89,57.6,1.0,4704.8,3111.1,2.375,0.937,19492.1,0.3321,20832.1,11.67,10.5462,0.045997,29.58,True,physics_simulated_synthetic
BGW-010,863.94,833.8,5.089,94.65,42.09,1.0,4704.8,3111.1,2.375,0.979,19566.0,0.5767,19726.2,55.64,2.8671,0.039302,100.47,True,physics_simulated_synthetic
BGW-010,882.51,1187.0,6.249,142.61,51.38,1.0,4704.8,3111.1,2.375,1.0,19616.7,0.5597,19713.5,53.06,2.4615,0.059176,216.32,True,physics_simulated_synthetic
BGW-010,73.52,804.9,7.534,78.26,44.21,1.0,4704.8,3111.1,2.375,0.955,19531.8,0.7203,19591.9,67.06,2.2493,0.032276,155.68,True,physics_simulated_synthetic
BGW-010,567.86,360.2,2.507,82.51,49.17,1.0,4704.8,3111.1,2.375,0.968,19537.7,0.6544,19764.3,64.57,2.119,0.034327,58.49,True,physics_simulated_synthetic
BGW-010,35397.76,1046.1,3.472,120.99,38.66,1.0,4704.8,3111.1,2.375,0.908,19436.5,0.3463,20643.6,12.28,14.8003,0.052577,17.76,True,physics_simulated_synthetic
BGW-010,27312.2,391.0,5.164,126.25,37.96,1.0,4704.8,3111.1,2.375,0.94,19502.1,0.3436,20888.9,16.02,11.6936,0.055514,35.3,True,physics_simulated_synthetic
BGW-010,12412.08,636.2,5.607,98.14,58.97,1.0,4704.8,3111.1,2.375,0.959,19533.0,0.3774,20476.1,22.64,5.2198,0.042301,65.44,True,physics_simulated_synthetic
BGW-011,265.45,599.5,3.584,104.48,56.52,0.75,3891.4,3292.5,3.5,0.907,11216.4,0.714,11373.6,70.03,0.978,0.025015,132.0,True,physics_simulated_synthetic
BGW-011,2663.01,614.8,5.742,107.89,57.96,0.75,3891.4,3292.5,3.5,0.905,11220.5,0.4816,11492.2,41.72,1.6177,0.026099,133.41,True,physics_simulated_synthetic
BGW-011,143.58,562.1,4.619,131.31,33.87,0.75,3891.4,3292.5,3.5,0.912,11240.0,0.7441,11498.2,75.21,1.5366,0.031781,137.57,True,physics_simulated_synthetic
BGW-011,37464.59,701.3,5.692,82.78,59.87,0.75,3891.4,3292.5,3.5,0.978,11451.8,0.3319,12124.3,12.56,5.4891,0.021127,31.55,True,physics_simulated_synthetic
BGW-011,86.43,430.0,3.422,75.34,50.06,0.75,3891.4,3292.5,3.5,0.989,11481.0,0.7925,11490.4,78.68,0.9929,0.018223,90.44,True,physics_simulated_synthetic
BGW-011,3434.68,766.4,2.916,104.81,48.5,0.75,3891.4,3292.5,3.5,0.921,11263.0,0.4908,11763.0,39.73,2.0779,0.025952,52.45,True,physics_simulated_synthetic
BGW-011,242.75,664.0,5.009,126.23,33.41,0.75,3891.4,3292.5,3.5,0.921,11268.4,0.7002,11162.3,68.84,1.6517,0.02966,129.52,True,physics_simulated_synthetic
BGW-011,110.94,1152.6,3.511,127.01,30.57,0.75,3891.4,3292.5,3.5,0.973,11430.3,0.7777,11192.8,76.39,1.6312,0.029924,92.75,True,physics_simulated_synthetic
BGW-011,14252.02,733.3,3.063,90.46,35.12,0.75,3891.4,3292.5,3.5,0.939,11318.6,0.397,11944.7,25.58,4.5246,0.022745,22.18,True,physics_simulated_synthetic
BGW-011,85.38,307.0,3.603,84.47,45.17,0.75,3891.4,3292.5,3.5,0.997,11505.5,0.7901,11559.9,77.69,1.1212,0.020554,95.12,True,physics_simulated_synthetic
BGW-011,35113.83,493.7,7.775,70.4,35.56,0.75,3891.4,3292.5,3.5,0.907,11229.7,0.3209,12052.7,9.25,12.4665,0.017862,16.04,True,physics_simulated_synthetic
BGW-011,15992.9,212.5,2.7,90.16,38.98,0.75,3891.4,3292.5,3.5,0.991,11485.2,0.394,11910.3,24.31,4.2784,0.022603,20.54,True,physics_simulated_synthetic
BGW-011,5349.89,888.0,5.658,124.54,36.39,0.75,3891.4,3292.5,3.5,0.908,11231.1,0.4327,11786.5,31.83,3.4627,0.030898,72.7,True,physics_simulated_synthetic
BGW-011,3228.49,923.2,4.246,94.7,39.97,0.75,3891.4,3292.5,3.5,0.91,11229.3,0.4817,11640.0,40.1,2.4714,0.023203,57.41,True,physics_simulated_synthetic
BGW-011,14708.86,277.7,3.208,115.3,47.12,0.75,3891.4,3292.5,3.5,0.954,11370.8,0.3941,12224.4,20.26,4.3582,0.02967,31.45,True,physics_simulated_synthetic
BGW-011,35021.85,1015.5,5.734,104.91,49.39,0.75,3891.4,3292.5,3.5,0.909,11233.3,0.3343,12028.7,12.16,6.8148,0.026564,32.19,True,physics_simulated_synthetic
BGW-011,13922.13,260.7,6.83,97.87,34.2,0.75,3891.4,3292.5,3.5,0.986,11482.9,0.3684,12299.7,21.1,5.8001,0.02534,42.97,True,physics_simulated_synthetic
BGW-011,510.34,977.2,6.843,96.74,59.44,0.75,3891.4,3292.5,3.5,0.953,11377.1,0.6121,11557.3,58.87,1.1241,0.023535,206.31,True,physics_simulated_synthetic
BGW-011,1972.85,1114.8,6.824,100.18,42.04,0.75,3891.4,3292.5,3.5,0.922,11276.9,0.4945,11516.9,43.22,2.1574,0.024286,110.61,True,physics_simulated_synthetic
BGW-011,1547.97,692.8,2.876,97.86,40.72,0.75,3891.4,3292.5,3.5,0.945,11339.1,0.5583,11601.3,49.57,1.9564,0.023897,50.58,True,physics_simulated_synthetic
BGW-011,840.98,307.5,2.681,142.5,39.45,0.75,3891.4,3292.5,3.5,0.969,11416.6,0.6185,11556.6,57.6,1.7309,0.034666,77.31,True,physics_simulated_synthetic
BGW-011,17318.79,378.4,4.997,80.1,32.6,0.75,3891.4,3292.5,3.5,0.964,11403.6,0.3713,12102.5,21.15,5.9748,0.020406,24.58,True,physics_simulated_synthetic
BGW-011,392.51,201.7,5.527,135.77,32.52,0.75,3891.4,3292.5,3.5,0.929,11297.3,0.6523,11212.5,61.37,1.9122,0.032045,133.37,True,physics_simulated_synthetic
BGW-011,8507.06,860.1,2.627,81.47,37.66,0.75,3891.4,3292.5,3.5,0.977,11442.3,0.4307,12098.4,32.53,3.3619,0.020749,23.35,True,physics_simulated_synthetic
BGW-011,7445.17,1089.4,4.046,83.93,36.33,0.75,3891.4,3292.5,3.5,0.964,11401.8,0.426,12007.7,31.55,3.5653,0.021213,34.67,True,physics_simulated_synthetic
BGW-011,86.11,1135.0,3.717,75.24,32.29,0.75,3891.4,3292.5,3.5,0.92,11259.1,0.7877,11457.6,77.99,1.5484,0.018147,62.73,True,physics_simulated_synthetic
BGW-011,198.44,924.4,5.821,71.31,52.82,0.75,3891.4,3292.5,3.5,0.935,11311.0,0.7039,11211.3,68.34,1.0572,0.01683,133.45,True,physics_simulated_synthetic
BGW-011,83.93,1130.4,5.567,108.39,56.36,0.75,3891.4,3292.5,3.5,0.962,11401.1,0.7591,11371.5,77.64,0.8846,0.025946,235.13,True,physics_simulated_synthetic
BGW-011,17224.98,457.4,2.948,142.87,38.4,0.75,3891.4,3292.5,3.5,0.938,11318.5,0.388,11941.6,21.21,4.991,0.035914,30.55,True,physics_simulated_synthetic
BGW-011,1384.22,933.7,7.128,84.63,30.19,0.75,3891.4,3292.5,3.5,0.956,11386.7,0.5206,11669.7,47.56,2.7662,0.02079,77.14,True,physics_simulated_synthetic
BGW-011,691.21,332.7,7.794,67.35,30.77,0.75,3891.4,3292.5,3.5,0.976,11451.0,0.574,11629.3,53.9,2.387,0.016486,77.52,True,physics_simulated_synthetic
BGW-011,156.48,629.3,7.252,142.83,45.21,0.75,3891.4,3292.5,3.5,0.915,11264.5,0.7,11517.0,70.02,1.2383,0.034625,292.01,True,physics_simulated_synthetic
BGW-011,12539.13,1110.2,4.01,134.19,57.17,0.75,3891.4,3292.5,3.5,0.971,11428.0,0.3959,11971.0,23.41,3.045,0.033815,64.13,True,physics_simulated_synthetic
BGW-011,187.82,1148.2,6.092,142.09,36.61,0.75,3891.4,3292.5,3.5,0.917,11263.0,0.704,11254.8,69.19,1.5125,0.033662,195.25,True,physics_simulated_synthetic
BGW-011,127.82,231.7,3.284,94.84,49.38,0.75,3891.4,3292.5,3.5,0.912,11233.5,0.7729,11243.0,79.83,0.9707,0.022444,109.33,True,physics_simulated_synthetic
BGW-011,18076.19,361.5,7.013,136.17,39.63,0.75,3891.4,3292.5,3.5,0.916,11266.2,0.3544,12177.1,14.74,7.0982,0.034903,49.66,True,physics_simulated_synthetic
BGW-011,54.94,495.9,7.763,83.84,52.43,0.75,3891.4,3292.5,3.5,0.911,11243.5,0.7428,11081.2,76.89,0.9357,0.019555,233.61,True,physics_simulated_synthetic
BGW-011,729.5,213.2,3.369,143.58,41.12,0.75,3891.4,3292.5,3.5,0.967,11413.3,0.6232,11485.0,57.63,1.6495,0.034711,102.09,True,physics_simulated_synthetic
BGW-011,17508.75,1057.5,7.022,140.8,40.3,0.75,3891.4,3292.5,3.5,0.914,11262.2,0.3558,11942.5,19.2,5.2535,0.035395,68.12,True,physics_simulated_synthetic
BGW-011,23163.11,1124.8,4.742,90.11,48.34,0.75,3891.4,3292.5,3.5,0.944,11338.4,0.3593,12046.0,16.81,5.0468,0.022848,30.91,True,physics_simulated_synthetic
BGW-011,65.51,595.9,6.751,75.63,53.5,0.75,3891.4,3292.5,3.5,0.939,11327.9,0.7515,11351.6,75.06,0.9621,0.018073,182.62,True,physics_simulated_synthetic
BGW-011,1214.27,681.6,5.159,71.72,30.52,0.75,3891.4,3292.5,3.5,0.942,11331.2,0.5534,11318.5,52.73,2.3939,0.017087,53.03,True,physics_simulated_synthetic
BGW-011,961.59,846.7,4.786,74.48,30.66,0.75,3891.4,3292.5,3.5,0.998,11513.5,0.579,11668.0,54.23,2.3883,0.018293,52.79,True,physics_simulated_synthetic
BGW-011,136.71,1080.2,3.86,109.79,56.42,0.75,3891.4,3292.5,3.5,0.961,11391.2,0.7593,11489.1,75.51,0.9181,0.026551,160.75,True,physics_simulated_synthetic
BGW-011,31514.37,817.3,6.563,87.43,31.9,0.75,3891.4,3292.5,3.5,0.918,11261.7,0.3331,11861.8,11.99,10.551,0.021831,19.55,True,physics_simulated_synthetic
BGW-011,461.05,1086.4,4.502,140.96,41.9,0.75,3891.4,3292.5,3.5,0.992,11498.3,0.6515,11699.4,63.98,1.4855,0.034715,151.5,True,physics_simulated_synthetic
BGW-011,12830.04,1053.1,4.745,101.06,39.11,0.75,3891.4,3292.5,3.5,0.973,11433.2,0.3887,12057.9,21.04,4.9881,0.025651,35.14,True,physics_simulated_synthetic
BGW-011,868.13,749.1,4.401,70.41,43.17,0.75,3891.4,3292.5,3.5,0.947,11347.2,0.5933,11327.7,55.31,1.6148,0.01679,65.89,True,physics_simulated_synthetic
BGW-011,18986.21,252.4,4.29,134.42,33.48,0.75,3891.4,3292.5,3.5,0.934,11309.6,0.3722,12262.7,20.59,6.0559,0.034698,35.4,True,physics_simulated_synthetic
BGW-011,1009.35,350.9,2.995,73.34,34.92,0.75,3891.4,3292.5,3.5,0.905,11209.0,0.5968,11432.6,56.06,1.9879,0.017651,38.29,True,physics_simulated_synthetic
BGW-011,37168.48,221.8,3.272,109.27,40.45,0.75,3891.4,3292.5,3.5,0.935,11307.3,0.3494,12127.2,10.62,9.6121,0.027893,13.67,True,physics_simulated_synthetic
BGW-011,30859.61,846.9,7.525,75.34,38.62,0.75,3891.4,3292.5,3.5,0.949,11363.1,0.3276,12155.1,12.1,8.8561,0.019277,23.59,True,physics_simulated_synthetic
BGW-011,4416.39,889.0,4.073,91.35,53.79,0.75,3891.4,3292.5,3.5,0.906,11216.5,0.4604,11454.8,35.5,2.042,0.022026,63.27,True,physics_simulated_synthetic
BGW-011,79.84,1109.5,4.479,81.84,30.54,0.75,3891.4,3292.5,3.5,0.948,11351.8,0.7787,11306.8,77.39,1.6283,0.019479,77.16,True,physics_simulated_synthetic
BGW-011,1666.2,811.6,6.633,142.89,41.54,0.75,3891.4,3292.5,3.5,0.963,11417.3,0.5102,11642.5,45.19,2.1109,0.035019,158.47,True,physics_simulated_synthetic
BGW-011,6173.93,396.4,3.333,137.44,38.0,0.75,3891.4,3292.5,3.5,0.999,11514.3,0.4446,11890.9,27.57,3.8638,0.034402,42.73,True,physics_simulated_synthetic
BGW-011,360.95,459.8,7.936,82.44,32.1,0.75,3891.4,3292.5,3.5,0.928,11298.1,0.6287,11321.2,62.53,1.9196,0.019646,116.95,True,physics_simulated_synthetic
BGW-011,9152.22,993.0,6.205,82.88,44.62,0.75,3891.4,3292.5,3.5,0.949,11359.8,0.3955,11824.0,26.41,3.4151,0.020628,53.97,True,physics_simulated_synthetic
BGW-011,1174.19,776.5,2.545,98.37,31.09,0.75,3891.4,3292.5,3.5,0.94,11320.4,0.5881,11499.7,53.21,2.3665,0.023812,36.88,True,physics_simulated_synthetic
BGW-011,61.9,1062.3,3.429,112.13,33.13,0.75,3891.4,3292.5,3.5,0.928,11283.8,0.8072,11343.6,80.9,1.4408,0.026776,91.76,True,physics_simulated_synthetic
BGW-011,726.36,692.3,2.91,88.74,58.9,0.75,3891.4,3292.5,3.5,0.958,11380.6,0.6298,11366.4,59.13,1.1107,0.021231,80.1,True,physics_simulated_synthetic
BGW-011,888.47,1061.2,4.601,136.32,43.81,0.75,3891.4,3292.5,3.5,0.904,11215.4,0.5886,11140.1,57.0,1.5186,0.031966,139.45,True,physics_simulated_synthetic
BGW-011,9784.49,1148.6,4.222,117.08,39.8,0.75,3891.4,3292.5,3.5,0.969,11420.3,0.4081,11988.4,27.98,3.6652,0.029546,49.0,True,physics_simulated_synthetic
BGW-011,557.67,961.8,5.741,108.99,33.32,0.75,3891.4,3292.5,3.5,0.949,11362.5,0.6178,11535.2,59.39,1.984,0.026465,110.27,True,physics_simulated_synthetic
BGW-011,84.72,824.6,5.302,93.47,43.95,0.75,3891.4,3292.5,3.5,0.97,11423.9,0.7628,11252.4,78.12,1.1156,0.02214,151.54,True,physics_simulated_synthetic
BGW-011,17129.58,663.8,4.926,110.47,58.63,0.75,3891.4,3292.5,3.5,0.915,11249.6,0.3724,11679.9,16.77,4.044,0.027161,47.64,True,physics_simulated_synthetic
BGW-011,16354.31,1148.5,3.939,81.57,50.35,0.75,3891.4,3292.5,3.5,0.966,11407.1,0.3825,12095.5,18.64,4.3871,0.020768,26.85,True,physics_simulated_synthetic
BGW-011,1409.48,494.4,3.677,69.74,47.82,0.75,3891.4,3292.5,3.5,0.906,11212.1,0.5572,11230.4,49.21,1.6243,0.016487,53.74,True,physics_simulated_synthetic
BGW-011,809.52,1040.3,2.982,94.13,39.04,0.75,3891.4,3292.5,3.5,0.964,11399.9,0.6182,11632.3,57.01,1.7792,0.023049,55.63,True,physics_simulated_synthetic
BGW-011,56.97,1098.7,5.996,97.71,33.55,0.75,3891.4,3292.5,3.5,0.939,11328.8,0.7682,11547.1,76.13,1.5388,0.023749,133.26,True,physics_simulated_synthetic
BGW-011,81.16,1025.3,3.081,142.36,36.15,0.75,3891.4,3292.5,3.5,0.983,11463.4,0.8014,11435.5,79.8,1.3493,0.034268,112.68,True,physics_simulated_synthetic
BGW-011,169.85,1126.0,4.601,106.1,34.87,0.75,3891.4,3292.5,3.5,0.953,11369.2,0.7331,11376.8,72.91,1.5232,0.025408,110.52,True,physics_simulated_synthetic
BGW-011,693.21,749.9,5.335,99.86,32.01,0.75,3891.4,3292.5,3.5,0.984,11470.3,0.6027,11654.8,54.63,2.2687,0.024499,82.97,True,physics_simulated_synthetic
BGW-011,2240.7,324.2,7.827,105.23,40.62,0.75,3891.4,3292.5,3.5,0.936,11330.3,0.4749,11647.4,41.93,2.3277,0.025799,124.92,True,physics_simulated_synthetic
BGW-011,2338.27,549.7,6.126,78.25,55.51,0.75,3891.4,3292.5,3.5,0.944,11343.4,0.4879,11532.8,42.93,1.6473,0.018996,101.73,True,physics_simulated_synthetic
BGW-011,12752.38,1091.4,5.66,102.12,43.09,0.75,3891.4,3292.5,3.5,0.903,11212.6,0.3817,11635.1,19.9,4.6184,0.025012,44.14,True,physics_simulated_synthetic
BGW-011,79.08,620.5,4.738,75.63,51.06,0.75,3891.4,3292.5,3.5,0.9,11196.8,0.775,11108.9,75.61,0.9794,0.017684,123.2,True,physics_simulated_synthetic
BGW-011,2362.78,429.1,5.151,109.15,40.63,0.75,3891.4,3292.5,3.5,0.927,11287.9,0.4969,11552.2,42.18,2.2944,0.026543,85.8,True,physics_simulated_synthetic
BGW-011,438.98,225.1,5.012,95.21,50.81,0.75,3891.4,3292.5,3.5,0.953,11368.2,0.6491,11342.1,61.86,1.2282,0.022731,133.58,True,physics_simulated_synthetic
BGW-011,196.11,577.0,2.87,139.74,43.31,0.75,3891.4,3292.5,3.5,0.911,11229.1,0.7497,11270.3,74.08,1.1957,0.033151,114.58,True,physics_simulated_synthetic
BGW-011,5423.21,279.3,4.45,106.08,47.61,0.75,3891.4,3292.5,3.5,0.998,11514.7,0.4427,11881.0,32.63,2.6031,0.02653,65.31,True,physics_simulated_synthetic
BGW-011,3197.91,1010.8,6.343,74.83,39.57,0.75,3891.4,3292.5,3.5,0.935,11315.4,0.4621,11556.1,34.91,2.8471,0.018202,58.4,True,physics_simulated_synthetic
BGW-011,138.23,691.1,6.447,136.69,36.54,0.75,3891.4,3292.5,3.5,0.945,11356.6,0.7192,11231.1,69.66,1.502,0.032316,199.75,True,physics_simulated_synthetic
BGW-011,132.72,967.5,5.795,142.61,32.91,0.75,3891.4,3292.5,3.5,0.937,11326.1,0.7312,11079.5,72.76,1.5751,0.033259,176.21,True,physics_simulated_synthetic
BGW-011,933.2,501.2,5.431,134.41,58.73,0.75,3891.4,3292.5,3.5,0.96,11399.5,0.5741,11408.0,54.65,1.2099,0.032276,208.64,True,physics_simulated_synthetic
BGW-011,164.79,1054.2,4.472,67.59,57.24,0.75,3891.4,3292.5,3.5,0.957,11377.2,0.7372,11642.2,74.5,0.9293,0.016565,114.79,True,physics_simulated_synthetic
BGW-011,38698.28,471.1,6.956,103.45,32.61,0.75,3891.4,3292.5,3.5,0.929,11301.4,0.3222,12164.3,11.37,11.1703,0.026489,23.75,True,physics_simulated_synthetic
BGW-011,4819.58,767.5,7.973,74.72,57.49,0.75,3891.4,3292.5,3.5,0.922,11277.6,0.4198,11610.7,33.88,2.0287,0.018263,103.35,True,physics_simulated_synthetic
BGW-011,98.32,1162.8,7.223,93.61,50.53,0.75,3891.4,3292.5,3.5,0.977,11454.4,0.7268,11391.7,74.38,1.0316,0.022446,226.31,True,physics_simulated_synthetic
BGW-011,147.47,202.8,7.898,117.2,54.08,0.75,3891.4,3292.5,3.5,0.946,11363.7,0.6949,11376.2,67.79,1.0563,0.028065,302.19,True,physics_simulated_synthetic
BGW-011,380.78,808.9,4.465,78.18,54.75,0.75,3891.4,3292.5,3.5,0.99,11484.2,0.6695,11492.4,66.6,1.0727,0.018914,113.35,True,physics_simulated_synthetic
BGW-011,1702.71,712.4,5.049,131.71,48.52,0.75,3891.4,3292.5,3.5,0.976,11448.8,0.525,11631.8,47.51,1.7175,0.032248,136.52,True,physics_simulated_synthetic
BGW-011,69.11,1085.7,4.449,102.98,32.99,0.75,3891.4,3292.5,3.5,0.945,11341.0,0.7855,11289.4,79.15,1.4716,0.024471,106.54,True,physics_simulated_synthetic
BGW-011,2143.14,767.6,7.286,139.45,57.92,0.75,3891.4,3292.5,3.5,0.921,11283.9,0.4835,11639.1,40.43,1.6917,0.034166,211.89,True,physics_simulated_synthetic
BGW-011,18512.72,588.2,6.095,126.55,50.73,0.75,3891.4,3292.5,3.5,0.968,11427.5,0.3598,12140.4,17.93,4.5434,0.032341,62.48,True,physics_simulated_synthetic
BGW-011,5858.08,997.2,7.044,67.86,47.41,0.75,3891.4,3292.5,3.5,0.986,11480.0,0.4151,11861.0,30.25,2.8148,0.016942,61.06,True,physics_simulated_synthetic
BGW-011,30637.85,392.6,3.116,67.35,33.53,0.75,3891.4,3292.5,3.5,0.913,11234.2,0.359,12011.8,14.25,8.5567,0.017028,8.93,True,physics_simulated_synthetic
BGW-011,130.18,737.9,3.076,89.73,57.95,0.75,3891.4,3292.5,3.5,0.926,11278.1,0.7752,11275.6,77.89,0.8503,0.021298,110.96,True,physics_simulated_synthetic
BGW-011,15870.31,588.2,5.693,138.18,59.08,0.75,3891.4,3292.5,3.5,0.979,11462.4,0.3703,12037.8,21.24,3.2659,0.035013,87.89,True,physics_simulated_synthetic
BGW-011,93.28,1171.2,5.431,129.66,40.56,0.75,3891.4,3292.5,3.5,0.947,11354.2,0.7562,11353.2,75.23,1.2664,0.030987,191.35,True,physics_simulated_synthetic
BGW-011,3305.17,851.5,3.309,137.32,45.42,0.75,3891.4,3292.5,3.5,0.917,11251.4,0.4896,11416.2,39.93,2.1424,0.032999,73.39,True,physics_simulated_synthetic
BGW-011,429.42,1170.1,3.846,125.69,55.24,0.75,3891.4,3292.5,3.5,0.927,11285.8,0.6672,11513.6,64.32,1.103,0.030462,152.94,True,physics_simulated_synthetic
BGW-011,17377.01,1046.2,4.086,78.33,56.41,0.75,3891.4,3292.5,3.5,0.907,11219.3,0.3782,11857.7,20.48,3.4942,0.019552,32.93,True,physics_simulated_synthetic
BGW-011,181.9,577.5,3.602,94.44,55.58,0.75,3891.4,3292.5,3.5,0.935,11306.1,0.7437,11486.1,75.77,0.9283,0.022834,127.57,True,physics_simulated_synthetic
BGW-011,252.32,1125.3,2.696,78.15,41.51,0.75,3891.4,3292.5,3.5,0.911,11228.9,0.7321,11307.1,72.35,1.2815,0.0186,56.34,True,physics_simulated_synthetic
BGW-011,31223.33,1102.6,3.69,100.83,56.74,0.75,3891.4,3292.5,3.5,0.973,11432.1,0.3538,12485.4,13.97,5.3611,0.0265,26.26,True,physics_simulated_synthetic
BGW-011,28837.33,489.9,6.423,143.56,48.94,0.75,3891.4,3292.5,3.5,0.914,11258.8,0.3377,12222.2,14.09,6.0351,0.036934,56.61,True,physics_simulated_synthetic
BGW-011,424.2,326.8,7.898,106.18,56.04,0.75,3891.4,3292.5,3.5,0.967,11428.6,0.6155,11545.8,59.68,1.1751,0.025806,249.76,True,physics_simulated_synthetic
BGW-011,10220.94,982.5,6.377,72.33,36.22,0.75,3891.4,3292.5,3.5,0.908,11226.8,0.388,11410.5,26.47,4.0505,0.017373,39.39,True,physics_simulated_synthetic
BGW-011,1095.82,627.5,6.838,120.09,34.29,0.75,3891.4,3292.5,3.5,0.939,11337.4,0.5438,11734.4,48.94,2.3799,0.029664,122.74,True,physics_simulated_synthetic
BGW-011,64.56,215.6,2.846,110.59,41.2,0.75,3891.4,3292.5,3.5,0.907,11215.1,0.8156,11019.1,80.92,1.1251,0.025652,93.43,True,physics_simulated_synthetic
BGW-011,14546.51,313.5,3.895,70.0,58.16,0.75,3891.4,3292.5,3.5,0.949,11353.3,0.3889,12040.0,22.83,3.0859,0.01774,32.25,True,physics_simulated_synthetic
BGW-011,98.52,781.2,6.223,96.94,55.62,0.75,3891.4,3292.5,3.5,0.973,11439.5,0.7414,11676.2,76.76,0.9309,0.023825,229.35,True,physics_simulated_synthetic
BGW-011,4794.87,615.0,4.592,78.24,32.17,0.75,3891.4,3292.5,3.5,0.942,11333.3,0.4498,11829.3,33.81,3.7014,0.019481,34.8,True,physics_simulated_synthetic
BGW-011,16316.68,1055.0,5.615,89.62,34.54,0.75,3891.4,3292.5,3.5,0.903,11209.8,0.3695,11804.4,18.62,6.2462,0.022269,28.83,True,physics_simulated_synthetic
BGW-011,332.32,548.4,7.714,129.86,39.78,0.75,3891.4,3292.5,3.5,0.994,11519.3,0.6383,11665.7,60.09,1.661,0.031888,213.27,True,physics_simulated_synthetic
BGW-011,292.6,427.9,7.886,108.01,49.99,0.75,3891.4,3292.5,3.5,0.968,11434.1,0.6464,11416.3,63.42,1.2255,0.025957,240.53,True,physics_simulated_synthetic
BGW-011,2007.83,1142.1,5.034,89.93,31.22,0.75,3891.4,3292.5,3.5,0.992,11496.2,0.5113,11826.5,44.3,2.9109,0.022387,55.75,True,physics_simulated_synthetic
BGW-011,191.72,227.7,5.086,73.28,39.33,0.75,3891.4,3292.5,3.5,0.905,11213.7,0.7171,11286.3,70.23,1.3909,0.017408,91.67,True,physics_simulated_synthetic
BGW-011,842.89,807.9,3.616,109.65,31.93,0.75,3891.4,3292.5,3.5,0.977,11444.8,0.606,11642.5,58.28,2.1295,0.026873,65.71,True,physics_simulated_synthetic
BGW-011,64.75,1157.6,6.551,72.55,31.35,0.75,3891.4,3292.5,3.5,0.982,11463.9,0.755,11431.2,77.06,1.6105,0.017458,102.25,True,physics_simulated_synthetic
BGW-011,4918.1,611.5,4.949,86.54,47.55,0.75,3891.4,3292.5,3.5,0.902,11204.4,0.4447,11710.0,38.15,2.1969,0.021331,69.2,True,physics_simulated_synthetic
BGW-011,16557.78,508.6,5.104,122.37,50.44,0.75,3891.4,3292.5,3.5,0.957,11385.2,0.3727,12028.6,20.72,3.9173,0.030984,58.14,True,physics_simulated_synthetic
BGW-011,2579.05,945.6,4.836,120.37,55.84,0.75,3891.4,3292.5,3.5,0.955,11379.0,0.4931,11687.9,41.5,1.7168,0.029613,120.11,True,physics_simulated_synthetic
BGW-011,773.22,566.1,4.734,82.02,38.85,0.75,3891.4,3292.5,3.5,0.925,11276.6,0.6,11414.1,55.74,1.7941,0.019708,74.88,True,physics_simulated_synthetic
BGW-011,757.38,392.7,3.862,116.48,39.5,0.75,3891.4,3292.5,3.5,0.947,11348.3,0.6131,11238.9,55.94,1.731,0.027556,88.54,True,physics_simulated_synthetic
BGW-011,14345.8,893.7,5.551,73.84,51.42,0.75,3891.4,3292.5,3.5,0.944,11340.9,0.3765,11887.2,21.27,3.6984,0.018477,39.93,True,physics_simulated_synthetic
BGW-011,2073.05,666.2,5.795,87.09,50.26,0.75,3891.4,3292.5,3.5,0.92,11265.3,0.5008,11475.7,40.93,1.8989,0.021039,92.46,True,physics_simulated_synthetic
BGW-011,54.87,292.5,4.464,94.64,47.87,0.75,3891.4,3292.5,3.5,1.0,11518.1,0.7941,11585.6,81.12,1.0154,0.02308,146.12,True,physics_simulated_synthetic
BGW-011,1237.2,1179.6,5.236,97.14,40.99,0.75,3891.4,3292.5,3.5,0.918,11258.0,0.5509,11220.2,48.46,1.9226,0.022944,89.97,True,physics_simulated_synthetic
BGW-011,52.16,977.2,2.655,115.08,44.73,0.75,3891.4,3292.5,3.5,0.911,11228.9,0.8271,11204.0,79.99,1.0659,0.02714,97.34,True,physics_simulated_synthetic
BGW-011,1245.73,1044.8,4.964,74.97,59.35,0.75,3891.4,3292.5,3.5,0.918,11255.8,0.5533,11538.7,50.67,1.3059,0.018208,99.66,True,physics_simulated_synthetic
BGW-011,399.61,889.4,7.604,87.81,38.45,0.75,3891.4,3292.5,3.5,0.945,11351.9,0.6242,11378.5,59.09,1.7047,0.021031,135.08,True,physics_simulated_synthetic
BGW-011,2227.57,815.2,4.806,121.06,57.48,0.75,3891.4,3292.5,3.5,0.913,11241.4,0.5052,11412.1,42.44,1.5922,0.02908,126.4,True,physics_simulated_synthetic
BGW-011,28058.93,849.5,6.014,87.48,52.95,0.75,3891.4,3292.5,3.5,0.949,11361.3,0.3417,12154.0,14.15,5.5208,0.022381,35.11,True,physics_simulated_synthetic
BGW-011,80.32,262.4,6.28,103.14,49.21,0.75,3891.4,3292.5,3.5,0.934,11315.4,0.7502,11401.7,74.64,1.0565,0.024754,211.89,True,physics_simulated_synthetic
BGW-011,2790.08,292.7,6.598,105.3,42.62,0.75,3891.4,3292.5,3.5,0.929,11300.1,0.4698,11494.6,38.74,2.3693,0.025479,102.18,True,physics_simulated_synthetic
BGW-011,3044.06,315.0,4.686,99.45,31.7,0.75,3891.4,3292.5,3.5,0.998,11514.6,0.4818,11670.2,39.36,3.1837,0.024431,51.78,True,physics_simulated_synthetic
BGW-011,158.8,324.6,7.335,120.57,56.96,0.75,3891.4,3292.5,3.5,0.984,11483.1,0.6979,11407.0,70.26,0.9701,0.028951,315.21,True,physics_simulated_synthetic
BGW-011,16495.34,714.7,4.695,88.35,40.51,0.75,3891.4,3292.5,3.5,0.999,11517.7,0.376,12081.2,17.16,5.9157,0.022469,25.68,True,physics_simulated_synthetic
BGW-011,109.16,519.7,3.001,110.44,41.36,0.75,3891.4,3292.5,3.5,0.944,11336.9,0.7872,11361.4,76.72,1.2188,0.026413,93.66,True,physics_simulated_synthetic
BGW-011,946.06,866.5,2.769,133.24,47.16,0.75,3891.4,3292.5,3.5,0.937,11313.7,0.6059,11184.3,55.95,1.4426,0.031368,86.69,True,physics_simulated_synthetic
BGW-011,18276.95,565.0,2.986,89.96,33.19,0.75,3891.4,3292.5,3.5,0.965,11404.5,0.3846,12296.4,21.95,5.7436,0.023284,17.43,True,physics_simulated_synthetic
BGW-011,5129.65,253.1,5.75,114.39,52.14,0.75,3891.4,3292.5,3.5,0.902,11211.9,0.4347,11546.5,30.75,2.4514,0.027803,93.91,True,physics_simulated_synthetic
BGW-011,6256.35,734.5,5.285,88.59,45.63,0.75,3891.4,3292.5,3.5,0.987,11481.0,0.4259,12022.4,30.06,2.9832,0.022418,57.19,True,physics_simulated_synthetic
BGW-011,6686.12,1128.1,5.762,128.68,57.26,0.75,3891.4,3292.5,3.5,0.983,11473.1,0.4177,11717.7,27.22,2.5587,0.031739,102.92,True,physics_simulated_synthetic
BGW-011,20568.81,632.9,6.126,82.26,44.83,0.75,3891.4,3292.5,3.5,0.907,11223.6,0.3547,12046.5,16.3,5.6114,0.020858,32.79,True,physics_simulated_synthetic
BGW-011,32213.85,240.1,6.335,83.36,53.82,0.75,3891.4,3292.5,3.5,0.949,11360.4,0.3337,12172.4,9.66,7.9722,0.021359,24.44,True,physics_simulated_synthetic
BGW-011,1169.2,710.9,7.566,73.32,57.43,0.75,3891.4,3292.5,3.5,0.912,11244.6,0.5305,11297.9,48.46,1.3818,0.017438,137.49,True,physics_simulated_synthetic
BGW-011,426.23,852.9,3.74,90.65,31.49,0.75,3891.4,3292.5,3.5,0.926,11277.6,0.6694,11402.2,63.63,1.9369,0.021757,60.5,True,physics_simulated_synthetic
BGW-011,2046.74,334.5,7.513,112.16,36.17,0.75,3891.4,3292.5,3.5,0.963,11417.2,0.4849,11749.2,41.51,2.6638,0.027738,112.65,True,physics_simulated_synthetic
BGW-011,117.87,816.3,7.939,93.57,55.01,0.75,3891.4,3292.5,3.5,0.904,11222.5,0.7073,11119.8,69.09,0.996,0.021902,251.39,True,physics_simulated_synthetic
BGW-011,1528.12,788.8,6.473,129.73,51.32,0.75,3891.4,3292.5,3.5,0.993,11509.8,0.5191,11855.9,45.6,1.7246,0.032375,174.97,True,physics_simulated_synthetic
BGW-011,64.88,666.7,5.792,98.24,40.05,0.75,3891.4,3292.5,3.5,0.926,11285.4,0.7666,11327.9,77.33,1.245,0.023426,156.93,True,physics_simulated_synthetic
BGW-011,134.69,415.8,4.739,81.42,38.04,0.75,3891.4,3292.5,3.5,0.902,11201.8,0.7463,11135.7,76.83,1.2967,0.019085,100.43,True,physics_simulated_synthetic
BGW-011,3188.0,974.9,7.822,111.06,52.78,0.75,3891.4,3292.5,3.5,0.934,11324.6,0.449,11694.4,35.13,2.1466,0.02734,143.46,True,physics_simulated_synthetic
BGW-011,1815.51,595.8,7.833,96.3,56.51,0.75,3891.4,3292.5,3.5,0.902,11219.0,0.4913,11317.6,44.42,1.5348,0.022941,168.6,True,physics_simulated_synthetic
BGW-011,199.67,1013.8,4.606,110.74,32.49,0.75,3891.4,3292.5,3.5,0.914,11243.9,0.7213,11294.8,69.82,1.6947,0.026328,103.03,True,physics_simulated_synthetic
BGW-011,4443.65,649.5,5.987,69.82,39.76,0.75,3891.4,3292.5,3.5,0.962,11398.3,0.4422,11734.6,33.27,3.0199,0.017246,49.23,True,physics_simulated_synthetic
BGW-011,80.48,413.1,4.444,133.47,45.03,0.75,3891.4,3292.5,3.5,0.978,11450.5,0.7789,11613.3,76.05,1.1543,0.032627,180.86,True,physics_simulated_synthetic
BGW-012,2744.98,759.5,3.618,90.41,51.88,0.75,3969.3,3855.8,2.875,0.937,12147.4,0.4935,12246.3,43.47,1.8486,0.023306,65.68,True,physics_simulated_synthetic
BGW-012,23929.21,815.8,6.796,66.18,36.79,0.75,3969.3,3855.8,2.875,0.91,12048.1,0.3344,12804.7,15.43,7.679,0.017837,22.73,True,physics_simulated_synthetic
BGW-012,224.81,359.0,2.808,111.68,44.64,0.75,3969.3,3855.8,2.875,0.903,12010.8,0.7313,12059.3,72.4,1.27,0.028349,90.26,True,physics_simulated_synthetic
BGW-012,38324.96,915.2,2.942,121.65,34.31,0.75,3969.3,3855.8,2.875,0.923,12090.9,0.3463,12897.9,12.72,10.0573,0.033027,13.91,True,physics_simulated_synthetic
BGW-012,26329.76,819.2,5.936,126.74,45.89,0.75,3969.3,3855.8,2.875,0.922,12098.1,0.3371,12833.0,11.37,8.3701,0.034238,34.97,True,physics_simulated_synthetic
BGW-012,62.42,1168.3,2.614,113.28,41.58,0.75,3969.3,3855.8,2.875,0.97,12272.6,0.8121,12336.2,81.08,1.2455,0.029416,88.91,True,physics_simulated_synthetic
BGW-012,242.06,1059.1,5.448,128.46,46.12,0.75,3969.3,3855.8,2.875,0.903,12021.8,0.6794,12006.0,66.57,1.3311,0.032466,191.36,True,physics_simulated_synthetic
BGW-012,1252.64,943.4,7.078,102.71,37.11,0.75,3969.3,3855.8,2.875,0.911,12058.5,0.5156,12175.7,50.04,2.2316,0.026323,120.22,True,physics_simulated_synthetic
BGW-012,305.2,507.7,3.546,109.85,37.25,0.75,3969.3,3855.8,2.875,0.933,12129.2,0.6924,12162.7,65.67,1.6924,0.028124,84.85,True,physics_simulated_synthetic
BGW-012,113.52,299.6,6.368,75.82,37.98,0.75,3969.3,3855.8,2.875,0.947,12191.3,0.714,12316.1,72.57,1.521,0.019657,118.5,True,physics_simulated_synthetic
BGW-012,2784.29,384.2,6.302,127.8,47.43,0.75,3969.3,3855.8,2.875,0.996,12392.0,0.4614,12944.5,38.86,2.3904,0.034822,132.2,True,physics_simulated_synthetic
BGW-012,198.21,1125.0,3.942,82.73,35.16,0.75,3969.3,3855.8,2.875,0.937,12144.5,0.7203,12117.8,69.4,1.6902,0.021101,70.87,True,physics_simulated_synthetic
BGW-012,28519.0,698.0,4.819,65.56,41.47,0.75,3969.3,3855.8,2.875,0.901,12004.6,0.3428,12984.9,13.5,7.8919,0.017919,15.76,True,physics_simulated_synthetic
BGW-012,30888.67,972.8,5.941,98.69,54.18,0.75,3969.3,3855.8,2.875,0.913,12061.4,0.3304,12948.1,14.04,5.7919,0.026899,39.73,True,physics_simulated_synthetic
BGW-012,36844.53,636.1,7.262,72.02,54.4,0.75,3969.3,3855.8,2.875,0.992,12370.9,0.3135,13142.1,9.11,9.0281,0.019922,23.07,True,physics_simulated_synthetic
BGW-012,363.56,623.5,6.179,101.37,33.25,0.75,3969.3,3855.8,2.875,0.979,12321.2,0.635,12420.1,59.84,2.1244,0.026503,111.01,True,physics_simulated_synthetic
BGW-012,875.07,1005.0,6.576,75.35,37.3,0.75,3969.3,3855.8,2.875,0.956,12226.5,0.5526,12373.1,53.92,2.0941,0.019624,88.74,True,physics_simulated_synthetic
BGW-012,2726.64,927.2,6.317,86.96,33.62,0.75,3969.3,3855.8,2.875,0.958,12237.8,0.4628,12406.6,38.66,3.2497,0.022709,63.56,True,physics_simulated_synthetic
BGW-012,5562.64,591.2,6.381,110.68,35.85,0.75,3969.3,3855.8,2.875,0.942,12178.4,0.4136,12560.9,29.2,4.0848,0.029263,65.83,True,physics_simulated_synthetic
BGW-012,373.43,806.2,7.413,82.65,42.39,0.75,3969.3,3855.8,2.875,0.917,12077.7,0.6148,12083.8,57.48,1.6881,0.021024,132.94,True,physics_simulated_synthetic
BGW-012,6230.19,628.2,3.777,114.38,58.25,0.75,3969.3,3855.8,2.875,0.907,12029.3,0.4331,12461.8,28.58,2.5475,0.030004,64.06,True,physics_simulated_synthetic
BGW-012,30808.04,200.2,4.044,90.22,59.02,0.75,3969.3,3855.8,2.875,0.906,12025.1,0.346,12648.7,13.98,5.2194,0.024023,26.8,True,physics_simulated_synthetic
BGW-012,590.52,646.2,4.636,104.49,36.69,0.75,3969.3,3855.8,2.875,0.97,12279.2,0.615,12145.6,58.68,1.9201,0.026714,92.89,True,physics_simulated_synthetic
BGW-012,22086.74,588.6,4.457,75.38,36.25,0.75,3969.3,3855.8,2.875,0.966,12260.8,0.3572,13233.5,17.66,7.034,0.020999,19.16,True,physics_simulated_synthetic
BGW-012,17594.39,551.2,3.665,89.9,32.86,0.75,3969.3,3855.8,2.875,0.922,12087.1,0.3753,12867.3,21.74,6.1307,0.024351,20.96,True,physics_simulated_synthetic
BGW-012,677.61,1015.9,4.953,92.34,37.94,0.75,3969.3,3855.8,2.875,0.985,12336.7,0.5977,12648.5,55.73,2.0363,0.024586,86.12,True,physics_simulated_synthetic
BGW-012,35824.26,762.9,3.078,104.87,59.42,0.75,3969.3,3855.8,2.875,0.992,12363.6,0.348,13448.0,13.64,5.6496,0.029687,23.29,True,physics_simulated_synthetic
BGW-012,1424.02,223.0,4.038,128.32,43.41,0.75,3969.3,3855.8,2.875,0.952,12208.6,0.543,12290.7,48.35,1.9936,0.033199,96.83,True,physics_simulated_synthetic
BGW-012,985.29,911.7,4.053,114.84,35.59,0.75,3969.3,3855.8,2.875,0.954,12214.4,0.5761,12455.4,52.33,2.2763,0.03011,77.2,True,physics_simulated_synthetic
BGW-012,10478.28,1126.8,2.656,92.18,34.3,0.75,3969.3,3855.8,2.875,0.963,12244.7,0.4133,12838.5,29.12,4.3754,0.024911,21.78,True,physics_simulated_synthetic
BGW-012,83.64,845.1,7.593,143.44,49.38,0.75,3969.3,3855.8,2.875,0.966,12284.2,0.7086,12479.5,69.77,1.2328,0.037681,334.2,True,physics_simulated_synthetic
BGW-012,512.39,1160.4,4.387,107.1,49.44,0.75,3969.3,3855.8,2.875,0.925,12100.7,0.6319,12151.5,61.17,1.3678,0.027394,126.53,True,physics_simulated_synthetic
BGW-012,109.65,280.9,3.366,81.87,59.75,0.75,3969.3,3855.8,2.875,0.994,12367.7,0.77,12333.2,77.4,0.9077,0.021255,113.5,True,physics_simulated_synthetic
BGW-012,595.91,363.4,7.981,132.59,59.93,0.75,3969.3,3855.8,2.875,0.929,12140.2,0.5678,12331.3,54.13,1.2937,0.034416,305.75,True,physics_simulated_synthetic
BGW-012,91.83,769.9,6.59,112.92,36.13,0.75,3969.3,3855.8,2.875,0.931,12135.8,0.7209,12142.2,70.95,1.6124,0.028861,169.86,True,physics_simulated_synthetic
BGW-012,8031.76,583.5,4.469,68.03,39.94,0.75,3969.3,3855.8,2.875,0.923,12089.8,0.4101,12671.2,30.09,3.5884,0.018144,32.54,True,physics_simulated_synthetic
BGW-012,4398.27,260.4,7.81,113.63,31.53,0.75,3969.3,3855.8,2.875,0.939,12174.8,0.4148,12711.7,32.18,4.264,0.030404,80.19,True,physics_simulated_synthetic
BGW-012,1628.19,233.0,4.464,87.88,48.96,0.75,3969.3,3855.8,2.875,0.952,12206.3,0.5258,12547.8,47.73,1.8276,0.023211,81.64,True,physics_simulated_synthetic
BGW-012,2864.87,1051.9,3.184,87.2,40.88,0.75,3969.3,3855.8,2.875,0.935,12138.3,0.4956,12399.8,40.36,2.558,0.02276,40.79,True,physics_simulated_synthetic
BGW-012,918.94,256.7,6.935,142.54,45.7,0.75,3969.3,3855.8,2.875,0.94,12179.0,0.5437,12304.2,50.89,1.8008,0.036919,204.72,True,physics_simulated_synthetic
BGW-012,6617.15,725.9,5.259,68.01,46.13,0.75,3969.3,3855.8,2.875,0.924,12096.8,0.4139,12668.1,31.29,2.9875,0.018137,45.97,True,physics_simulated_synthetic
BGW-012,69.34,746.6,7.011,143.33,36.83,0.75,3969.3,3855.8,2.875,0.939,12173.4,0.7258,12134.4,72.32,1.5506,0.036611,238.37,True,physics_simulated_synthetic
BGW-012,234.43,328.2,6.998,142.57,34.92,0.75,3969.3,3855.8,2.875,0.955,12236.3,0.6574,12117.5,65.4,1.8061,0.036365,202.91,True,physics_simulated_synthetic
BGW-012,11300.58,606.1,2.872,93.56,46.65,0.75,3969.3,3855.8,2.875,0.981,12316.2,0.4066,13280.5,26.29,3.6857,0.026154,29.35,True,physics_simulated_synthetic
BGW-012,190.57,484.6,6.731,112.74,38.55,0.75,3969.3,3855.8,2.875,0.994,12384.1,0.6763,12506.6,63.72,1.7329,0.02968,166.01,True,physics_simulated_synthetic
BGW-012,3029.01,678.6,4.179,98.53,30.61,0.75,3969.3,3855.8,2.875,0.976,12303.2,0.4791,12705.9,40.7,3.472,0.026351,45.68,True,physics_simulated_synthetic
BGW-012,1249.21,444.1,6.423,77.85,49.94,0.75,3969.3,3855.8,2.875,0.976,12306.5,0.5237,12351.6,47.81,1.7608,0.020241,106.32,True,physics_simulated_synthetic
BGW-012,821.91,909.2,7.133,86.39,33.65,0.75,3969.3,3855.8,2.875,0.991,12369.7,0.5509,12577.6,52.47,2.4248,0.022873,96.89,True,physics_simulated_synthetic
BGW-012,2337.0,1028.1,7.157,143.32,57.65,0.75,3969.3,3855.8,2.875,0.974,12314.3,0.4652,12583.2,37.96,1.9571,0.037962,199.91,True,physics_simulated_synthetic
BGW-012,102.67,317.4,2.794,141.11,44.5,0.75,3969.3,3855.8,2.875,0.939,12153.9,0.7849,12081.8,79.04,1.1693,0.035887,123.46,True,physics_simulated_synthetic
BGW-012,143.04,529.1,3.311,135.36,56.77,0.75,3969.3,3855.8,2.875,0.995,12373.7,0.7548,12461.8,72.27,1.0338,0.035508,163.77,True,physics_simulated_synthetic
BGW-012,1195.5,206.1,2.545,96.61,40.57,0.75,3969.3,3855.8,2.875,0.957,12222.5,0.5801,12214.3,54.97,1.8641,0.024839,48.84,True,physics_simulated_synthetic
BGW-012,11338.41,1004.4,7.1,72.28,43.85,0.75,3969.3,3855.8,2.875,0.932,12136.7,0.3669,12720.3,22.12,4.4629,0.019353,44.33,True,physics_simulated_synthetic
BGW-012,33889.13,602.9,6.862,95.17,41.99,0.75,3969.3,3855.8,2.875,0.99,12366.3,0.3196,13030.5,8.81,11.9899,0.026103,21.51,True,physics_simulated_synthetic
BGW-012,5744.07,899.6,7.131,137.56,42.07,0.75,3969.3,3855.8,2.875,0.914,12078.9,0.4045,12615.0,30.11,3.39,0.036529,110.64,True,physics_simulated_synthetic
BGW-012,82.53,722.7,6.019,79.69,44.11,0.75,3969.3,3855.8,2.875,0.961,12244.7,0.7355,12461.4,77.48,1.2413,0.020903,145.97,True,physics_simulated_synthetic
BGW-012,30672.72,850.3,7.692,91.72,56.08,0.75,3969.3,3855.8,2.875,0.999,12404.9,0.3175,13332.8,13.0,6.2256,0.025742,45.8,True,physics_simulated_synthetic
BGW-012,3072.02,458.4,5.999,79.51,53.27,0.75,3969.3,3855.8,2.875,0.904,12021.8,0.4575,12374.0,37.74,2.0952,0.020711,85.39,True,physics_simulated_synthetic
BGW-012,2572.37,910.7,6.569,71.64,56.18,0.75,3969.3,3855.8,2.875,0.956,12228.1,0.4643,12498.7,41.37,1.8306,0.018847,97.39,True,physics_simulated_synthetic
BGW-012,8225.65,475.6,3.959,114.97,45.53,0.75,3969.3,3855.8,2.875,0.908,12032.9,0.4139,12384.9,29.88,3.0979,0.029971,55.15,True,physics_simulated_synthetic
BGW-012,8431.82,483.0,7.025,83.77,57.56,0.75,3969.3,3855.8,2.875,0.92,12091.2,0.3832,12603.5,25.71,2.8987,0.022225,77.56,True,physics_simulated_synthetic
BGW-012,107.05,550.4,7.225,73.04,43.98,0.75,3969.3,3855.8,2.875,0.915,12069.7,0.7029,11997.8,67.62,1.3733,0.018446,139.75,True,physics_simulated_synthetic
BGW-012,248.63,1162.6,5.161,65.37,47.14,0.75,3969.3,3855.8,2.875,0.943,12169.3,0.682,12350.5,66.49,1.3414,0.016994,94.14,True,physics_simulated_synthetic
BGW-012,5472.21,379.1,7.658,88.48,51.32,0.75,3969.3,3855.8,2.875,0.942,12178.3,0.4026,12674.8,31.46,2.6718,0.023605,97.43,True,physics_simulated_synthetic
BGW-012,6881.03,831.5,5.272,90.89,59.09,0.75,3969.3,3855.8,2.875,0.908,12035.3,0.4114,12532.1,27.52,2.6227,0.023976,69.4,True,physics_simulated_synthetic
BGW-012,402.74,790.3,4.539,133.64,39.5,0.75,3969.3,3855.8,2.875,0.93,12122.4,0.6514,12144.5,64.09,1.6327,0.034163,136.75,True,physics_simulated_synthetic
BGW-012,2424.01,778.4,6.336,111.15,51.13,0.75,3969.3,3855.8,2.875,0.973,12300.5,0.4713,12517.4,42.36,1.9675,0.029285,135.81,True,physics_simulated_synthetic
BGW-012,2786.34,514.1,4.603,69.79,59.79,0.75,3969.3,3855.8,2.875,0.959,12232.9,0.4805,12621.1,38.1,1.8856,0.018542,65.18,True,physics_simulated_synthetic
BGW-012,3648.21,580.4,3.72,100.12,48.42,0.75,3969.3,3855.8,2.875,0.954,12213.5,0.4706,12580.2,35.94,2.461,0.026513,57.72,True,physics_simulated_synthetic
BGW-012,450.69,730.1,3.29,96.04,51.51,0.75,3969.3,3855.8,2.875,0.909,12035.7,0.6615,12215.1,60.68,1.3304,0.024693,87.92,True,physics_simulated_synthetic
BGW-012,59.27,372.6,5.503,84.21,41.34,0.75,3969.3,3855.8,2.875,0.999,12395.5,0.7579,12385.3,77.87,1.3097,0.021955,132.84,True,physics_simulated_synthetic
BGW-012,8433.89,713.7,4.456,99.83,51.96,0.75,3969.3,3855.8,2.875,0.994,12374.7,0.4074,12969.5,28.91,2.9388,0.027254,59.5,True,physics_simulated_synthetic
BGW-012,289.51,797.7,7.671,92.07,59.54,0.75,3969.3,3855.8,2.875,0.928,12123.8,0.6315,12188.8,62.84,1.1088,0.023622,235.35,True,physics_simulated_synthetic
BGW-012,386.55,767.6,2.895,67.21,30.95,0.75,3969.3,3855.8,2.875,0.91,12037.8,0.6825,12022.8,65.31,2.0249,0.01701,35.01,True,physics_simulated_synthetic
BGW-012,255.09,989.3,2.814,81.72,33.12,0.75,3969.3,3855.8,2.875,0.97,12272.4,0.7208,12288.7,71.98,1.7548,0.021138,48.81,True,physics_simulated_synthetic
BGW-012,295.48,511.4,6.057,78.02,39.41,0.75,3969.3,3855.8,2.875,0.913,12056.4,0.6539,11897.5,64.22,1.6001,0.019538,106.51,True,physics_simulated_synthetic
BGW-012,479.3,733.0,7.961,72.39,54.32,0.75,3969.3,3855.8,2.875,0.959,12245.0,0.5865,12361.1,59.03,1.3122,0.018836,164.56,True,physics_simulated_synthetic
BGW-012,123.82,392.9,7.841,78.3,44.48,0.75,3969.3,3855.8,2.875,0.955,12228.0,0.6855,12160.0,66.49,1.3995,0.020043,161.7,True,physics_simulated_synthetic
BGW-012,3916.54,294.9,6.954,134.3,39.05,0.75,3969.3,3855.8,2.875,0.905,12040.8,0.4306,12664.2,31.79,3.4722,0.035803,103.25,True,physics_simulated_synthetic
BGW-012,20267.31,776.7,7.822,88.89,44.82,0.75,3969.3,3855.8,2.875,0.977,12318.2,0.3337,12903.7,12.22,8.0203,0.024144,33.91,True,physics_simulated_synthetic
BGW-012,53.14,723.9,5.113,71.77,55.47,0.75,3969.3,3855.8,2.875,0.954,12214.6,0.7688,12152.6,77.22,0.9657,0.018359,139.97,True,physics_simulated_synthetic
BGW-012,134.3,511.6,7.182,82.61,41.22,0.75,3969.3,3855.8,2.875,0.934,12146.6,0.6913,12069.8,68.97,1.4452,0.020988,150.18,True,physics_simulated_synthetic
BGW-012,30290.94,873.8,6.96,103.52,42.7,0.75,3969.3,3855.8,2.875,0.907,12041.7,0.3234,12644.7,12.97,7.7712,0.027553,35.53,True,physics_simulated_synthetic
BGW-012,766.75,926.1,7.938,119.16,59.73,0.75,3969.3,3855.8,2.875,0.96,12261.0,0.5468,12540.0,50.22,1.423,0.031455,252.67,True,physics_simulated_synthetic
BGW-012,30239.38,778.2,6.568,124.45,46.36,0.75,3969.3,3855.8,2.875,0.926,12117.0,0.3264,13007.3,14.77,6.4649,0.034075,49.85,True,physics_simulated_synthetic
BGW-012,386.86,1045.6,6.035,77.11,35.69,0.75,3969.3,3855.8,2.875,0.949,12198.0,0.6318,12333.3,59.42,1.9795,0.02002,87.89,True,physics_simulated_synthetic
BGW-012,17190.88,209.5,6.949,109.76,58.82,0.75,3969.3,3855.8,2.875,0.997,12395.8,0.3479,13000.8,20.41,3.6859,0.030038,81.54,True,physics_simulated_synthetic
BGW-012,1464.99,957.0,3.494,136.55,51.57,0.75,3969.3,3855.8,2.875,0.915,12060.5,0.5479,12068.2,50.49,1.5774,0.034688,110.65,True,physics_simulated_synthetic
BGW-012,346.99,758.9,4.536,96.91,33.64,0.75,3969.3,3855.8,2.875,0.947,12187.2,0.6646,12175.2,64.58,1.9075,0.024836,85.04,True,physics_simulated_synthetic
BGW-012,1026.49,1194.9,7.588,107.76,41.84,0.75,3969.3,3855.8,2.875,0.971,12298.9,0.5263,12400.4,49.15,2.0527,0.028128,149.73,True,physics_simulated_synthetic
BGW-012,1023.24,552.9,6.051,94.02,33.54,0.75,3969.3,3855.8,2.875,0.919,12084.4,0.5456,12442.4,48.37,2.6104,0.024626,82.2,True,physics_simulated_synthetic
BGW-012,25640.08,741.6,6.436,139.69,56.37,0.75,3969.3,3855.8,2.875,0.954,12232.0,0.3343,13039.8,13.96,5.6388,0.038343,63.02,True,physics_simulated_synthetic
BGW-012,8086.32,371.6,7.322,71.38,53.37,0.75,3969.3,3855.8,2.875,0.933,12138.3,0.3829,12788.3,27.77,2.9375,0.019216,68.97,True,physics_simulated_synthetic
BGW-012,2279.69,562.5,7.897,133.08,30.48,0.75,3969.3,3855.8,2.875,0.934,12161.2,0.4592,12424.8,41.05,3.3798,0.034805,117.1,True,physics_simulated_synthetic
BGW-012,160.79,778.9,3.821,70.26,53.66,0.75,3969.3,3855.8,2.875,0.95,12195.6,0.7374,12172.9,73.18,1.0552,0.018002,93.88,True,physics_simulated_synthetic
BGW-012,38655.14,269.4,2.708,94.25,43.79,0.75,3969.3,3855.8,2.875,0.922,12086.6,0.348,13068.0,11.23,9.0411,0.025926,11.18,True,physics_simulated_synthetic
BGW-012,349.41,1134.3,7.09,115.6,54.05,0.75,3969.3,3855.8,2.875,0.964,12269.6,0.6249,12311.5,60.86,1.2737,0.029958,240.14,True,physics_simulated_synthetic
BGW-012,1801.71,1004.9,7.772,96.81,36.08,0.75,3969.3,3855.8,2.875,0.926,12119.1,0.4784,12348.3,42.45,2.7444,0.025163,102.62,True,physics_simulated_synthetic
BGW-012,1791.78,447.8,3.766,142.39,31.23,0.75,3969.3,3855.8,2.875,0.991,12362.8,0.5267,12744.9,46.83,2.9663,0.0382,69.84,True,physics_simulated_synthetic
BGW-012,98.24,673.8,2.65,106.4,46.19,0.75,3969.3,3855.8,2.875,0.935,12137.0,0.7902,11952.0,79.0,1.115,0.026768,91.63,True,physics_simulated_synthetic
BGW-012,2959.56,236.9,6.797,73.98,46.31,0.75,3969.3,3855.8,2.875,0.996,12387.2,0.4517,12782.6,38.33,2.4508,0.019906,79.5,True,physics_simulated_synthetic
BGW-012,148.32,1198.4,4.764,100.23,53.4,0.75,3969.3,3855.8,2.875,0.982,12328.1,0.7258,12258.8,71.03,1.1002,0.025865,161.28,True,physics_simulated_synthetic
BGW-012,101.71,211.2,4.719,124.16,44.68,0.75,3969.3,3855.8,2.875,0.978,12311.6,0.7486,12354.0,73.17,1.2861,0.032288,170.61,True,physics_simulated_synthetic
BGW-012,2977.38,917.4,3.043,110.14,52.36,0.75,3969.3,3855.8,2.875,0.932,12124.6,0.4943,12418.3,40.25,2.0058,0.02879,62.89,True,physics_simulated_synthetic
BGW-012,225.74,312.7,6.93,93.41,43.3,0.75,3969.3,3855.8,2.875,0.966,12273.2,0.6612,12076.2,62.75,1.5128,0.023745,156.64,True,physics_simulated_synthetic
BGW-012,3325.58,678.0,2.859,86.07,42.49,0.75,3969.3,3855.8,2.875,0.908,12029.0,0.488,12283.9,39.83,2.4704,0.022256,37.09,True,physics_simulated_synthetic
BGW-012,622.73,361.6,7.921,111.75,56.66,0.75,3969.3,3855.8,2.875,0.935,12159.7,0.5648,12393.5,53.29,1.3972,0.029154,238.0,True,physics_simulated_synthetic
BGW-012,25601.98,772.0,3.486,64.44,51.02,0.75,3969.3,3855.8,2.875,0.975,12291.9,0.3591,13073.7,13.87,6.2864,0.017734,14.16,True,physics_simulated_synthetic
BGW-012,1087.22,936.3,2.833,107.37,54.62,0.75,3969.3,3855.8,2.875,0.947,12182.5,0.5848,12682.8,56.08,1.4094,0.028666,82.97,True,physics_simulated_synthetic
BGW-012,1798.2,705.0,3.532,140.39,40.19,0.75,3969.3,3855.8,2.875,0.922,12089.8,0.5295,12195.6,46.29,2.2313,0.036039,82.15,True,physics_simulated_synthetic
BGW-012,2433.13,1028.9,5.072,90.45,59.63,0.75,3969.3,3855.8,2.875,0.917,12070.6,0.4854,12163.0,41.43,1.6759,0.023159,100.92,True,physics_simulated_synthetic
BGW-012,11841.36,819.8,5.242,75.66,51.48,0.75,3969.3,3855.8,2.875,0.953,12210.3,0.381,12869.1,22.7,3.7486,0.020497,41.27,True,physics_simulated_synthetic
BGW-012,2569.8,282.0,2.977,90.88,30.47,0.75,3969.3,3855.8,2.875,0.909,12035.2,0.5069,12538.1,43.28,3.2361,0.023984,31.77,True,physics_simulated_synthetic
BGW-012,505.87,526.0,3.024,73.41,50.7,0.75,3969.3,3855.8,2.875,1.0,12389.5,0.6551,12416.4,67.15,1.2413,0.019186,67.31,True,physics_simulated_synthetic
BGW-012,187.25,328.4,7.069,111.08,53.27,0.75,3969.3,3855.8,2.875,0.939,12169.9,0.6722,12227.8,65.07,1.2006,0.02859,242.43,True,physics_simulated_synthetic
BGW-012,15330.23,632.2,3.55,108.88,43.74,0.75,3969.3,3855.8,2.875,0.903,12015.0,0.3834,12603.4,22.16,4.426,0.028886,33.37,True,physics_simulated_synthetic
BGW-012,8471.21,1176.7,3.767,140.23,37.61,0.75,3969.3,3855.8,2.875,0.942,12170.0,0.4141,12941.0,29.61,3.9556,0.038199,52.38,True,physics_simulated_synthetic
BGW-012,762.61,299.0,3.088,82.84,31.34,0.75,3969.3,3855.8,2.875,0.928,12110.9,0.6147,12364.5,60.02,2.2369,0.02156,42.86,True,physics_simulated_synthetic
BGW-012,53.97,783.8,7.862,137.78,38.48,0.75,3969.3,3855.8,2.875,0.981,12344.5,0.7205,12417.9,71.53,1.5354,0.036016,265.58,True,physics_simulated_synthetic
BGW-012,345.55,1117.1,3.974,139.58,34.59,0.75,3969.3,3855.8,2.875,0.943,12172.5,0.6742,12305.0,67.12,1.8038,0.036155,114.7,True,physics_simulated_synthetic
BGW-012,465.37,448.1,3.345,143.81,39.6,0.75,3969.3,3855.8,2.875,0.964,12255.0,0.6576,12369.3,62.63,1.6975,0.037444,106.26,True,physics_simulated_synthetic
BGW-012,2309.89,655.1,4.703,68.82,56.76,0.75,3969.3,3855.8,2.875,0.958,12228.7,0.4939,12624.3,41.0,1.8467,0.018288,67.07,True,physics_simulated_synthetic
BGW-012,1434.0,1053.5,6.788,136.1,51.37,0.75,3969.3,3855.8,2.875,0.925,12118.1,0.5078,12226.7,47.17,1.7172,0.035029,199.38,True,physics_simulated_synthetic
BGW-012,872.25,975.3,3.035,95.24,30.1,0.75,3969.3,3855.8,2.875,0.927,12106.0,0.6026,12240.5,56.24,2.4609,0.024539,43.58,True,physics_simulated_synthetic
BGW-012,2840.76,595.5,7.22,101.61,31.6,0.75,3969.3,3855.8,2.875,0.927,12122.9,0.4502,12629.5,35.74,3.8062,0.027012,73.78,True,physics_simulated_synthetic
BGW-012,3879.42,1183.6,4.039,142.93,40.22,0.75,3969.3,3855.8,2.875,0.993,12370.2,0.4624,12816.2,39.16,2.7698,0.03856,80.98,True,physics_simulated_synthetic
BGW-012,857.33,236.6,3.775,116.5,56.84,0.75,3969.3,3855.8,2.875,0.992,12365.3,0.5931,12616.2,55.91,1.3513,0.030939,124.45,True,physics_simulated_synthetic
BGW-012,24607.91,785.7,5.894,91.15,41.25,0.75,3969.3,3855.8,2.875,0.985,12344.0,0.3403,13183.2,14.34,7.5847,0.025296,28.31,True,physics_simulated_synthetic
BGW-012,209.11,945.2,6.92,120.17,46.34,0.75,3969.3,3855.8,2.875,0.91,12056.9,0.6669,12130.6,64.45,1.3824,0.030684,221.19,True,physics_simulated_synthetic
BGW-012,3946.7,853.7,3.569,91.55,53.32,0.75,3969.3,3855.8,2.875,0.93,12117.6,0.4666,12531.1,37.88,2.1117,0.024149,58.77,True,physics_simulated_synthetic
BGW-012,422.19,304.7,5.038,137.14,56.96,0.75,3969.3,3855.8,2.875,0.916,12072.3,0.6394,12258.8,60.78,1.2052,0.035389,213.02,True,physics_simulated_synthetic
BGW-012,1095.98,900.8,7.684,112.53,55.2,0.75,3969.3,3855.8,2.875,0.979,12331.4,0.5196,12595.6,44.99,1.7263,0.029837,191.25,True,physics_simulated_synthetic
BGW-012,55.93,314.3,6.996,80.15,32.48,0.75,3969.3,3855.8,2.875,0.956,12230.2,0.7337,12100.6,69.97,1.8124,0.020416,113.49,True,physics_simulated_synthetic
BGW-012,6811.98,661.7,6.952,77.72,38.99,0.75,3969.3,3855.8,2.875,0.988,12355.7,0.396,12709.9,28.09,3.951,0.020792,52.68,True,physics_simulated_synthetic
BGW-012,24291.26,469.8,4.4,139.44,42.7,0.75,3969.3,3855.8,2.875,0.919,12082.8,0.3534,12845.5,15.41,6.6447,0.037704,35.95,True,physics_simulated_synthetic
BGW-012,3848.66,677.5,4.557,127.96,47.77,0.75,3969.3,3855.8,2.875,0.941,12168.5,0.4571,12679.9,37.14,2.4328,0.034153,92.11,True,physics_simulated_synthetic
BGW-012,51.71,644.1,6.701,70.03,48.98,0.75,3969.3,3855.8,2.875,0.908,12039.3,0.7413,12136.6,74.71,1.1289,0.01789,152.9,True,physics_simulated_synthetic
BGW-012,12313.04,807.6,4.18,137.08,51.73,0.75,3969.3,3855.8,2.875,0.925,12103.6,0.3889,12719.8,23.11,3.6221,0.036704,60.99,True,physics_simulated_synthetic
BGW-012,56.98,964.6,4.37,82.77,33.29,0.75,3969.3,3855.8,2.875,0.982,12322.8,0.7804,12435.3,78.46,1.6204,0.021666,84.14,True,physics_simulated_synthetic
BGW-012,5400.55,521.5,5.857,86.21,35.68,0.75,3969.3,3855.8,2.875,0.943,12174.1,0.4206,12580.7,30.48,3.9376,0.02283,48.9,True,physics_simulated_synthetic
BGW-012,17817.44,858.2,5.543,76.15,40.79,0.75,3969.3,3855.8,2.875,0.929,12118.1,0.3579,12956.8,18.23,5.9303,0.02077,27.96,True,physics_simulated_synthetic
BGW-012,352.99,730.3,7.737,125.39,55.8,0.75,3969.3,3855.8,2.875,0.938,12170.8,0.6149,12196.9,58.48,1.2722,0.032192,281.91,True,physics_simulated_synthetic
BGW-012,15897.19,465.1,6.418,87.16,32.69,0.75,3969.3,3855.8,2.875,0.964,12261.5,0.3559,13059.2,18.48,7.3579,0.023961,30.1,True,physics_simulated_synthetic
BGW-012,8404.72,594.4,7.847,97.36,45.96,0.75,3969.3,3855.8,2.875,0.982,12339.9,0.3763,12535.2,23.92,3.8818,0.025689,74.78,True,physics_simulated_synthetic
BGW-012,2956.73,749.7,6.964,72.29,33.64,0.75,3969.3,3855.8,2.875,0.955,12224.6,0.45,12486.8,37.63,3.3568,0.019002,56.76,True,physics_simulated_synthetic
BGW-012,13716.31,626.4,6.607,105.18,40.14,0.75,3969.3,3855.8,2.875,0.954,12225.8,0.3615,12709.9,21.0,5.1317,0.02814,52.17,True,physics_simulated_synthetic
BGW-012,2368.79,1101.3,2.502,70.12,58.63,0.75,3969.3,3855.8,2.875,0.905,12019.0,0.5198,12336.2,43.81,1.6349,0.018208,40.12,True,physics_simulated_synthetic
BGW-012,7168.79,867.4,3.168,99.7,35.8,0.75,3969.3,3855.8,2.875,0.904,12017.2,0.4307,12557.4,29.38,4.0634,0.026354,29.59,True,physics_simulated_synthetic
BGW-012,37997.06,435.5,3.333,113.36,33.4,0.75,3969.3,3855.8,2.875,0.986,12341.3,0.3433,13176.8,10.75,12.4866,0.031442,12.09,True,physics_simulated_synthetic
BGW-012,10247.75,894.8,6.437,136.74,52.45,0.75,3969.3,3855.8,2.875,0.96,12251.3,0.3779,12922.3,22.03,3.8059,0.037195,90.58,True,physics_simulated_synthetic
BGW-012,235.8,949.7,7.057,105.14,58.49,0.75,3969.3,3855.8,2.875,0.932,12141.4,0.6561,12208.3,63.69,1.1155,0.027019,246.15,True,physics_simulated_synthetic
BGW-012,28146.87,775.0,3.516,142.42,47.85,0.75,3969.3,3855.8,2.875,0.921,12086.8,0.3546,12884.8,17.1,5.3584,0.038629,36.5,True,physics_simulated_synthetic
BGW-012,478.33,445.4,2.767,114.6,36.11,0.75,3969.3,3855.8,2.875,0.948,12188.5,0.6647,12074.4,63.2,1.8009,0.029127,64.45,True,physics_simulated_synthetic
BGW-012,13783.03,226.8,5.549,86.2,35.75,0.75,3969.3,3855.8,2.875,0.967,12269.0,0.3704,13070.4,21.79,5.7105,0.023716,33.19,True,physics_simulated_synthetic
BGW-012,4067.12,518.4,4.47,111.52,45.38,0.75,3969.3,3855.8,2.875,0.96,12239.3,0.4542,12526.1,35.17,2.6713,0.029405,70.86,True,physics_simulated_synthetic
BGW-012,517.26,464.0,5.216,131.42,45.34,0.75,3969.3,3855.8,2.875,0.987,12352.3,0.6185,12445.0,58.94,1.5851,0.034428,163.13,True,physics_simulated_synthetic
BGW-012,165.19,641.3,7.742,99.15,53.17,0.75,3969.3,3855.8,2.875,0.986,12354.1,0.6701,12359.4,69.17,1.144,0.025796,251.4,True,physics_simulated_synthetic
BGW-012,32088.78,308.9,4.929,90.41,44.93,0.75,3969.3,3855.8,2.875,0.98,12317.3,0.3369,13142.2,14.52,6.8583,0.025012,25.89,True,physics_simulated_synthetic
BGW-012,63.34,277.5,5.938,139.48,45.71,0.75,3969.3,3855.8,2.875,0.984,12341.9,0.7477,12353.7,72.51,1.2688,0.036271,244.47,True,physics_simulated_synthetic
BGW-012,13119.77,1158.0,7.242,69.47,52.18,0.75,3969.3,3855.8,2.875,0.938,12156.7,0.3584,12861.4,18.99,4.4172,0.018807,44.4,True,physics_simulated_synthetic
BGW-013,1287.68,366.7,5.146,90.3,43.94,0.875,2895.7,3554.9,2.875,0.995,11933.2,0.56,12199.8,51.65,1.8295,0.023188,93.92,True,physics_simulated_synthetic
BGW-013,1395.05,751.2,4.951,118.85,50.01,0.875,2895.7,3554.9,2.875,0.91,11636.2,0.5546,11771.3,50.76,1.5782,0.029449,133.02,True,physics_simulated_synthetic
BGW-013,9939.86,1114.3,7.058,96.88,51.5,0.875,2895.7,3554.9,2.875,0.902,11612.5,0.3951,12224.0,27.5,2.9377,0.024927,86.25,True,physics_simulated_synthetic
BGW-013,14316.96,906.2,2.841,130.42,36.47,0.875,2895.7,3554.9,2.875,0.908,11623.7,0.4035,12123.5,23.35,4.8452,0.033282,28.1,True,physics_simulated_synthetic
BGW-013,28021.26,940.4,5.53,71.52,31.22,0.875,2895.7,3554.9,2.875,0.974,11859.4,0.353,12665.3,14.45,9.5534,0.019069,15.89,True,physics_simulated_synthetic
BGW-013,21884.73,951.5,3.758,76.27,36.35,0.875,2895.7,3554.9,2.875,0.943,11747.0,0.3754,12338.2,21.47,5.3813,0.019808,19.92,True,physics_simulated_synthetic
BGW-013,586.89,1181.9,3.552,103.34,43.71,0.875,2895.7,3554.9,2.875,0.978,11872.0,0.6514,11842.8,62.22,1.4821,0.025762,88.9,True,physics_simulated_synthetic
BGW-013,537.32,434.4,3.71,85.03,42.0,0.875,2895.7,3554.9,2.875,1.0,11948.5,0.6582,11807.5,61.51,1.5558,0.021135,72.57,True,physics_simulated_synthetic
BGW-013,916.03,533.7,4.221,83.71,53.27,0.875,2895.7,3554.9,2.875,0.963,11817.5,0.6009,12017.6,55.84,1.3751,0.021175,93.6,True,physics_simulated_synthetic
BGW-013,13212.58,436.2,6.943,77.18,54.34,0.875,2895.7,3554.9,2.875,0.934,11723.9,0.3805,12421.1,23.33,3.335,0.020181,60.5,True,physics_simulated_synthetic
BGW-013,379.27,343.2,2.535,92.5,51.74,0.875,2895.7,3554.9,2.875,0.932,11707.0,0.7057,11903.3,67.61,1.1582,0.023177,73.04,True,physics_simulated_synthetic
BGW-013,219.21,813.3,6.921,141.29,38.79,0.875,2895.7,3554.9,2.875,0.914,11659.5,0.7002,11624.0,68.78,1.483,0.034573,232.33,True,physics_simulated_synthetic
BGW-013,1403.38,1179.4,2.526,114.0,41.46,0.875,2895.7,3554.9,2.875,0.954,11785.3,0.5778,12046.4,52.88,1.8702,0.028908,56.23,True,physics_simulated_synthetic
BGW-013,92.2,441.3,6.39,67.32,50.58,0.875,2895.7,3554.9,2.875,0.928,11696.1,0.7614,11861.2,72.69,1.0981,0.016809,140.86,True,physics_simulated_synthetic
BGW-013,6962.13,301.8,4.78,120.23,49.14,0.875,2895.7,3554.9,2.875,0.973,11860.2,0.4321,12345.2,31.69,2.6984,0.031244,79.7,True,physics_simulated_synthetic
BGW-013,5615.05,1148.1,7.745,124.96,52.76,0.875,2895.7,3554.9,2.875,0.916,11668.1,0.4247,11940.7,33.5,2.2996,0.031408,152.33,True,physics_simulated_synthetic
BGW-013,4110.92,340.3,4.374,89.98,57.6,0.875,2895.7,3554.9,2.875,0.943,11748.2,0.4711,12226.4,36.44,1.9826,0.023158,73.56,True,physics_simulated_synthetic
BGW-013,30390.47,1004.5,6.147,102.0,37.28,0.875,2895.7,3554.9,2.875,0.925,11691.2,0.3458,12366.8,14.13,7.9911,0.026553,29.41,True,physics_simulated_synthetic
BGW-013,19688.59,941.3,5.021,103.4,54.79,0.875,2895.7,3554.9,2.875,0.963,11823.0,0.3725,12464.6,20.49,3.7782,0.027129,51.92,True,physics_simulated_synthetic
BGW-013,2847.55,244.1,4.232,116.95,56.87,0.875,2895.7,3554.9,2.875,0.973,11855.8,0.5003,12055.9,41.71,1.7298,0.02968,104.55,True,physics_simulated_synthetic
BGW-013,20291.4,740.3,7.039,125.82,35.2,0.875,2895.7,3554.9,2.875,0.947,11776.2,0.3587,12408.0,16.5,7.2709,0.032862,45.81,True,physics_simulated_synthetic
BGW-013,184.04,1112.7,6.098,67.79,45.52,0.875,2895.7,3554.9,2.875,0.999,11949.6,0.7229,12027.0,70.04,1.2842,0.017162,117.35,True,physics_simulated_synthetic
BGW-013,734.22,778.6,2.652,64.07,56.49,0.875,2895.7,3554.9,2.875,0.928,11692.2,0.6395,11656.0,57.24,1.227,0.01572,48.94,True,physics_simulated_synthetic
BGW-013,88.35,299.7,7.243,91.11,56.92,0.875,2895.7,3554.9,2.875,0.905,11622.6,0.7528,11630.2,74.7,0.931,0.022305,249.88,True,physics_simulated_synthetic
BGW-013,17413.94,878.0,4.593,94.43,48.85,0.875,2895.7,3554.9,2.875,0.99,11915.8,0.3813,12559.8,20.59,4.2501,0.024966,38.85,True,physics_simulated_synthetic
BGW-013,3281.09,762.1,4.057,138.97,32.48,0.875,2895.7,3554.9,2.875,0.907,11625.0,0.4907,11959.5,39.23,3.1955,0.034986,63.96,True,physics_simulated_synthetic
BGW-013,753.94,959.4,3.814,131.91,31.06,0.875,2895.7,3554.9,2.875,0.968,11838.6,0.624,12006.5,57.2,2.3003,0.033337,79.59,True,physics_simulated_synthetic
BGW-013,38250.51,588.4,5.377,82.35,44.06,0.875,2895.7,3554.9,2.875,0.947,11764.4,0.3405,12757.5,10.31,9.554,0.022115,17.92,True,physics_simulated_synthetic
BGW-013,1945.57,907.4,6.953,78.45,34.74,0.875,2895.7,3554.9,2.875,0.965,11832.2,0.5081,12111.2,43.55,2.7245,0.02,73.5,True,physics_simulated_synthetic
BGW-013,1784.6,767.3,7.296,104.14,59.17,0.875,2895.7,3554.9,2.875,0.931,11716.9,0.5124,12009.7,46.85,1.4747,0.026328,187.58,True,physics_simulated_synthetic
BGW-013,37659.67,1053.4,5.194,129.01,38.96,0.875,2895.7,3554.9,2.875,0.99,11921.5,0.3422,12831.8,14.55,7.703,0.034848,33.84,True,physics_simulated_synthetic
BGW-013,106.17,369.6,4.168,71.49,51.09,0.875,2895.7,3554.9,2.875,0.98,11877.1,0.7829,11798.2,76.94,1.0216,0.017755,104.3,True,physics_simulated_synthetic
BGW-013,1062.96,382.6,7.221,86.0,56.53,0.875,2895.7,3554.9,2.875,0.919,11670.1,0.558,11869.2,50.9,1.4041,0.021486,159.12,True,physics_simulated_synthetic
BGW-013,175.88,870.3,7.51,132.95,30.21,0.875,2895.7,3554.9,2.875,0.901,11614.7,0.7094,11506.5,70.22,1.8466,0.032201,188.58,True,physics_simulated_synthetic
BGW-013,2246.34,247.1,6.088,110.4,56.31,0.875,2895.7,3554.9,2.875,0.978,11880.4,0.5036,12261.2,43.57,1.7011,0.028493,146.84,True,physics_simulated_synthetic
BGW-013,5724.92,1184.9,4.545,121.82,46.62,0.875,2895.7,3554.9,2.875,0.92,11669.9,0.4466,11936.0,32.55,2.6774,0.030608,74.82,True,physics_simulated_synthetic
BGW-013,257.52,590.1,6.567,70.1,45.61,0.875,2895.7,3554.9,2.875,0.901,11603.0,0.6916,11588.5,69.16,1.2505,0.017099,129.29,True,physics_simulated_synthetic
BGW-013,10330.38,247.0,7.807,108.07,34.0,0.875,2895.7,3554.9,2.875,0.994,11941.7,0.3882,12567.6,23.19,5.4243,0.028589,59.25,True,physics_simulated_synthetic
BGW-013,75.18,859.4,4.139,71.59,59.16,0.875,2895.7,3554.9,2.875,0.942,11744.2,0.8008,11783.7,79.87,0.8489,0.017757,124.66,True,physics_simulated_synthetic
BGW-013,4069.85,1135.5,4.885,91.12,52.32,0.875,2895.7,3554.9,2.875,0.919,11663.3,0.4678,11926.3,37.19,2.0864,0.022875,77.12,True,physics_simulated_synthetic
BGW-013,2831.53,618.4,7.257,120.68,36.63,0.875,2895.7,3554.9,2.875,0.934,11728.0,0.476,11984.1,38.69,2.8779,0.030444,110.55,True,physics_simulated_synthetic
BGW-013,26769.75,687.5,5.339,103.2,36.07,0.875,2895.7,3554.9,2.875,0.986,11904.1,0.3561,12673.6,14.93,8.0085,0.027531,26.43,True,physics_simulated_synthetic
BGW-013,175.16,445.5,6.203,68.76,38.38,0.875,2895.7,3554.9,2.875,0.964,11824.1,0.7251,11936.0,70.82,1.4946,0.017276,103.25,True,physics_simulated_synthetic
BGW-013,461.83,960.1,6.994,86.06,36.82,0.875,2895.7,3554.9,2.875,0.947,11769.9,0.6365,11958.7,62.38,1.7722,0.021664,123.12,True,physics_simulated_synthetic
BGW-013,657.8,1170.6,3.327,142.54,50.53,0.875,2895.7,3554.9,2.875,0.908,11623.3,0.6427,11549.8,60.07,1.2951,0.034653,128.19,True,physics_simulated_synthetic
BGW-013,10217.12,630.8,3.965,96.21,58.13,0.875,2895.7,3554.9,2.875,0.912,11640.3,0.4146,12153.6,28.12,2.5301,0.024614,55.55,True,physics_simulated_synthetic
BGW-013,3518.41,718.6,6.351,116.94,33.06,0.875,2895.7,3554.9,2.875,0.906,11627.2,0.4669,11910.8,39.91,3.073,0.029318,87.25,True,physics_simulated_synthetic
BGW-013,101.41,668.9,6.452,140.72,54.23,0.875,2895.7,3554.9,2.875,0.944,11761.7,0.7557,11775.9,77.72,0.951,0.03488,340.76,True,physics_simulated_synthetic
BGW-013,1925.79,935.9,4.433,118.23,58.93,0.875,2895.7,3554.9,2.875,0.98,11881.9,0.5309,12030.5,46.81,1.4845,0.029942,128.77,True,physics_simulated_synthetic
BGW-013,7312.09,891.9,6.266,132.65,56.27,0.875,2895.7,3554.9,2.875,0.912,11649.8,0.4184,12325.0,29.36,2.5392,0.034416,122.3,True,physics_simulated_synthetic
BGW-013,763.34,451.9,4.096,73.5,50.55,0.875,2895.7,3554.9,2.875,0.955,11789.9,0.6198,12039.8,59.24,1.3685,0.018628,80.29,True,physics_simulated_synthetic
BGW-013,20076.25,840.6,7.348,78.38,30.34,0.875,2895.7,3554.9,2.875,0.989,11919.6,0.3574,12704.5,14.74,9.6686,0.020962,22.94,True,physics_simulated_synthetic
BGW-013,2981.07,959.0,7.565,85.58,50.62,0.875,2895.7,3554.9,2.875,0.991,11926.3,0.4698,12144.9,35.39,2.3076,0.021879,103.28,True,physics_simulated_synthetic
BGW-013,2022.42,931.4,5.186,119.82,43.92,0.875,2895.7,3554.9,2.875,0.9,11602.2,0.5201,11833.4,45.21,2.0285,0.029845,109.87,True,physics_simulated_synthetic
BGW-013,220.78,592.5,4.826,73.78,33.1,0.875,2895.7,3554.9,2.875,0.999,11945.7,0.7246,11936.3,73.06,1.6798,0.018538,76.7,True,physics_simulated_synthetic
BGW-013,190.42,674.4,4.266,69.46,60.0,0.875,2895.7,3554.9,2.875,0.944,11749.6,0.743,12051.7,74.81,0.914,0.017622,118.44,True,physics_simulated_synthetic
BGW-013,158.02,429.6,5.613,96.57,34.98,0.875,2895.7,3554.9,2.875,0.973,11858.8,0.7395,11985.6,74.03,1.5753,0.024364,125.02,True,physics_simulated_synthetic
BGW-013,1047.65,982.7,7.665,134.16,49.99,0.875,2895.7,3554.9,2.875,0.96,11825.5,0.5553,12004.6,49.93,1.6372,0.033901,228.57,True,physics_simulated_synthetic
BGW-013,325.4,1003.5,2.954,135.47,40.6,0.875,2895.7,3554.9,2.875,0.96,11808.8,0.7147,11748.6,67.53,1.4585,0.033503,97.71,True,physics_simulated_synthetic
BGW-013,378.74,1088.0,6.588,125.51,34.26,0.875,2895.7,3554.9,2.875,0.927,11702.4,0.6586,11770.0,64.54,1.8117,0.031097,162.83,True,physics_simulated_synthetic
BGW-013,506.78,889.4,2.84,126.46,35.86,0.875,2895.7,3554.9,2.875,0.998,11940.8,0.674,12068.7,65.15,1.7583,0.032127,74.73,True,physics_simulated_synthetic
BGW-013,514.43,760.4,6.69,132.35,58.31,0.875,2895.7,3554.9,2.875,0.96,11820.1,0.6298,11855.7,61.48,1.1257,0.03303,282.66,True,physics_simulated_synthetic
BGW-013,81.26,1064.8,3.594,137.48,52.77,0.875,2895.7,3554.9,2.875,0.946,11758.1,0.8047,11680.5,79.31,0.9499,0.033803,184.17,True,physics_simulated_synthetic
BGW-013,79.99,1067.7,5.191,123.03,53.69,0.875,2895.7,3554.9,2.875,0.919,11665.9,0.7837,11812.9,77.26,0.9693,0.030592,235.9,True,physics_simulated_synthetic
BGW-013,6011.17,233.4,5.311,72.01,44.6,0.875,2895.7,3554.9,2.875,0.913,11644.5,0.4376,12165.2,34.37,2.701,0.01844,52.22,True,physics_simulated_synthetic
BGW-013,222.54,531.4,6.169,80.18,45.03,0.875,2895.7,3554.9,2.875,0.921,11674.8,0.7078,11600.1,70.36,1.2463,0.019578,139.54,True,physics_simulated_synthetic
BGW-013,396.46,539.3,5.486,107.59,51.43,0.875,2895.7,3554.9,2.875,0.983,11893.9,0.6667,11872.8,64.19,1.2242,0.026888,173.53,True,physics_simulated_synthetic
BGW-013,12067.27,876.0,7.174,120.61,59.46,0.875,2895.7,3554.9,2.875,0.945,11769.4,0.3838,12453.1,22.74,3.1343,0.031616,104.2,True,physics_simulated_synthetic
BGW-013,8410.84,1126.0,5.712,101.4,35.5,0.875,2895.7,3554.9,2.875,0.961,11816.2,0.4138,12443.2,28.31,4.214,0.02656,51.84,True,physics_simulated_synthetic
BGW-013,163.32,965.8,7.867,122.48,31.12,0.875,2895.7,3554.9,2.875,0.976,11882.1,0.7103,11947.5,70.46,1.8546,0.030804,188.17,True,physics_simulated_synthetic
BGW-013,4149.1,742.8,5.04,88.9,53.4,0.875,2895.7,3554.9,2.875,0.907,11622.1,0.4651,12124.4,37.4,2.0665,0.02269,79.68,True,physics_simulated_synthetic
BGW-013,201.26,642.5,7.303,98.14,50.81,0.875,2895.7,3554.9,2.875,0.918,11670.4,0.7022,11846.7,68.15,1.1646,0.024474,221.02,True,physics_simulated_synthetic
BGW-013,55.89,550.9,6.946,94.82,58.62,0.875,2895.7,3554.9,2.875,0.926,11694.3,0.7754,11703.1,77.39,0.878,0.023358,266.1,True,physics_simulated_synthetic
BGW-013,2142.49,650.0,6.105,109.96,46.74,0.875,2895.7,3554.9,2.875,0.98,11887.0,0.5073,12251.9,44.57,2.0016,0.02836,124.57,True,physics_simulated_synthetic
BGW-013,2927.3,449.7,4.323,140.64,36.94,0.875,2895.7,3554.9,2.875,0.983,11893.0,0.4973,12288.3,41.59,2.7219,0.036379,83.2,True,physics_simulated_synthetic
BGW-013,9290.45,497.0,7.149,134.95,58.13,0.875,2895.7,3554.9,2.875,0.995,11946.5,0.3983,12363.5,25.14,2.8796,0.035121,125.56,True,physics_simulated_synthetic
BGW-013,949.27,443.6,4.544,109.32,33.02,0.875,2895.7,3554.9,2.875,0.999,11948.5,0.5942,12105.8,56.91,2.1932,0.027858,83.12,True,physics_simulated_synthetic
BGW-013,479.67,340.6,5.406,98.58,54.98,0.875,2895.7,3554.9,2.875,0.923,11679.0,0.65,11605.7,63.08,1.139,0.024083,164.6,True,physics_simulated_synthetic
BGW-013,7837.76,734.8,6.329,70.4,37.35,0.875,2895.7,3554.9,2.875,0.924,11683.3,0.4138,12241.6,27.25,4.0937,0.018142,40.39,True,physics_simulated_synthetic
BGW-013,1324.87,1028.1,5.739,112.26,38.18,0.875,2895.7,3554.9,2.875,0.981,11890.1,0.5519,12159.6,50.22,2.1586,0.028732,110.01,True,physics_simulated_synthetic
BGW-013,17715.66,499.0,3.05,80.47,51.47,0.875,2895.7,3554.9,2.875,0.934,11714.8,0.3907,12667.9,21.67,3.8668,0.021457,24.37,True,physics_simulated_synthetic
BGW-013,359.32,788.3,4.481,76.18,32.58,0.875,2895.7,3554.9,2.875,0.954,11785.4,0.6871,11843.7,67.44,1.8347,0.018992,66.8,True,physics_simulated_synthetic
BGW-013,26648.39,281.3,6.152,128.23,50.67,0.875,2895.7,3554.9,2.875,0.933,11721.0,0.3515,12540.0,12.3,6.8505,0.033847,43.77,True,physics_simulated_synthetic
BGW-013,3674.87,517.9,4.407,126.53,31.05,0.875,2895.7,3554.9,2.875,0.98,11882.3,0.4791,12297.8,37.37,3.6069,0.032755,57.63,True,physics_simulated_synthetic
BGW-013,473.28,795.6,6.897,87.15,35.37,0.875,2895.7,3554.9,2.875,0.988,11912.9,0.6353,12178.8,62.84,1.8649,0.022342,118.98,True,physics_simulated_synthetic
BGW-013,21652.88,1070.7,3.585,141.05,50.66,0.875,2895.7,3554.9,2.875,0.949,11770.2,0.3771,12384.1,19.19,4.3359,0.03677,43.78,True,physics_simulated_synthetic
BGW-013,2708.69,879.5,7.293,143.59,39.72,0.875,2895.7,3554.9,2.875,0.98,11897.9,0.4791,12369.9,42.49,2.4947,0.037388,157.4,True,physics_simulated_synthetic
BGW-013,157.04,710.6,3.133,99.48,47.65,0.875,2895.7,3554.9,2.875,0.917,11655.7,0.772,11520.5,76.98,1.0692,0.024124,101.78,True,physics_simulated_synthetic
BGW-013,470.65,783.2,3.04,140.41,39.57,0.875,2895.7,3554.9,2.875,0.921,11671.3,0.6788,11770.6,63.94,1.5835,0.034788,96.18,True,physics_simulated_synthetic
BGW-013,610.82,437.5,7.305,119.3,42.3,0.875,2895.7,3554.9,2.875,0.953,11795.2,0.6078,11799.9,58.82,1.6142,0.029632,193.1,True,physics_simulated_synthetic
BGW-013,15687.37,601.4,2.951,99.85,56.42,0.875,2895.7,3554.9,2.875,0.995,11931.6,0.3978,12484.1,20.74,3.6312,0.02624,30.7,True,physics_simulated_synthetic
BGW-013,5317.91,461.4,4.601,82.98,36.61,0.875,2895.7,3554.9,2.875,0.933,11715.1,0.4512,12287.6,34.93,3.2703,0.021462,43.48,True,physics_simulated_synthetic
BGW-013,425.24,208.9,7.541,122.85,48.34,0.875,2895.7,3554.9,2.875,0.961,11825.0,0.6382,11943.2,62.57,1.3441,0.030885,249.52,True,physics_simulated_synthetic
BGW-013,1511.92,358.5,4.399,67.36,50.92,0.875,2895.7,3554.9,2.875,0.989,11909.0,0.5526,12311.1,50.91,1.6164,0.017455,68.41,True,physics_simulated_synthetic
BGW-013,2518.11,361.5,3.262,127.62,30.11,0.875,2895.7,3554.9,2.875,0.978,11874.1,0.5189,12189.5,43.07,3.1989,0.032745,48.09,True,physics_simulated_synthetic
BGW-013,35519.26,758.7,4.819,66.88,42.3,0.875,2895.7,3554.9,2.875,0.999,11946.8,0.3469,12829.3,12.09,8.5348,0.018063,14.68,True,physics_simulated_synthetic
BGW-013,1695.45,918.1,6.798,95.59,44.11,0.875,2895.7,3554.9,2.875,0.996,11943.4,0.5209,12001.2,45.53,2.0342,0.024149,116.21,True,physics_simulated_synthetic
BGW-013,3898.03,918.8,5.636,89.26,45.46,0.875,2895.7,3554.9,2.875,0.985,11901.5,0.465,12348.2,40.36,2.2906,0.023201,82.2,True,physics_simulated_synthetic
BGW-013,1215.27,389.9,6.019,143.0,52.11,0.875,2895.7,3554.9,2.875,0.927,11701.3,0.557,11811.1,51.27,1.5048,0.035553,204.77,True,physics_simulated_synthetic
BGW-013,1643.52,1001.4,4.804,89.65,41.65,0.875,2895.7,3554.9,2.875,0.935,11722.2,0.5414,11852.4,45.6,2.1241,0.022368,72.85,True,physics_simulated_synthetic
BGW-013,7144.57,572.3,3.605,83.13,53.28,0.875,2895.7,3554.9,2.875,0.91,11628.5,0.4392,12358.4,30.24,2.6111,0.021626,42.99,True,physics_simulated_synthetic
BGW-013,1227.39,1112.1,3.618,121.46,30.24,0.875,2895.7,3554.9,2.875,0.988,11909.5,0.5793,12102.1,51.62,2.6391,0.030943,61.08,True,physics_simulated_synthetic
BGW-013,318.35,272.7,4.99,76.64,33.32,0.875,2895.7,3554.9,2.875,0.965,11827.9,0.692,11878.8,69.02,1.7583,0.019164,78.31,True,physics_simulated_synthetic
BGW-013,37119.2,660.0,4.863,119.07,33.66,0.875,2895.7,3554.9,2.875,0.903,11611.2,0.3448,12604.4,11.94,10.6706,0.031591,20.73,True,physics_simulated_synthetic
BGW-013,72.13,1010.0,5.463,92.7,53.33,0.875,2895.7,3554.9,2.875,0.923,11678.5,0.7847,11837.4,77.42,0.9759,0.023099,186.19,True,physics_simulated_synthetic
BGW-013,127.04,909.3,2.526,116.63,59.03,0.875,2895.7,3554.9,2.875,0.977,11865.4,0.7947,11894.8,79.93,0.8581,0.029202,123.78,True,physics_simulated_synthetic
BGW-013,617.28,1050.0,2.987,88.55,45.33,0.875,2895.7,3554.9,2.875,0.959,11804.5,0.6529,11836.3,62.11,1.4309,0.022062,66.31,True,physics_simulated_synthetic
BGW-013,5773.12,956.4,3.303,84.5,49.75,0.875,2895.7,3554.9,2.875,0.94,11737.2,0.4557,12311.3,33.11,2.5442,0.021899,40.94,True,physics_simulated_synthetic
BGW-013,4919.8,1056.7,6.278,121.14,32.92,0.875,2895.7,3554.9,2.875,0.969,11851.1,0.4438,12288.0,32.49,3.9106,0.031333,72.43,True,physics_simulated_synthetic
BGW-013,405.96,406.5,5.596,104.3,52.18,0.875,2895.7,3554.9,2.875,0.924,11684.4,0.6633,11648.5,63.6,1.1948,0.025575,172.5,True,physics_simulated_synthetic
BGW-013,352.34,846.4,3.306,69.68,49.02,0.875,2895.7,3554.9,2.875,0.956,11793.0,0.7031,12149.7,66.55,1.2676,0.01782,66.92,True,physics_simulated_synthetic
BGW-013,2391.98,407.4,6.765,136.24,55.33,0.875,2895.7,3554.9,2.875,0.966,11842.9,0.493,12122.9,40.57,1.8385,0.034766,184.2,True,physics_simulated_synthetic
BGW-013,4564.73,324.7,4.214,68.78,50.24,0.875,2895.7,3554.9,2.875,0.986,11900.6,0.4648,12470.0,39.15,2.1581,0.018054,50.77,True,physics_simulated_synthetic
BGW-013,1379.19,228.5,7.694,115.2,53.47,0.875,2895.7,3554.9,2.875,1.0,11963.1,0.5309,11950.3,48.86,1.5571,0.028979,206.21,True,physics_simulated_synthetic
BGW-013,1232.78,453.0,4.905,101.84,38.99,0.875,2895.7,3554.9,2.875,0.972,11851.9,0.5663,12096.1,52.07,2.028,0.025929,90.31,True,physics_simulated_synthetic
BGW-013,58.93,1131.0,6.179,134.06,42.86,0.875,2895.7,3554.9,2.875,0.901,11607.9,0.7833,11701.5,77.44,1.1998,0.033021,244.88,True,physics_simulated_synthetic
BGW-013,73.76,349.0,6.456,87.95,46.68,0.875,2895.7,3554.9,2.875,0.967,11839.1,0.7709,11826.7,77.25,1.1165,0.021896,182.33,True,physics_simulated_synthetic
BGW-013,1164.56,275.3,7.241,126.98,47.45,0.875,2895.7,3554.9,2.875,0.97,11856.4,0.5497,11878.1,50.72,1.6797,0.03175,197.09,True,physics_simulated_synthetic
BGW-013,3187.2,402.4,5.246,107.7,48.35,0.875,2895.7,3554.9,2.875,0.927,11696.6,0.483,12020.5,39.44,2.1455,0.027252,95.95,True,physics_simulated_synthetic
BGW-013,293.71,396.7,3.87,113.06,40.33,0.875,2895.7,3554.9,2.875,0.995,11932.7,0.7125,12293.5,72.0,1.4411,0.029258,113.15,True,physics_simulated_synthetic
BGW-013,15927.73,1001.3,3.197,133.75,36.76,0.875,2895.7,3554.9,2.875,0.954,11786.7,0.3953,12431.9,21.85,5.2694,0.035002,30.58,True,physics_simulated_synthetic
BGW-013,864.77,263.7,7.272,97.75,37.9,0.875,2895.7,3554.9,2.875,0.921,11680.7,0.5762,11800.5,52.7,2.0106,0.024282,126.47,True,physics_simulated_synthetic
BGW-013,343.9,992.8,4.849,76.47,39.72,0.875,2895.7,3554.9,2.875,0.927,11691.4,0.6868,11645.9,68.02,1.4672,0.018746,89.22,True,physics_simulated_synthetic
BGW-013,111.79,598.2,6.72,95.02,42.16,0.875,2895.7,3554.9,2.875,0.955,11796.3,0.7471,11567.8,75.28,1.2406,0.023138,180.48,True,physics_simulated_synthetic
BGW-013,300.63,581.5,7.609,124.44,38.32,0.875,2895.7,3554.9,2.875,0.996,11952.2,0.6673,12013.4,64.62,1.6512,0.031467,208.82,True,physics_simulated_synthetic
BGW-013,8536.64,1094.1,3.367,75.72,47.72,0.875,2895.7,3554.9,2.875,0.931,11703.7,0.4298,12345.7,29.3,3.0056,0.019676,31.74,True,physics_simulated_synthetic
BGW-013,223.33,251.0,6.248,88.13,52.25,0.875,2895.7,3554.9,2.875,0.999,11951.3,0.7066,11873.7,68.28,1.1327,0.022027,174.97,True,physics_simulated_synthetic
BGW-013,73.98,1115.2,4.876,92.16,51.85,0.875,2895.7,3554.9,2.875,0.945,11758.0,0.7914,11642.0,78.09,0.9786,0.022585,162.05,True,physics_simulated_synthetic
BGW-013,932.51,464.8,7.775,140.52,44.74,0.875,2895.7,3554.9,2.875,0.988,11927.7,0.5647,12058.8,50.05,1.8327,0.035669,217.9,True,physics_simulated_synthetic
BGW-013,267.46,532.7,6.978,89.58,44.47,0.875,2895.7,3554.9,2.875,0.987,11910.4,0.6839,12135.1,67.88,1.3683,0.022882,168.04,True,physics_simulated_synthetic
BGW-013,2050.01,273.9,5.083,101.75,57.83,0.875,2895.7,3554.9,2.875,0.981,11885.4,0.5198,12041.1,48.43,1.4634,0.025789,128.99,True,physics_simulated_synthetic
BGW-013,6358.07,439.6,4.2,76.72,55.99,0.875,2895.7,3554.9,2.875,0.912,11639.5,0.4423,12166.5,34.85,2.1222,0.019649,56.0,True,physics_simulated_synthetic
BGW-013,2540.95,794.9,6.401,97.82,42.64,0.875,2895.7,3554.9,2.875,0.981,11888.1,0.4912,12110.3,41.82,2.3115,0.024936,99.44,True,physics_simulated_synthetic
BGW-013,2343.31,1070.4,3.436,89.61,37.67,0.875,2895.7,3554.9,2.875,0.909,11626.2,0.5233,11744.9,47.45,2.2366,0.022155,49.01,True,physics_simulated_synthetic
BGW-013,105.13,552.8,6.735,81.25,55.32,0.875,2895.7,3554.9,2.875,0.947,11769.2,0.7503,11614.6,74.06,0.9649,0.019864,199.65,True,physics_simulated_synthetic
BGW-013,407.21,397.3,6.221,95.51,47.94,0.875,2895.7,3554.9,2.875,0.905,11617.7,0.6561,11665.3,64.2,1.2899,0.023454,162.88,True,physics_simulated_synthetic
BGW-013,136.79,1124.6,5.66,142.36,57.6,0.875,2895.7,3554.9,2.875,0.918,11668.8,0.7483,11742.3,72.93,0.9515,0.035187,301.4,True,physics_simulated_synthetic
BGW-013,8770.38,349.8,4.715,99.86,57.78,0.875,2895.7,3554.9,2.875,0.929,11701.1,0.4183,12349.3,29.07,2.5023,0.025958,70.44,True,physics_simulated_synthetic
BGW-013,570.39,289.1,3.877,118.08,57.6,0.875,2895.7,3554.9,2.875,0.96,11809.9,0.6505,11985.9,63.12,1.1222,0.029792,148.22,True,physics_simulated_synthetic
BGW-013,201.56,224.9,7.479,66.37,32.71,0.875,2895.7,3554.9,2.875,0.946,11765.3,0.7001,11862.0,66.89,1.845,0.016573,96.74,True,physics_simulated_synthetic
BGW-013,1434.84,248.2,6.884,74.86,59.06,0.875,2895.7,3554.9,2.875,0.915,11653.5,0.5345,12064.7,47.18,1.4737,0.019013,127.88,True,physics_simulated_synthetic
BGW-013,443.87,519.9,4.271,143.23,31.05,0.875,2895.7,3554.9,2.875,0.966,11831.6,0.67,11790.0,65.94,1.9602,0.035546,111.54,True,physics_simulated_synthetic
BGW-013,312.38,303.0,3.87,98.52,37.85,0.875,2895.7,3554.9,2.875,0.912,11638.1,0.7071,11506.6,69.27,1.4939,0.023863,89.03,True,physics_simulated_synthetic
BGW-013,231.52,474.2,2.519,72.36,47.67,0.875,2895.7,3554.9,2.875,0.979,11873.0,0.7502,11915.2,73.8,1.1528,0.018148,57.11,True,physics_simulated_synthetic
BGW-013,2797.01,229.5,3.843,70.26,41.64,0.875,2895.7,3554.9,2.875,0.955,11788.2,0.5051,12052.3,44.01,2.2384,0.017826,44.07,True,physics_simulated_synthetic
BGW-013,180.03,408.7,2.968,138.5,42.84,0.875,2895.7,3554.9,2.875,0.911,11633.5,0.7643,11609.7,76.67,1.2032,0.033847,120.21,True,physics_simulated_synthetic
BGW-013,7183.32,348.6,5.206,85.75,44.28,0.875,2895.7,3554.9,2.875,0.98,11882.4,0.427,12271.7,31.23,3.0206,0.022152,54.98,True,physics_simulated_synthetic
BGW-013,59.16,250.6,3.797,100.28,52.0,0.875,2895.7,3554.9,2.875,0.906,11616.9,0.8155,11628.1,81.44,0.9346,0.024545,143.59,True,physics_simulated_synthetic
BGW-013,2862.34,1044.9,4.567,103.82,48.0,0.875,2895.7,3554.9,2.875,0.944,11752.7,0.497,12117.2,42.27,2.0327,0.026481,85.67,True,physics_simulated_synthetic
BGW-013,1625.05,866.8,4.064,99.53,40.75,0.875,2895.7,3554.9,2.875,0.963,11820.0,0.5493,11955.9,47.44,2.1049,0.025048,69.64,True,physics_simulated_synthetic
BGW-013,9020.09,790.1,6.472,99.81,38.52,0.875,2895.7,3554.9,2.875,0.953,11790.8,0.4045,12120.5,28.47,3.762,0.025466,63.09,True,physics_simulated_synthetic
BGW-013,3673.15,455.8,3.982,79.4,35.07,0.875,2895.7,3554.9,2.875,0.94,11736.0,0.4827,12206.6,38.98,3.0394,0.0204,38.49,True,physics_simulated_synthetic
BGW-013,24654.1,1128.2,3.495,78.38,46.85,0.875,2895.7,3554.9,2.875,0.906,11616.8,0.3714,12394.4,17.28,5.2126,0.020448,19.74,True,physics_simulated_synthetic
BGW-013,23569.95,1145.8,6.127,76.27,52.67,0.875,2895.7,3554.9,2.875,0.986,11903.5,0.3572,12623.5,16.84,4.8453,0.020267,36.91,True,physics_simulated_synthetic
BGW-013,53.16,731.0,6.741,88.8,43.89,0.875,2895.7,3554.9,2.875,0.924,11687.2,0.7797,11513.3,80.43,1.1102,0.021522,188.18,True,physics_simulated_synthetic
BGW-013,55.34,969.4,4.615,85.1,31.41,0.875,2895.7,3554.9,2.875,0.919,11663.1,0.8066,11527.5,80.33,1.5553,0.020649,88.23,True,physics_simulated_synthetic
BGW-013,10783.12,875.9,7.212,139.77,38.57,0.875,2895.7,3554.9,2.875,0.962,11830.8,0.3896,12305.9,23.09,4.7035,0.036206,79.94,True,physics_simulated_synthetic
BGW-013,230.75,1081.4,3.37,128.54,48.41,0.875,2895.7,3554.9,2.875,1.0,11948.9,0.7394,12125.0,74.16,1.1495,0.032807,138.51,True,physics_simulated_synthetic
BGW-013,196.31,769.5,3.763,78.58,41.37,0.875,2895.7,3554.9,2.875,0.92,11664.0,0.7472,11660.1,73.02,1.3138,0.019288,79.55,True,physics_simulated_synthetic
BGW-013,2336.4,449.4,2.753,133.39,57.31,0.875,2895.7,3554.9,2.875,0.98,11879.6,0.5299,12251.7,46.85,1.553,0.0344,87.82,True,physics_simulated_synthetic
BGW-014,403.06,1138.0,5.195,127.3,53.09,1.0,3372.4,4946.1,2.375,0.984,17507.3,0.6339,17888.2,59.73,1.9203,0.047933,186.74,True,physics_simulated_synthetic
BGW-014,32080.51,628.6,6.481,126.95,36.83,1.0,3372.4,4946.1,2.375,0.994,17563.3,0.3203,18672.1,11.95,14.4388,0.049896,32.25,True,physics_simulated_synthetic
BGW-014,141.4,828.2,5.975,129.39,55.15,1.0,3372.4,4946.1,2.375,0.935,17276.2,0.6991,17168.2,69.13,1.5326,0.046761,262.5,True,physics_simulated_synthetic
BGW-014,250.15,493.9,2.765,73.63,36.73,1.0,3372.4,4946.1,2.375,0.944,17304.1,0.7187,17406.6,70.07,2.3022,0.026979,46.65,True,physics_simulated_synthetic
BGW-014,36334.1,931.4,7.399,128.09,56.72,1.0,3372.4,4946.1,2.375,0.936,17288.7,0.3083,18569.1,8.75,12.7386,0.050066,41.88,True,physics_simulated_synthetic
BGW-014,3707.29,550.8,3.789,136.91,58.63,1.0,3372.4,4946.1,2.375,0.974,17452.6,0.4647,17902.7,36.94,2.814,0.051594,100.04,True,physics_simulated_synthetic
BGW-014,1113.76,753.7,5.555,100.42,51.01,1.0,3372.4,4946.1,2.375,0.979,17480.3,0.5382,17788.5,49.14,2.4153,0.0376,124.52,True,physics_simulated_synthetic
BGW-014,88.14,349.8,6.94,122.51,31.74,1.0,3372.4,4946.1,2.375,0.967,17433.1,0.7067,17395.1,71.58,2.6057,0.044859,172.05,True,physics_simulated_synthetic
BGW-014,6907.0,762.2,3.554,82.16,47.23,1.0,3372.4,4946.1,2.375,0.974,17450.4,0.4255,17940.1,29.92,4.3217,0.031028,36.74,True,physics_simulated_synthetic
BGW-014,802.95,771.5,3.651,106.24,42.23,1.0,3372.4,4946.1,2.375,0.964,17403.6,0.5962,17570.6,55.45,2.5541,0.039294,80.87,True,physics_simulated_synthetic
BGW-014,4943.19,381.6,3.056,67.51,52.18,1.0,3372.4,4946.1,2.375,0.961,17387.5,0.4535,17995.8,33.41,3.5139,0.025574,32.03,True,physics_simulated_synthetic
BGW-014,391.05,700.5,5.093,96.46,34.87,1.0,3372.4,4946.1,2.375,0.984,17501.9,0.6382,17677.0,62.59,2.7573,0.035892,95.46,True,physics_simulated_synthetic
BGW-014,82.49,1028.3,6.853,123.16,39.86,1.0,3372.4,4946.1,2.375,0.926,17235.3,0.7112,17391.4,70.87,2.0955,0.045088,212.32,True,physics_simulated_synthetic
BGW-014,227.36,691.1,2.52,77.21,31.17,1.0,3372.4,4946.1,2.375,0.906,17123.0,0.7315,17299.9,73.4,2.5739,0.028117,39.64,True,physics_simulated_synthetic
BGW-014,437.0,864.7,4.287,112.59,53.58,1.0,3372.4,4946.1,2.375,0.958,17379.5,0.642,17490.1,61.51,1.8062,0.041452,141.67,True,physics_simulated_synthetic
BGW-014,3379.79,440.5,7.054,139.03,44.15,1.0,3372.4,4946.1,2.375,0.99,17544.4,0.4333,17967.2,34.41,4.0257,0.052582,132.67,True,physics_simulated_synthetic
BGW-014,1126.39,1137.3,3.993,143.55,46.74,1.0,3372.4,4946.1,2.375,0.935,17268.2,0.5597,17604.8,53.11,2.4137,0.053195,126.71,True,physics_simulated_synthetic
BGW-014,5220.48,1065.1,6.617,136.13,41.92,1.0,3372.4,4946.1,2.375,0.979,17492.0,0.4096,18308.2,29.07,5.1132,0.052464,97.77,True,physics_simulated_synthetic
BGW-014,6075.71,726.8,5.055,66.21,37.42,1.0,3372.4,4946.1,2.375,0.933,17258.1,0.4167,17856.4,32.21,5.0425,0.024885,35.92,True,physics_simulated_synthetic
BGW-014,9485.92,297.1,3.819,101.48,49.18,1.0,3372.4,4946.1,2.375,0.91,17144.0,0.4035,17819.5,24.14,5.1093,0.038065,40.97,True,physics_simulated_synthetic
BGW-014,565.65,669.7,5.976,88.43,54.54,1.0,3372.4,4946.1,2.375,0.965,17416.2,0.5919,17596.8,58.75,1.8694,0.032757,150.78,True,physics_simulated_synthetic
BGW-014,2809.81,313.6,3.725,142.94,31.97,1.0,3372.4,4946.1,2.375,0.958,17375.6,0.4863,17736.0,41.05,4.5996,0.053366,62.24,True,physics_simulated_synthetic
BGW-014,672.09,365.9,4.159,82.45,30.39,1.0,3372.4,4946.1,2.375,0.97,17435.0,0.6046,17470.1,57.19,3.4214,0.030321,53.08,True,physics_simulated_synthetic
BGW-014,743.99,650.8,7.871,98.56,40.69,1.0,3372.4,4946.1,2.375,0.988,17533.3,0.5415,17885.6,52.47,2.8515,0.037107,147.5,True,physics_simulated_synthetic
BGW-014,1007.17,613.9,4.792,109.88,42.08,1.0,3372.4,4946.1,2.375,0.957,17373.1,0.5579,17541.1,48.75,2.9104,0.040572,96.2,True,physics_simulated_synthetic
BGW-014,1796.16,699.5,4.203,92.8,52.72,1.0,3372.4,4946.1,2.375,0.907,17129.4,0.516,17492.3,47.81,2.3622,0.034171,87.55,True,physics_simulated_synthetic
BGW-014,81.46,464.3,4.699,142.12,37.89,1.0,3372.4,4946.1,2.375,0.971,17444.8,0.752,17347.8,76.07,2.0487,0.051897,171.41,True,physics_simulated_synthetic
BGW-014,60.27,350.5,6.115,78.92,55.6,1.0,3372.4,4946.1,2.375,0.983,17500.5,0.7368,17449.3,71.24,1.4995,0.028989,170.23,True,physics_simulated_synthetic
BGW-014,1508.74,716.9,3.855,80.02,43.76,1.0,3372.4,4946.1,2.375,0.953,17352.0,0.5358,17625.9,46.69,2.9362,0.029691,56.13,True,physics_simulated_synthetic
BGW-014,1443.8,301.8,7.299,118.9,39.75,1.0,3372.4,4946.1,2.375,0.903,17126.3,0.4939,17500.7,43.7,3.4299,0.043801,134.23,True,physics_simulated_synthetic
BGW-014,90.03,901.5,2.964,66.17,57.31,1.0,3372.4,4946.1,2.375,0.958,17373.7,0.7832,17329.7,77.33,1.3311,0.024139,77.4,True,physics_simulated_synthetic
BGW-014,703.89,816.7,6.811,131.82,48.69,1.0,3372.4,4946.1,2.375,0.932,17267.4,0.5607,17438.8,52.4,2.3261,0.04839,204.03,True,physics_simulated_synthetic
BGW-014,3475.9,845.6,3.163,69.45,49.0,1.0,3372.4,4946.1,2.375,0.927,17225.3,0.4775,17776.9,39.94,3.0918,0.025989,38.28,True,physics_simulated_synthetic
BGW-014,105.94,1183.3,4.998,99.77,50.25,1.0,3372.4,4946.1,2.375,0.984,17505.0,0.7334,17504.6,75.03,1.5804,0.036762,167.41,True,physics_simulated_synthetic
BGW-014,4455.19,614.1,7.442,95.09,36.31,1.0,3372.4,4946.1,2.375,0.97,17442.7,0.4112,17908.9,30.08,5.5813,0.035847,68.83,True,physics_simulated_synthetic
BGW-014,664.66,828.7,4.711,79.85,48.58,1.0,3372.4,4946.1,2.375,0.935,17267.3,0.5969,17494.0,53.83,2.2771,0.029405,87.6,True,physics_simulated_synthetic
BGW-014,2825.06,394.6,5.54,113.08,45.92,1.0,3372.4,4946.1,2.375,0.926,17230.8,0.4632,17700.8,40.47,3.2418,0.042134,103.69,True,physics_simulated_synthetic
BGW-014,67.21,208.6,7.42,67.59,41.76,1.0,3372.4,4946.1,2.375,0.954,17363.3,0.7094,17461.3,73.09,1.9473,0.024843,136.32,True,physics_simulated_synthetic
BGW-014,343.74,996.6,5.101,130.77,42.47,1.0,3372.4,4946.1,2.375,0.903,17117.4,0.6491,17256.1,64.35,2.1491,0.0475,162.34,True,physics_simulated_synthetic
BGW-014,2772.39,932.8,5.967,97.1,33.43,1.0,3372.4,4946.1,2.375,0.903,17117.2,0.4595,17544.8,38.42,4.6496,0.035862,66.27,True,physics_simulated_synthetic
BGW-014,11798.38,406.3,7.808,81.4,32.43,1.0,3372.4,4946.1,2.375,0.967,17431.9,0.3534,18214.4,19.57,9.7702,0.03121,35.92,True,physics_simulated_synthetic
BGW-014,34157.72,1001.4,5.894,128.83,58.7,1.0,3372.4,4946.1,2.375,0.963,17409.3,0.3226,18478.3,10.8,9.9227,0.05011,42.86,True,physics_simulated_synthetic
BGW-014,281.05,700.0,5.511,99.13,35.39,1.0,3372.4,4946.1,2.375,0.945,17315.9,0.6587,17188.8,65.15,2.5372,0.035868,112.18,True,physics_simulated_synthetic
BGW-014,3105.06,895.4,6.178,102.22,38.53,1.0,3372.4,4946.1,2.375,0.918,17191.9,0.4489,17607.9,38.62,4.027,0.037887,83.7,True,physics_simulated_synthetic
BGW-014,27015.33,503.7,6.383,86.13,36.81,1.0,3372.4,4946.1,2.375,0.986,17514.1,0.328,18741.9,13.09,13.236,0.033978,23.6,True,physics_simulated_synthetic
BGW-014,7664.45,382.6,2.761,108.37,35.92,1.0,3372.4,4946.1,2.375,0.996,17558.4,0.4283,18408.4,27.82,6.2714,0.041993,26.62,True,physics_simulated_synthetic
BGW-014,223.6,492.8,4.9,106.42,51.77,1.0,3372.4,4946.1,2.375,0.99,17532.0,0.6872,17600.4,69.71,1.6599,0.039428,167.59,True,physics_simulated_synthetic
BGW-014,672.32,1155.6,2.52,126.3,54.84,1.0,3372.4,4946.1,2.375,0.913,17159.0,0.6322,17350.2,60.74,1.7729,0.046128,94.43,True,physics_simulated_synthetic
BGW-014,13822.59,541.6,5.758,128.02,39.59,1.0,3372.4,4946.1,2.375,0.946,17325.1,0.3639,18327.1,20.44,7.7083,0.04939,53.12,True,physics_simulated_synthetic
BGW-014,25111.89,741.3,3.141,113.14,49.4,1.0,3372.4,4946.1,2.375,0.933,17256.1,0.3606,18423.2,14.6,8.6937,0.043874,22.83,True,physics_simulated_synthetic
BGW-014,228.11,832.2,6.897,93.96,49.72,1.0,3372.4,4946.1,2.375,0.9,17107.0,0.6516,17165.8,65.81,1.7856,0.03395,188.83,True,physics_simulated_synthetic
BGW-014,15212.71,963.7,2.718,141.65,37.19,1.0,3372.4,4946.1,2.375,0.965,17410.4,0.3895,18429.2,20.91,8.0647,0.05495,26.67,True,physics_simulated_synthetic
BGW-014,1229.89,339.0,3.488,67.68,59.86,1.0,3372.4,4946.1,2.375,0.981,17485.1,0.5594,17667.1,50.68,1.9821,0.025171,63.79,True,physics_simulated_synthetic
BGW-014,2434.57,1041.2,3.654,111.4,39.25,1.0,3372.4,4946.1,2.375,0.957,17369.3,0.4985,17744.2,42.18,3.6489,0.041611,60.01,True,physics_simulated_synthetic
BGW-014,1066.52,945.2,3.85,91.31,47.11,1.0,3372.4,4946.1,2.375,0.929,17235.4,0.5668,17367.6,52.48,2.3912,0.033381,77.39,True,physics_simulated_synthetic
BGW-014,4232.86,604.0,6.489,112.04,38.6,1.0,3372.4,4946.1,2.375,1.0,17587.0,0.4243,18268.5,33.79,4.7683,0.043083,84.43,True,physics_simulated_synthetic
BGW-014,26407.89,650.4,5.908,107.1,49.22,1.0,3372.4,4946.1,2.375,0.921,17207.2,0.333,18561.6,17.31,7.4157,0.041846,48.0,True,physics_simulated_synthetic
BGW-014,259.48,834.7,3.801,141.52,31.11,1.0,3372.4,4946.1,2.375,0.939,17286.8,0.6957,17118.7,67.86,2.7596,0.050995,101.14,True,physics_simulated_synthetic
BGW-014,11455.94,669.6,5.695,103.03,47.27,1.0,3372.4,4946.1,2.375,0.944,17312.4,0.374,18021.7,20.8,6.2393,0.039083,51.37,True,physics_simulated_synthetic
BGW-014,2506.2,530.8,2.618,120.45,47.73,1.0,3372.4,4946.1,2.375,0.909,17137.2,0.5105,17733.7,43.78,2.8886,0.044962,58.69,True,physics_simulated_synthetic
BGW-014,170.27,917.2,5.483,109.03,38.22,1.0,3372.4,4946.1,2.375,0.957,17377.0,0.6961,17601.2,66.08,2.3719,0.040394,134.46,True,physics_simulated_synthetic
BGW-014,3069.62,598.4,7.146,143.28,30.54,1.0,3372.4,4946.1,2.375,0.909,17158.6,0.439,17679.0,32.95,5.9804,0.05332,91.74,True,physics_simulated_synthetic
BGW-014,2492.04,466.8,7.56,126.94,45.6,1.0,3372.4,4946.1,2.375,0.925,17233.4,0.4492,17729.2,37.34,3.5443,0.047374,145.5,True,physics_simulated_synthetic
BGW-014,10997.51,552.7,4.023,104.38,55.54,1.0,3372.4,4946.1,2.375,0.981,17485.1,0.393,18241.9,23.02,4.8558,0.040079,47.81,True,physics_simulated_synthetic
BGW-014,39775.88,1182.8,4.739,86.15,47.37,1.0,3372.4,4946.1,2.375,0.947,17324.1,0.3263,18652.2,13.6,9.8528,0.033824,23.43,True,physics_simulated_synthetic
BGW-014,482.75,234.4,7.451,113.46,54.47,1.0,3372.4,4946.1,2.375,0.926,17237.4,0.5838,17461.0,58.37,1.8691,0.041704,239.39,True,physics_simulated_synthetic
BGW-014,202.32,533.8,5.048,93.3,36.85,1.0,3372.4,4946.1,2.375,0.997,17565.0,0.6919,17645.7,69.44,2.3475,0.034655,107.31,True,physics_simulated_synthetic
BGW-014,408.83,379.6,5.413,142.87,53.78,1.0,3372.4,4946.1,2.375,0.906,17136.0,0.6291,17085.7,61.17,1.7677,0.051383,226.58,True,physics_simulated_synthetic
BGW-014,2209.42,1100.4,4.264,85.22,38.23,1.0,3372.4,4946.1,2.375,0.97,17433.3,0.4982,17910.8,45.51,3.5045,0.032129,56.29,True,physics_simulated_synthetic
BGW-014,2616.48,468.7,5.663,126.0,36.36,1.0,3372.4,4946.1,2.375,0.926,17228.9,0.4674,17559.3,39.97,4.1129,0.046571,92.33,True,physics_simulated_synthetic
BGW-014,37627.1,320.2,6.169,75.53,37.93,1.0,3372.4,4946.1,2.375,0.99,17532.9,0.3166,18818.4,8.61,19.612,0.02992,13.55,True,physics_simulated_synthetic
BGW-014,1455.01,893.6,5.745,77.02,34.2,1.0,3372.4,4946.1,2.375,0.932,17254.1,0.5129,17445.5,44.42,3.9096,0.028284,59.85,True,physics_simulated_synthetic
BGW-014,6756.53,1022.4,3.182,123.31,48.44,1.0,3372.4,4946.1,2.375,0.964,17402.2,0.4312,17961.6,30.24,4.174,0.046623,51.18,True,physics_simulated_synthetic
BGW-014,1919.85,386.6,6.303,95.02,47.01,1.0,3372.4,4946.1,2.375,0.913,17165.6,0.4834,17531.9,43.41,2.924,0.035068,108.85,True,physics_simulated_synthetic
BGW-014,181.71,398.5,3.071,85.79,56.76,1.0,3372.4,4946.1,2.375,0.965,17408.7,0.7375,17721.1,71.87,1.4786,0.032001,95.72,True,physics_simulated_synthetic
BGW-014,25144.5,792.4,6.344,120.15,44.54,1.0,3372.4,4946.1,2.375,0.94,17298.9,0.3314,18540.9,13.55,10.4525,0.046894,40.98,True,physics_simulated_synthetic
BGW-014,6461.95,1092.2,5.069,79.89,41.12,1.0,3372.4,4946.1,2.375,0.929,17240.2,0.4127,17902.0,28.66,5.1705,0.030106,42.5,True,physics_simulated_synthetic
BGW-014,137.64,946.4,2.828,72.54,45.03,1.0,3372.4,4946.1,2.375,0.97,17430.5,0.7617,17675.9,76.98,1.7356,0.026989,63.33,True,physics_simulated_synthetic
BGW-014,524.37,581.7,3.298,133.03,59.55,1.0,3372.4,4946.1,2.375,0.978,17470.7,0.6423,17501.3,61.41,1.6288,0.049006,142.9,True,physics_simulated_synthetic
BGW-014,221.3,1097.3,5.876,124.78,34.7,1.0,3372.4,4946.1,2.375,0.91,17152.3,0.6708,17189.6,67.59,2.4946,0.04515,153.13,True,physics_simulated_synthetic
BGW-014,9019.8,801.9,5.241,68.0,30.77,1.0,3372.4,4946.1,2.375,0.906,17127.8,0.3914,17883.5,24.58,8.0482,0.025599,24.0,True,physics_simulated_synthetic
BGW-014,17476.89,309.5,3.379,116.35,56.55,1.0,3372.4,4946.1,2.375,0.911,17150.8,0.3755,18151.8,20.31,5.3795,0.044458,40.22,True,physics_simulated_synthetic
BGW-014,1333.76,379.6,3.544,88.35,48.15,1.0,3372.4,4946.1,2.375,0.96,17384.5,0.5512,17492.8,45.51,2.7172,0.032534,61.1,True,physics_simulated_synthetic
BGW-014,4730.79,721.8,7.454,67.57,42.17,1.0,3372.4,4946.1,2.375,0.976,17467.8,0.4073,18143.5,30.88,4.7429,0.025806,58.4,True,physics_simulated_synthetic
BGW-014,26273.32,259.2,2.589,133.74,44.1,1.0,3372.4,4946.1,2.375,0.961,17389.1,0.364,18654.8,15.74,9.149,0.052518,21.4,True,physics_simulated_synthetic
BGW-014,5526.36,949.7,7.166,72.7,40.32,1.0,3372.4,4946.1,2.375,0.991,17542.2,0.4006,18407.7,30.24,5.1389,0.028169,56.57,True,physics_simulated_synthetic
BGW-014,10624.6,1105.4,6.044,78.39,46.96,1.0,3372.4,4946.1,2.375,0.908,17140.2,0.3746,17973.5,22.84,5.7036,0.029658,45.25,True,physics_simulated_synthetic
BGW-014,8541.82,550.8,7.704,135.88,48.14,1.0,3372.4,4946.1,2.375,0.913,17181.3,0.3708,18177.0,23.04,5.5791,0.051992,103.39,True,physics_simulated_synthetic
BGW-014,26540.3,254.2,4.911,129.01,47.46,1.0,3372.4,4946.1,2.375,0.952,17354.8,0.3414,18311.3,12.91,10.1681,0.049726,34.59,True,physics_simulated_synthetic
BGW-014,1161.65,1059.0,4.15,116.65,45.52,1.0,3372.4,4946.1,2.375,0.986,17510.8,0.5546,17702.7,49.94,2.651,0.043467,97.99,True,physics_simulated_synthetic
BGW-014,332.71,469.2,6.563,66.24,41.26,1.0,3372.4,4946.1,2.375,0.909,17143.8,0.628,17092.1,63.01,2.2381,0.023831,100.63,True,physics_simulated_synthetic
BGW-014,127.14,219.8,5.955,135.95,46.74,1.0,3372.4,4946.1,2.375,0.962,17402.6,0.7057,17481.7,70.51,1.8055,0.050027,237.62,True,physics_simulated_synthetic
BGW-014,226.31,233.4,7.244,82.0,37.82,1.0,3372.4,4946.1,2.375,0.92,17203.5,0.6466,17338.5,61.71,2.5284,0.029927,123.47,True,physics_simulated_synthetic
BGW-014,344.53,719.4,2.529,113.84,39.91,1.0,3372.4,4946.1,2.375,0.918,17179.4,0.6955,17381.1,68.03,2.179,0.041651,69.61,True,physics_simulated_synthetic
BGW-014,860.55,381.7,6.892,143.63,39.97,1.0,3372.4,4946.1,2.375,0.952,17362.1,0.5422,17636.4,50.84,2.9539,0.053322,179.15,True,physics_simulated_synthetic
BGW-014,169.64,365.8,7.221,76.4,53.59,1.0,3372.4,4946.1,2.375,0.996,17566.1,0.6665,17608.8,65.59,1.705,0.028318,172.71,True,physics_simulated_synthetic
BGW-014,1357.83,504.5,4.402,115.89,43.32,1.0,3372.4,4946.1,2.375,0.961,17391.3,0.5371,17584.6,50.23,2.7511,0.042897,98.83,True,physics_simulated_synthetic
BGW-014,746.68,591.6,3.724,137.91,45.24,1.0,3372.4,4946.1,2.375,0.953,17354.9,0.6019,17703.3,52.87,2.5189,0.051392,109.4,True,physics_simulated_synthetic
BGW-014,50.31,678.4,5.129,86.28,40.18,1.0,3372.4,4946.1,2.375,0.991,17538.3,0.7618,17594.6,74.5,2.0004,0.031954,117.98,True,physics_simulated_synthetic
BGW-014,129.33,929.0,7.238,110.02,38.09,1.0,3372.4,4946.1,2.375,0.981,17500.3,0.6824,17644.6,66.65,2.3656,0.040861,180.04,True,physics_simulated_synthetic
BGW-014,36523.27,517.0,2.957,66.94,36.44,1.0,3372.4,4946.1,2.375,0.926,17221.0,0.3459,18595.5,10.73,16.1826,0.026204,6.9,True,physics_simulated_synthetic
BGW-014,31240.82,289.1,2.636,122.59,30.87,1.0,3372.4,4946.1,2.375,0.913,17157.5,0.3557,18270.5,15.19,13.2605,0.047149,13.49,True,physics_simulated_synthetic
BGW-014,488.22,999.9,4.586,77.87,57.12,1.0,3372.4,4946.1,2.375,0.968,17424.9,0.627,17662.1,58.38,1.803,0.028949,106.04,True,physics_simulated_synthetic
BGW-014,16687.79,756.5,7.636,103.97,57.84,1.0,3372.4,4946.1,2.375,0.928,17244.4,0.3385,17985.6,16.65,6.3564,0.039361,68.09,True,physics_simulated_synthetic
BGW-014,37768.02,1035.4,4.324,76.26,46.52,1.0,3372.4,4946.1,2.375,0.919,17191.0,0.332,18203.2,12.0,11.0988,0.02922,16.39,True,physics_simulated_synthetic
BGW-014,146.53,802.0,5.172,110.12,35.86,1.0,3372.4,4946.1,2.375,0.978,17476.4,0.7115,17444.0,72.08,2.2967,0.040436,131.11,True,physics_simulated_synthetic
BGW-014,28987.73,839.4,4.752,103.53,56.85,1.0,3372.4,4946.1,2.375,0.948,17331.0,0.3391,18449.0,13.76,8.0269,0.040204,34.27,True,physics_simulated_synthetic
BGW-014,25130.13,528.3,4.544,116.45,51.2,1.0,3372.4,4946.1,2.375,0.929,17238.8,0.3472,18312.8,16.26,7.4887,0.044889,39.23,True,physics_simulated_synthetic
BGW-014,142.52,283.0,7.722,73.51,37.73,1.0,3372.4,4946.1,2.375,0.995,17559.9,0.6689,17751.7,66.0,2.4264,0.027467,125.87,True,physics_simulated_synthetic
BGW-014,8502.91,681.0,3.572,95.08,52.1,1.0,3372.4,4946.1,2.375,0.922,17201.3,0.4126,18208.9,26.95,4.4134,0.036444,42.47,True,physics_simulated_synthetic
BGW-014,36254.44,302.8,4.957,65.4,42.37,1.0,3372.4,4946.1,2.375,0.997,17563.6,0.3281,18831.2,9.94,15.213,0.025926,12.16,True,physics_simulated_synthetic
BGW-014,411.83,1188.0,6.067,119.54,35.1,1.0,3372.4,4946.1,2.375,0.988,17527.5,0.618,17570.1,58.32,2.9214,0.044212,132.21,True,physics_simulated_synthetic
BGW-014,2693.31,372.7,7.762,135.97,47.46,1.0,3372.4,4946.1,2.375,0.971,17457.0,0.4415,17853.8,32.72,3.9133,0.051098,145.95,True,physics_simulated_synthetic
BGW-014,4214.45,1148.4,2.999,100.74,50.09,1.0,3372.4,4946.1,2.375,0.98,17479.5,0.4654,18180.5,37.37,3.3055,0.038553,50.37,True,physics_simulated_synthetic
BGW-014,67.36,1022.5,6.402,82.24,52.18,1.0,3372.4,4946.1,2.375,0.978,17478.8,0.7275,17251.5,73.15,1.5385,0.029865,178.97,True,physics_simulated_synthetic
BGW-014,32707.52,391.3,6.381,106.38,46.54,1.0,3372.4,4946.1,2.375,0.952,17354.8,0.3203,18630.0,11.36,11.9921,0.041716,31.96,True,physics_simulated_synthetic
BGW-014,1263.98,349.6,4.234,132.52,58.28,1.0,3372.4,4946.1,2.375,0.948,17329.4,0.5458,17736.7,47.91,2.162,0.049477,139.54,True,physics_simulated_synthetic
BGW-014,2747.43,1023.8,5.847,80.67,36.57,1.0,3372.4,4946.1,2.375,0.987,17517.6,0.4616,17897.6,36.76,4.5316,0.030392,56.47,True,physics_simulated_synthetic
BGW-014,1447.79,571.1,4.548,96.88,30.56,1.0,3372.4,4946.1,2.375,1.0,17578.3,0.5295,17588.0,46.84,4.1817,0.035868,56.17,True,physics_simulated_synthetic
BGW-014,335.6,556.4,6.826,131.31,53.19,1.0,3372.4,4946.1,2.375,0.939,17296.6,0.6232,17457.5,61.84,1.8065,0.048253,262.56,True,physics_simulated_synthetic
BGW-014,98.71,870.0,6.791,126.63,59.26,1.0,3372.4,4946.1,2.375,0.946,17331.2,0.7041,17533.0,69.55,1.4479,0.046734,315.66,True,physics_simulated_synthetic
BGW-014,309.02,795.8,2.977,127.0,54.17,1.0,3372.4,4946.1,2.375,0.988,17518.7,0.6966,17509.0,68.67,1.6021,0.046809,125.24,True,physics_simulated_synthetic
BGW-014,2098.18,259.5,3.367,108.58,48.37,1.0,3372.4,4946.1,2.375,0.951,17342.9,0.5146,17762.7,46.08,2.7126,0.0406,72.56,True,physics_simulated_synthetic
BGW-014,13496.06,656.6,7.822,137.54,34.48,1.0,3372.4,4946.1,2.375,0.91,17168.3,0.3468,18149.2,18.28,9.8023,0.052546,60.38,True,physics_simulated_synthetic
BGW-014,12549.26,548.9,5.829,88.31,31.71,1.0,3372.4,4946.1,2.375,0.975,17460.0,0.3681,18518.5,19.99,9.9435,0.034424,29.06,True,physics_simulated_synthetic
BGW-014,12666.79,1052.6,6.446,90.38,56.69,1.0,3372.4,4946.1,2.375,0.959,17386.0,0.3619,18312.9,17.39,6.3238,0.03484,51.14,True,physics_simulated_synthetic
BGW-014,512.76,806.0,3.046,108.78,48.64,1.0,3372.4,4946.1,2.375,0.946,17316.9,0.6489,17502.7,62.59,1.957,0.040079,89.83,True,physics_simulated_synthetic
BGW-014,209.27,505.2,7.653,85.12,53.72,1.0,3372.4,4946.1,2.375,0.979,17488.0,0.6456,17461.8,63.46,1.7434,0.031287,197.77,True,physics_simulated_synthetic
BGW-014,8821.21,923.5,5.512,101.19,48.33,1.0,3372.4,4946.1,2.375,0.983,17502.9,0.3899,18345.6,26.19,4.9328,0.039077,62.88,True,physics_simulated_synthetic
BGW-014,17461.75,1004.9,3.748,64.47,38.34,1.0,3372.4,4946.1,2.375,0.932,17249.0,0.3718,18327.5,19.7,8.2604,0.024873,16.25,True,physics_simulated_synthetic
BGW-014,5962.34,441.3,5.37,131.94,53.34,1.0,3372.4,4946.1,2.375,0.907,17140.2,0.4145,17709.3,29.49,3.8322,0.049184,99.25,True,physics_simulated_synthetic
BGW-014,277.84,656.6,6.744,111.08,33.06,1.0,3372.4,4946.1,2.375,0.976,17471.8,0.6393,17411.8,64.83,2.7655,0.040712,142.97,True,physics_simulated_synthetic
BGW-014,818.67,722.2,2.941,74.81,31.32,1.0,3372.4,4946.1,2.375,0.91,17141.7,0.6061,17465.6,56.7,3.3473,0.027503,34.79,True,physics_simulated_synthetic
BGW-014,8013.69,1158.9,3.203,75.25,48.26,1.0,3372.4,4946.1,2.375,0.964,17404.0,0.4204,18254.9,30.46,4.2268,0.028917,31.56,True,physics_simulated_synthetic
BGW-014,73.48,351.9,4.122,126.23,58.03,1.0,3372.4,4946.1,2.375,0.964,17405.0,0.7682,17478.8,76.95,1.3323,0.046442,206.9,True,physics_simulated_synthetic
BGW-014,2173.89,542.9,5.19,83.29,58.47,1.0,3372.4,4946.1,2.375,0.918,17186.6,0.4874,17617.7,41.81,2.4533,0.03089,94.1,True,physics_simulated_synthetic
BGW-014,1595.86,1119.1,3.625,128.27,46.28,1.0,3372.4,4946.1,2.375,0.979,17479.0,0.5342,18001.1,45.21,2.9286,0.048603,86.63,True,physics_simulated_synthetic
BGW-014,26392.3,708.4,3.41,142.79,38.91,1.0,3372.4,4946.1,2.375,0.916,17175.9,0.3557,18371.2,17.02,9.4394,0.055219,28.72,True,physics_simulated_synthetic
BGW-014,757.56,744.7,2.688,64.34,50.01,1.0,3372.4,4946.1,2.375,0.96,17380.7,0.6178,17513.0,58.69,2.0308,0.023717,45.2,True,physics_simulated_synthetic
BGW-014,114.08,824.5,5.113,124.98,54.96,1.0,3372.4,4946.1,2.375,0.984,17507.8,0.7272,17737.3,73.23,1.5001,0.046663,229.05,True,physics_simulated_synthetic
BGW-014,17092.38,380.2,7.986,83.63,50.64,1.0,3372.4,4946.1,2.375,0.913,17172.8,0.3346,18319.8,12.62,9.7543,0.03225,38.02,True,physics_simulated_synthetic
BGW-014,4690.38,1198.5,4.35,73.21,41.15,1.0,3372.4,4946.1,2.375,0.914,17164.8,0.4414,17749.5,30.42,4.8262,0.027354,35.51,True,physics_simulated_synthetic
BGW-014,17659.03,693.0,6.595,88.68,34.38,1.0,3372.4,4946.1,2.375,0.915,17178.6,0.3447,18322.9,19.17,9.4612,0.034203,34.33,True,physics_simulated_synthetic
BGW-014,230.66,474.4,7.554,104.36,54.75,1.0,3372.4,4946.1,2.375,0.9,17113.3,0.6403,17188.0,64.29,1.6623,0.037756,247.07,True,physics_simulated_synthetic
BGW-014,629.89,435.0,6.166,68.53,50.87,1.0,3372.4,4946.1,2.375,0.958,17378.0,0.5796,17566.9,56.39,2.0841,0.025342,107.97,True,physics_simulated_synthetic
BGW-014,100.2,631.1,6.44,107.3,43.96,1.0,3372.4,4946.1,2.375,0.994,17556.2,0.7096,17591.6,71.85,1.8958,0.039733,194.35,True,physics_simulated_synthetic
BGW-014,4374.09,581.9,7.77,65.29,40.82,1.0,3372.4,4946.1,2.375,0.958,17382.4,0.409,18066.7,34.54,4.3618,0.02483,63.7,True,physics_simulated_synthetic
BGW-014,14604.67,603.0,4.776,74.04,51.6,1.0,3372.4,4946.1,2.375,0.942,17301.6,0.3705,18274.8,21.11,5.7096,0.028484,34.31,True,physics_simulated_synthetic
BGW-014,155.37,1018.7,5.633,80.14,54.51,1.0,3372.4,4946.1,2.375,0.948,17330.2,0.6994,17469.7,67.68,1.6118,0.029471,148.31,True,physics_simulated_synthetic
BGW-014,681.05,601.9,7.105,83.0,38.94,1.0,3372.4,4946.1,2.375,0.928,17241.6,0.5594,17560.4,54.16,2.8338,0.030679,110.76,True,physics_simulated_synthetic
BGW-014,149.97,462.6,4.69,83.33,39.08,1.0,3372.4,4946.1,2.375,0.93,17242.2,0.719,17156.2,69.7,2.1439,0.030092,94.79,True,physics_simulated_synthetic
BGW-014,1740.12,685.0,5.322,123.05,52.34,1.0,3372.4,4946.1,2.375,0.966,17418.2,0.5036,17798.0,44.93,2.5759,0.046101,137.16,True,physics_simulated_synthetic
BGW-014,12761.67,766.7,2.507,100.13,42.59,1.0,3372.4,4946.1,2.375,0.968,17423.0,0.4013,18370.9,28.05,5.2344,0.03872,26.7,True,physics_simulated_synthetic
BGW-014,73.68,1102.8,7.841,98.82,48.61,1.0,3372.4,4946.1,2.375,0.981,17501.8,0.6986,17504.7,70.14,1.7477,0.036411,235.24,True,physics_simulated_synthetic
BGW-014,454.97,531.1,5.951,101.1,40.55,1.0,3372.4,4946.1,2.375,0.948,17331.9,0.6113,17579.7,60.09,2.4558,0.037411,130.53,True,physics_simulated_synthetic
BGW-014,77.7,452.1,2.949,109.15,58.58,1.0,3372.4,4946.1,2.375,0.91,17144.2,0.7905,17091.0,81.63,1.2166,0.039267,137.07,True,physics_simulated_synthetic
BGW-014,24508.51,200.7,7.768,135.95,39.42,1.0,3372.4,4946.1,2.375,0.936,17293.8,0.3209,18473.4,14.99,10.6421,0.052867,55.57,True,physics_simulated_synthetic
BGW-014,75.11,235.8,6.223,143.97,35.27,1.0,3372.4,4946.1,2.375,0.907,17145.1,0.7265,17192.7,73.48,2.2579,0.052103,206.77,True,physics_simulated_synthetic
BGW-014,239.39,791.1,3.086,65.93,39.63,1.0,3372.4,4946.1,2.375,0.998,17564.2,0.716,17430.9,70.47,2.1244,0.024189,50.59,True,physics_simulated_synthetic
BGW-014,19460.43,836.0,7.61,124.87,31.98,1.0,3372.4,4946.1,2.375,0.983,17514.1,0.3319,18655.7,12.52,15.8567,0.049035,33.89,True,physics_simulated_synthetic
BGW-015,5366.37,445.9,7.675,95.37,36.85,1.0,2930.8,3493.0,3.5,0.952,14089.0,0.4284,14915.7,31.01,4.4422,0.029945,74.5,True,physics_simulated_synthetic
BGW-015,76.77,258.3,6.338,66.23,35.48,1.0,2930.8,3493.0,3.5,0.976,14157.5,0.7711,14446.6,77.45,1.7893,0.020142,102.74,True,physics_simulated_synthetic
BGW-015,174.46,414.7,4.25,126.28,52.64,1.0,2930.8,3493.0,3.5,0.997,14223.4,0.75,14298.5,74.61,1.2392,0.038009,187.69,True,physics_simulated_synthetic
BGW-015,27277.35,838.7,7.055,142.23,38.72,1.0,2930.8,3493.0,3.5,0.938,14050.9,0.3455,14719.7,16.81,7.7006,0.044068,58.14,True,physics_simulated_synthetic
BGW-015,151.5,837.1,5.026,139.46,57.91,1.0,2930.8,3493.0,3.5,0.929,14013.1,0.75,14214.6,70.0,1.1934,0.041727,253.05,True,physics_simulated_synthetic
BGW-015,1481.55,782.0,2.943,104.29,44.37,1.0,2930.8,3493.0,3.5,0.998,14223.0,0.5687,14359.9,51.79,2.1271,0.031524,62.81,True,physics_simulated_synthetic
BGW-015,296.47,273.5,5.858,101.93,37.47,1.0,2930.8,3493.0,3.5,0.971,14144.9,0.6884,14202.2,62.2,2.0742,0.030472,123.91,True,physics_simulated_synthetic
BGW-015,31347.46,237.8,3.66,115.64,46.76,1.0,2930.8,3493.0,3.5,0.919,13977.8,0.3595,14891.7,16.52,6.5602,0.03625,29.13,True,physics_simulated_synthetic
BGW-015,21245.69,1194.1,7.374,142.17,54.18,1.0,2930.8,3493.0,3.5,0.974,14166.7,0.3549,14818.2,18.65,4.9925,0.044345,94.31,True,physics_simulated_synthetic
BGW-015,5740.61,555.4,6.435,100.78,30.21,1.0,2930.8,3493.0,3.5,0.998,14229.5,0.4327,14538.1,33.86,4.8379,0.030842,59.07,True,physics_simulated_synthetic
BGW-015,603.46,756.3,5.122,68.65,31.19,1.0,2930.8,3493.0,3.5,0.985,14184.0,0.6317,14390.3,60.13,2.6116,0.020794,58.72,True,physics_simulated_synthetic
BGW-015,172.57,337.5,4.714,134.62,44.4,1.0,2930.8,3493.0,3.5,0.903,13931.2,0.7449,13881.0,72.47,1.4684,0.039334,181.84,True,physics_simulated_synthetic
BGW-015,823.55,325.5,4.898,79.69,48.79,1.0,2930.8,3493.0,3.5,0.915,13964.6,0.6044,14111.1,57.71,1.706,0.02367,97.85,True,physics_simulated_synthetic
BGW-015,716.37,1172.5,2.564,115.66,43.93,1.0,2930.8,3493.0,3.5,0.922,13983.5,0.6431,14201.7,58.45,1.8826,0.034576,67.82,True,physics_simulated_synthetic
BGW-015,102.93,730.1,4.198,74.75,33.26,1.0,2930.8,3493.0,3.5,0.962,14108.5,0.7845,14149.4,79.97,1.8109,0.022264,74.32,True,physics_simulated_synthetic
BGW-015,9963.4,895.5,5.074,96.7,31.63,1.0,2930.8,3493.0,3.5,0.947,14067.6,0.4085,14897.1,26.16,6.1281,0.030323,36.16,True,physics_simulated_synthetic
BGW-015,823.14,655.9,6.171,75.5,53.24,1.0,2930.8,3493.0,3.5,0.951,14079.6,0.5917,14266.2,54.39,1.6769,0.022671,120.14,True,physics_simulated_synthetic
BGW-015,1061.99,438.1,4.287,128.83,42.83,1.0,2930.8,3493.0,3.5,0.907,13941.3,0.5865,14454.0,52.74,2.1783,0.039197,111.1,True,physics_simulated_synthetic
BGW-015,1182.17,482.5,5.096,83.48,34.87,1.0,2930.8,3493.0,3.5,0.985,14184.7,0.5686,14454.1,51.25,2.7529,0.025399,67.7,True,physics_simulated_synthetic
BGW-015,10051.57,246.4,3.076,91.79,57.76,1.0,2930.8,3493.0,3.5,0.938,14032.8,0.4222,14616.1,29.19,2.951,0.028242,42.39,True,physics_simulated_synthetic
BGW-015,4967.81,472.7,7.312,101.64,57.41,1.0,2930.8,3493.0,3.5,0.953,14092.6,0.436,14571.7,32.64,2.6471,0.031177,124.01,True,physics_simulated_synthetic
BGW-015,154.91,302.3,5.069,108.29,58.02,1.0,2930.8,3493.0,3.5,0.957,14097.5,0.748,13936.5,75.03,1.0897,0.031768,212.8,True,physics_simulated_synthetic
BGW-015,196.78,1086.5,3.764,110.1,58.65,1.0,2930.8,3493.0,3.5,0.969,14132.8,0.7473,14093.6,72.65,1.1258,0.032664,157.27,True,physics_simulated_synthetic
BGW-015,263.65,326.6,5.1,136.57,33.53,1.0,2930.8,3493.0,3.5,0.99,14203.4,0.7072,14269.3,70.18,2.0643,0.04102,145.95,True,physics_simulated_synthetic
BGW-015,69.75,746.0,2.67,124.47,34.63,1.0,2930.8,3493.0,3.5,0.99,14196.2,0.8251,14171.8,80.89,1.7219,0.037131,82.92,True,physics_simulated_synthetic
BGW-015,529.6,1039.4,3.281,84.39,47.65,1.0,2930.8,3493.0,3.5,0.971,14137.7,0.6647,14374.8,67.24,1.5269,0.025535,79.0,True,physics_simulated_synthetic
BGW-015,38742.97,801.1,4.854,70.81,33.5,1.0,2930.8,3493.0,3.5,0.909,13944.7,0.3432,14809.7,12.74,11.8144,0.022074,13.06,True,physics_simulated_synthetic
BGW-015,38526.65,588.4,7.014,133.69,56.99,1.0,2930.8,3493.0,3.5,0.921,13995.7,0.3313,15254.4,10.12,8.9988,0.04293,48.19,True,physics_simulated_synthetic
BGW-015,51.18,1199.8,4.438,125.86,49.24,1.0,2930.8,3493.0,3.5,0.914,13964.6,0.8121,13955.6,83.92,1.1495,0.036974,205.56,True,physics_simulated_synthetic
BGW-015,22681.06,941.5,4.796,116.59,40.11,1.0,2930.8,3493.0,3.5,0.942,14051.1,0.3673,14792.4,19.82,6.333,0.036303,39.59,True,physics_simulated_synthetic
BGW-015,83.46,351.4,7.414,64.77,46.86,1.0,2930.8,3493.0,3.5,0.956,14095.8,0.7539,14189.4,76.22,1.3522,0.019345,152.74,True,physics_simulated_synthetic
BGW-015,7745.02,1031.3,2.959,84.5,31.28,1.0,2930.8,3493.0,3.5,0.934,14022.1,0.4391,14722.3,29.38,5.453,0.026186,20.46,True,physics_simulated_synthetic
BGW-015,791.13,249.1,4.511,111.3,35.42,1.0,2930.8,3493.0,3.5,0.995,14215.0,0.6122,14360.0,57.72,2.3907,0.033642,91.4,True,physics_simulated_synthetic
BGW-015,128.06,499.6,5.835,82.48,44.87,1.0,2930.8,3493.0,3.5,0.914,13965.1,0.7506,14037.5,74.79,1.4237,0.024372,143.83,True,physics_simulated_synthetic
BGW-015,149.72,955.8,2.889,89.7,49.79,1.0,2930.8,3493.0,3.5,0.921,13980.6,0.7789,13909.5,75.48,1.2599,0.026265,86.73,True,physics_simulated_synthetic
BGW-015,5357.87,1104.1,5.234,127.97,36.91,1.0,2930.8,3493.0,3.5,0.98,14174.3,0.4461,14615.2,32.55,4.141,0.039369,71.65,True,physics_simulated_synthetic
BGW-015,1866.83,366.4,6.545,134.27,40.69,1.0,2930.8,3493.0,3.5,0.913,13967.8,0.5153,14198.8,44.28,2.6828,0.04013,140.98,True,physics_simulated_synthetic
BGW-015,1915.49,658.2,3.325,106.4,37.89,1.0,2930.8,3493.0,3.5,0.917,13969.0,0.5419,14289.4,48.8,2.6308,0.032005,58.25,True,physics_simulated_synthetic
BGW-015,872.58,1184.6,5.513,137.7,55.21,1.0,2930.8,3493.0,3.5,0.915,13971.9,0.5927,14145.6,58.01,1.5033,0.041001,216.53,True,physics_simulated_synthetic
BGW-015,444.1,655.2,3.949,130.24,58.08,1.0,2930.8,3493.0,3.5,0.97,14136.1,0.6739,14225.9,64.13,1.3,0.039002,170.61,True,physics_simulated_synthetic
BGW-015,229.06,212.3,2.544,67.27,39.62,1.0,2930.8,3493.0,3.5,0.98,14164.5,0.751,14098.0,74.76,1.6203,0.019964,45.14,True,physics_simulated_synthetic
BGW-015,262.8,839.0,7.076,112.09,37.15,1.0,2930.8,3493.0,3.5,0.98,14176.6,0.6847,14242.6,64.88,2.0115,0.033604,170.23,True,physics_simulated_synthetic
BGW-015,2019.29,422.9,6.206,116.86,37.23,1.0,2930.8,3493.0,3.5,0.966,14130.4,0.5117,14349.7,43.59,3.0103,0.035298,104.78,True,physics_simulated_synthetic
BGW-015,1100.49,577.1,3.651,124.22,48.49,1.0,2930.8,3493.0,3.5,0.939,14038.8,0.5895,14134.6,54.1,1.834,0.036958,105.95,True,physics_simulated_synthetic
BGW-015,536.43,901.7,4.185,109.69,56.61,1.0,2930.8,3493.0,3.5,0.929,14008.5,0.6532,14170.5,63.85,1.3344,0.03272,147.77,True,physics_simulated_synthetic
BGW-015,62.54,688.0,6.261,132.43,30.1,1.0,2930.8,3493.0,3.5,0.992,14214.4,0.7805,14372.9,78.29,2.0763,0.040066,173.98,True,physics_simulated_synthetic
BGW-015,197.5,1046.8,6.603,104.64,40.56,1.0,2930.8,3493.0,3.5,0.949,14078.7,0.7121,14031.3,70.71,1.6654,0.030905,176.46,True,physics_simulated_synthetic
BGW-015,132.03,279.1,3.679,138.44,39.17,1.0,2930.8,3493.0,3.5,0.925,13996.3,0.7766,14203.7,76.08,1.6222,0.041391,135.16,True,physics_simulated_synthetic
BGW-015,54.68,457.3,3.273,110.75,35.27,1.0,2930.8,3493.0,3.5,0.95,14071.0,0.8262,14090.8,80.87,1.6815,0.03285,92.08,True,physics_simulated_synthetic
BGW-015,8152.44,986.2,4.337,104.82,44.91,1.0,2930.8,3493.0,3.5,0.902,13924.6,0.4256,14581.8,29.79,3.7095,0.032173,54.16,True,physics_simulated_synthetic
BGW-015,590.91,975.8,5.01,134.49,52.37,1.0,2930.8,3493.0,3.5,0.953,14089.3,0.6349,14035.2,60.85,1.499,0.039732,191.21,True,physics_simulated_synthetic
BGW-015,1449.21,565.2,2.888,118.41,56.28,1.0,2930.8,3493.0,3.5,0.99,14196.4,0.5713,14373.1,53.71,1.6183,0.035825,92.05,True,physics_simulated_synthetic
BGW-015,83.67,888.6,6.969,123.04,40.52,1.0,2930.8,3493.0,3.5,0.94,14052.9,0.7593,14013.2,72.76,1.6179,0.036295,225.13,True,physics_simulated_synthetic
BGW-015,207.59,244.3,6.894,100.87,52.76,1.0,2930.8,3493.0,3.5,0.953,14089.9,0.7051,14246.4,68.86,1.3347,0.030249,224.99,True,physics_simulated_synthetic
BGW-015,436.86,764.8,4.002,120.78,46.62,1.0,2930.8,3493.0,3.5,0.902,13924.2,0.6749,14143.7,66.05,1.5632,0.03596,132.58,True,physics_simulated_synthetic
BGW-015,83.13,719.3,5.61,97.86,33.32,1.0,2930.8,3493.0,3.5,0.922,13988.7,0.7768,13729.2,76.09,1.8431,0.028282,123.97,True,physics_simulated_synthetic
BGW-015,1686.18,964.3,5.155,86.63,35.82,1.0,2930.8,3493.0,3.5,0.979,14166.2,0.5362,14389.9,46.51,2.94,0.026239,66.25,True,physics_simulated_synthetic
BGW-015,101.8,433.3,4.625,140.23,50.66,1.0,2930.8,3493.0,3.5,0.948,14071.5,0.7794,13851.1,76.76,1.2123,0.040885,224.6,True,physics_simulated_synthetic
BGW-015,441.11,1160.1,3.323,99.99,39.99,1.0,2930.8,3493.0,3.5,0.978,14160.6,0.6819,14081.7,62.22,1.9261,0.029638,73.63,True,physics_simulated_synthetic
BGW-015,29960.72,1118.0,6.347,127.45,45.18,1.0,2930.8,3493.0,3.5,0.934,14035.2,0.3455,14985.9,15.04,7.5085,0.040203,48.93,True,physics_simulated_synthetic
BGW-015,372.91,425.8,3.317,106.86,49.21,1.0,2930.8,3493.0,3.5,0.975,14150.3,0.6979,14178.0,68.4,1.4337,0.031892,106.23,True,physics_simulated_synthetic
BGW-015,504.42,218.7,3.073,138.5,54.29,1.0,2930.8,3493.0,3.5,0.94,14041.7,0.6719,14072.5,63.47,1.3901,0.041027,130.6,True,physics_simulated_synthetic
BGW-015,124.39,1059.4,3.607,79.77,51.28,1.0,2930.8,3493.0,3.5,0.959,14099.4,0.7814,14047.9,79.42,1.174,0.023587,104.35,True,physics_simulated_synthetic
BGW-015,7806.77,954.0,6.627,99.14,57.95,1.0,2930.8,3493.0,3.5,0.991,14207.6,0.4122,14779.2,28.47,3.0493,0.030842,96.52,True,physics_simulated_synthetic
BGW-015,12447.82,685.9,2.834,91.61,39.96,1.0,2930.8,3493.0,3.5,0.904,13928.3,0.4115,14764.3,27.08,4.6433,0.028472,25.02,True,physics_simulated_synthetic
BGW-015,53.56,710.0,5.844,95.07,40.77,1.0,2930.8,3493.0,3.5,0.956,14096.7,0.7916,13997.7,79.03,1.4787,0.028013,159.41,True,physics_simulated_synthetic
BGW-015,148.6,719.8,2.965,92.17,31.89,1.0,2930.8,3493.0,3.5,0.995,14212.8,0.7784,14231.6,77.72,1.9542,0.027611,60.32,True,physics_simulated_synthetic
BGW-015,23817.66,433.5,6.158,93.74,46.18,1.0,2930.8,3493.0,3.5,0.901,13927.3,0.3567,14901.7,16.23,6.769,0.029405,38.52,True,physics_simulated_synthetic
BGW-015,109.67,532.9,2.922,89.23,43.98,1.0,2930.8,3493.0,3.5,0.99,14197.2,0.7984,14484.1,80.84,1.3866,0.027206,82.54,True,physics_simulated_synthetic
BGW-015,1003.97,786.9,7.201,95.56,31.28,1.0,2930.8,3493.0,3.5,0.956,14102.3,0.5637,14445.5,50.92,3.087,0.029059,97.61,True,physics_simulated_synthetic
BGW-015,6197.73,702.4,4.203,138.46,36.75,1.0,2930.8,3493.0,3.5,0.954,14089.5,0.4441,14582.5,31.82,4.2441,0.0425,60.61,True,physics_simulated_synthetic
BGW-015,913.3,629.2,3.262,74.24,51.85,1.0,2930.8,3493.0,3.5,0.906,13933.3,0.6115,14248.5,59.4,1.5749,0.022268,66.42,True,physics_simulated_synthetic
BGW-015,2482.11,853.9,6.684,100.52,58.62,1.0,2930.8,3493.0,3.5,0.946,14069.1,0.491,14294.9,38.27,2.1688,0.030247,134.24,True,physics_simulated_synthetic
BGW-015,1013.6,794.6,3.401,138.89,53.74,1.0,2930.8,3493.0,3.5,0.928,14004.6,0.5999,14210.6,56.8,1.5848,0.041546,128.39,True,physics_simulated_synthetic
BGW-015,59.99,850.9,3.901,108.85,56.66,1.0,2930.8,3493.0,3.5,0.963,14113.5,0.8138,14146.4,82.19,1.0339,0.032414,176.11,True,physics_simulated_synthetic
BGW-015,69.85,1045.5,7.591,137.33,54.63,1.0,2930.8,3493.0,3.5,0.977,14175.8,0.7594,14264.3,74.25,1.1969,0.041236,376.59,True,physics_simulated_synthetic
BGW-015,18479.01,737.3,6.877,115.05,38.78,1.0,2930.8,3493.0,3.5,0.946,14071.8,0.3644,14932.2,19.43,6.7462,0.036163,53.09,True,physics_simulated_synthetic
BGW-015,9126.33,1037.0,2.701,110.2,43.17,1.0,2930.8,3493.0,3.5,0.96,14103.6,0.4308,14808.3,27.35,4.2692,0.03435,31.29,True,physics_simulated_synthetic
BGW-015,13591.65,457.5,5.652,79.76,39.21,1.0,2930.8,3493.0,3.5,0.963,14115.3,0.3874,14942.5,21.97,5.9047,0.025087,34.58,True,physics_simulated_synthetic
BGW-015,164.02,742.3,4.042,124.4,48.64,1.0,2930.8,3493.0,3.5,0.949,14070.6,0.7572,13988.9,74.64,1.3117,0.036632,162.54,True,physics_simulated_synthetic
BGW-015,6275.09,1031.1,3.326,84.16,58.19,1.0,2930.8,3493.0,3.5,0.992,14204.4,0.45,14968.6,32.26,2.714,0.026519,46.79,True,physics_simulated_synthetic
BGW-015,1085.86,428.6,6.993,134.1,30.4,1.0,2930.8,3493.0,3.5,0.902,13936.6,0.5586,14063.2,51.95,3.0314,0.039697,131.87,True,physics_simulated_synthetic
BGW-015,30450.1,1129.9,4.445,85.76,31.15,1.0,2930.8,3493.0,3.5,0.921,13982.4,0.3559,14901.6,15.34,10.6153,0.0269,16.22,True,physics_simulated_synthetic
BGW-015,333.93,325.1,7.237,95.31,39.14,1.0,2930.8,3493.0,3.5,0.955,14098.5,0.663,14233.6,64.6,1.9159,0.028556,155.32,True,physics_simulated_synthetic
BGW-015,1412.88,1082.0,7.089,95.66,36.36,1.0,2930.8,3493.0,3.5,0.972,14151.2,0.5344,14501.9,48.19,2.8168,0.029203,105.83,True,physics_simulated_synthetic
BGW-015,2491.03,674.5,5.629,72.21,55.31,1.0,2930.8,3493.0,3.5,0.969,14134.1,0.4994,14575.4,43.94,2.0414,0.022156,87.97,True,physics_simulated_synthetic
BGW-015,157.8,739.8,6.024,78.55,55.69,1.0,2930.8,3493.0,3.5,0.931,14017.8,0.7349,14017.6,73.85,1.1601,0.023176,173.29,True,physics_simulated_synthetic
BGW-015,711.11,857.7,6.68,101.6,42.89,1.0,2930.8,3493.0,3.5,0.951,14083.5,0.6003,14329.7,54.76,2.0768,0.030646,141.95,True,physics_simulated_synthetic
BGW-015,93.57,859.5,3.415,111.22,43.4,1.0,2930.8,3493.0,3.5,0.991,14200.2,0.8004,14144.9,80.39,1.3799,0.033115,118.01,True,physics_simulated_synthetic
BGW-015,55.74,382.5,4.929,138.9,44.11,1.0,2930.8,3493.0,3.5,0.913,13963.5,0.8024,13912.7,81.13,1.3232,0.040677,218.2,True,physics_simulated_synthetic
BGW-015,3469.86,275.3,6.803,66.15,47.35,1.0,2930.8,3493.0,3.5,0.924,13994.9,0.4647,14418.9,35.7,2.9028,0.020078,67.75,True,physics_simulated_synthetic
BGW-015,3929.18,595.5,6.355,96.26,30.7,1.0,2930.8,3493.0,3.5,0.965,14127.3,0.4591,14734.8,36.7,4.4522,0.029858,61.37,True,physics_simulated_synthetic
BGW-015,8245.88,1125.8,3.192,135.15,38.18,1.0,2930.8,3493.0,3.5,0.956,14092.5,0.4334,14612.8,29.04,4.4858,0.041572,42.6,True,physics_simulated_synthetic
BGW-015,9370.41,219.9,3.386,112.24,51.21,1.0,2930.8,3493.0,3.5,0.977,14157.6,0.4241,14734.2,28.54,3.4314,0.034813,49.47,True,physics_simulated_synthetic
BGW-015,384.55,920.4,2.7,67.34,45.19,1.0,2930.8,3493.0,3.5,0.943,14047.0,0.7025,14023.0,69.82,1.5127,0.019877,51.09,True,physics_simulated_synthetic
BGW-015,8868.29,1007.4,4.359,96.77,49.08,1.0,2930.8,3493.0,3.5,0.92,13980.8,0.4204,14609.8,26.34,3.8459,0.02976,48.57,True,physics_simulated_synthetic
BGW-015,136.6,755.5,5.314,69.86,43.49,1.0,2930.8,3493.0,3.5,0.994,14209.9,0.7532,14164.2,75.26,1.4729,0.02083,108.22,True,physics_simulated_synthetic
BGW-015,2231.53,236.7,7.773,138.43,55.43,1.0,2930.8,3493.0,3.5,0.92,13997.3,0.4907,14234.3,43.67,2.0014,0.041477,231.95,True,physics_simulated_synthetic
BGW-015,163.9,578.5,3.463,117.04,34.53,1.0,2930.8,3493.0,3.5,0.958,14099.1,0.7648,14088.9,75.43,1.8414,0.034709,93.98,True,physics_simulated_synthetic
BGW-015,14281.9,790.5,4.719,122.29,46.59,1.0,2930.8,3493.0,3.5,0.915,13967.9,0.3909,14620.2,22.82,4.6811,0.037634,54.63,True,physics_simulated_synthetic
BGW-015,10784.32,202.3,7.435,96.36,48.17,1.0,2930.8,3493.0,3.5,0.947,14073.0,0.3885,14686.9,25.8,4.0222,0.029789,79.29,True,physics_simulated_synthetic
BGW-015,357.73,1020.2,4.15,93.26,44.91,1.0,2930.8,3493.0,3.5,0.917,13971.7,0.6917,14250.0,65.71,1.6438,0.027974,101.7,True,physics_simulated_synthetic
BGW-015,73.31,889.6,4.051,96.62,49.72,1.0,2930.8,3493.0,3.5,0.927,14002.6,0.8034,14086.1,81.58,1.1819,0.028649,141.4,True,physics_simulated_synthetic
BGW-015,176.77,771.4,4.101,87.73,58.93,1.0,2930.8,3493.0,3.5,0.98,14165.0,0.751,14167.2,72.33,1.1312,0.026163,136.58,True,physics_simulated_synthetic
BGW-015,10323.23,908.6,2.612,106.7,57.97,1.0,2930.8,3493.0,3.5,0.973,14142.0,0.424,14822.7,26.59,3.2737,0.033292,38.25,True,physics_simulated_synthetic
BGW-015,1268.4,751.2,7.364,122.98,41.16,1.0,2930.8,3493.0,3.5,0.992,14219.1,0.5414,14572.5,48.03,2.5092,0.037724,159.42,True,physics_simulated_synthetic
BGW-015,10579.01,294.4,7.621,97.09,57.57,1.0,2930.8,3493.0,3.5,0.96,14114.9,0.3884,14848.3,25.15,3.4906,0.030345,95.41,True,physics_simulated_synthetic
BGW-015,36457.04,574.2,7.75,87.54,42.3,1.0,2930.8,3493.0,3.5,0.994,14220.0,0.3296,15322.6,11.2,11.012,0.028235,28.62,True,physics_simulated_synthetic
BGW-015,664.16,852.7,6.795,71.85,48.4,1.0,2930.8,3493.0,3.5,0.993,14212.2,0.6055,14244.4,57.91,1.7299,0.021543,121.86,True,physics_simulated_synthetic
BGW-015,55.7,718.4,3.846,108.91,50.38,1.0,2930.8,3493.0,3.5,0.978,14159.2,0.8174,13871.3,82.36,1.138,0.031802,154.75,True,physics_simulated_synthetic
BGW-015,124.38,1051.5,6.71,93.09,36.84,1.0,2930.8,3493.0,3.5,0.993,14213.0,0.7416,14306.5,75.56,1.7494,0.028035,154.85,True,physics_simulated_synthetic
BGW-015,248.34,811.1,2.871,127.61,48.92,1.0,2930.8,3493.0,3.5,0.922,13984.2,0.7399,14311.5,71.62,1.3904,0.038444,114.31,True,physics_simulated_synthetic
BGW-015,5034.29,696.3,5.558,84.4,37.94,1.0,2930.8,3493.0,3.5,0.961,14111.2,0.4478,14616.9,33.34,3.9333,0.025968,52.84,True,physics_simulated_synthetic
BGW-015,8876.91,861.2,3.775,80.48,47.51,1.0,2930.8,3493.0,3.5,0.945,14058.0,0.4245,14647.8,30.61,3.4284,0.024814,39.34,True,physics_simulated_synthetic
BGW-015,3276.85,463.9,7.407,135.54,37.54,1.0,2930.8,3493.0,3.5,0.904,13944.7,0.4643,14344.1,40.02,3.2495,0.040924,134.33,True,physics_simulated_synthetic
BGW-015,13331.86,1102.6,6.145,115.67,38.32,1.0,2930.8,3493.0,3.5,0.95,14080.0,0.3853,14833.8,20.41,6.4575,0.036119,49.5,True,physics_simulated_synthetic
BGW-015,82.0,939.9,4.434,69.73,52.06,1.0,2930.8,3493.0,3.5,0.915,13962.2,0.793,13991.2,77.08,1.1868,0.020535,110.48,True,physics_simulated_synthetic
BGW-015,1768.24,295.2,7.322,118.62,56.43,1.0,2930.8,3493.0,3.5,0.958,14112.6,0.5133,14211.2,43.61,1.9657,0.035484,190.35,True,physics_simulated_synthetic
BGW-015,10304.56,781.8,5.979,110.51,54.68,1.0,2930.8,3493.0,3.5,0.933,14028.2,0.4004,14853.0,29.06,3.1821,0.034552,93.49,True,physics_simulated_synthetic
BGW-015,981.81,1053.6,3.057,139.28,32.06,1.0,2930.8,3493.0,3.5,0.948,14068.0,0.6066,14293.7,51.97,2.9203,0.041905,63.17,True,physics_simulated_synthetic
BGW-015,9030.82,556.9,2.62,139.02,34.75,1.0,2930.8,3493.0,3.5,0.975,14151.6,0.4321,14781.9,29.0,4.9918,0.043256,32.69,True,physics_simulated_synthetic
BGW-015,91.77,1193.7,4.995,88.81,30.3,1.0,2930.8,3493.0,3.5,0.992,14205.0,0.78,14308.0,76.77,2.0933,0.026749,91.91,True,physics_simulated_synthetic
BGW-015,516.07,724.1,4.407,109.37,38.25,1.0,2930.8,3493.0,3.5,0.907,13941.5,0.6544,14044.8,61.13,2.0448,0.032333,100.34,True,physics_simulated_synthetic
BGW-015,5033.74,359.7,7.622,99.14,52.24,1.0,2930.8,3493.0,3.5,0.999,14238.3,0.4329,14810.4,33.99,2.8394,0.030907,119.47,True,physics_simulated_synthetic
BGW-015,613.18,353.2,4.388,82.96,56.32,1.0,2930.8,3493.0,3.5,0.901,13920.1,0.6381,14032.6,59.55,1.424,0.024503,108.74,True,physics_simulated_synthetic
BGW-015,18448.24,683.6,4.586,70.64,42.09,1.0,2930.8,3493.0,3.5,0.976,14155.1,0.3786,14977.7,21.71,5.5792,0.022271,26.36,True,physics_simulated_synthetic
BGW-015,4413.85,769.3,4.676,73.08,50.36,1.0,2930.8,3493.0,3.5,0.931,14014.1,0.4638,14264.7,36.27,2.6585,0.021945,55.58,True,physics_simulated_synthetic
BGW-015,54.25,1134.7,4.168,72.59,56.88,1.0,2930.8,3493.0,3.5,0.994,14209.4,0.8138,14187.5,80.35,1.0566,0.021679,123.14,True,physics_simulated_synthetic
BGW-015,12299.32,722.5,6.711,110.9,40.0,1.0,2930.8,3493.0,3.5,0.987,14197.7,0.386,14638.0,22.02,5.6564,0.034171,58.38,True,physics_simulated_synthetic
BGW-015,12955.75,983.8,5.217,66.17,45.2,1.0,2930.8,3493.0,3.5,0.931,14014.7,0.3928,14917.1,24.85,4.5203,0.020776,34.53,True,physics_simulated_synthetic
BGW-015,21458.35,572.4,3.869,84.63,37.0,1.0,2930.8,3493.0,3.5,0.932,14016.9,0.3758,14879.8,21.41,6.3922,0.026508,23.11,True,physics_simulated_synthetic
BGW-015,4494.87,575.0,6.131,133.98,41.8,1.0,2930.8,3493.0,3.5,0.917,13980.8,0.4513,14370.6,33.04,3.5412,0.040528,101.04,True,physics_simulated_synthetic
BGW-015,38272.18,432.0,7.41,114.49,30.46,1.0,2930.8,3493.0,3.5,0.929,14021.6,0.3295,15037.8,10.5,16.0115,0.03624,24.15,True,physics_simulated_synthetic
BGW-015,62.39,1082.4,7.691,74.17,47.21,1.0,2930.8,3493.0,3.5,0.966,14129.4,0.7626,14407.0,77.08,1.3477,0.022494,184.84,True,physics_simulated_synthetic
BGW-015,483.07,671.3,5.628,96.98,33.27,1.0,2930.8,3493.0,3.5,0.991,14205.4,0.6473,14399.1,61.11,2.4101,0.029395,98.84,True,physics_simulated_synthetic
BGW-015,14017.37,828.0,7.931,139.7,45.97,1.0,2930.8,3493.0,3.5,0.947,14083.1,0.3717,14894.2,21.32,5.1724,0.0438,96.71,True,physics_simulated_synthetic
BGW-015,181.16,605.2,5.526,104.5,43.88,1.0,2930.8,3493.0,3.5,0.971,14144.0,0.7313,14256.1,70.73,1.5636,0.031359,159.6,True,physics_simulated_synthetic
BGW-015,53.95,362.6,6.884,117.91,31.71,1.0,2930.8,3493.0,3.5,0.979,14173.3,0.7778,13890.2,79.14,1.884,0.034475,181.4,True,physics_simulated_synthetic
BGW-015,1406.65,395.8,7.708,133.7,36.83,1.0,2930.8,3493.0,3.5,0.988,14208.5,0.5294,14308.9,45.59,2.9006,0.04027,154.1,True,physics_simulated_synthetic
BGW-015,114.87,331.3,2.977,124.5,57.01,1.0,2930.8,3493.0,3.5,0.99,14196.4,0.7948,14133.6,79.99,1.0549,0.037041,150.55,True,physics_simulated_synthetic
BGW-015,206.74,227.9,3.007,127.34,53.69,1.0,2930.8,3493.0,3.5,0.988,14189.6,0.7532,14494.2,70.32,1.3067,0.038851,128.75,True,physics_simulated_synthetic
BGW-015,8194.24,319.5,5.431,83.01,54.24,1.0,2930.8,3493.0,3.5,0.966,14124.9,0.4175,14780.9,29.06,3.1919,0.025829,63.28,True,physics_simulated_synthetic
BGW-015,1079.94,887.7,5.926,108.65,43.2,1.0,2930.8,3493.0,3.5,0.909,13952.3,0.569,14197.6,54.95,2.0359,0.032471,136.09,True,physics_simulated_synthetic
BGW-015,102.98,985.0,2.563,102.41,33.52,1.0,2930.8,3493.0,3.5,0.967,14125.3,0.8071,14210.4,77.66,1.8583,0.030633,60.84,True,physics_simulated_synthetic
BGW-015,990.93,204.3,6.824,92.97,45.61,1.0,2930.8,3493.0,3.5,0.999,14232.1,0.5684,14417.0,52.82,2.0367,0.028215,136.12,True,physics_simulated_synthetic
BGW-015,18518.18,228.1,7.775,110.31,48.22,1.0,2930.8,3493.0,3.5,0.978,14173.4,0.359,15038.9,17.15,6.1883,0.034921,63.18,True,physics_simulated_synthetic
BGW-015,990.73,490.9,4.71,72.7,57.45,1.0,2930.8,3493.0,3.5,0.922,13985.8,0.5888,14087.1,55.14,1.5135,0.021558,96.6,True,physics_simulated_synthetic
BGW-015,28902.69,934.1,3.012,64.78,37.97,1.0,2930.8,3493.0,3.5,0.974,14145.2,0.3672,15028.4,17.18,7.8426,0.020492,11.33,True,physics_simulated_synthetic
BGW-015,21490.61,568.8,5.811,139.51,41.78,1.0,2930.8,3493.0,3.5,0.906,13944.5,0.3636,14869.3,17.18,7.0507,0.043667,51.83,True,physics_simulated_synthetic
BGW-015,264.39,1114.6,4.668,80.08,37.7,1.0,2930.8,3493.0,3.5,0.97,14135.1,0.7121,14129.6,71.05,1.7955,0.023817,89.16,True,physics_simulated_synthetic
BGW-015,32372.25,1121.4,4.693,91.66,47.72,1.0,2930.8,3493.0,3.5,0.958,14101.5,0.3518,15051.7,17.83,6.0223,0.029041,32.59,True,physics_simulated_synthetic
BGW-015,1060.35,1015.8,6.74,131.31,56.97,1.0,2930.8,3493.0,3.5,0.907,13950.6,0.563,14237.6,52.84,1.61,0.039352,237.22,True,physics_simulated_synthetic
BGW-015,8874.07,330.0,2.526,137.91,44.68,1.0,2930.8,3493.0,3.5,0.976,14152.3,0.4339,14783.0,26.49,4.2525,0.042914,36.71,True,physics_simulated_synthetic
BGW-015,85.41,696.0,2.826,116.78,56.2,1.0,2930.8,3493.0,3.5,0.973,14142.9,0.8133,14316.1,81.45,1.0645,0.035191,134.51,True,physics_simulated_synthetic
BGW-015,219.96,220.3,5.505,102.23,53.69,1.0,2930.8,3493.0,3.5,0.979,14166.4,0.717,14157.3,70.94,1.2651,0.030466,190.91,True,physics_simulated_synthetic
BGW-015,312.79,773.1,5.257,103.33,30.43,1.0,2930.8,3493.0,3.5,0.97,14140.2,0.6907,14228.4,66.33,2.3995,0.030949,97.64,True,physics_simulated_synthetic
BGW-015,241.59,567.9,2.974,112.43,42.58,1.0,2930.8,3493.0,3.5,0.947,14062.3,0.7409,14043.8,72.14,1.5561,0.033237,91.48,True,physics_simulated_synthetic
BGW-015,34639.56,747.0,5.737,84.43,34.12,1.0,2930.8,3493.0,3.5,0.989,14197.6,0.3428,15151.8,10.85,13.932,0.026928,15.97,True,physics_simulated_synthetic
BGW-015,2323.88,332.3,7.099,82.05,57.0,1.0,2930.8,3493.0,3.5,0.965,14125.7,0.4929,14292.9,42.35,2.0153,0.024685,125.22,True,physics_simulated_synthetic
BGW-015,3375.64,1127.2,3.125,103.33,32.52,1.0,2930.8,3493.0,3.5,0.971,14138.1,0.4966,14563.9,39.84,3.8257,0.031677,37.25,True,physics_simulated_synthetic
BGW-016,543.61,799.5,6.61,107.59,33.88,1.0,2958.2,4487.4,2.875,0.997,15606.8,0.6064,15805.0,57.62,2.756,0.035794,123.62,True,physics_simulated_synthetic
BGW-016,74.59,536.6,3.294,77.73,34.6,1.0,2958.2,4487.4,2.875,0.924,15274.2,0.7996,15209.8,81.82,1.8289,0.024885,64.54,True,physics_simulated_synthetic
BGW-016,5169.97,201.1,6.069,89.0,33.41,1.0,2958.2,4487.4,2.875,0.968,15474.1,0.4294,16004.3,30.44,5.3564,0.029984,48.92,True,physics_simulated_synthetic
BGW-016,698.09,762.2,7.0,76.34,59.84,1.0,2958.2,4487.4,2.875,0.981,15535.3,0.5793,15637.0,53.72,1.6555,0.025126,152.99,True,physics_simulated_synthetic
BGW-016,57.82,640.9,3.811,106.85,55.53,1.0,2958.2,4487.4,2.875,0.988,15557.0,0.8009,15542.3,80.15,1.1887,0.034956,161.39,True,physics_simulated_synthetic
BGW-016,24602.45,669.4,7.692,123.86,57.32,1.0,2958.2,4487.4,2.875,0.936,15348.1,0.3342,16264.8,13.79,7.0027,0.042406,67.07,True,physics_simulated_synthetic
BGW-016,892.73,783.8,3.013,103.15,53.39,1.0,2958.2,4487.4,2.875,0.973,15491.7,0.6069,15705.5,59.26,1.6897,0.034101,87.56,True,physics_simulated_synthetic
BGW-016,2605.12,375.5,5.227,113.11,47.77,1.0,2958.2,4487.4,2.875,0.979,15522.6,0.4865,15823.9,40.69,2.7712,0.037674,102.33,True,physics_simulated_synthetic
BGW-016,3341.62,967.9,7.81,127.53,49.71,1.0,2958.2,4487.4,2.875,0.968,15488.3,0.4433,16213.4,35.94,3.0894,0.043526,158.45,True,physics_simulated_synthetic
BGW-016,883.63,284.6,3.534,94.17,53.81,1.0,2958.2,4487.4,2.875,0.985,15543.1,0.6009,15746.3,54.19,1.838,0.031214,86.44,True,physics_simulated_synthetic
BGW-016,8538.95,1131.7,7.647,131.01,33.63,1.0,2958.2,4487.4,2.875,0.92,15277.6,0.3861,15979.7,28.68,5.6395,0.044069,86.05,True,physics_simulated_synthetic
BGW-016,8158.08,590.9,5.08,136.46,33.0,1.0,2958.2,4487.4,2.875,0.998,15611.3,0.4099,16380.0,28.49,5.9303,0.047049,58.03,True,physics_simulated_synthetic
BGW-016,111.51,472.6,4.294,102.87,56.69,1.0,2958.2,4487.4,2.875,0.99,15570.6,0.7621,15521.6,77.38,1.2043,0.033611,172.57,True,physics_simulated_synthetic
BGW-016,231.71,325.8,7.203,69.99,53.45,1.0,2958.2,4487.4,2.875,0.952,15407.7,0.6699,15615.3,65.56,1.5166,0.023005,157.34,True,physics_simulated_synthetic
BGW-016,68.48,559.4,6.609,106.56,33.14,1.0,2958.2,4487.4,2.875,0.937,15342.2,0.7484,15491.4,73.28,2.1713,0.034749,152.32,True,physics_simulated_synthetic
BGW-016,888.47,553.6,6.238,115.34,37.36,1.0,2958.2,4487.4,2.875,0.996,15603.8,0.5666,16005.1,51.64,2.8238,0.03886,123.62,True,physics_simulated_synthetic
BGW-016,267.71,592.1,7.338,121.84,54.92,1.0,2958.2,4487.4,2.875,0.985,15558.5,0.657,15636.5,62.95,1.5394,0.040104,275.26,True,physics_simulated_synthetic
BGW-016,1816.21,251.2,6.107,125.2,57.94,1.0,2958.2,4487.4,2.875,0.995,15599.0,0.5062,15866.9,43.84,2.126,0.041816,172.97,True,physics_simulated_synthetic
BGW-016,16441.32,881.0,3.14,89.6,53.46,1.0,2958.2,4487.4,2.875,0.902,15177.4,0.3878,15989.8,24.56,4.1452,0.030158,32.89,True,physics_simulated_synthetic
BGW-016,4301.81,280.6,6.351,80.36,57.54,1.0,2958.2,4487.4,2.875,0.975,15506.2,0.4391,15895.1,34.72,2.7084,0.026886,90.79,True,physics_simulated_synthetic
BGW-016,9302.64,1058.8,4.968,90.38,40.65,1.0,2958.2,4487.4,2.875,0.944,15366.3,0.4032,16210.1,29.96,4.5296,0.030838,48.71,True,physics_simulated_synthetic
BGW-016,2248.15,250.3,5.539,72.15,48.08,1.0,2958.2,4487.4,2.875,0.973,15496.0,0.4949,15661.7,41.09,2.6985,0.023785,70.3,True,physics_simulated_synthetic
BGW-016,124.64,485.2,3.607,86.84,55.2,1.0,2958.2,4487.4,2.875,0.999,15607.0,0.767,15794.5,74.65,1.3046,0.02887,114.94,True,physics_simulated_synthetic
BGW-016,401.13,477.6,7.064,88.26,42.7,1.0,2958.2,4487.4,2.875,0.905,15200.0,0.6274,15179.4,58.96,2.0524,0.028202,139.79,True,physics_simulated_synthetic
BGW-016,37135.94,228.3,3.623,108.91,51.43,1.0,2958.2,4487.4,2.875,0.986,15549.7,0.3459,16426.2,12.23,8.8888,0.037657,22.1,True,physics_simulated_synthetic
BGW-016,12250.42,277.8,3.91,105.42,57.43,1.0,2958.2,4487.4,2.875,0.979,15520.4,0.3969,16292.3,24.41,3.9554,0.036153,51.46,True,physics_simulated_synthetic
BGW-016,227.6,717.4,4.017,122.75,49.81,1.0,2958.2,4487.4,2.875,0.951,15399.1,0.7179,15320.4,70.32,1.4889,0.039587,153.79,True,physics_simulated_synthetic
BGW-016,291.59,404.9,4.016,142.47,38.09,1.0,2958.2,4487.4,2.875,0.979,15521.3,0.6974,15734.3,65.31,2.1531,0.047187,126.74,True,physics_simulated_synthetic
BGW-016,580.29,456.0,5.278,96.51,33.83,1.0,2958.2,4487.4,2.875,0.902,15182.5,0.6175,15490.0,59.69,2.6112,0.031468,91.6,True,physics_simulated_synthetic
BGW-016,19235.68,1036.1,4.996,83.59,31.95,1.0,2958.2,4487.4,2.875,0.922,15271.2,0.3648,16149.7,18.44,9.3285,0.028415,21.91,True,physics_simulated_synthetic
BGW-016,597.79,921.0,7.914,123.33,50.63,1.0,2958.2,4487.4,2.875,0.978,15533.5,0.5822,15880.1,57.05,1.8714,0.041227,251.06,True,physics_simulated_synthetic
BGW-016,11364.9,823.7,6.084,71.58,48.09,1.0,2958.2,4487.4,2.875,0.923,15277.1,0.3828,16083.7,21.97,5.18,0.024232,40.98,True,physics_simulated_synthetic
BGW-016,6825.74,366.5,2.903,128.68,44.76,1.0,2958.2,4487.4,2.875,0.988,15557.0,0.4411,16175.3,35.01,3.5138,0.043814,52.12,True,physics_simulated_synthetic
BGW-016,7518.27,504.1,4.992,112.36,50.52,1.0,2958.2,4487.4,2.875,0.911,15224.5,0.4155,15945.1,26.59,4.0395,0.037713,67.11,True,physics_simulated_synthetic
BGW-016,434.21,1037.5,2.882,128.27,38.13,1.0,2958.2,4487.4,2.875,0.965,15456.5,0.6785,15334.0,64.64,2.1177,0.041401,81.14,True,physics_simulated_synthetic
BGW-016,348.15,1076.0,6.987,84.32,42.17,1.0,2958.2,4487.4,2.875,0.953,15409.6,0.6404,15552.0,62.81,1.9986,0.027604,138.97,True,physics_simulated_synthetic
BGW-016,3891.04,397.8,2.835,142.9,44.32,1.0,2958.2,4487.4,2.875,0.919,15255.4,0.4811,15748.8,39.08,3.0948,0.047372,62.5,True,physics_simulated_synthetic
BGW-016,166.37,914.5,2.852,114.23,44.52,1.0,2958.2,4487.4,2.875,0.935,15323.3,0.7606,15492.9,77.03,1.5376,0.037253,99.51,True,physics_simulated_synthetic
BGW-016,9075.85,316.1,2.829,72.27,37.31,1.0,2958.2,4487.4,2.875,0.997,15596.3,0.424,16176.6,27.87,5.2953,0.024607,18.93,True,physics_simulated_synthetic
BGW-016,3606.23,621.5,5.982,95.49,46.92,1.0,2958.2,4487.4,2.875,0.936,15334.9,0.4548,15782.3,36.22,3.1609,0.031723,86.46,True,physics_simulated_synthetic
BGW-016,15014.22,542.6,3.959,136.22,52.78,1.0,2958.2,4487.4,2.875,0.99,15570.9,0.3856,16511.0,20.51,5.1923,0.047344,51.99,True,physics_simulated_synthetic
BGW-016,4828.79,733.7,5.804,100.14,40.09,1.0,2958.2,4487.4,2.875,0.901,15183.2,0.4363,15877.4,31.71,4.2509,0.033468,65.8,True,physics_simulated_synthetic
BGW-016,386.72,821.3,5.8,71.84,35.86,1.0,2958.2,4487.4,2.875,0.985,15546.1,0.6472,15603.0,61.87,2.394,0.023594,82.31,True,physics_simulated_synthetic
BGW-016,184.75,496.5,6.08,125.41,36.0,1.0,2958.2,4487.4,2.875,0.997,15608.9,0.7022,15695.2,70.01,2.1193,0.041434,171.16,True,physics_simulated_synthetic
BGW-016,73.43,397.8,6.594,91.78,53.98,1.0,2958.2,4487.4,2.875,0.911,15226.8,0.7458,15373.3,72.96,1.3286,0.0297,212.27,True,physics_simulated_synthetic
BGW-016,26589.81,206.6,5.942,96.27,43.22,1.0,2958.2,4487.4,2.875,0.964,15460.0,0.343,16581.2,13.93,9.3733,0.033603,30.67,True,physics_simulated_synthetic
BGW-016,25594.28,1030.5,3.141,76.54,33.94,1.0,2958.2,4487.4,2.875,0.964,15449.8,0.3661,16251.6,17.65,9.2348,0.026184,12.82,True,physics_simulated_synthetic
BGW-016,31140.34,670.8,4.835,130.74,35.03,1.0,2958.2,4487.4,2.875,0.905,15199.5,0.3443,16174.0,14.24,11.0346,0.044513,28.09,True,physics_simulated_synthetic
BGW-016,193.02,1020.4,6.184,99.74,58.12,1.0,2958.2,4487.4,2.875,0.945,15374.4,0.6976,15320.5,67.09,1.3374,0.032165,214.18,True,physics_simulated_synthetic
BGW-016,1033.02,1182.7,4.833,65.25,36.6,1.0,2958.2,4487.4,2.875,0.923,15272.8,0.5698,15576.6,54.77,2.6447,0.021396,56.3,True,physics_simulated_synthetic
BGW-016,370.05,515.5,5.921,91.45,53.36,1.0,2958.2,4487.4,2.875,0.972,15494.8,0.6494,15622.5,61.76,1.6136,0.030074,158.92,True,physics_simulated_synthetic
BGW-016,617.63,309.5,7.913,64.45,47.64,1.0,2958.2,4487.4,2.875,0.919,15261.6,0.5794,15461.8,54.23,2.037,0.020978,117.35,True,physics_simulated_synthetic
BGW-016,8946.56,686.1,7.767,101.14,58.14,1.0,2958.2,4487.4,2.875,0.993,15594.7,0.3826,16098.3,23.91,3.9422,0.034273,97.23,True,physics_simulated_synthetic
BGW-016,15523.5,331.8,4.593,139.09,49.89,1.0,2958.2,4487.4,2.875,0.987,15560.3,0.3786,16396.9,21.76,5.1423,0.048008,61.75,True,physics_simulated_synthetic
BGW-016,66.86,488.7,5.323,67.42,38.62,1.0,2958.2,4487.4,2.875,0.939,15341.6,0.7697,15456.1,73.81,1.8458,0.021936,91.1,True,physics_simulated_synthetic
BGW-016,6279.84,980.3,7.77,106.66,45.44,1.0,2958.2,4487.4,2.875,0.906,15212.5,0.4028,15648.8,28.37,4.1315,0.035135,95.15,True,physics_simulated_synthetic
BGW-016,5172.56,526.2,4.384,139.35,37.15,1.0,2958.2,4487.4,2.875,0.987,15558.3,0.4451,16074.4,32.61,4.5156,0.047151,65.91,True,physics_simulated_synthetic
BGW-016,71.12,1140.0,3.758,112.28,31.94,1.0,2958.2,4487.4,2.875,0.972,15489.8,0.7935,15588.2,76.61,2.1687,0.036843,91.94,True,physics_simulated_synthetic
BGW-016,6350.85,920.5,4.438,80.86,37.27,1.0,2958.2,4487.4,2.875,0.997,15600.1,0.4311,16266.2,32.4,4.5849,0.027685,38.59,True,physics_simulated_synthetic
BGW-016,98.84,987.5,3.133,122.31,59.89,1.0,2958.2,4487.4,2.875,0.981,15527.9,0.7886,15529.6,80.01,1.103,0.039982,163.55,True,physics_simulated_synthetic
BGW-016,2621.83,630.3,7.77,87.05,37.67,1.0,2958.2,4487.4,2.875,0.96,15446.5,0.4611,15707.2,39.36,3.6061,0.028782,89.3,True,physics_simulated_synthetic
BGW-016,684.03,694.0,6.007,126.22,30.27,1.0,2958.2,4487.4,2.875,0.991,15580.3,0.5931,15596.0,58.74,2.9856,0.041437,120.06,True,physics_simulated_synthetic
BGW-016,19931.0,1025.1,3.69,143.55,45.65,1.0,2958.2,4487.4,2.875,0.991,15575.9,0.3735,16535.2,17.47,7.055,0.049965,37.64,True,physics_simulated_synthetic
BGW-016,61.63,1070.6,7.818,133.52,47.4,1.0,2958.2,4487.4,2.875,0.937,15353.2,0.734,15494.6,71.17,1.5634,0.043549,313.58,True,physics_simulated_synthetic
BGW-016,100.92,989.5,7.484,91.79,33.0,1.0,2958.2,4487.4,2.875,0.958,15434.2,0.718,15365.7,71.4,2.2198,0.029689,144.14,True,physics_simulated_synthetic
BGW-016,666.7,222.9,7.424,83.06,51.26,1.0,2958.2,4487.4,2.875,0.915,15244.5,0.5784,15237.0,55.75,1.8149,0.026642,156.92,True,physics_simulated_synthetic
BGW-016,12132.28,480.9,4.466,91.87,46.56,1.0,2958.2,4487.4,2.875,0.985,15547.6,0.3926,16154.6,25.43,4.6438,0.031242,43.26,True,physics_simulated_synthetic
BGW-016,3898.06,847.5,3.686,71.17,31.63,1.0,2958.2,4487.4,2.875,0.99,15567.1,0.4719,15958.9,36.15,4.7503,0.02391,26.72,True,physics_simulated_synthetic
BGW-016,53.7,1130.4,3.271,84.68,31.66,1.0,2958.2,4487.4,2.875,0.995,15587.7,0.8131,15632.6,81.0,2.0745,0.027865,63.26,True,physics_simulated_synthetic
BGW-016,2284.72,758.1,5.676,87.47,37.67,1.0,2958.2,4487.4,2.875,0.963,15454.1,0.4922,15947.0,42.59,3.3834,0.029361,70.93,True,physics_simulated_synthetic
BGW-016,142.84,567.2,6.959,81.3,42.93,1.0,2958.2,4487.4,2.875,0.938,15344.2,0.7063,15131.4,66.54,1.803,0.025895,143.92,True,physics_simulated_synthetic
BGW-016,6625.68,774.5,4.537,120.94,44.05,1.0,2958.2,4487.4,2.875,0.975,15503.5,0.4275,16299.5,31.4,4.011,0.041494,67.59,True,physics_simulated_synthetic
BGW-016,219.64,778.1,6.678,65.61,34.77,1.0,2958.2,4487.4,2.875,0.924,15282.3,0.6811,15517.1,68.46,2.2191,0.02143,92.86,True,physics_simulated_synthetic
BGW-016,25959.64,772.4,2.655,81.44,51.02,1.0,2958.2,4487.4,2.875,0.95,15389.7,0.3695,16153.2,16.41,6.5671,0.02769,16.12,True,physics_simulated_synthetic
BGW-016,127.63,837.5,7.34,92.5,32.22,1.0,2958.2,4487.4,2.875,0.998,15612.6,0.7075,15553.4,73.61,2.2322,0.030285,143.39,True,physics_simulated_synthetic
BGW-016,392.28,546.1,6.096,69.71,58.79,1.0,2958.2,4487.4,2.875,0.97,15481.7,0.642,15608.8,61.14,1.4781,0.022903,136.02,True,physics_simulated_synthetic
BGW-016,68.26,1040.7,5.077,126.41,59.33,1.0,2958.2,4487.4,2.875,0.913,15232.2,0.7729,15331.1,77.97,1.128,0.040794,264.4,True,physics_simulated_synthetic
BGW-016,301.74,816.3,6.783,67.61,32.94,1.0,2958.2,4487.4,2.875,0.989,15565.4,0.6549,15587.6,63.92,2.5194,0.022183,86.0,True,physics_simulated_synthetic
BGW-016,1001.88,499.4,2.879,87.37,32.96,1.0,2958.2,4487.4,2.875,0.907,15202.2,0.5976,15585.4,53.49,3.0086,0.028662,39.5,True,physics_simulated_synthetic
BGW-016,7873.68,334.6,4.813,120.81,42.4,1.0,2958.2,4487.4,2.875,0.919,15259.5,0.4143,15867.5,27.98,4.5527,0.040353,61.43,True,physics_simulated_synthetic
BGW-016,619.9,733.0,7.742,78.12,55.85,1.0,2958.2,4487.4,2.875,0.958,15433.6,0.5811,15593.1,57.53,1.6517,0.025641,173.07,True,physics_simulated_synthetic
BGW-016,3216.84,562.8,6.346,91.28,33.12,1.0,2958.2,4487.4,2.875,0.971,15490.2,0.4595,15891.8,40.22,4.0602,0.030534,68.72,True,physics_simulated_synthetic
BGW-016,1336.8,745.4,5.385,141.89,33.28,1.0,2958.2,4487.4,2.875,0.907,15211.8,0.5402,15407.5,49.17,3.2048,0.046019,111.35,True,physics_simulated_synthetic
BGW-016,54.83,479.9,7.461,99.54,55.2,1.0,2958.2,4487.4,2.875,0.922,15279.4,0.7434,15078.7,75.93,1.2245,0.031596,277.21,True,physics_simulated_synthetic
BGW-016,694.0,253.2,3.706,89.78,47.35,1.0,2958.2,4487.4,2.875,0.974,15498.6,0.6217,15539.6,60.87,1.8351,0.029366,85.41,True,physics_simulated_synthetic
BGW-016,450.7,698.7,2.732,138.54,37.13,1.0,2958.2,4487.4,2.875,0.943,15358.6,0.6773,15532.5,65.71,2.1671,0.045298,82.25,True,physics_simulated_synthetic
BGW-016,319.12,269.1,7.794,110.35,47.53,1.0,2958.2,4487.4,2.875,0.908,15220.0,0.6371,15332.1,62.07,1.7689,0.035614,225.97,True,physics_simulated_synthetic
BGW-016,13716.2,1113.2,5.967,138.51,43.59,1.0,2958.2,4487.4,2.875,0.995,15598.6,0.3739,16314.2,20.31,6.2731,0.047565,65.15,True,physics_simulated_synthetic
BGW-016,12534.98,321.3,2.89,116.49,43.74,1.0,2958.2,4487.4,2.875,0.93,15303.3,0.4046,16167.4,25.68,4.8996,0.039644,33.67,True,physics_simulated_synthetic
BGW-016,65.56,870.5,4.711,110.62,41.67,1.0,2958.2,4487.4,2.875,0.989,15566.9,0.7806,15827.2,79.73,1.6218,0.036855,154.18,True,physics_simulated_synthetic
BGW-016,442.86,910.5,3.422,133.99,32.18,1.0,2958.2,4487.4,2.875,0.986,15549.7,0.6686,15778.6,62.36,2.6759,0.044502,81.95,True,physics_simulated_synthetic
BGW-016,2755.73,458.9,4.853,92.52,35.7,1.0,2958.2,4487.4,2.875,0.922,15270.7,0.486,15846.9,41.37,3.6517,0.030861,59.06,True,physics_simulated_synthetic
BGW-016,9019.6,342.0,4.818,83.97,59.68,1.0,2958.2,4487.4,2.875,0.971,15484.8,0.4062,16192.3,25.71,3.5919,0.028619,55.28,True,physics_simulated_synthetic
BGW-016,424.67,1074.0,3.019,116.71,44.57,1.0,2958.2,4487.4,2.875,0.945,15366.4,0.6786,15349.7,64.66,1.8131,0.03771,90.43,True,physics_simulated_synthetic
BGW-016,32655.91,207.2,6.582,84.13,47.38,1.0,2958.2,4487.4,2.875,0.969,15480.2,0.3299,16417.0,10.69,11.0311,0.029073,24.98,True,physics_simulated_synthetic
BGW-016,1993.91,863.4,3.477,94.97,59.14,1.0,2958.2,4487.4,2.875,0.917,15247.6,0.5275,15580.7,46.44,1.9308,0.031149,80.78,True,physics_simulated_synthetic
BGW-016,29543.25,1089.9,3.824,129.18,40.55,1.0,2958.2,4487.4,2.875,0.953,15408.1,0.3542,16440.2,17.73,7.7825,0.044704,31.63,True,physics_simulated_synthetic
BGW-016,1468.03,297.9,5.649,74.36,30.99,1.0,2958.2,4487.4,2.875,0.932,15315.3,0.5291,15430.8,46.16,3.6714,0.024154,53.51,True,physics_simulated_synthetic
BGW-016,6515.72,640.7,2.756,84.33,37.4,1.0,2958.2,4487.4,2.875,0.961,15437.0,0.4456,16032.7,34.31,4.2522,0.028459,26.57,True,physics_simulated_synthetic
BGW-016,122.64,994.0,7.831,103.95,50.22,1.0,2958.2,4487.4,2.875,0.925,15295.4,0.7027,15659.7,67.13,1.5809,0.034266,244.41,True,physics_simulated_synthetic
BGW-016,6521.17,256.5,6.957,108.02,56.13,1.0,2958.2,4487.4,2.875,0.907,15211.3,0.4072,15918.5,28.84,3.3469,0.036195,108.34,True,physics_simulated_synthetic
BGW-016,2843.89,1102.4,3.329,106.75,59.82,1.0,2958.2,4487.4,2.875,0.986,15547.4,0.4999,15673.3,42.37,2.1048,0.035217,80.2,True,physics_simulated_synthetic
BGW-016,78.51,566.3,4.586,68.11,38.29,1.0,2958.2,4487.4,2.875,0.989,15563.1,0.7751,15400.7,73.64,1.8592,0.022081,78.43,True,physics_simulated_synthetic
BGW-016,2395.34,554.8,6.657,96.85,35.33,1.0,2958.2,4487.4,2.875,0.919,15262.6,0.4785,15408.8,43.02,3.4512,0.031415,87.26,True,physics_simulated_synthetic
BGW-016,38723.48,410.2,3.328,96.72,31.79,1.0,2958.2,4487.4,2.875,0.909,15212.5,0.3464,16429.1,12.86,13.6758,0.033449,11.72,True,physics_simulated_synthetic
BGW-016,120.77,599.2,2.519,81.84,55.35,1.0,2958.2,4487.4,2.875,0.918,15246.6,0.7878,15414.8,80.0,1.1849,0.026556,81.29,True,physics_simulated_synthetic
BGW-016,218.15,224.7,4.56,118.66,32.84,1.0,2958.2,4487.4,2.875,0.946,15375.7,0.7128,15597.1,70.54,2.2919,0.038956,111.61,True,physics_simulated_synthetic
BGW-016,9603.21,502.5,6.297,140.77,46.63,1.0,2958.2,4487.4,2.875,0.927,15300.2,0.3903,16169.3,27.25,4.3316,0.047911,100.3,True,physics_simulated_synthetic
BGW-016,2816.88,533.7,6.148,115.82,54.39,1.0,2958.2,4487.4,2.875,0.93,15311.3,0.4712,15864.8,40.11,2.4754,0.038677,138.33,True,physics_simulated_synthetic
BGW-016,2023.73,287.0,6.902,66.62,45.89,1.0,2958.2,4487.4,2.875,0.944,15370.9,0.4893,15661.5,41.03,2.831,0.021964,77.11,True,physics_simulated_synthetic
BGW-016,23443.78,1143.4,5.374,104.06,35.65,1.0,2958.2,4487.4,2.875,0.966,15467.3,0.3527,16412.4,15.18,10.3258,0.035952,26.94,True,physics_simulated_synthetic
BGW-016,15298.58,915.3,3.558,88.82,56.66,1.0,2958.2,4487.4,2.875,0.957,15421.7,0.388,16383.4,23.99,4.1031,0.03063,38.24,True,physics_simulated_synthetic
BGW-016,65.37,560.5,3.367,122.28,38.36,1.0,2958.2,4487.4,2.875,0.978,15514.1,0.804,15547.1,82.01,1.682,0.040019,115.34,True,physics_simulated_synthetic
BGW-016,25909.87,980.5,3.448,92.1,34.35,1.0,2958.2,4487.4,2.875,0.985,15545.3,0.3631,16454.2,20.15,8.094,0.031899,19.57,True,physics_simulated_synthetic
BGW-016,22825.38,434.6,4.166,138.03,51.24,1.0,2958.2,4487.4,2.875,0.942,15360.4,0.3632,16223.9,17.39,6.1972,0.047139,45.63,True,physics_simulated_synthetic
BGW-016,13537.26,832.7,6.303,135.52,44.68,1.0,2958.2,4487.4,2.875,0.908,15215.9,0.372,16056.7,20.52,5.9604,0.045805,69.75,True,physics_simulated_synthetic
BGW-016,539.1,1182.4,4.469,91.54,49.79,1.0,2958.2,4487.4,2.875,0.975,15502.3,0.6352,15491.0,62.26,1.7007,0.029848,112.94,True,physics_simulated_synthetic
BGW-016,13648.63,1041.7,5.13,108.71,36.55,1.0,2958.2,4487.4,2.875,0.986,15555.5,0.3809,16105.3,22.32,6.7185,0.036854,40.52,True,physics_simulated_synthetic
BGW-016,1945.48,1091.7,4.86,128.4,56.73,1.0,2958.2,4487.4,2.875,0.996,15599.7,0.5139,16108.7,43.5,2.2218,0.04354,137.15,True,physics_simulated_synthetic
BGW-016,163.3,375.6,6.043,66.62,32.71,1.0,2958.2,4487.4,2.875,0.94,15347.6,0.7112,15409.3,69.84,2.2963,0.021609,81.89,True,physics_simulated_synthetic
BGW-016,22409.43,692.1,4.188,116.15,42.04,1.0,2958.2,4487.4,2.875,0.927,15294.8,0.3639,16198.5,15.14,8.664,0.039604,27.57,True,physics_simulated_synthetic
BGW-016,361.54,321.4,6.041,79.8,45.93,1.0,2958.2,4487.4,2.875,0.981,15530.8,0.6498,15396.9,63.59,1.7941,0.025863,125.39,True,physics_simulated_synthetic
BGW-016,3020.47,746.8,3.549,118.22,52.75,1.0,2958.2,4487.4,2.875,0.919,15254.5,0.4927,15745.3,38.76,2.6212,0.039182,76.39,True,physics_simulated_synthetic
BGW-016,76.43,881.8,6.989,100.67,33.53,1.0,2958.2,4487.4,2.875,0.939,15353.6,0.7381,15418.5,72.17,2.1685,0.032674,151.63,True,physics_simulated_synthetic
BGW-016,416.78,340.3,6.527,132.59,55.07,1.0,2958.2,4487.4,2.875,0.989,15573.0,0.631,15744.9,59.53,1.6349,0.043944,252.65,True,physics_simulated_synthetic
BGW-016,258.27,907.9,4.506,87.61,48.04,1.0,2958.2,4487.4,2.875,0.925,15282.0,0.7001,15473.8,67.17,1.6322,0.028536,113.44,True,physics_simulated_synthetic
BGW-016,333.66,458.7,5.12,98.91,54.75,1.0,2958.2,4487.4,2.875,0.968,15472.3,0.6695,15434.3,63.53,1.5105,0.032134,156.86,True,physics_simulated_synthetic
BGW-016,8755.33,700.8,4.926,114.81,51.2,1.0,2958.2,4487.4,2.875,0.952,15402.5,0.407,16083.5,27.37,3.9063,0.038871,70.58,True,physics_simulated_synthetic
BGW-016,36544.21,799.1,6.565,96.65,41.12,1.0,2958.2,4487.4,2.875,0.924,15286.2,0.3255,16302.0,10.25,13.1672,0.033165,23.81,True,physics_simulated_synthetic
BGW-016,13531.0,491.8,7.136,66.77,44.02,1.0,2958.2,4487.4,2.875,0.92,15263.4,0.3657,16024.2,21.87,5.6652,0.022523,40.85,True,physics_simulated_synthetic
BGW-016,74.12,527.0,7.709,70.65,37.54,1.0,2958.2,4487.4,2.875,0.998,15608.8,0.7286,15656.2,71.54,1.9841,0.023284,130.28,True,physics_simulated_synthetic
BGW-016,820.51,1085.6,4.205,132.98,33.77,1.0,2958.2,4487.4,2.875,0.944,15366.5,0.5991,15595.8,57.01,2.7574,0.043657,95.87,True,physics_simulated_synthetic
BGW-016,2159.31,213.8,3.301,74.85,35.7,1.0,2958.2,4487.4,2.875,0.924,15276.0,0.5228,15607.6,46.26,3.2168,0.024591,36.34,True,physics_simulated_synthetic
BGW-016,2337.22,242.4,5.602,114.76,41.51,1.0,2958.2,4487.4,2.875,0.936,15337.3,0.4911,15782.2,42.65,3.0343,0.038124,101.35,True,physics_simulated_synthetic
BGW-016,7651.17,923.9,5.294,90.03,44.11,1.0,2958.2,4487.4,2.875,0.945,15374.3,0.4118,16045.3,27.86,4.4437,0.030408,52.17,True,physics_simulated_synthetic
BGW-016,1286.11,882.2,7.916,75.22,57.24,1.0,2958.2,4487.4,2.875,0.934,15328.9,0.5159,15500.3,46.0,2.0039,0.024541,139.6,True,physics_simulated_synthetic
BGW-016,20318.47,224.9,5.543,73.04,51.62,1.0,2958.2,4487.4,2.875,0.921,15264.7,0.358,16305.0,17.72,6.0664,0.025069,32.99,True,physics_simulated_synthetic
BGW-016,581.47,972.0,5.614,142.38,57.09,1.0,2958.2,4487.4,2.875,0.911,15229.7,0.613,15322.6,55.41,1.6486,0.045922,225.16,True,physics_simulated_synthetic
BGW-016,5608.48,265.5,7.959,78.88,52.69,1.0,2958.2,4487.4,2.875,0.952,15410.9,0.4081,15902.9,28.79,3.569,0.026404,84.79,True,physics_simulated_synthetic
BGW-016,2833.85,850.5,4.632,128.18,46.8,1.0,2958.2,4487.4,2.875,0.917,15251.4,0.4861,15749.5,41.19,2.7812,0.042495,101.91,True,physics_simulated_synthetic
BGW-016,3698.51,1105.2,6.691,71.79,52.66,1.0,2958.2,4487.4,2.875,0.967,15471.2,0.4464,16002.2,34.96,2.9583,0.024181,78.76,True,physics_simulated_synthetic
BGW-016,2534.14,318.2,5.618,69.53,37.45,1.0,2958.2,4487.4,2.875,0.923,15273.2,0.4846,15579.4,40.03,3.5381,0.022802,52.13,True,physics_simulated_synthetic
BGW-016,4963.28,673.4,2.831,104.89,50.23,1.0,2958.2,4487.4,2.875,0.961,15439.9,0.4634,15944.3,33.93,3.184,0.035205,45.08,True,physics_simulated_synthetic
BGW-016,2400.74,798.4,7.297,89.49,57.89,1.0,2958.2,4487.4,2.875,0.98,15534.5,0.4721,15692.7,38.23,2.4139,0.029562,128.68,True,physics_simulated_synthetic
BGW-016,786.96,841.1,5.055,109.24,41.37,1.0,2958.2,4487.4,2.875,0.977,15514.6,0.5922,15608.3,54.74,2.346,0.035892,111.37,True,physics_simulated_synthetic
BGW-016,64.33,488.9,6.157,89.31,36.63,1.0,2958.2,4487.4,2.875,0.911,15223.9,0.7578,15121.7,76.6,1.8342,0.028428,137.42,True,physics_simulated_synthetic
BGW-016,786.41,273.8,6.168,85.97,44.51,1.0,2958.2,4487.4,2.875,0.999,15611.5,0.5785,16050.4,56.53,2.1714,0.029047,118.82,True,physics_simulated_synthetic
BGW-016,3870.35,1067.4,3.856,143.68,51.69,1.0,2958.2,4487.4,2.875,0.998,15604.0,0.4707,16148.1,39.19,2.7133,0.048839,99.94,True,physics_simulated_synthetic
BGW-016,3050.83,1134.2,7.334,74.72,52.15,1.0,2958.2,4487.4,2.875,0.996,15601.2,0.4541,16010.6,36.09,2.8953,0.025184,91.86,True,physics_simulated_synthetic
BGW-016,865.95,512.5,7.684,65.16,58.02,1.0,2958.2,4487.4,2.875,0.909,15217.0,0.5523,15445.8,51.85,1.7473,0.021187,134.16,True,physics_simulated_synthetic
BGW-016,101.98,1189.1,5.122,140.08,56.1,1.0,2958.2,4487.4,2.875,0.979,15527.2,0.7535,15562.4,75.17,1.2562,0.045888,269.44,True,physics_simulated_synthetic
BGW-016,628.58,861.9,3.111,117.14,57.23,1.0,2958.2,4487.4,2.875,0.914,15234.5,0.6396,15420.5,59.92,1.5305,0.038025,111.31,True,physics_simulated_synthetic
BGW-016,1594.86,1088.8,7.814,118.17,46.62,1.0,2958.2,4487.4,2.875,0.979,15534.6,0.4992,15762.2,43.59,2.6397,0.039209,167.13,True,physics_simulated_synthetic
BGW-016,16112.81,635.2,3.517,99.68,51.98,1.0,2958.2,4487.4,2.875,0.922,15269.0,0.3857,16162.3,22.54,4.6956,0.033912,36.57,True,physics_simulated_synthetic
BGW-016,2814.81,1046.5,5.3,128.29,45.07,1.0,2958.2,4487.4,2.875,0.947,15384.3,0.4798,15725.4,40.47,2.9346,0.042465,110.44,True,physics_simulated_synthetic
BGW-016,61.46,1171.3,2.528,140.93,36.16,1.0,2958.2,4487.4,2.875,0.925,15279.9,0.8217,15205.4,83.63,1.7114,0.045107,95.93,True,physics_simulated_synthetic
BGW-016,10513.55,1171.0,7.72,104.16,41.57,1.0,2958.2,4487.4,2.875,0.972,15503.6,0.3742,16475.8,20.66,6.5282,0.036124,61.51,True,physics_simulated_synthetic
BGW-016,2000.45,267.2,7.314,104.42,59.53,1.0,2958.2,4487.4,2.875,0.991,15581.9,0.4861,16026.9,44.04,2.0806,0.035226,178.32,True,physics_simulated_synthetic
BGW-016,178.35,979.1,3.567,93.52,32.89,1.0,2958.2,4487.4,2.875,0.976,15506.9,0.7437,15596.1,73.39,2.1996,0.030704,71.7,True,physics_simulated_synthetic
BGW-016,58.89,910.9,2.856,66.71,49.95,1.0,2958.2,4487.4,2.875,0.902,15176.0,0.8173,15220.1,81.55,1.272,0.021372,69.09,True,physics_simulated_synthetic
BGW-017,286.98,1187.1,2.935,94.02,45.84,0.75,4167.0,3018.8,2.875,0.947,11525.1,0.7181,11613.9,71.11,1.2128,0.022986,80.11,True,physics_simulated_synthetic
BGW-017,21685.95,865.6,3.215,141.83,54.17,0.75,4167.0,3018.8,2.875,0.949,11534.1,0.3748,12310.5,16.54,4.6751,0.036754,36.39,True,physics_simulated_synthetic
BGW-017,708.34,1173.7,3.206,122.63,49.19,0.75,4167.0,3018.8,2.875,0.901,11399.3,0.629,11632.6,60.65,1.3271,0.030029,104.45,True,physics_simulated_synthetic
BGW-017,34377.61,390.1,3.138,96.63,43.88,0.75,4167.0,3018.8,2.875,0.971,11591.5,0.3542,12312.6,9.9,9.6453,0.025043,11.73,True,physics_simulated_synthetic
BGW-017,116.35,755.2,2.837,64.71,41.37,0.75,4167.0,3018.8,2.875,0.98,11615.2,0.7871,11521.6,77.48,1.2234,0.015694,52.4,True,physics_simulated_synthetic
BGW-017,9526.93,1114.6,6.362,136.2,58.74,0.75,4167.0,3018.8,2.875,0.922,11472.3,0.3929,11945.1,25.57,2.7076,0.034247,115.87,True,physics_simulated_synthetic
BGW-017,7270.46,996.4,5.457,138.82,33.58,0.75,4167.0,3018.8,2.875,0.984,11642.4,0.416,12218.9,32.93,3.7618,0.035706,74.59,True,physics_simulated_synthetic
BGW-017,559.42,1021.8,4.097,92.46,39.9,0.75,4167.0,3018.8,2.875,0.982,11625.4,0.6399,11763.8,61.24,1.6389,0.022896,82.41,True,physics_simulated_synthetic
BGW-017,124.46,521.3,3.949,92.31,38.88,0.75,4167.0,3018.8,2.875,0.985,11631.6,0.7649,11831.2,77.89,1.3299,0.022988,98.3,True,physics_simulated_synthetic
BGW-017,7373.55,1046.0,4.121,84.46,53.72,0.75,4167.0,3018.8,2.875,0.951,11538.8,0.4266,11771.4,27.74,2.6894,0.020928,46.17,True,physics_simulated_synthetic
BGW-017,3057.06,239.0,3.356,111.15,49.9,0.75,4167.0,3018.8,2.875,0.929,11477.6,0.4958,11511.7,41.49,1.8925,0.026934,68.79,True,physics_simulated_synthetic
BGW-017,38035.45,600.7,4.767,138.72,41.88,0.75,4167.0,3018.8,2.875,0.935,11501.3,0.3382,12436.8,13.8,7.3251,0.036315,34.03,True,physics_simulated_synthetic
BGW-017,907.5,1084.0,3.721,105.14,52.74,0.75,4167.0,3018.8,2.875,0.992,11653.4,0.5985,11954.9,53.66,1.4376,0.026458,98.6,True,physics_simulated_synthetic
BGW-017,202.83,919.5,4.478,84.34,50.14,0.75,4167.0,3018.8,2.875,0.982,11626.6,0.7232,11506.7,72.22,1.0816,0.020429,121.79,True,physics_simulated_synthetic
BGW-017,1570.6,1015.7,4.588,128.25,46.16,0.75,4167.0,3018.8,2.875,0.909,11425.1,0.538,11825.0,48.94,1.7817,0.031922,118.38,True,physics_simulated_synthetic
BGW-017,309.13,1129.0,5.568,78.78,40.71,0.75,4167.0,3018.8,2.875,0.957,11558.2,0.6738,11585.9,64.9,1.4927,0.019212,103.19,True,physics_simulated_synthetic
BGW-017,1984.77,315.6,3.303,108.26,54.12,0.75,4167.0,3018.8,2.875,0.918,11444.8,0.532,11684.8,46.86,1.5681,0.026628,80.77,True,physics_simulated_synthetic
BGW-017,272.34,479.1,6.402,112.97,51.48,0.75,4167.0,3018.8,2.875,0.923,11473.2,0.6731,11473.1,67.11,1.1304,0.027283,222.5,True,physics_simulated_synthetic
BGW-017,3024.29,965.6,7.788,134.71,44.29,0.75,4167.0,3018.8,2.875,0.94,11532.7,0.4543,11706.7,37.24,2.4161,0.033195,154.09,True,physics_simulated_synthetic
BGW-017,4052.89,662.6,5.153,107.08,47.86,0.75,4167.0,3018.8,2.875,0.95,11540.4,0.4571,11628.0,36.06,2.2933,0.026209,84.8,True,physics_simulated_synthetic
BGW-017,2802.74,493.9,4.266,123.86,46.41,0.75,4167.0,3018.8,2.875,0.958,11560.7,0.4933,12045.2,39.72,2.224,0.031403,86.73,True,physics_simulated_synthetic
BGW-017,6794.61,1081.1,3.08,85.12,30.85,0.75,4167.0,3018.8,2.875,0.981,11621.1,0.4413,12198.3,29.62,4.5446,0.021856,21.33,True,physics_simulated_synthetic
BGW-017,667.43,1110.8,4.938,82.19,33.43,0.75,4167.0,3018.8,2.875,0.954,11548.6,0.6124,11549.2,55.51,2.1184,0.01998,67.07,True,physics_simulated_synthetic
BGW-017,4896.55,737.8,3.059,139.44,30.62,0.75,4167.0,3018.8,2.875,0.911,11427.0,0.4637,11820.0,32.57,4.0337,0.034695,37.89,True,physics_simulated_synthetic
BGW-017,5850.8,625.2,2.606,85.38,43.61,0.75,4167.0,3018.8,2.875,0.954,11543.3,0.4558,12077.2,35.13,2.6832,0.021705,30.35,True,physics_simulated_synthetic
BGW-017,148.02,404.9,6.888,85.47,54.03,0.75,4167.0,3018.8,2.875,0.957,11564.9,0.7104,11615.6,67.52,1.0836,0.020899,191.28,True,physics_simulated_synthetic
BGW-017,481.88,429.0,2.613,106.89,40.36,0.75,4167.0,3018.8,2.875,0.924,11459.3,0.6747,11596.1,65.49,1.4934,0.026092,65.75,True,physics_simulated_synthetic
BGW-017,3970.05,211.9,6.315,90.99,38.15,0.75,4167.0,3018.8,2.875,0.979,11625.0,0.448,11989.8,36.06,2.9662,0.022963,70.39,True,physics_simulated_synthetic
BGW-017,606.01,383.2,4.872,69.2,45.98,0.75,4167.0,3018.8,2.875,0.927,11470.8,0.6223,11609.6,57.79,1.4874,0.016911,79.76,True,physics_simulated_synthetic
BGW-017,2444.44,533.4,7.989,106.47,39.08,0.75,4167.0,3018.8,2.875,0.976,11629.3,0.4682,12169.7,40.23,2.6344,0.027273,119.09,True,physics_simulated_synthetic
BGW-017,7019.82,450.8,7.286,143.25,48.5,0.75,4167.0,3018.8,2.875,0.971,11618.4,0.4033,11782.6,27.48,3.0087,0.03553,123.89,True,physics_simulated_synthetic
BGW-017,860.71,1045.1,7.575,110.76,54.96,0.75,4167.0,3018.8,2.875,0.945,11540.3,0.5586,11598.4,52.12,1.3782,0.02704,214.01,True,physics_simulated_synthetic
BGW-017,237.47,652.2,6.091,110.56,52.31,0.75,4167.0,3018.8,2.875,0.936,11505.3,0.6881,11763.2,66.16,1.1568,0.027375,207.58,True,physics_simulated_synthetic
BGW-017,8526.0,366.1,4.899,65.2,37.73,0.75,4167.0,3018.8,2.875,0.963,11570.8,0.4111,12044.4,27.62,3.9337,0.016531,29.65,True,physics_simulated_synthetic
BGW-017,95.64,736.2,2.511,108.04,48.46,0.75,4167.0,3018.8,2.875,0.952,11536.9,0.8038,11466.8,78.78,1.0224,0.026079,92.23,True,physics_simulated_synthetic
BGW-017,252.68,704.8,6.128,68.3,59.41,0.75,4167.0,3018.8,2.875,0.932,11490.2,0.6828,11473.2,68.26,0.9629,0.016494,151.15,True,physics_simulated_synthetic
BGW-017,59.89,880.9,3.368,72.48,48.06,0.75,4167.0,3018.8,2.875,0.943,11513.3,0.8106,11366.3,81.39,0.989,0.01734,85.03,True,physics_simulated_synthetic
BGW-017,1271.77,634.9,7.741,90.66,55.07,0.75,4167.0,3018.8,2.875,0.93,11493.3,0.523,11690.2,49.19,1.4689,0.022309,169.3,True,physics_simulated_synthetic
BGW-017,6726.38,1079.8,3.728,123.04,51.91,0.75,4167.0,3018.8,2.875,0.947,11528.6,0.4359,11912.8,28.75,2.7172,0.030853,60.95,True,physics_simulated_synthetic
BGW-017,3544.08,283.9,5.273,135.82,56.52,0.75,4167.0,3018.8,2.875,0.943,11524.9,0.4656,12026.0,39.87,1.8167,0.034381,143.69,True,physics_simulated_synthetic
BGW-017,9680.55,978.5,5.71,119.38,37.97,0.75,4167.0,3018.8,2.875,0.923,11469.7,0.3971,12087.6,28.36,3.821,0.030374,65.37,True,physics_simulated_synthetic
BGW-017,11241.51,624.9,3.492,129.53,54.87,0.75,4167.0,3018.8,2.875,0.981,11623.8,0.407,12383.4,26.39,2.9101,0.033764,58.34,True,physics_simulated_synthetic
BGW-017,2010.09,289.0,4.046,123.04,47.6,0.75,4167.0,3018.8,2.875,0.965,11581.1,0.5227,11829.0,46.62,1.8141,0.030636,98.39,True,physics_simulated_synthetic
BGW-017,26054.81,219.9,2.908,122.81,39.86,0.75,4167.0,3018.8,2.875,0.936,11496.8,0.3684,12484.7,19.22,5.5468,0.032275,24.37,True,physics_simulated_synthetic
BGW-017,1760.5,345.9,6.028,120.66,32.84,0.75,4167.0,3018.8,2.875,0.93,11490.9,0.513,11645.7,45.77,2.6372,0.029579,97.36,True,physics_simulated_synthetic
BGW-017,3264.41,840.1,3.188,104.81,35.77,0.75,4167.0,3018.8,2.875,0.939,11504.9,0.4924,11965.9,39.6,2.8755,0.0264,42.15,True,physics_simulated_synthetic
BGW-017,1390.65,366.7,2.81,129.5,44.71,0.75,4167.0,3018.8,2.875,0.963,11569.3,0.5695,11835.6,50.53,1.7832,0.032264,73.22,True,physics_simulated_synthetic
BGW-017,11088.71,526.1,7.044,123.95,54.0,0.75,4167.0,3018.8,2.875,0.903,11422.9,0.3795,12094.9,24.06,3.1685,0.031557,101.03,True,physics_simulated_synthetic
BGW-017,7107.39,776.1,7.799,111.29,53.82,0.75,4167.0,3018.8,2.875,0.935,11514.0,0.3985,12041.4,28.14,2.7059,0.028209,117.08,True,physics_simulated_synthetic
BGW-017,104.49,606.1,5.155,134.26,59.52,0.75,4167.0,3018.8,2.875,0.966,11589.1,0.7561,11771.2,75.76,0.8885,0.033267,277.95,True,physics_simulated_synthetic
BGW-017,29712.31,722.7,2.901,70.2,37.82,0.75,4167.0,3018.8,2.875,0.945,11517.9,0.3625,12416.1,13.15,8.4935,0.018348,9.02,True,physics_simulated_synthetic
BGW-017,221.73,965.8,6.394,69.24,43.98,0.75,4167.0,3018.8,2.875,0.96,11568.8,0.6892,11697.7,65.82,1.3753,0.017049,114.13,True,physics_simulated_synthetic
BGW-017,96.59,948.2,3.704,129.53,42.12,0.75,4167.0,3018.8,2.875,0.931,11482.9,0.7832,11419.3,78.69,1.1726,0.031134,141.63,True,physics_simulated_synthetic
BGW-017,10983.87,319.9,7.172,74.84,51.56,0.75,4167.0,3018.8,2.875,0.998,11679.9,0.379,12316.2,23.15,3.5116,0.019401,57.06,True,physics_simulated_synthetic
BGW-017,19733.35,415.4,6.679,85.33,39.26,0.75,4167.0,3018.8,2.875,0.972,11606.0,0.3535,12384.3,17.83,6.0213,0.022245,35.53,True,physics_simulated_synthetic
BGW-017,224.45,395.0,2.721,90.16,53.86,0.75,4167.0,3018.8,2.875,0.998,11666.1,0.7422,11802.2,72.22,1.0327,0.022398,84.98,True,physics_simulated_synthetic
BGW-017,29714.37,1067.8,3.57,66.47,49.17,0.75,4167.0,3018.8,2.875,0.955,11547.8,0.3574,12144.9,15.02,5.5981,0.016994,15.61,True,physics_simulated_synthetic
BGW-017,181.43,879.8,6.884,126.52,39.0,0.75,4167.0,3018.8,2.875,0.957,11570.7,0.697,11647.4,67.98,1.4955,0.031019,205.63,True,physics_simulated_synthetic
BGW-017,1163.07,371.4,7.497,114.5,55.21,0.75,4167.0,3018.8,2.875,0.94,11527.7,0.5331,11758.4,45.84,1.5812,0.028341,193.51,True,physics_simulated_synthetic
BGW-017,546.02,561.1,6.248,137.73,37.55,0.75,4167.0,3018.8,2.875,0.972,11612.6,0.6148,11609.5,57.08,1.8437,0.033657,164.25,True,physics_simulated_synthetic
BGW-017,34793.88,489.5,2.802,128.26,52.22,0.75,4167.0,3018.8,2.875,0.908,11418.6,0.3562,12135.1,14.68,5.3886,0.032764,24.54,True,physics_simulated_synthetic
BGW-017,2069.34,367.9,5.231,127.87,30.06,0.75,4167.0,3018.8,2.875,0.986,11642.7,0.5078,11900.7,43.35,3.1081,0.032033,77.63,True,physics_simulated_synthetic
BGW-017,455.54,289.8,5.683,69.63,58.31,0.75,4167.0,3018.8,2.875,0.966,11582.3,0.6383,11462.6,61.68,1.0847,0.016801,126.74,True,physics_simulated_synthetic
BGW-017,11821.77,379.5,6.104,88.6,47.84,0.75,4167.0,3018.8,2.875,0.969,11597.0,0.3831,12139.5,21.01,4.1103,0.02264,48.41,True,physics_simulated_synthetic
BGW-017,306.36,284.4,4.735,90.2,41.57,0.75,4167.0,3018.8,2.875,0.977,11611.5,0.6861,11736.7,65.76,1.4616,0.022284,103.96,True,physics_simulated_synthetic
BGW-017,9142.61,1195.8,4.24,98.39,50.5,0.75,4167.0,3018.8,2.875,0.974,11604.1,0.4125,12165.7,30.14,2.7204,0.025197,56.56,True,physics_simulated_synthetic
BGW-017,394.55,506.4,2.506,141.88,55.96,0.75,4167.0,3018.8,2.875,0.941,11507.5,0.6955,11863.9,67.55,1.0683,0.035431,119.66,True,physics_simulated_synthetic
BGW-017,2374.78,593.9,7.735,81.32,54.69,0.75,4167.0,3018.8,2.875,0.937,11510.7,0.4727,11583.7,37.59,1.9181,0.019829,115.15,True,physics_simulated_synthetic
BGW-017,1720.37,492.5,3.389,137.44,39.13,0.75,4167.0,3018.8,2.875,0.994,11659.7,0.5435,11774.0,49.27,2.0784,0.034063,79.99,True,physics_simulated_synthetic
BGW-017,33463.24,464.1,6.659,92.89,31.3,0.75,4167.0,3018.8,2.875,0.902,11412.9,0.3308,12501.2,11.17,12.1647,0.024443,19.27,True,physics_simulated_synthetic
BGW-017,15603.99,945.6,3.588,93.67,59.22,0.75,4167.0,3018.8,2.875,0.917,11444.1,0.3883,11947.1,22.18,3.0955,0.023557,39.32,True,physics_simulated_synthetic
BGW-017,13883.75,288.2,4.486,126.77,37.64,0.75,4167.0,3018.8,2.875,0.983,11632.2,0.3872,12380.8,21.55,5.1953,0.033039,41.08,True,physics_simulated_synthetic
BGW-017,818.79,760.9,3.836,131.01,36.66,0.75,4167.0,3018.8,2.875,0.984,11633.1,0.6069,11532.8,56.64,1.8906,0.031804,92.92,True,physics_simulated_synthetic
BGW-017,3737.98,909.7,6.994,80.64,56.75,0.75,4167.0,3018.8,2.875,0.936,11505.2,0.4462,11839.9,34.31,2.0698,0.020098,97.79,True,physics_simulated_synthetic
BGW-017,130.32,330.4,5.614,68.16,41.12,0.75,4167.0,3018.8,2.875,0.928,11476.8,0.7365,11214.2,70.82,1.3108,0.016091,99.24,True,physics_simulated_synthetic
BGW-017,458.32,323.2,4.909,69.02,34.29,0.75,4167.0,3018.8,2.875,0.935,11493.3,0.6478,11797.4,61.8,1.8948,0.01714,63.94,True,physics_simulated_synthetic
BGW-017,429.46,1119.2,7.893,79.6,58.59,0.75,4167.0,3018.8,2.875,0.965,11589.5,0.6162,11795.5,59.05,1.1606,0.019763,193.55,True,physics_simulated_synthetic
BGW-017,245.2,865.5,6.98,99.11,35.78,0.75,4167.0,3018.8,2.875,0.941,11521.9,0.6737,11308.3,65.35,1.6463,0.023591,144.02,True,physics_simulated_synthetic
BGW-017,1492.47,401.8,3.406,70.9,40.22,0.75,4167.0,3018.8,2.875,0.94,11503.9,0.556,11554.8,51.99,1.8809,0.017245,44.96,True,physics_simulated_synthetic
BGW-017,237.05,680.4,6.527,88.61,48.33,0.75,4167.0,3018.8,2.875,0.993,11664.3,0.6823,11812.7,65.68,1.2666,0.022034,163.51,True,physics_simulated_synthetic
BGW-017,37240.24,609.3,6.477,115.53,50.52,0.75,4167.0,3018.8,2.875,0.928,11487.1,0.3276,12453.9,11.31,7.419,0.030285,38.08,True,physics_simulated_synthetic
BGW-017,85.22,709.3,6.73,99.36,45.11,0.75,4167.0,3018.8,2.875,0.94,11519.6,0.7426,11568.5,73.86,1.1818,0.024195,198.42,True,physics_simulated_synthetic
BGW-017,3802.03,852.7,6.223,79.6,55.7,0.75,4167.0,3018.8,2.875,0.901,11405.4,0.4518,11863.2,34.9,2.0772,0.019877,85.75,True,physics_simulated_synthetic
BGW-017,7713.83,728.6,7.711,66.06,34.63,0.75,4167.0,3018.8,2.875,0.988,11650.9,0.3945,12262.9,25.64,4.7013,0.017053,40.27,True,physics_simulated_synthetic
BGW-017,4187.01,793.2,5.318,97.49,48.97,0.75,4167.0,3018.8,2.875,0.971,11598.6,0.4533,11738.3,36.76,2.2197,0.024088,83.1,True,physics_simulated_synthetic
BGW-017,146.88,252.7,5.102,77.86,30.4,0.75,4167.0,3018.8,2.875,0.9,11398.8,0.7367,11363.1,70.9,1.7945,0.018623,76.25,True,physics_simulated_synthetic
BGW-017,611.36,592.5,5.257,126.22,51.27,0.75,4167.0,3018.8,2.875,0.988,11648.5,0.6166,11525.4,60.79,1.2587,0.030621,184.16,True,physics_simulated_synthetic
BGW-017,2056.69,1149.4,5.283,85.01,48.06,0.75,4167.0,3018.8,2.875,0.975,11609.1,0.5077,11658.9,44.4,1.8596,0.020863,85.35,True,physics_simulated_synthetic
BGW-017,74.12,295.4,5.533,68.5,48.35,0.75,4167.0,3018.8,2.875,0.95,11537.4,0.7668,11667.0,78.26,1.0496,0.016824,127.72,True,physics_simulated_synthetic
BGW-017,1784.85,482.5,4.771,133.4,42.89,0.75,4167.0,3018.8,2.875,0.957,11562.3,0.525,11958.8,45.91,2.0673,0.03358,111.6,True,physics_simulated_synthetic
BGW-017,1211.68,1068.9,7.696,85.81,45.63,0.75,4167.0,3018.8,2.875,0.979,11629.5,0.5275,11790.8,44.92,1.9579,0.021298,120.55,True,physics_simulated_synthetic
BGW-017,150.97,1001.6,4.708,106.57,47.0,0.75,4167.0,3018.8,2.875,0.963,11574.0,0.7408,11616.7,74.04,1.1364,0.02606,155.47,True,physics_simulated_synthetic
BGW-017,349.75,250.7,3.113,111.39,40.11,0.75,4167.0,3018.8,2.875,0.999,11670.7,0.6977,11751.9,67.91,1.4684,0.027555,84.11,True,physics_simulated_synthetic
BGW-017,3833.28,1007.9,4.264,87.52,53.63,0.75,4167.0,3018.8,2.875,0.912,11429.3,0.4695,11818.6,38.33,1.9571,0.021774,68.31,True,physics_simulated_synthetic
BGW-017,35437.89,515.9,2.596,98.66,55.71,0.75,4167.0,3018.8,2.875,0.95,11532.3,0.357,12321.7,15.07,4.9968,0.025588,19.14,True,physics_simulated_synthetic
BGW-017,8113.27,455.8,2.965,97.32,31.55,0.75,4167.0,3018.8,2.875,0.978,11611.7,0.431,12078.0,27.99,4.6548,0.024743,22.7,True,physics_simulated_synthetic
BGW-017,34777.63,1133.1,3.135,84.99,31.14,0.75,4167.0,3018.8,2.875,0.961,11565.5,0.3537,12459.2,13.31,10.2314,0.022291,9.84,True,physics_simulated_synthetic
BGW-017,1312.85,1186.3,3.553,84.37,59.48,0.75,4167.0,3018.8,2.875,0.925,11465.3,0.5659,11770.5,50.73,1.3279,0.020903,80.53,True,physics_simulated_synthetic
BGW-017,198.17,293.5,4.338,93.99,44.69,0.75,4167.0,3018.8,2.875,0.944,11519.1,0.7271,11639.1,71.72,1.2361,0.023029,116.39,True,physics_simulated_synthetic
BGW-017,5611.24,521.7,5.197,110.18,43.53,0.75,4167.0,3018.8,2.875,0.912,11434.5,0.4345,11814.5,32.83,2.814,0.027401,72.87,True,physics_simulated_synthetic
BGW-017,74.19,1114.6,7.597,113.39,48.18,0.75,4167.0,3018.8,2.875,0.996,11681.8,0.7362,11624.9,70.36,1.1672,0.027746,260.05,True,physics_simulated_synthetic
BGW-017,758.02,396.2,7.544,84.22,46.35,0.75,4167.0,3018.8,2.875,0.961,11578.5,0.5702,11826.9,53.99,1.6086,0.020966,141.59,True,physics_simulated_synthetic
BGW-017,1470.56,294.5,6.062,109.3,38.23,0.75,4167.0,3018.8,2.875,0.927,11481.4,0.5278,11678.0,48.79,2.1309,0.026867,110.07,True,physics_simulated_synthetic
BGW-017,11908.2,1128.5,7.102,77.55,55.61,0.75,4167.0,3018.8,2.875,0.983,11636.2,0.3753,12153.7,20.64,3.6037,0.01984,56.3,True,physics_simulated_synthetic
BGW-017,108.93,670.4,3.307,75.3,42.26,0.75,4167.0,3018.8,2.875,0.979,11612.3,0.7831,11579.3,79.19,1.1776,0.018354,74.22,True,physics_simulated_synthetic
BGW-017,63.06,605.4,3.308,138.91,44.69,0.75,4167.0,3018.8,2.875,0.947,11526.0,0.8096,11679.1,80.49,1.1051,0.034149,147.21,True,physics_simulated_synthetic
BGW-017,1911.28,907.4,2.619,73.38,51.54,0.75,4167.0,3018.8,2.875,0.972,11593.8,0.5431,11636.5,46.64,1.6476,0.017975,41.14,True,physics_simulated_synthetic
BGW-017,1724.34,927.3,4.466,74.81,45.96,0.75,4167.0,3018.8,2.875,0.924,11461.8,0.5312,11517.7,47.97,1.7779,0.018138,65.61,True,physics_simulated_synthetic
BGW-017,3815.52,993.9,2.579,130.67,44.36,0.75,4167.0,3018.8,2.875,0.941,11509.4,0.4868,11875.5,41.32,2.2053,0.032664,55.0,True,physics_simulated_synthetic
BGW-017,17182.46,1036.6,5.085,93.64,54.52,0.75,4167.0,3018.8,2.875,0.944,11521.4,0.3717,12319.1,20.19,3.8098,0.024282,46.67,True,physics_simulated_synthetic
BGW-017,201.87,695.4,5.817,126.54,35.77,0.75,4167.0,3018.8,2.875,0.993,11666.6,0.7042,11454.2,70.79,1.5396,0.03051,165.99,True,physics_simulated_synthetic
BGW-017,2370.17,751.2,6.407,110.85,45.58,0.75,4167.0,3018.8,2.875,0.908,11430.1,0.4852,11831.0,39.16,2.2565,0.027606,112.86,True,physics_simulated_synthetic
BGW-017,16935.17,488.9,5.833,71.13,38.57,0.75,4167.0,3018.8,2.875,0.921,11457.9,0.3668,12005.5,19.75,5.3644,0.017975,28.14,True,physics_simulated_synthetic
BGW-017,2162.36,293.8,6.104,75.35,48.64,0.75,4167.0,3018.8,2.875,0.916,11445.8,0.4954,11763.4,41.22,1.9971,0.018657,82.11,True,physics_simulated_synthetic
BGW-017,97.11,1043.7,7.448,110.06,45.01,0.75,4167.0,3018.8,2.875,0.961,11584.2,0.7261,11816.9,69.5,1.2858,0.027377,228.37,True,physics_simulated_synthetic
BGW-017,2887.92,572.6,7.06,120.87,41.33,0.75,4167.0,3018.8,2.875,0.942,11530.5,0.4641,11823.3,40.27,2.418,0.030081,126.47,True,physics_simulated_synthetic
BGW-017,7356.46,600.1,5.734,78.6,49.92,0.75,4167.0,3018.8,2.875,0.959,11564.5,0.413,12186.4,28.09,2.9584,0.020163,56.27,True,physics_simulated_synthetic
BGW-017,131.35,1080.8,3.93,103.59,53.89,0.75,4167.0,3018.8,2.875,0.975,11605.1,0.7618,11683.8,72.01,1.0248,0.025476,140.68,True,physics_simulated_synthetic
BGW-017,1846.43,568.3,7.093,112.34,53.24,0.75,4167.0,3018.8,2.875,0.902,11416.3,0.4984,11596.9,42.78,1.7331,0.027425,161.62,True,physics_simulated_synthetic
BGW-017,2141.7,1172.9,6.991,67.33,59.14,0.75,4167.0,3018.8,2.875,0.918,11454.2,0.4876,11595.9,42.42,1.5731,0.016435,105.17,True,physics_simulated_synthetic
BGW-017,63.23,239.0,4.795,72.52,54.61,0.75,4167.0,3018.8,2.875,0.986,11635.2,0.7849,11446.1,77.73,0.9178,0.017473,131.46,True,physics_simulated_synthetic
BGW-017,1425.1,925.4,5.43,79.78,50.96,0.75,4167.0,3018.8,2.875,0.904,11409.6,0.5373,11543.1,46.98,1.6411,0.019385,92.37,True,physics_simulated_synthetic
BGW-017,3950.26,1032.0,2.88,136.84,53.02,0.75,4167.0,3018.8,2.875,0.982,11624.9,0.4811,11983.1,38.06,2.0211,0.034516,70.82,True,physics_simulated_synthetic
BGW-017,1247.02,576.5,7.295,142.97,30.37,0.75,4167.0,3018.8,2.875,0.943,11540.2,0.5292,11590.8,47.06,2.7607,0.034882,132.73,True,physics_simulated_synthetic
BGW-017,990.45,367.2,6.398,100.81,33.6,0.75,4167.0,3018.8,2.875,0.94,11516.4,0.5589,11688.7,52.66,2.2489,0.024804,101.61,True,physics_simulated_synthetic
BGW-017,1814.94,1193.7,2.82,81.4,30.04,0.75,4167.0,3018.8,2.875,0.903,11402.1,0.5453,11404.6,47.3,2.7319,0.019542,29.05,True,physics_simulated_synthetic
BGW-017,109.79,998.3,5.585,92.64,32.53,0.75,4167.0,3018.8,2.875,0.908,11423.3,0.7468,11471.6,73.34,1.6369,0.022371,109.91,True,physics_simulated_synthetic
BGW-017,11908.39,538.2,5.528,118.69,35.16,0.75,4167.0,3018.8,2.875,0.95,11543.5,0.3872,11892.3,24.12,4.7734,0.029713,49.55,True,physics_simulated_synthetic
BGW-017,3180.99,446.4,7.668,80.7,59.7,0.75,4167.0,3018.8,2.875,0.97,11604.2,0.4517,12038.1,35.6,1.9276,0.02045,117.15,True,physics_simulated_synthetic
BGW-017,745.7,265.2,3.671,103.2,58.89,0.75,4167.0,3018.8,2.875,0.953,11544.2,0.6179,11746.8,60.21,1.1276,0.025518,119.64,True,physics_simulated_synthetic
BGW-017,7585.03,948.7,7.057,113.77,54.36,0.75,4167.0,3018.8,2.875,0.913,11448.7,0.4005,11835.2,24.22,3.0591,0.028342,94.16,True,physics_simulated_synthetic
BGW-017,26196.96,988.8,7.418,127.29,44.91,0.75,4167.0,3018.8,2.875,0.926,11489.6,0.336,12197.0,12.32,7.5001,0.032681,46.55,True,physics_simulated_synthetic
BGW-017,18141.2,727.0,2.517,135.18,51.53,0.75,4167.0,3018.8,2.875,0.997,11665.9,0.3893,12130.4,21.67,3.6984,0.034517,33.82,True,physics_simulated_synthetic
BGW-017,209.35,1076.9,5.285,127.53,48.49,0.75,4167.0,3018.8,2.875,0.969,11596.0,0.7091,11593.7,71.92,1.1316,0.031123,209.31,True,physics_simulated_synthetic
BGW-017,401.05,589.6,3.01,119.34,49.94,0.75,4167.0,3018.8,2.875,0.934,11489.1,0.6865,11625.7,68.34,1.1594,0.029205,109.19,True,physics_simulated_synthetic
BGW-017,435.12,899.6,4.35,126.77,58.47,0.75,4167.0,3018.8,2.875,0.992,11655.9,0.66,11765.2,62.02,1.1043,0.031396,178.08,True,physics_simulated_synthetic
BGW-017,35015.06,212.2,7.111,125.89,58.06,0.75,4167.0,3018.8,2.875,0.973,11618.3,0.326,12348.5,13.2,5.4847,0.032724,61.09,True,physics_simulated_synthetic
BGW-017,318.99,918.7,6.342,74.72,43.52,0.75,4167.0,3018.8,2.875,0.942,11519.2,0.6609,11597.9,64.23,1.4124,0.018242,117.97,True,physics_simulated_synthetic
BGW-017,20859.07,1095.0,2.618,74.21,41.21,0.75,4167.0,3018.8,2.875,0.911,11424.2,0.3815,11981.0,23.18,4.2687,0.018716,16.53,True,physics_simulated_synthetic
BGW-017,99.69,914.0,2.761,96.38,42.13,0.75,4167.0,3018.8,2.875,0.946,11520.7,0.7972,11530.0,79.48,1.172,0.023391,79.36,True,physics_simulated_synthetic
BGW-017,8022.47,236.1,4.177,120.07,58.39,0.75,4167.0,3018.8,2.875,0.934,11493.7,0.4209,12203.4,26.61,2.673,0.030842,69.4,True,physics_simulated_synthetic
BGW-017,893.87,1194.1,7.942,70.88,40.06,0.75,4167.0,3018.8,2.875,0.943,11525.9,0.5513,11761.8,48.06,2.0793,0.017549,96.52,True,physics_simulated_synthetic
BGW-017,1332.71,1099.0,5.452,68.66,54.36,0.75,4167.0,3018.8,2.875,0.998,11672.0,0.5429,11602.8,48.45,1.4996,0.016768,87.79,True,physics_simulated_synthetic
BGW-017,156.96,685.3,7.45,97.76,43.62,0.75,4167.0,3018.8,2.875,0.953,11557.4,0.699,11672.2,68.77,1.3243,0.02402,194.59,True,physics_simulated_synthetic
BGW-017,139.59,759.7,7.226,92.77,36.56,0.75,4167.0,3018.8,2.875,0.903,11416.8,0.7093,11507.8,70.22,1.5259,0.022471,153.24,True,physics_simulated_synthetic
BGW-017,8406.8,349.7,3.904,77.88,30.41,0.75,4167.0,3018.8,2.875,0.932,11483.5,0.4205,12284.3,28.88,4.7607,0.020138,23.78,True,physics_simulated_synthetic
BGW-017,886.99,990.6,5.547,113.14,46.49,0.75,4167.0,3018.8,2.875,0.928,11481.8,0.5786,11687.5,56.56,1.5131,0.027833,146.93,True,physics_simulated_synthetic
BGW-017,325.76,592.9,2.626,94.92,30.47,0.75,4167.0,3018.8,2.875,0.992,11649.5,0.7114,11684.6,67.41,1.9365,0.023347,45.59,True,physics_simulated_synthetic
BGW-017,1914.79,1088.0,4.519,76.76,42.83,0.75,4167.0,3018.8,2.875,0.946,11524.1,0.5217,11838.9,46.42,2.027,0.019129,61.41,True,physics_simulated_synthetic
BGW-017,99.07,666.6,3.716,115.58,55.91,0.75,4167.0,3018.8,2.875,0.993,11656.5,0.7817,11734.5,77.76,0.9187,0.02855,166.27,True,physics_simulated_synthetic
BGW-017,158.3,866.4,7.089,116.12,55.46,0.75,4167.0,3018.8,2.875,0.982,11642.2,0.7033,11612.5,66.63,1.0696,0.028384,270.88,True,physics_simulated_synthetic
BGW-017,89.3,700.2,6.38,71.45,45.0,0.75,4167.0,3018.8,2.875,0.984,11635.9,0.7456,11528.7,75.74,1.1514,0.017339,138.35,True,physics_simulated_synthetic
BGW-017,4793.75,1014.3,6.117,79.49,52.07,0.75,4167.0,3018.8,2.875,0.901,11404.1,0.4369,11774.0,32.65,2.3573,0.019702,73.62,True,physics_simulated_synthetic
BGW-017,24184.79,208.1,7.689,84.06,54.41,0.75,4167.0,3018.8,2.875,0.991,11663.2,0.3377,12332.6,11.71,6.5857,0.021822,36.69,True,physics_simulated_synthetic
BGW-017,174.25,521.5,5.738,135.06,54.98,0.75,4167.0,3018.8,2.875,0.929,11489.2,0.7159,11588.4,68.59,1.046,0.032946,260.28,True,physics_simulated_synthetic
BGW-017,166.04,1022.1,2.771,104.18,55.67,0.75,4167.0,3018.8,2.875,0.987,11635.0,0.7646,11420.0,75.61,0.9235,0.025044,108.2,True,physics_simulated_synthetic
BGW-017,39318.83,1033.4,7.999,95.4,43.79,0.75,4167.0,3018.8,2.875,0.906,11430.7,0.316,12317.3,8.87,10.7897,0.024735,26.41,True,physics_simulated_synthetic
BGW-017,583.64,397.3,5.012,119.12,49.98,0.75,4167.0,3018.8,2.875,0.946,11530.0,0.624,11613.0,60.45,1.3083,0.029118,160.64,True,physics_simulated_synthetic
BGW-017,292.47,223.8,4.252,98.23,42.13,0.75,4167.0,3018.8,2.875,0.915,11439.6,0.6969,11617.3,67.33,1.3939,0.024022,105.5,True,physics_simulated_synthetic
BGW-017,207.41,907.3,3.775,91.92,41.22,0.75,4167.0,3018.8,2.875,0.974,11601.2,0.7321,11613.1,73.81,1.2993,0.022469,94.01,True,physics_simulated_synthetic
BGW-018,504.52,1146.2,6.446,105.41,37.52,0.875,3913.6,3354.3,2.875,0.914,14027.2,0.6161,14174.9,58.57,2.1954,0.031453,132.97,True,physics_simulated_synthetic
BGW-018,273.74,1088.2,7.732,137.13,59.29,0.875,3913.6,3354.3,2.875,0.928,14080.0,0.6512,14209.0,64.24,1.2697,0.041016,359.7,True,physics_simulated_synthetic
BGW-018,414.57,474.2,7.326,86.9,59.83,0.875,3913.6,3354.3,2.875,0.939,14100.9,0.6222,14153.7,58.42,1.3783,0.02589,198.17,True,physics_simulated_synthetic
BGW-018,246.39,516.2,3.304,65.54,34.87,0.875,3913.6,3354.3,2.875,0.981,14208.5,0.7233,14218.5,68.71,2.02,0.019615,46.19,True,physics_simulated_synthetic
BGW-018,54.28,918.4,7.493,105.17,42.34,0.875,3913.6,3354.3,2.875,0.95,14135.4,0.7445,14279.9,73.97,1.5521,0.031612,219.75,True,physics_simulated_synthetic
BGW-018,9061.91,376.0,3.968,96.36,55.15,0.875,3913.6,3354.3,2.875,0.92,14033.6,0.4139,14406.7,27.1,3.2818,0.029221,50.87,True,physics_simulated_synthetic
BGW-018,1274.14,947.3,2.909,95.05,37.31,0.875,3913.6,3354.3,2.875,0.932,14065.9,0.5749,14311.5,53.13,2.4571,0.028635,48.82,True,physics_simulated_synthetic
BGW-018,867.61,876.0,3.32,140.29,34.08,0.875,3913.6,3354.3,2.875,0.935,14079.9,0.606,14131.4,56.54,2.4959,0.041731,79.94,True,physics_simulated_synthetic
BGW-018,321.63,737.8,6.783,111.51,33.18,0.875,3913.6,3354.3,2.875,0.91,14018.1,0.6507,13913.0,64.37,2.2174,0.032656,143.85,True,physics_simulated_synthetic
BGW-018,20174.33,714.2,2.604,106.4,49.39,0.875,3913.6,3354.3,2.875,0.932,14068.3,0.3823,15067.7,22.22,4.6743,0.033747,27.08,True,physics_simulated_synthetic
BGW-018,3573.38,1140.3,4.406,128.83,52.87,0.875,3913.6,3354.3,2.875,0.958,14149.3,0.4714,14581.6,40.13,2.339,0.039542,107.25,True,physics_simulated_synthetic
BGW-018,2710.24,802.8,6.857,113.3,34.1,0.875,3913.6,3354.3,2.875,0.965,14179.0,0.468,14655.8,36.8,3.9752,0.034953,86.82,True,physics_simulated_synthetic
BGW-018,4426.2,716.3,7.701,142.82,53.15,0.875,3913.6,3354.3,2.875,0.987,14253.4,0.426,14563.2,33.63,2.7733,0.043782,175.06,True,physics_simulated_synthetic
BGW-018,366.28,490.1,6.535,138.95,32.51,0.875,3913.6,3354.3,2.875,0.907,14012.7,0.643,14122.7,59.02,2.5052,0.041306,155.16,True,physics_simulated_synthetic
BGW-018,5200.71,868.9,6.141,64.16,37.94,0.875,3913.6,3354.3,2.875,0.916,14026.7,0.429,14708.4,34.54,3.82,0.019866,45.99,True,physics_simulated_synthetic
BGW-018,429.47,823.3,5.726,126.06,55.53,0.875,3913.6,3354.3,2.875,0.974,14202.2,0.6398,14249.1,62.32,1.4013,0.037811,222.49,True,physics_simulated_synthetic
BGW-018,3868.8,1081.2,6.605,76.35,37.32,0.875,3913.6,3354.3,2.875,0.971,14189.0,0.4447,14666.0,36.2,3.6956,0.023569,60.66,True,physics_simulated_synthetic
BGW-018,2977.09,632.5,7.723,99.54,52.7,0.875,3913.6,3354.3,2.875,0.937,14100.6,0.4531,14307.1,37.48,2.4654,0.029978,135.23,True,physics_simulated_synthetic
BGW-018,327.05,778.7,3.038,65.56,45.84,0.875,3913.6,3354.3,2.875,0.991,14237.3,0.7029,14307.5,68.57,1.5495,0.019744,55.75,True,physics_simulated_synthetic
BGW-018,90.39,534.9,7.533,102.67,51.15,0.875,3913.6,3354.3,2.875,0.931,14080.0,0.7238,14070.0,71.34,1.3125,0.030406,251.32,True,physics_simulated_synthetic
BGW-018,12679.6,991.7,7.172,92.49,41.57,0.875,3913.6,3354.3,2.875,0.948,14128.5,0.3693,14998.7,23.03,5.3314,0.0292,56.56,True,physics_simulated_synthetic
BGW-018,2189.7,832.1,5.375,129.78,57.85,0.875,3913.6,3354.3,2.875,0.937,14092.6,0.4993,14358.4,43.18,1.9565,0.039226,155.18,True,physics_simulated_synthetic
BGW-018,258.6,769.7,5.533,102.9,46.53,0.875,3913.6,3354.3,2.875,0.962,14161.5,0.6857,14233.9,66.58,1.5639,0.03083,157.08,True,physics_simulated_synthetic
BGW-018,202.11,490.6,2.702,141.36,50.63,0.875,3913.6,3354.3,2.875,0.906,13991.5,0.7491,13974.5,72.44,1.2969,0.041584,124.74,True,physics_simulated_synthetic
BGW-018,9413.16,568.1,5.356,137.81,34.83,0.875,3913.6,3354.3,2.875,0.916,14033.0,0.3997,14652.1,25.42,5.6331,0.042504,58.2,True,physics_simulated_synthetic
BGW-018,24942.72,1131.5,6.218,66.81,37.09,0.875,3913.6,3354.3,2.875,0.902,13986.6,0.3443,14971.6,14.72,9.3341,0.021056,20.2,True,physics_simulated_synthetic
BGW-018,6305.22,517.9,3.75,66.38,58.89,0.875,3913.6,3354.3,2.875,0.951,14122.2,0.4384,14605.2,32.27,2.6159,0.020409,42.13,True,physics_simulated_synthetic
BGW-018,113.98,1130.3,5.352,125.23,41.25,0.875,3913.6,3354.3,2.875,0.941,14102.7,0.7448,14118.3,72.52,1.6066,0.037217,178.52,True,physics_simulated_synthetic
BGW-018,15159.56,690.1,5.31,75.07,59.15,0.875,3913.6,3354.3,2.875,0.968,14176.4,0.3745,15040.0,21.12,4.0975,0.023767,44.35,True,physics_simulated_synthetic
BGW-018,163.6,970.3,7.534,118.75,47.95,0.875,3913.6,3354.3,2.875,0.994,14267.4,0.6908,14283.2,68.25,1.4855,0.035702,260.74,True,physics_simulated_synthetic
BGW-018,126.57,1115.6,2.849,138.0,34.06,0.875,3913.6,3354.3,2.875,0.958,14143.1,0.7797,14270.9,78.02,1.8281,0.041456,93.02,True,physics_simulated_synthetic
BGW-018,3277.84,207.4,4.27,133.12,45.43,0.875,3913.6,3354.3,2.875,0.962,14161.1,0.4793,14402.6,38.06,2.8351,0.040357,87.52,True,physics_simulated_synthetic
BGW-018,1273.32,276.5,6.302,138.97,32.62,0.875,3913.6,3354.3,2.875,0.961,14169.7,0.5349,14219.8,48.87,3.0359,0.041597,124.34,True,physics_simulated_synthetic
BGW-018,392.8,816.7,6.782,83.42,42.03,0.875,3913.6,3354.3,2.875,0.96,14158.6,0.6338,14378.3,61.68,1.8875,0.025249,130.65,True,physics_simulated_synthetic
BGW-018,86.79,1139.0,5.573,85.0,35.98,0.875,3913.6,3354.3,2.875,0.945,14112.2,0.7554,14075.5,73.36,1.8153,0.025184,111.33,True,physics_simulated_synthetic
BGW-018,56.73,882.7,7.632,69.87,31.29,0.875,3913.6,3354.3,2.875,0.929,14070.4,0.7409,14111.6,73.41,2.0907,0.020754,109.09,True,physics_simulated_synthetic
BGW-018,655.34,432.4,4.24,88.31,32.59,0.875,3913.6,3354.3,2.875,0.961,14153.4,0.6206,14265.5,57.47,2.593,0.026518,62.44,True,physics_simulated_synthetic
BGW-018,18764.1,320.6,6.614,107.04,39.0,0.875,3913.6,3354.3,2.875,0.915,14031.7,0.3543,15013.1,21.68,6.0432,0.033826,53.31,True,physics_simulated_synthetic
BGW-018,24170.41,336.1,5.502,78.0,49.81,0.875,3913.6,3354.3,2.875,0.987,14233.0,0.3509,15267.0,15.1,6.9075,0.025067,28.75,True,physics_simulated_synthetic
BGW-018,2726.61,694.0,6.163,77.05,30.03,0.875,3913.6,3354.3,2.875,0.905,13996.3,0.4742,14319.6,38.84,4.1785,0.023226,49.33,True,physics_simulated_synthetic
BGW-018,2698.97,590.8,6.256,122.46,40.88,0.875,3913.6,3354.3,2.875,0.952,14139.0,0.4741,14440.6,40.0,3.006,0.037223,111.55,True,physics_simulated_synthetic
BGW-018,20745.26,884.6,3.445,69.39,52.76,0.875,3913.6,3354.3,2.875,0.963,14158.2,0.3739,15097.1,20.11,4.8439,0.022052,22.59,True,physics_simulated_synthetic
BGW-018,491.01,239.2,5.101,105.13,48.72,0.875,3913.6,3354.3,2.875,0.996,14261.2,0.636,14316.5,60.32,1.658,0.031681,140.35,True,physics_simulated_synthetic
BGW-018,60.28,569.8,4.394,133.97,39.12,0.875,3913.6,3354.3,2.875,0.935,14081.8,0.7901,13952.2,79.69,1.5235,0.039347,163.4,True,physics_simulated_synthetic
BGW-018,85.59,430.8,4.232,78.27,30.21,0.875,3913.6,3354.3,2.875,0.953,14129.0,0.7778,14114.5,76.2,2.087,0.023254,67.91,True,physics_simulated_synthetic
BGW-018,16574.41,963.6,3.33,127.68,32.45,0.875,3913.6,3354.3,2.875,0.961,14153.0,0.3861,15023.4,21.01,7.5021,0.040378,25.81,True,physics_simulated_synthetic
BGW-018,833.95,524.6,3.572,88.23,59.38,0.875,3913.6,3354.3,2.875,0.985,14222.8,0.6065,14504.6,57.75,1.4396,0.026938,96.24,True,physics_simulated_synthetic
BGW-018,2205.9,889.7,4.817,88.9,32.73,0.875,3913.6,3354.3,2.875,0.978,14204.2,0.5046,14322.9,45.32,3.2864,0.026804,56.58,True,physics_simulated_synthetic
BGW-018,2690.16,432.3,4.435,122.3,39.17,0.875,3913.6,3354.3,2.875,0.964,14166.7,0.4928,14538.6,42.26,2.9898,0.037429,79.96,True,physics_simulated_synthetic
BGW-018,171.56,1013.3,7.011,93.43,52.44,0.875,3913.6,3354.3,2.875,0.915,14030.8,0.695,14245.3,67.17,1.3764,0.028016,205.5,True,physics_simulated_synthetic
BGW-018,2699.1,303.7,7.066,86.87,58.63,0.875,3913.6,3354.3,2.875,0.927,14065.3,0.4663,14727.2,38.87,2.1993,0.026931,124.6,True,physics_simulated_synthetic
BGW-018,997.17,964.7,5.919,98.32,57.96,0.875,3913.6,3354.3,2.875,0.971,14189.8,0.5608,14380.5,51.65,1.635,0.029763,155.17,True,physics_simulated_synthetic
BGW-018,123.35,1057.5,6.687,97.76,58.54,0.875,3913.6,3354.3,2.875,0.905,14001.2,0.7201,14207.0,70.55,1.1709,0.029236,240.44,True,physics_simulated_synthetic
BGW-018,11558.37,391.4,6.448,83.99,33.71,0.875,3913.6,3354.3,2.875,0.933,14079.2,0.3796,14874.0,25.02,6.0019,0.026295,40.68,True,physics_simulated_synthetic
BGW-018,132.71,1075.7,7.383,117.46,30.2,0.875,3913.6,3354.3,2.875,0.909,14018.8,0.7058,13871.9,70.34,2.2225,0.0343,164.08,True,physics_simulated_synthetic
BGW-018,58.4,397.1,5.94,139.79,54.19,0.875,3913.6,3354.3,2.875,0.915,14032.4,0.7659,14167.4,75.52,1.1784,0.041688,302.6,True,physics_simulated_synthetic
BGW-018,15732.25,697.8,4.502,89.67,31.96,0.875,3913.6,3354.3,2.875,0.926,14053.4,0.3791,15031.3,20.54,7.793,0.028371,23.6,True,physics_simulated_synthetic
BGW-018,2567.95,690.7,4.46,64.88,54.99,0.875,3913.6,3354.3,2.875,0.924,14044.8,0.4962,14391.1,42.35,2.1033,0.019654,60.01,True,physics_simulated_synthetic
BGW-018,108.7,654.8,6.572,76.2,47.32,0.875,3913.6,3354.3,2.875,0.902,13988.4,0.7287,13994.6,71.02,1.4173,0.022448,149.9,True,physics_simulated_synthetic
BGW-018,222.34,571.1,5.776,96.14,46.26,0.875,3913.6,3354.3,2.875,0.949,14124.4,0.6941,14029.5,67.69,1.525,0.028392,154.86,True,physics_simulated_synthetic
BGW-018,27034.85,802.9,3.621,133.47,56.38,0.875,3913.6,3354.3,2.875,0.908,14002.2,0.3601,15114.2,18.51,4.9295,0.042464,44.92,True,physics_simulated_synthetic
BGW-018,2911.3,1140.0,6.327,109.16,57.98,0.875,3913.6,3354.3,2.875,0.993,14256.7,0.4677,14802.5,35.51,2.4468,0.034015,126.66,True,physics_simulated_synthetic
BGW-018,187.37,676.8,3.971,87.53,51.66,0.875,3913.6,3354.3,2.875,0.911,14008.3,0.7342,14079.9,70.16,1.3222,0.025942,112.2,True,physics_simulated_synthetic
BGW-018,1702.79,867.8,7.049,134.51,49.85,0.875,3913.6,3354.3,2.875,0.909,14020.7,0.5025,14432.1,42.85,2.2997,0.040864,180.36,True,physics_simulated_synthetic
BGW-018,70.18,1054.1,4.47,89.72,44.56,0.875,3913.6,3354.3,2.875,0.926,14051.6,0.7828,13924.8,78.54,1.3543,0.026299,124.99,True,physics_simulated_synthetic
BGW-018,12401.82,554.4,4.321,135.05,45.25,0.875,3913.6,3354.3,2.875,0.933,14077.5,0.3931,14698.8,22.51,4.9124,0.041785,52.93,True,physics_simulated_synthetic
BGW-018,3678.66,207.2,6.939,113.18,33.67,0.875,3913.6,3354.3,2.875,0.9,13990.8,0.4452,14593.0,33.96,4.3445,0.034766,79.96,True,physics_simulated_synthetic
BGW-018,4993.64,405.2,5.779,117.31,50.71,0.875,3913.6,3354.3,2.875,0.988,14240.8,0.4349,14761.3,31.17,3.1789,0.036451,95.42,True,physics_simulated_synthetic
BGW-018,26365.23,826.8,7.551,95.31,42.93,0.875,3913.6,3354.3,2.875,0.972,14200.2,0.3328,14981.6,10.9,10.9007,0.030056,29.98,True,physics_simulated_synthetic
BGW-018,700.42,250.8,5.362,100.15,42.41,0.875,3913.6,3354.3,2.875,0.925,14054.0,0.5998,14244.1,54.47,2.099,0.030028,110.46,True,physics_simulated_synthetic
BGW-018,19136.58,798.0,6.716,73.0,48.93,0.875,3913.6,3354.3,2.875,0.954,14139.0,0.3527,14985.3,16.68,6.2517,0.023028,35.62,True,physics_simulated_synthetic
BGW-018,73.7,432.0,6.082,106.34,31.12,0.875,3913.6,3354.3,2.875,0.975,14201.8,0.7547,14569.8,76.2,2.0912,0.032613,136.58,True,physics_simulated_synthetic
BGW-018,584.99,821.3,4.554,117.12,30.76,0.875,3913.6,3354.3,2.875,0.939,14094.2,0.6271,14358.3,60.54,2.6244,0.035397,88.45,True,physics_simulated_synthetic
BGW-018,282.62,492.9,7.255,108.56,50.55,0.875,3913.6,3354.3,2.875,0.911,14022.5,0.655,14087.2,63.62,1.4911,0.032191,225.52,True,physics_simulated_synthetic
BGW-018,2798.32,661.6,5.203,139.29,51.39,0.875,3913.6,3354.3,2.875,0.972,14193.9,0.4818,14432.2,39.02,2.4497,0.042315,129.42,True,physics_simulated_synthetic
BGW-018,13263.79,1042.7,3.617,119.27,41.3,0.875,3913.6,3354.3,2.875,0.921,14038.9,0.3954,14621.6,23.75,5.0746,0.03671,37.68,True,physics_simulated_synthetic
BGW-018,1380.3,296.6,4.796,125.31,59.69,0.875,3913.6,3354.3,2.875,0.906,13998.2,0.5448,14361.0,49.09,1.6683,0.037882,156.82,True,physics_simulated_synthetic
BGW-018,207.77,463.0,7.491,71.53,31.62,0.875,3913.6,3354.3,2.875,0.941,14105.3,0.6751,13986.2,67.65,2.2252,0.021059,102.09,True,physics_simulated_synthetic
BGW-018,493.11,1033.0,6.406,94.07,55.61,0.875,3913.6,3354.3,2.875,0.928,14065.5,0.6186,14022.5,57.05,1.5043,0.027766,170.27,True,physics_simulated_synthetic
BGW-018,1169.67,986.1,7.723,117.58,48.47,0.875,3913.6,3354.3,2.875,0.969,14197.7,0.5269,14343.4,45.86,2.1967,0.035501,179.72,True,physics_simulated_synthetic
BGW-018,778.07,878.7,6.023,140.65,46.73,0.875,3913.6,3354.3,2.875,0.979,14218.2,0.582,14439.7,54.52,1.9291,0.042752,192.2,True,physics_simulated_synthetic
BGW-018,805.91,706.1,7.701,72.63,58.13,0.875,3913.6,3354.3,2.875,0.926,14061.7,0.5594,14353.1,54.55,1.5407,0.021943,157.94,True,physics_simulated_synthetic
BGW-018,161.87,536.4,7.512,105.72,46.96,0.875,3913.6,3354.3,2.875,0.936,14095.3,0.6918,14151.6,67.85,1.5119,0.031493,225.31,True,physics_simulated_synthetic
BGW-018,4893.31,540.1,6.173,102.25,39.8,0.875,3913.6,3354.3,2.875,0.994,14259.4,0.4327,14923.2,31.37,4.0689,0.032121,70.17,True,physics_simulated_synthetic
BGW-018,1656.64,265.6,7.397,130.51,33.35,0.875,3913.6,3354.3,2.875,0.939,14108.9,0.5012,14157.2,44.58,3.2407,0.038894,127.84,True,physics_simulated_synthetic
BGW-018,473.8,423.6,6.789,120.88,35.55,0.875,3913.6,3354.3,2.875,0.96,14163.9,0.6173,14130.1,57.53,2.3513,0.035955,149.5,True,physics_simulated_synthetic
BGW-018,7085.75,926.1,3.22,114.16,34.45,0.875,3913.6,3354.3,2.875,0.983,14216.7,0.436,14763.6,32.15,4.5365,0.035477,36.26,True,physics_simulated_synthetic
BGW-018,262.21,242.7,6.285,134.74,38.79,0.875,3913.6,3354.3,2.875,0.944,14118.8,0.674,14273.8,66.85,1.8738,0.040485,195.54,True,physics_simulated_synthetic
BGW-018,2496.55,324.0,7.706,80.07,52.03,0.875,3913.6,3354.3,2.875,0.999,14276.0,0.4661,14843.3,41.12,2.3613,0.025017,117.57,True,physics_simulated_synthetic
BGW-018,51.88,659.9,6.32,102.29,42.61,0.875,3913.6,3354.3,2.875,0.968,14181.4,0.7639,14053.8,76.38,1.47,0.03026,187.33,True,physics_simulated_synthetic
BGW-018,1556.15,889.3,2.92,132.4,48.59,0.875,3913.6,3354.3,2.875,0.974,14192.2,0.5564,14608.3,49.34,2.074,0.040712,82.54,True,physics_simulated_synthetic
BGW-018,9322.23,806.1,2.56,81.96,44.31,0.875,3913.6,3354.3,2.875,0.935,14076.2,0.4252,14836.7,27.62,4.1258,0.025597,22.87,True,physics_simulated_synthetic
BGW-018,17340.25,242.9,4.184,141.96,43.72,0.875,3913.6,3354.3,2.875,0.913,14018.6,0.3767,14815.7,18.92,6.0948,0.044273,43.77,True,physics_simulated_synthetic
BGW-018,133.34,649.0,4.262,123.56,33.59,0.875,3913.6,3354.3,2.875,0.905,13994.1,0.7528,14010.8,75.87,1.8711,0.036442,119.54,True,physics_simulated_synthetic
BGW-018,5286.09,498.2,5.987,111.66,56.5,0.875,3913.6,3354.3,2.875,0.956,14149.5,0.4293,14756.9,33.73,2.6352,0.034684,113.47,True,physics_simulated_synthetic
BGW-018,174.36,664.5,4.31,98.93,30.21,0.875,3913.6,3354.3,2.875,0.98,14209.9,0.7341,14255.5,69.78,2.302,0.029687,80.04,True,physics_simulated_synthetic
BGW-018,364.6,814.1,2.831,78.56,58.0,0.875,3913.6,3354.3,2.875,0.907,13994.2,0.6962,14082.4,68.98,1.1981,0.023287,79.24,True,physics_simulated_synthetic
BGW-018,853.46,481.1,6.438,114.87,44.97,0.875,3913.6,3354.3,2.875,0.913,14025.7,0.5687,14297.8,52.46,2.0628,0.034573,155.37,True,physics_simulated_synthetic
BGW-018,13538.17,962.8,5.388,102.23,57.78,0.875,3913.6,3354.3,2.875,0.985,14230.5,0.3797,15005.1,21.67,4.0789,0.032289,61.42,True,physics_simulated_synthetic
BGW-018,5234.24,364.7,6.641,98.04,46.12,0.875,3913.6,3354.3,2.875,0.961,14163.9,0.4242,14532.3,31.66,3.3872,0.029989,84.67,True,physics_simulated_synthetic
BGW-018,15612.82,284.6,5.07,83.26,59.37,0.875,3913.6,3354.3,2.875,0.919,14034.8,0.3749,14860.2,21.44,3.973,0.026043,47.85,True,physics_simulated_synthetic
BGW-018,1056.47,621.7,7.445,119.76,49.61,0.875,3913.6,3354.3,2.875,0.941,14115.2,0.5386,14156.8,51.71,1.8784,0.035689,203.68,True,physics_simulated_synthetic
BGW-018,2530.15,856.7,5.325,104.42,42.05,0.875,3913.6,3354.3,2.875,0.979,14212.5,0.4884,14333.5,42.39,2.7368,0.031506,88.27,True,physics_simulated_synthetic
BGW-018,5906.57,793.9,4.805,138.68,30.22,0.875,3913.6,3354.3,2.875,0.993,14252.6,0.4328,14788.7,31.64,5.2647,0.04317,56.74,True,physics_simulated_synthetic
BGW-018,10404.56,1033.9,3.744,101.68,47.95,0.875,3913.6,3354.3,2.875,0.965,14164.4,0.4079,15054.1,25.12,4.2541,0.03222,40.83,True,physics_simulated_synthetic
BGW-018,37932.62,1106.1,7.407,101.5,32.78,0.875,3913.6,3354.3,2.875,0.929,14076.8,0.319,15075.2,8.92,17.5403,0.032208,19.59,True,physics_simulated_synthetic
BGW-018,5087.99,970.4,6.416,101.35,48.6,0.875,3913.6,3354.3,2.875,0.997,14268.5,0.428,14842.3,31.55,3.2945,0.031665,88.8,True,physics_simulated_synthetic
BGW-018,397.09,615.4,2.76,124.53,44.03,0.875,3913.6,3354.3,2.875,0.978,14202.6,0.6893,14208.5,67.79,1.6202,0.037245,91.36,True,physics_simulated_synthetic
BGW-018,115.75,756.2,6.681,121.68,50.32,0.875,3913.6,3354.3,2.875,0.972,14199.6,0.7237,14373.3,69.24,1.4041,0.036814,252.25,True,physics_simulated_synthetic
BGW-018,29930.66,263.2,7.085,116.64,55.38,0.875,3913.6,3354.3,2.875,0.955,14152.3,0.3306,14968.3,10.51,8.7549,0.03675,42.83,True,physics_simulated_synthetic
BGW-018,12943.22,934.6,4.827,130.6,41.05,0.875,3913.6,3354.3,2.875,0.937,14088.9,0.3866,14971.5,24.4,5.0873,0.041159,56.24,True,physics_simulated_synthetic
BGW-018,372.28,510.5,7.593,134.39,59.92,0.875,3913.6,3354.3,2.875,0.927,14075.5,0.628,14301.6,60.92,1.3336,0.040457,331.7,True,physics_simulated_synthetic
BGW-018,15988.1,972.8,3.302,130.52,52.17,0.875,3913.6,3354.3,2.875,0.933,14073.4,0.3882,14752.3,22.29,4.3184,0.04053,44.62,True,physics_simulated_synthetic
BGW-018,258.84,707.6,5.376,113.73,34.63,0.875,3913.6,3354.3,2.875,0.917,14031.4,0.6879,13985.0,68.06,2.0196,0.03348,128.34,True,physics_simulated_synthetic
BGW-018,36831.08,261.4,4.247,114.26,46.44,0.875,3913.6,3354.3,2.875,0.952,14130.3,0.3419,15150.5,11.83,9.3842,0.03644,23.75,True,physics_simulated_synthetic
BGW-018,10848.14,1125.9,6.553,123.75,52.37,0.875,3913.6,3354.3,2.875,0.924,14061.5,0.3822,14881.0,23.0,4.2046,0.038763,87.0,True,physics_simulated_synthetic
BGW-018,5071.95,917.1,7.589,112.7,41.94,0.875,3913.6,3354.3,2.875,0.959,14165.8,0.4182,14772.2,30.73,3.9017,0.035046,98.15,True,physics_simulated_synthetic
BGW-018,3514.73,1087.8,5.683,131.47,48.05,0.875,3913.6,3354.3,2.875,0.923,14052.2,0.4601,14417.9,35.16,2.905,0.0399,112.39,True,physics_simulated_synthetic
BGW-018,18108.87,1006.3,4.605,80.71,38.45,0.875,3913.6,3354.3,2.875,0.963,14159.4,0.3712,15061.2,20.51,6.5001,0.025589,26.11,True,physics_simulated_synthetic
BGW-018,80.36,504.8,2.524,126.2,49.18,0.875,3913.6,3354.3,2.875,0.941,14092.5,0.8105,13947.3,81.85,1.1792,0.03705,114.21,True,physics_simulated_synthetic
BGW-018,168.81,766.1,6.121,86.37,41.55,0.875,3913.6,3354.3,2.875,0.963,14166.1,0.7088,14361.5,70.02,1.6801,0.026109,136.98,True,physics_simulated_synthetic
BGW-018,184.07,578.1,7.008,112.14,37.34,0.875,3913.6,3354.3,2.875,0.968,14187.9,0.6902,14361.5,67.78,1.9316,0.033901,177.11,True,physics_simulated_synthetic
BGW-018,521.64,438.3,4.747,90.69,41.11,0.875,3913.6,3354.3,2.875,0.902,13983.9,0.6352,14025.1,59.72,1.9444,0.026773,94.13,True,physics_simulated_synthetic
BGW-018,21894.36,971.7,2.539,117.53,51.06,0.875,3913.6,3354.3,2.875,0.981,14209.1,0.3788,15210.3,19.07,5.3161,0.037631,25.88,True,physics_simulated_synthetic
BGW-018,148.07,847.1,5.877,123.02,34.56,0.875,3913.6,3354.3,2.875,0.99,14246.5,0.721,14250.0,70.35,1.9953,0.0369,156.51,True,physics_simulated_synthetic
BGW-018,25424.98,758.3,5.085,89.85,37.89,0.875,3913.6,3354.3,2.875,0.922,14044.7,0.3517,15108.7,14.73,9.2132,0.028577,22.71,True,physics_simulated_synthetic
BGW-018,8363.82,380.9,7.105,71.58,45.03,0.875,3913.6,3354.3,2.875,0.912,14018.6,0.3921,14714.5,25.25,4.4061,0.022171,51.48,True,physics_simulated_synthetic
BGW-018,6227.04,1193.9,4.805,74.75,32.35,0.875,3913.6,3354.3,2.875,0.947,14114.7,0.4294,14648.1,28.61,5.3867,0.023049,29.6,True,physics_simulated_synthetic
BGW-018,9210.57,706.0,4.197,78.81,30.67,0.875,3913.6,3354.3,2.875,0.965,14165.7,0.4109,14693.1,24.86,6.5594,0.024375,22.46,True,physics_simulated_synthetic
BGW-018,6604.88,1115.5,5.138,75.07,34.87,0.875,3913.6,3354.3,2.875,0.998,14262.5,0.4227,14724.2,28.27,5.0842,0.023268,33.86,True,physics_simulated_synthetic
BGW-018,417.8,1084.9,6.484,93.7,42.57,0.875,3913.6,3354.3,2.875,0.993,14256.1,0.6323,14344.2,59.47,1.9286,0.028291,136.98,True,physics_simulated_synthetic
BGW-018,3095.19,897.7,7.533,73.45,31.02,0.875,3913.6,3354.3,2.875,0.979,14214.0,0.452,14667.5,37.7,4.2683,0.022677,57.63,True,physics_simulated_synthetic
BGW-018,342.0,699.4,4.226,139.31,58.02,0.875,3913.6,3354.3,2.875,0.963,14164.5,0.681,14344.4,64.4,1.3067,0.042065,195.92,True,physics_simulated_synthetic
BGW-018,124.8,1097.1,5.792,84.8,40.53,0.875,3913.6,3354.3,2.875,0.984,14224.6,0.7328,14284.3,73.15,1.64,0.025497,129.67,True,physics_simulated_synthetic
BGW-018,695.38,269.9,5.804,113.82,40.62,0.875,3913.6,3354.3,2.875,0.951,14134.3,0.595,14096.7,55.26,2.1375,0.033773,132.05,True,physics_simulated_synthetic
BGW-018,15268.57,688.1,2.57,107.2,50.97,0.875,3913.6,3354.3,2.875,0.903,13981.8,0.397,14946.3,25.69,3.885,0.033727,32.12,True,physics_simulated_synthetic
BGW-018,4968.33,813.8,4.946,103.85,40.16,0.875,3913.6,3354.3,2.875,0.946,14113.0,0.4429,14751.8,34.62,3.6109,0.032248,63.61,True,physics_simulated_synthetic
BGW-018,84.91,919.6,5.506,79.03,41.97,0.875,3913.6,3354.3,2.875,0.977,14202.3,0.7575,14354.8,76.48,1.5222,0.02388,124.37,True,physics_simulated_synthetic
BGW-018,947.29,1177.4,3.31,102.88,38.48,0.875,3913.6,3354.3,2.875,0.97,14178.2,0.5977,14440.1,53.97,2.367,0.031273,62.98,True,physics_simulated_synthetic
BGW-018,13230.47,1086.4,6.569,138.13,46.33,0.875,3913.6,3354.3,2.875,0.977,14218.0,0.3717,14799.2,23.17,4.6911,0.04303,86.77,True,physics_simulated_synthetic
BGW-018,285.43,911.1,7.215,73.81,40.88,0.875,3913.6,3354.3,2.875,0.948,14122.4,0.6547,14192.5,65.43,1.8062,0.022049,126.82,True,physics_simulated_synthetic
BGW-018,64.22,644.2,3.915,132.38,56.8,0.875,3913.6,3354.3,2.875,0.962,14157.0,0.7958,14353.4,76.34,1.1267,0.039995,200.11,True,physics_simulated_synthetic
BGW-018,1042.18,770.7,2.876,135.7,53.3,0.875,3913.6,3354.3,2.875,0.987,14228.0,0.5943,14454.7,55.65,1.6585,0.041291,103.1,True,physics_simulated_synthetic
BGW-018,9728.4,1034.0,3.694,111.02,42.62,0.875,3913.6,3354.3,2.875,0.974,14192.7,0.4122,14878.2,25.94,4.5809,0.03477,40.37,True,physics_simulated_synthetic
BGW-018,24364.05,366.9,2.826,113.46,41.63,0.875,3913.6,3354.3,2.875,0.963,14157.2,0.3713,15214.2,19.06,6.5243,0.036335,22.67,True,physics_simulated_synthetic
BGW-018,163.02,992.9,7.519,88.01,57.3,0.875,3913.6,3354.3,2.875,0.993,14257.9,0.6912,14102.9,70.55,1.1874,0.026128,238.24,True,physics_simulated_synthetic
BGW-018,15456.7,1026.8,2.781,71.0,59.69,0.875,3913.6,3354.3,2.875,0.955,14133.7,0.3945,14844.0,23.79,3.5587,0.022184,24.96,True,physics_simulated_synthetic
BGW-018,63.54,746.4,3.352,103.19,54.07,0.875,3913.6,3354.3,2.875,0.921,14036.0,0.806,13955.2,82.04,1.0709,0.030312,136.64,True,physics_simulated_synthetic
BGW-018,1540.41,785.5,3.357,112.57,39.37,0.875,3913.6,3354.3,2.875,0.918,14029.3,0.552,13928.6,49.11,2.4524,0.033005,65.07,True,physics_simulated_synthetic
BGW-018,1703.95,917.2,7.996,103.31,56.35,0.875,3913.6,3354.3,2.875,0.911,14026.0,0.493,14336.9,44.44,1.9487,0.031177,184.21,True,physics_simulated_synthetic
BGW-018,2406.05,1081.7,6.739,81.27,40.89,0.875,3913.6,3354.3,2.875,0.917,14034.4,0.4781,14277.2,42.16,2.8192,0.024426,84.08,True,physics_simulated_synthetic
BGW-018,799.99,216.9,3.404,123.6,44.01,0.875,3913.6,3354.3,2.875,0.918,14029.4,0.6127,14193.1,54.86,2.001,0.036928,90.46,True,physics_simulated_synthetic
BGW-018,51.78,213.1,5.694,87.18,42.04,0.875,3913.6,3354.3,2.875,0.954,14138.8,0.7739,14161.4,74.48,1.5392,0.025987,138.43,True,physics_simulated_synthetic
BGW-018,7207.18,994.2,5.209,115.6,49.24,0.875,3913.6,3354.3,2.875,0.958,14151.1,0.4167,14694.8,29.81,3.4079,0.035758,78.71,True,physics_simulated_synthetic
BGW-018,381.44,960.0,6.967,67.54,32.37,0.875,3913.6,3354.3,2.875,0.969,14183.7,0.6339,14256.6,62.02,2.4168,0.02027,84.14,True,physics_simulated_synthetic
BGW-018,430.56,457.6,2.556,112.69,37.36,0.875,3913.6,3354.3,2.875,0.986,14223.0,0.6848,14340.1,64.9,2.0133,0.034016,62.2,True,physics_simulated_synthetic
BGW-018,5789.09,283.8,5.571,95.24,54.86,0.875,3913.6,3354.3,2.875,0.912,14016.8,0.4272,14607.2,30.15,3.0067,0.029284,78.13,True,physics_simulated_synthetic
BGW-018,12240.65,737.1,4.65,81.08,39.58,0.875,3913.6,3354.3,2.875,0.978,14204.6,0.391,14686.9,20.7,6.101,0.025066,27.51,True,physics_simulated_synthetic
BGW-018,53.16,518.2,4.279,114.01,45.83,0.875,3913.6,3354.3,2.875,0.966,14170.4,0.7965,14253.9,78.76,1.3442,0.034207,156.81,True,physics_simulated_synthetic
BGW-018,262.33,255.5,4.124,111.27,39.84,0.875,3913.6,3354.3,2.875,0.944,14105.4,0.7054,14120.4,69.72,1.7301,0.033074,113.53,True,physics_simulated_synthetic
BGW-019,1464.43,1057.6,3.742,117.32,36.09,0.75,4229.3,3580.3,2.875,0.981,12453.6,0.5451,12641.7,51.42,2.3189,0.031218,72.54,True,physics_simulated_synthetic
BGW-019,2930.83,478.5,5.333,67.2,50.25,0.75,4229.3,3580.3,2.875,0.962,12388.5,0.4689,12908.4,37.27,2.346,0.01826,59.77,True,physics_simulated_synthetic
BGW-019,167.85,749.9,5.035,74.99,37.54,0.75,4229.3,3580.3,2.875,0.986,12471.5,0.7138,12367.1,68.82,1.6296,0.019521,86.85,True,physics_simulated_synthetic
BGW-019,21363.8,394.1,4.753,112.24,32.99,0.75,4229.3,3580.3,2.875,0.96,12384.9,0.3566,13186.4,15.47,8.7974,0.031156,24.24,True,physics_simulated_synthetic
BGW-019,199.13,468.9,3.85,70.43,44.93,0.75,4229.3,3580.3,2.875,0.978,12441.8,0.7223,12456.8,69.01,1.3674,0.018468,74.87,True,physics_simulated_synthetic
BGW-019,4508.59,237.6,3.813,108.42,43.0,0.75,4229.3,3580.3,2.875,0.936,12298.5,0.4548,12888.5,33.46,3.0493,0.029415,52.97,True,physics_simulated_synthetic
BGW-019,2226.16,558.6,2.694,101.18,32.19,0.75,4229.3,3580.3,2.875,0.907,12192.5,0.5229,12523.2,45.89,2.8856,0.026672,35.86,True,physics_simulated_synthetic
BGW-019,379.51,970.5,2.827,66.63,55.35,0.75,4229.3,3580.3,2.875,0.99,12481.7,0.6859,12516.3,65.58,1.1737,0.017554,60.89,True,physics_simulated_synthetic
BGW-019,972.96,761.2,5.425,129.77,45.25,0.75,4229.3,3580.3,2.875,0.905,12197.2,0.5591,12511.3,53.26,1.7673,0.034175,151.06,True,physics_simulated_synthetic
BGW-019,122.87,660.6,2.97,125.53,30.45,0.75,4229.3,3580.3,2.875,0.962,12386.6,0.7716,12411.3,76.09,1.8231,0.032795,76.93,True,physics_simulated_synthetic
BGW-019,58.36,635.3,2.896,117.3,40.77,0.75,4229.3,3580.3,2.875,0.961,12380.7,0.8095,12375.6,79.97,1.2919,0.030556,98.63,True,physics_simulated_synthetic
BGW-019,419.12,554.4,4.693,142.17,54.92,0.75,4229.3,3580.3,2.875,0.963,12395.9,0.6462,12480.9,62.61,1.2353,0.037351,204.35,True,physics_simulated_synthetic
BGW-019,33248.15,1180.8,6.489,141.87,58.98,0.75,4229.3,3580.3,2.875,0.928,12286.4,0.3237,13311.8,8.97,8.5612,0.039753,43.39,True,physics_simulated_synthetic
BGW-019,28217.66,1152.8,7.671,126.41,33.3,0.75,4229.3,3580.3,2.875,0.904,12209.2,0.3216,13072.8,11.38,11.7399,0.034786,32.73,True,physics_simulated_synthetic
BGW-019,7740.99,472.4,4.802,99.52,50.72,0.75,4229.3,3580.3,2.875,0.984,12467.6,0.4095,13044.5,30.04,2.9144,0.027328,64.85,True,physics_simulated_synthetic
BGW-019,12155.91,236.6,7.829,74.37,53.11,0.75,4229.3,3580.3,2.875,0.919,12249.8,0.358,12865.9,20.51,4.0198,0.020141,56.49,True,physics_simulated_synthetic
BGW-019,2958.63,730.4,4.037,83.91,52.18,0.75,4229.3,3580.3,2.875,0.933,12285.2,0.4831,12783.6,40.62,2.0526,0.022579,63.95,True,physics_simulated_synthetic
BGW-019,122.17,893.0,3.203,90.25,56.3,0.75,4229.3,3580.3,2.875,0.97,12412.8,0.7675,12655.5,79.92,0.9574,0.024041,115.81,True,physics_simulated_synthetic
BGW-019,204.02,651.7,4.693,107.35,34.65,0.75,4229.3,3580.3,2.875,0.941,12317.4,0.7058,12456.5,69.39,1.7635,0.028147,107.85,True,physics_simulated_synthetic
BGW-019,729.95,671.1,4.265,115.24,38.08,0.75,4229.3,3580.3,2.875,0.91,12209.3,0.6016,12548.0,55.2,2.0319,0.030439,92.0,True,physics_simulated_synthetic
BGW-019,2735.74,869.5,3.223,101.25,58.78,0.75,4229.3,3580.3,2.875,0.975,12430.3,0.4991,12624.4,40.3,1.8137,0.026906,68.84,True,physics_simulated_synthetic
BGW-019,85.84,961.4,5.349,115.1,55.83,0.75,4229.3,3580.3,2.875,0.915,12230.8,0.7466,12325.1,75.97,0.9892,0.029863,232.52,True,physics_simulated_synthetic
BGW-019,1200.88,1111.0,7.107,99.15,47.89,0.75,4229.3,3580.3,2.875,0.982,12472.7,0.5197,12559.5,46.92,1.9026,0.026212,140.99,True,physics_simulated_synthetic
BGW-019,547.57,715.5,5.678,95.83,46.69,0.75,4229.3,3580.3,2.875,0.915,12229.4,0.6074,12161.3,59.14,1.4994,0.024533,133.78,True,physics_simulated_synthetic
BGW-019,5643.87,675.2,7.307,66.02,58.56,0.75,4229.3,3580.3,2.875,0.903,12187.9,0.4047,12625.2,30.54,2.4028,0.017546,76.83,True,physics_simulated_synthetic
BGW-019,1478.53,248.0,4.308,117.12,36.47,0.75,4229.3,3580.3,2.875,0.983,12464.4,0.5367,12707.1,45.67,2.5967,0.031328,74.83,True,physics_simulated_synthetic
BGW-019,4584.24,918.5,6.737,111.5,51.18,0.75,4229.3,3580.3,2.875,0.993,12510.0,0.4231,12918.2,35.02,2.4531,0.030319,119.91,True,physics_simulated_synthetic
BGW-019,8262.81,1006.8,4.951,131.07,57.48,0.75,4229.3,3580.3,2.875,0.934,12295.1,0.4042,12884.6,27.18,2.807,0.035548,90.29,True,physics_simulated_synthetic
BGW-019,88.08,817.9,7.838,93.58,50.06,0.75,4229.3,3580.3,2.875,0.963,12405.4,0.7037,12395.1,70.31,1.1987,0.024416,229.89,True,physics_simulated_synthetic
BGW-019,9508.57,707.8,5.173,111.78,46.89,0.75,4229.3,3580.3,2.875,0.958,12378.5,0.3941,12929.0,27.13,3.4595,0.030422,65.5,True,physics_simulated_synthetic
BGW-019,7150.15,628.2,3.921,140.34,32.33,0.75,4229.3,3580.3,2.875,0.977,12441.9,0.4233,12831.6,30.0,4.5032,0.037907,47.53,True,physics_simulated_synthetic
BGW-019,23337.4,484.8,5.302,117.33,43.39,0.75,4229.3,3580.3,2.875,0.971,12427.5,0.348,13179.7,14.92,6.9325,0.032549,35.85,True,physics_simulated_synthetic
BGW-019,1141.85,572.6,7.678,141.49,38.04,0.75,4229.3,3580.3,2.875,0.976,12461.9,0.5172,12596.2,47.45,2.3759,0.037516,174.58,True,physics_simulated_synthetic
BGW-019,1954.4,852.2,5.756,113.54,57.05,0.75,4229.3,3580.3,2.875,0.923,12258.4,0.4955,12619.4,44.08,1.708,0.030161,146.36,True,physics_simulated_synthetic
BGW-019,950.95,421.0,5.493,69.47,44.9,0.75,4229.3,3580.3,2.875,0.985,12469.9,0.5602,12771.2,52.91,1.8297,0.018675,80.73,True,physics_simulated_synthetic
BGW-019,5370.06,796.5,3.542,76.86,59.18,0.75,4229.3,3580.3,2.875,0.96,12378.1,0.4459,12831.3,33.62,2.1947,0.02076,48.25,True,physics_simulated_synthetic
BGW-019,1319.78,1166.2,5.647,134.72,30.5,0.75,4229.3,3580.3,2.875,0.985,12478.9,0.5295,12727.5,49.7,2.8577,0.036093,102.7,True,physics_simulated_synthetic
BGW-019,6177.39,553.8,3.532,135.45,50.23,0.75,4229.3,3580.3,2.875,0.947,12336.7,0.4367,12688.6,31.17,2.7585,0.036176,66.7,True,physics_simulated_synthetic
BGW-019,99.79,761.1,4.162,122.2,39.94,0.75,4229.3,3580.3,2.875,0.934,12292.2,0.7607,12228.5,71.77,1.4523,0.031455,129.79,True,physics_simulated_synthetic
BGW-019,1433.61,834.8,4.199,111.04,52.31,0.75,4229.3,3580.3,2.875,0.979,12448.6,0.5409,12529.7,50.75,1.6065,0.029285,110.21,True,physics_simulated_synthetic
BGW-019,597.01,1062.7,5.038,143.97,40.87,0.75,4229.3,3580.3,2.875,0.914,12227.1,0.6089,12506.1,59.93,1.7379,0.037901,158.22,True,physics_simulated_synthetic
BGW-019,1153.64,985.9,6.779,135.22,49.43,0.75,4229.3,3580.3,2.875,0.969,12429.2,0.527,12658.5,48.71,1.7894,0.03603,196.56,True,physics_simulated_synthetic
BGW-019,12038.1,602.5,4.809,127.91,52.95,0.75,4229.3,3580.3,2.875,0.955,12368.4,0.3846,13062.2,23.49,3.5753,0.035169,68.11,True,physics_simulated_synthetic
BGW-019,199.3,704.7,4.542,85.59,44.83,0.75,4229.3,3580.3,2.875,0.952,12351.9,0.7101,12458.2,69.6,1.3591,0.022446,108.01,True,physics_simulated_synthetic
BGW-019,52.53,232.0,5.755,129.78,49.43,0.75,4229.3,3580.3,2.875,0.93,12284.8,0.7585,12193.1,75.14,1.1174,0.03331,247.06,True,physics_simulated_synthetic
BGW-019,215.62,450.5,4.282,94.88,36.21,0.75,4229.3,3580.3,2.875,0.93,12276.1,0.7087,12491.0,70.34,1.6691,0.024947,92.15,True,physics_simulated_synthetic
BGW-019,3183.7,723.3,7.925,132.9,31.1,0.75,4229.3,3580.3,2.875,0.921,12270.0,0.4359,12486.8,35.93,3.8044,0.034931,104.79,True,physics_simulated_synthetic
BGW-019,1510.88,636.2,6.33,110.3,40.27,0.75,4229.3,3580.3,2.875,0.912,12223.3,0.5097,12506.2,46.55,2.2706,0.029037,116.56,True,physics_simulated_synthetic
BGW-019,390.0,775.1,4.619,115.79,54.25,0.75,4229.3,3580.3,2.875,0.995,12505.3,0.6538,12840.8,63.92,1.2606,0.031298,165.12,True,physics_simulated_synthetic
BGW-019,1419.26,675.9,6.16,69.35,55.42,0.75,4229.3,3580.3,2.875,0.949,12347.8,0.517,12604.2,43.74,1.7696,0.018401,92.23,True,physics_simulated_synthetic
BGW-019,219.02,264.7,5.807,99.68,58.69,0.75,4229.3,3580.3,2.875,0.973,12431.3,0.6821,12292.0,64.84,1.0994,0.025792,196.16,True,physics_simulated_synthetic
BGW-019,5880.24,491.6,3.173,143.47,49.91,0.75,4229.3,3580.3,2.875,0.922,12249.0,0.4439,12857.2,32.98,2.6591,0.038829,66.72,True,physics_simulated_synthetic
BGW-019,62.11,559.7,6.184,112.53,41.96,0.75,4229.3,3580.3,2.875,0.952,12363.3,0.7452,12272.0,73.76,1.3496,0.02907,191.82,True,physics_simulated_synthetic
BGW-019,4660.21,938.2,7.457,118.32,54.19,0.75,4229.3,3580.3,2.875,0.914,12237.9,0.4152,12597.5,31.85,2.4839,0.031375,135.63,True,physics_simulated_synthetic
BGW-019,532.39,321.0,2.764,77.04,31.36,0.75,4229.3,3580.3,2.875,0.967,12401.3,0.655,12510.4,61.88,2.1942,0.020288,36.8,True,physics_simulated_synthetic
BGW-019,6851.66,610.7,7.489,107.17,34.58,0.75,4229.3,3580.3,2.875,0.928,12287.4,0.3915,12768.2,26.61,4.7227,0.028803,65.77,True,physics_simulated_synthetic
BGW-019,99.55,688.0,6.557,65.76,34.42,0.75,4229.3,3580.3,2.875,0.957,12375.1,0.7187,12570.7,73.19,1.6986,0.017401,96.73,True,physics_simulated_synthetic
BGW-019,71.82,1179.1,7.575,123.45,38.65,0.75,4229.3,3580.3,2.875,0.949,12361.3,0.7164,12626.8,73.04,1.5222,0.032812,235.13,True,physics_simulated_synthetic
BGW-019,1473.49,1056.9,7.425,119.44,53.0,0.75,4229.3,3580.3,2.875,0.989,12500.8,0.4991,12732.1,43.06,1.8992,0.03201,180.21,True,physics_simulated_synthetic
BGW-019,6207.08,1082.8,6.057,121.26,50.68,0.75,4229.3,3580.3,2.875,0.908,12211.3,0.4106,12606.9,28.27,2.9954,0.032179,93.7,True,physics_simulated_synthetic
BGW-019,67.66,1122.1,6.641,86.12,50.06,0.75,4229.3,3580.3,2.875,0.925,12266.8,0.7342,12310.3,73.94,1.132,0.022317,188.52,True,physics_simulated_synthetic
BGW-019,101.27,363.5,5.587,99.34,49.94,0.75,4229.3,3580.3,2.875,0.999,12521.3,0.7343,12463.8,72.86,1.1661,0.026064,179.83,True,physics_simulated_synthetic
BGW-019,352.16,1064.1,7.664,81.23,30.66,0.75,4229.3,3580.3,2.875,0.961,12397.8,0.6172,12466.5,59.29,2.3345,0.021317,100.77,True,physics_simulated_synthetic
BGW-019,553.79,494.5,5.644,76.1,44.57,0.75,4229.3,3580.3,2.875,0.904,12187.4,0.6069,12134.8,59.05,1.5694,0.019439,100.66,True,physics_simulated_synthetic
BGW-019,12158.14,832.2,6.713,118.52,31.92,0.75,4229.3,3580.3,2.875,0.939,12323.8,0.3672,12973.8,19.99,6.92,0.032368,45.22,True,physics_simulated_synthetic
BGW-019,10708.47,1046.6,6.84,123.17,33.98,0.75,4229.3,3580.3,2.875,0.992,12508.5,0.3727,12997.9,23.45,5.5515,0.0337,59.79,True,physics_simulated_synthetic
BGW-019,667.51,1122.5,5.803,132.31,49.69,0.75,4229.3,3580.3,2.875,0.961,12394.6,0.5879,12622.6,56.01,1.5439,0.035156,190.3,True,physics_simulated_synthetic
BGW-019,322.46,983.8,4.965,78.05,47.94,0.75,4229.3,3580.3,2.875,0.955,12362.9,0.6648,12395.7,64.22,1.3704,0.020365,106.25,True,physics_simulated_synthetic
BGW-019,2250.71,948.6,5.8,134.15,49.69,0.75,4229.3,3580.3,2.875,0.963,12403.5,0.4838,12735.8,40.05,2.1783,0.035964,137.9,True,physics_simulated_synthetic
BGW-019,591.67,975.0,3.158,117.1,45.05,0.75,4229.3,3580.3,2.875,0.943,12321.4,0.6384,12497.8,63.05,1.4975,0.030807,93.56,True,physics_simulated_synthetic
BGW-019,252.07,1126.1,5.646,121.43,52.77,0.75,4229.3,3580.3,2.875,0.991,12497.5,0.674,12694.5,65.67,1.2468,0.032448,211.6,True,physics_simulated_synthetic
BGW-019,521.19,686.7,2.943,126.77,35.33,0.75,4229.3,3580.3,2.875,0.93,12273.2,0.6541,12360.3,63.78,1.8669,0.032983,74.87,True,physics_simulated_synthetic
BGW-019,658.99,221.1,6.957,137.57,43.34,0.75,4229.3,3580.3,2.875,0.958,12393.1,0.5734,12458.4,54.38,1.7996,0.036078,200.85,True,physics_simulated_synthetic
BGW-019,161.58,931.2,5.88,133.23,45.53,0.75,4229.3,3580.3,2.875,0.964,12405.0,0.7022,12469.9,68.43,1.3624,0.034971,217.33,True,physics_simulated_synthetic
BGW-019,39059.72,801.7,5.845,119.82,33.99,0.75,4229.3,3580.3,2.875,0.941,12324.2,0.3222,13159.4,12.69,10.3843,0.033191,26.9,True,physics_simulated_synthetic
BGW-019,90.14,1140.6,6.705,128.52,39.89,0.75,4229.3,3580.3,2.875,0.921,12260.3,0.721,12345.0,70.07,1.5034,0.033396,214.46,True,physics_simulated_synthetic
BGW-019,1352.57,307.8,3.552,104.62,50.45,0.75,4229.3,3580.3,2.875,0.933,12286.9,0.5548,12326.1,48.33,1.7206,0.027144,80.69,True,physics_simulated_synthetic
BGW-019,68.84,874.4,4.873,141.52,37.15,0.75,4229.3,3580.3,2.875,0.99,12493.6,0.7647,12680.1,79.35,1.4642,0.037773,181.05,True,physics_simulated_synthetic
BGW-019,165.44,716.8,3.16,72.15,57.86,0.75,4229.3,3580.3,2.875,0.919,12233.6,0.7484,12269.2,74.3,0.9715,0.018634,87.29,True,physics_simulated_synthetic
BGW-019,66.22,680.0,4.902,67.2,47.83,0.75,4229.3,3580.3,2.875,0.961,12382.9,0.7657,12218.4,75.81,1.1468,0.017285,106.4,True,physics_simulated_synthetic
BGW-019,116.62,720.8,6.42,75.69,36.84,0.75,4229.3,3580.3,2.875,0.955,12368.4,0.7128,12302.8,67.97,1.6723,0.019602,108.37,True,physics_simulated_synthetic
BGW-019,13688.01,397.8,3.06,101.96,50.69,0.75,4229.3,3580.3,2.875,0.923,12248.3,0.3945,12856.2,23.8,3.628,0.027591,33.51,True,physics_simulated_synthetic
BGW-019,67.01,633.6,4.646,98.37,44.01,0.75,4229.3,3580.3,2.875,0.94,12312.4,0.77,12316.1,76.85,1.2393,0.025501,137.66,True,physics_simulated_synthetic
BGW-019,368.96,1043.8,3.972,64.74,56.24,0.75,4229.3,3580.3,2.875,0.98,12449.5,0.6691,12485.5,64.94,1.1636,0.017015,83.64,True,physics_simulated_synthetic
BGW-019,956.45,709.1,4.335,115.56,42.19,0.75,4229.3,3580.3,2.875,0.963,12395.3,0.5755,12554.5,52.29,1.9369,0.030538,98.42,True,physics_simulated_synthetic
BGW-019,928.3,229.3,7.343,107.48,47.06,0.75,4229.3,3580.3,2.875,0.94,12326.0,0.5388,12232.4,47.86,1.8485,0.027675,158.3,True,physics_simulated_synthetic
BGW-019,290.2,947.2,3.592,67.86,41.15,0.75,4229.3,3580.3,2.875,0.925,12253.8,0.6966,12443.7,69.39,1.4832,0.017775,62.0,True,physics_simulated_synthetic
BGW-019,568.28,1121.0,5.504,108.31,57.47,0.75,4229.3,3580.3,2.875,0.935,12298.8,0.6066,12463.7,58.83,1.2548,0.028416,179.5,True,physics_simulated_synthetic
BGW-019,115.4,883.7,3.388,140.99,49.08,0.75,4229.3,3580.3,2.875,0.975,12432.1,0.7673,12666.6,76.72,1.1449,0.037591,160.19,True,physics_simulated_synthetic
BGW-019,70.65,976.7,5.072,141.19,49.27,0.75,4229.3,3580.3,2.875,0.921,12252.4,0.7601,12476.3,74.67,1.1542,0.037081,234.63,True,physics_simulated_synthetic
BGW-019,2805.54,508.9,7.811,133.08,35.51,0.75,4229.3,3580.3,2.875,0.941,12341.1,0.4459,12675.8,33.8,3.5946,0.035509,111.11,True,physics_simulated_synthetic
BGW-019,23561.33,440.5,2.888,106.35,36.4,0.75,4229.3,3580.3,2.875,0.995,12500.3,0.3687,13346.2,18.29,6.8244,0.029877,18.21,True,physics_simulated_synthetic
BGW-019,586.78,526.6,4.767,125.93,35.04,0.75,4229.3,3580.3,2.875,0.959,12383.8,0.6144,12349.0,56.7,2.116,0.032736,106.2,True,physics_simulated_synthetic
BGW-019,12137.63,907.3,6.084,80.65,51.28,0.75,4229.3,3580.3,2.875,0.9,12176.3,0.3727,12637.2,22.65,3.7043,0.021453,50.74,True,physics_simulated_synthetic
BGW-019,565.76,432.7,4.618,117.41,32.26,0.75,4229.3,3580.3,2.875,0.946,12334.9,0.62,12418.6,60.23,2.1756,0.030692,93.82,True,physics_simulated_synthetic
BGW-019,1699.22,1035.8,7.172,127.95,32.4,0.75,4229.3,3580.3,2.875,0.912,12231.6,0.4905,12500.8,42.12,3.1181,0.033668,111.52,True,physics_simulated_synthetic
BGW-019,33443.73,228.0,7.593,92.23,53.87,0.75,4229.3,3580.3,2.875,0.922,12264.0,0.3154,13248.3,8.33,10.0443,0.02572,28.0,True,physics_simulated_synthetic
BGW-019,296.39,430.1,4.072,121.95,40.11,0.75,4229.3,3580.3,2.875,0.982,12458.6,0.6866,12450.5,67.93,1.5554,0.031961,120.49,True,physics_simulated_synthetic
BGW-019,1818.17,224.8,2.952,127.34,43.17,0.75,4229.3,3580.3,2.875,0.955,12361.7,0.5368,12603.6,47.93,2.0735,0.033784,69.26,True,physics_simulated_synthetic
BGW-019,8074.57,1123.9,7.227,123.34,31.06,0.75,4229.3,3580.3,2.875,0.964,12412.8,0.3845,13084.4,23.8,6.0249,0.03397,58.67,True,physics_simulated_synthetic
BGW-019,620.26,968.5,2.911,111.04,51.98,0.75,4229.3,3580.3,2.875,0.969,12408.8,0.6379,12489.6,61.77,1.324,0.029192,92.41,True,physics_simulated_synthetic
BGW-019,5984.0,655.4,7.92,122.59,43.07,0.75,4229.3,3580.3,2.875,0.989,12507.3,0.3956,12850.7,27.01,3.7606,0.03316,100.56,True,physics_simulated_synthetic
BGW-019,165.5,1064.5,2.634,80.36,34.44,0.75,4229.3,3580.3,2.875,0.914,12215.2,0.7584,12323.9,74.99,1.6242,0.020847,48.68,True,physics_simulated_synthetic
BGW-019,6697.17,284.6,3.191,119.9,52.79,0.75,4229.3,3580.3,2.875,0.951,12348.1,0.4352,12657.8,33.72,2.42,0.031947,60.67,True,physics_simulated_synthetic
BGW-019,50.09,520.2,7.153,100.39,53.63,0.75,4229.3,3580.3,2.875,0.942,12331.7,0.7358,12324.0,70.74,1.1057,0.026043,242.59,True,physics_simulated_synthetic
BGW-019,15374.65,830.3,6.395,137.12,47.65,0.75,4229.3,3580.3,2.875,0.976,12452.1,0.3583,13249.0,18.13,5.2195,0.038242,67.47,True,physics_simulated_synthetic
BGW-019,170.34,658.7,4.101,124.46,39.01,0.75,4229.3,3580.3,2.875,0.917,12233.0,0.7291,12257.9,69.1,1.5477,0.032114,122.53,True,physics_simulated_synthetic
BGW-019,1449.48,735.6,4.42,137.59,57.85,0.75,4229.3,3580.3,2.875,0.98,12457.2,0.537,12555.2,46.18,1.5997,0.036363,144.69,True,physics_simulated_synthetic
BGW-019,60.31,637.4,4.278,112.51,57.75,0.75,4229.3,3580.3,2.875,0.931,12280.7,0.781,12239.2,77.3,0.9332,0.028986,191.33,True,physics_simulated_synthetic
BGW-019,3245.84,727.2,4.987,82.85,30.32,0.75,4229.3,3580.3,2.875,0.905,12190.1,0.4652,12685.1,37.6,3.7874,0.022123,41.94,True,physics_simulated_synthetic
BGW-019,25050.26,282.3,2.727,89.85,44.94,0.75,4229.3,3580.3,2.875,0.919,12234.7,0.3674,12989.7,16.4,6.0004,0.024567,16.08,True,physics_simulated_synthetic
BGW-019,23707.84,246.9,3.663,78.02,52.06,0.75,4229.3,3580.3,2.875,0.914,12217.6,0.3614,13116.0,16.69,5.137,0.021541,22.12,True,physics_simulated_synthetic
BGW-019,204.98,374.0,4.218,73.29,50.68,0.75,4229.3,3580.3,2.875,0.95,12344.2,0.7136,12641.8,71.63,1.1853,0.019502,99.95,True,physics_simulated_synthetic
BGW-019,310.71,610.1,5.31,128.7,52.47,0.75,4229.3,3580.3,2.875,0.952,12361.7,0.6624,12375.0,64.78,1.2394,0.033524,206.84,True,physics_simulated_synthetic
BGW-019,16681.19,1120.4,6.09,133.55,39.13,0.75,4229.3,3580.3,2.875,0.947,12349.1,0.3569,13051.8,18.19,6.242,0.036691,51.55,True,physics_simulated_synthetic
BGW-019,908.97,586.2,4.36,70.91,44.07,0.75,4229.3,3580.3,2.875,0.959,12377.9,0.5798,12597.7,55.7,1.7469,0.018805,67.59,True,physics_simulated_synthetic
BGW-019,6136.36,1127.1,7.571,87.36,38.28,0.75,4229.3,3580.3,2.875,0.921,12256.4,0.3973,12865.2,27.39,4.1754,0.023658,61.77,True,physics_simulated_synthetic
BGW-019,12848.12,1005.3,7.386,80.03,49.35,0.75,4229.3,3580.3,2.875,0.916,12238.1,0.3589,12839.1,19.37,4.5708,0.02163,50.33,True,physics_simulated_synthetic
BGW-019,16097.14,403.1,2.756,140.93,40.21,0.75,4229.3,3580.3,2.875,0.905,12188.5,0.3889,12822.0,22.08,4.9148,0.038038,30.72,True,physics_simulated_synthetic
BGW-019,115.34,1081.9,5.576,64.32,34.19,0.75,4229.3,3580.3,2.875,0.973,12429.1,0.7276,12345.4,72.28,1.7003,0.016715,78.93,True,physics_simulated_synthetic
BGW-019,307.29,1103.4,6.191,81.46,38.27,0.75,4229.3,3580.3,2.875,0.952,12357.5,0.6497,12106.2,65.26,1.6497,0.020758,112.17,True,physics_simulated_synthetic
BGW-019,15484.82,281.1,4.133,122.46,42.02,0.75,4229.3,3580.3,2.875,0.999,12520.2,0.3777,13377.1,21.99,4.9272,0.034482,41.65,True,physics_simulated_synthetic
BGW-019,95.31,593.8,4.314,136.72,39.11,0.75,4229.3,3580.3,2.875,0.966,12404.6,0.7603,12494.1,74.76,1.4543,0.035958,153.61,True,physics_simulated_synthetic
BGW-019,233.9,691.9,3.056,100.36,59.68,0.75,4229.3,3580.3,2.875,0.947,12332.5,0.7241,12386.7,72.12,0.9796,0.026167,117.56,True,physics_simulated_synthetic
BGW-019,195.59,606.8,4.86,84.59,53.39,0.75,4229.3,3580.3,2.875,0.906,12193.3,0.7061,12264.6,71.23,1.0977,0.021838,139.23,True,physics_simulated_synthetic
BGW-019,8291.09,284.5,4.786,125.57,50.51,0.75,4229.3,3580.3,2.875,1.0,12525.1,0.4056,13244.8,28.27,3.1578,0.035009,76.41,True,physics_simulated_synthetic
BGW-019,3197.7,749.7,6.849,134.74,32.8,0.75,4229.3,3580.3,2.875,0.955,12381.5,0.4464,12561.7,35.39,3.6833,0.035628,95.4,True,physics_simulated_synthetic
BGW-019,13951.24,468.6,4.644,74.23,44.62,0.75,4229.3,3580.3,2.875,0.949,12340.8,0.3784,13011.5,22.53,4.4053,0.02033,30.86,True,physics_simulated_synthetic
BGW-019,15570.85,893.6,6.672,126.53,51.04,0.75,4229.3,3580.3,2.875,0.911,12224.4,0.3554,12821.3,19.34,4.4219,0.034148,74.2,True,physics_simulated_synthetic
BGW-019,1365.93,385.0,7.637,124.74,40.89,0.75,4229.3,3580.3,2.875,0.969,12434.6,0.5029,12781.9,45.13,2.3577,0.033563,156.57,True,physics_simulated_synthetic
BGW-019,97.29,275.8,4.382,71.11,41.68,0.75,4229.3,3580.3,2.875,0.949,12341.6,0.758,12509.3,75.87,1.3463,0.018725,87.75,True,physics_simulated_synthetic
BGW-019,171.88,1122.3,7.259,114.22,45.85,0.75,4229.3,3580.3,2.875,0.998,12530.4,0.6762,12428.4,67.56,1.3657,0.02988,228.7,True,physics_simulated_synthetic
BGW-019,9642.27,1104.2,4.139,67.49,44.28,0.75,4229.3,3580.3,2.875,0.916,12226.1,0.4032,12690.1,26.07,3.7418,0.018027,28.72,True,physics_simulated_synthetic
BGW-019,143.49,1189.3,6.78,65.63,32.74,0.75,4229.3,3580.3,2.875,0.967,12409.3,0.695,12409.8,69.42,1.8585,0.017143,90.05,True,physics_simulated_synthetic
BGW-019,13146.95,912.4,5.775,143.3,38.66,0.75,4229.3,3580.3,2.875,0.982,12471.3,0.3713,13089.7,21.51,5.3583,0.039484,61.28,True,physics_simulated_synthetic
BGW-019,27352.48,233.7,4.329,74.1,56.87,0.75,4229.3,3580.3,2.875,0.984,12462.6,0.3491,13568.9,17.15,4.7343,0.021166,27.87,True,physics_simulated_synthetic
BGW-019,215.77,987.6,3.147,87.24,56.2,0.75,4229.3,3580.3,2.875,0.925,12253.8,0.7288,12272.4,68.96,1.0779,0.022537,94.76,True,physics_simulated_synthetic
BGW-019,529.45,272.3,6.66,91.58,43.67,0.75,4229.3,3580.3,2.875,0.955,12371.4,0.5966,12317.5,56.44,1.7011,0.023746,133.88,True,physics_simulated_synthetic
BGW-019,323.22,682.8,7.711,65.31,37.51,0.75,4229.3,3580.3,2.875,0.92,12248.6,0.6235,12283.4,62.48,1.7838,0.016888,105.12,True,physics_simulated_synthetic
BGW-019,52.7,369.0,7.456,105.27,53.58,0.75,4229.3,3580.3,2.875,0.939,12324.3,0.7292,12313.4,71.37,1.096,0.027284,267.28,True,physics_simulated_synthetic
BGW-019,65.02,234.4,6.484,65.76,33.94,0.75,4229.3,3580.3,2.875,0.993,12501.8,0.7384,12670.2,74.0,1.7173,0.017538,95.34,True,physics_simulated_synthetic
BGW-019,7799.7,691.5,6.474,116.43,53.73,0.75,4229.3,3580.3,2.875,0.979,12459.3,0.3932,12940.3,24.03,3.4112,0.031716,86.68,True,physics_simulated_synthetic
BGW-019,7655.43,738.5,5.424,81.36,33.18,0.75,4229.3,3580.3,2.875,0.903,12184.7,0.4041,12505.3,26.72,4.8012,0.021418,34.85,True,physics_simulated_synthetic
BGW-019,2585.89,965.3,6.483,128.49,54.88,0.75,4229.3,3580.3,2.875,0.943,12335.6,0.4656,12688.8,40.7,1.9339,0.034318,165.66,True,physics_simulated_synthetic
BGW-019,10704.09,765.4,6.821,76.19,56.49,0.75,4229.3,3580.3,2.875,0.967,12411.8,0.3728,13078.6,23.54,3.3474,0.020976,61.55,True,physics_simulated_synthetic
BGW-019,4497.59,1103.6,3.203,96.93,41.51,0.75,4229.3,3580.3,2.875,0.992,12490.2,0.462,12819.8,34.76,3.0247,0.026157,39.88,True,physics_simulated_synthetic
BGW-019,7326.69,952.9,7.332,67.7,52.78,0.75,4229.3,3580.3,2.875,0.907,12203.5,0.3891,12338.0,26.51,3.0019,0.017582,61.84,True,physics_simulated_synthetic
BGW-019,2239.77,907.0,7.374,130.03,59.35,0.75,4229.3,3580.3,2.875,0.924,12277.7,0.4669,12736.9,40.69,1.7952,0.034862,206.21,True,physics_simulated_synthetic
BGW-019,33943.57,459.5,5.168,123.22,35.15,0.75,4229.3,3580.3,2.875,1.0,12527.8,0.3331,13328.8,15.96,8.0883,0.034572,31.81,True,physics_simulated_synthetic
BGW-019,2348.43,653.3,6.529,81.06,39.59,0.75,4229.3,3580.3,2.875,0.915,12229.8,0.4724,12391.4,42.45,2.5095,0.021144,79.22,True,physics_simulated_synthetic
BGW-019,13877.05,480.3,5.91,117.06,37.19,0.75,4229.3,3580.3,2.875,0.9,12182.1,0.3674,12919.3,20.86,5.6684,0.031835,47.79,True,physics_simulated_synthetic
BGW-019,60.77,1161.0,3.709,86.22,48.54,0.75,4229.3,3580.3,2.875,0.979,12445.1,0.7917,12436.7,78.54,1.1104,0.022572,108.57,True,physics_simulated_synthetic
BGW-019,1926.29,801.9,7.277,134.64,38.38,0.75,4229.3,3580.3,2.875,0.938,12324.3,0.4794,12687.6,41.1,2.7378,0.035959,137.64,True,physics_simulated_synthetic
BGW-019,2669.03,1136.1,6.062,67.35,51.16,0.75,4229.3,3580.3,2.875,0.98,12452.9,0.4678,12685.0,38.03,2.219,0.017984,70.74,True,physics_simulated_synthetic
BGW-019,109.25,552.1,5.867,140.89,55.84,0.75,4229.3,3580.3,2.875,0.94,12323.1,0.7256,12039.9,75.01,0.9784,0.035706,308.31,True,physics_simulated_synthetic
BGW-019,38378.79,272.5,4.428,122.03,51.84,0.75,4229.3,3580.3,2.875,0.929,12275.8,0.334,13114.0,10.69,8.0522,0.033687,26.68,True,physics_simulated_synthetic
BGW-019,868.12,314.7,7.497,115.73,46.78,0.75,4229.3,3580.3,2.875,0.973,12443.7,0.5426,12771.2,50.36,1.845,0.031112,182.03,True,physics_simulated_synthetic
BGW-019,110.18,846.5,7.252,66.51,45.65,0.75,4229.3,3580.3,2.875,0.958,12379.5,0.7023,12332.1,68.42,1.3439,0.017266,134.16,True,physics_simulated_synthetic
BGW-019,4561.19,1192.7,2.921,71.46,57.88,0.75,4229.3,3580.3,2.875,0.942,12315.6,0.4642,12847.5,36.55,2.0672,0.019325,39.32,True,physics_simulated_synthetic
BGW-019,70.43,736.7,4.797,138.78,40.99,0.75,4229.3,3580.3,2.875,0.991,12494.2,0.7652,12431.7,76.88,1.3428,0.036316,186.84,True,physics_simulated_synthetic
BGW-020,427.78,1025.5,5.635,104.15,46.24,1.0,3690.3,3086.9,2.875,0.979,16173.0,0.6515,16193.1,64.18,1.857,0.035502,155.12,True,physics_simulated_synthetic
BGW-020,62.03,825.7,6.283,113.72,51.2,1.0,3690.3,3086.9,2.875,0.979,16175.6,0.7715,16189.0,77.13,1.3953,0.038752,251.3,True,physics_simulated_synthetic
BGW-020,50.23,900.3,3.87,94.1,40.25,1.0,3690.3,3086.9,2.875,0.934,16066.0,0.8145,15878.0,80.5,1.6679,0.031452,105.1,True,physics_simulated_synthetic
BGW-020,2300.71,213.8,7.875,109.27,47.01,1.0,3690.3,3086.9,2.875,0.977,16180.6,0.4807,16497.4,40.76,2.9303,0.037947,146.84,True,physics_simulated_synthetic
BGW-020,193.19,820.7,7.716,96.19,42.78,1.0,3690.3,3086.9,2.875,0.928,16065.6,0.6912,16173.2,69.06,1.8636,0.032746,195.22,True,physics_simulated_synthetic
BGW-020,170.55,246.7,3.604,130.06,31.75,1.0,3690.3,3086.9,2.875,0.946,16094.2,0.7548,16338.7,75.24,2.3283,0.04473,99.7,True,physics_simulated_synthetic
BGW-020,70.34,963.2,4.917,84.99,38.54,1.0,3690.3,3086.9,2.875,0.943,16087.9,0.7861,16257.1,77.56,1.8513,0.029083,111.23,True,physics_simulated_synthetic
BGW-020,253.34,809.6,5.674,93.37,48.86,1.0,3690.3,3086.9,2.875,0.993,16201.2,0.6962,16162.8,68.07,1.654,0.031767,156.94,True,physics_simulated_synthetic
BGW-020,140.17,226.9,3.722,128.63,49.94,1.0,3690.3,3086.9,2.875,0.991,16194.3,0.7666,16212.0,77.11,1.433,0.043896,164.19,True,physics_simulated_synthetic
BGW-020,8129.13,1014.6,5.206,126.46,51.44,1.0,3690.3,3086.9,2.875,0.917,16034.4,0.4155,16899.6,26.03,4.2964,0.044985,78.49,True,physics_simulated_synthetic
BGW-020,15637.89,1011.6,3.421,138.83,35.4,1.0,3690.3,3086.9,2.875,0.972,16151.3,0.3922,16924.6,26.32,6.1839,0.049461,39.4,True,physics_simulated_synthetic
BGW-020,165.18,1061.6,5.106,79.17,40.62,1.0,3690.3,3086.9,2.875,0.941,16082.3,0.736,16125.0,74.93,1.8031,0.026872,109.59,True,physics_simulated_synthetic
BGW-020,268.22,308.3,7.056,107.42,47.58,1.0,3690.3,3086.9,2.875,0.918,16043.6,0.6745,16204.4,65.0,1.7835,0.036641,208.76,True,physics_simulated_synthetic
BGW-020,2688.72,265.8,7.24,68.85,47.16,1.0,3690.3,3086.9,2.875,0.912,16024.2,0.4741,16416.2,39.01,3.0375,0.02379,81.65,True,physics_simulated_synthetic
BGW-020,6891.28,1155.1,6.925,126.87,53.18,1.0,3690.3,3086.9,2.875,0.931,16075.7,0.4125,16699.1,30.34,3.5224,0.044596,126.26,True,physics_simulated_synthetic
BGW-020,9152.12,929.8,7.233,121.98,59.43,1.0,3690.3,3086.9,2.875,0.953,16124.6,0.3937,16661.8,24.09,3.9605,0.042783,112.51,True,physics_simulated_synthetic
BGW-020,895.04,309.1,5.774,110.57,37.53,1.0,3690.3,3086.9,2.875,0.913,16027.6,0.5815,16221.4,53.89,2.7299,0.037754,114.99,True,physics_simulated_synthetic
BGW-020,1848.7,1069.2,7.557,88.87,48.71,1.0,3690.3,3086.9,2.875,0.942,16096.5,0.5008,16434.1,42.56,2.6981,0.030745,124.0,True,physics_simulated_synthetic
BGW-020,269.76,569.3,4.116,101.07,54.27,1.0,3690.3,3086.9,2.875,0.959,16122.4,0.7115,16051.6,66.79,1.5074,0.034149,134.26,True,physics_simulated_synthetic
BGW-020,10737.4,1025.2,6.325,83.98,36.62,1.0,3690.3,3086.9,2.875,0.983,16180.9,0.3912,17065.1,23.49,6.7531,0.030165,40.68,True,physics_simulated_synthetic
BGW-020,59.7,298.4,6.391,88.56,42.82,1.0,3690.3,3086.9,2.875,0.922,16045.2,0.7714,16026.1,76.74,1.66,0.029877,165.65,True,physics_simulated_synthetic
BGW-020,110.64,1067.6,6.456,112.45,35.06,1.0,3690.3,3086.9,2.875,0.978,16174.1,0.7425,16228.9,73.32,2.1487,0.038413,166.21,True,physics_simulated_synthetic
BGW-020,2576.07,893.3,2.611,118.27,42.74,1.0,3690.3,3086.9,2.875,0.991,16191.2,0.5204,16594.5,47.87,2.7609,0.041313,56.26,True,physics_simulated_synthetic
BGW-020,1155.33,1092.8,5.835,96.01,51.98,1.0,3690.3,3086.9,2.875,0.962,16133.5,0.5575,16596.7,51.23,2.1214,0.033543,132.86,True,physics_simulated_synthetic
BGW-020,235.54,420.1,4.583,125.35,46.85,1.0,3690.3,3086.9,2.875,0.982,16176.8,0.7164,16155.7,74.8,1.5692,0.04263,179.29,True,physics_simulated_synthetic
BGW-020,3607.31,965.3,5.085,79.14,50.74,1.0,3690.3,3086.9,2.875,0.957,16118.3,0.4707,16749.5,38.65,2.9072,0.027904,70.28,True,physics_simulated_synthetic
BGW-020,4606.59,1106.8,3.013,99.61,53.4,1.0,3690.3,3086.9,2.875,0.955,16110.0,0.4713,16612.6,37.79,2.8022,0.034834,53.93,True,physics_simulated_synthetic
BGW-020,1272.68,890.9,4.665,72.69,42.48,1.0,3690.3,3086.9,2.875,0.976,16160.3,0.5609,16376.3,49.86,2.6317,0.025056,63.95,True,physics_simulated_synthetic
BGW-020,741.11,1117.9,3.663,108.39,40.52,1.0,3690.3,3086.9,2.875,0.975,16156.2,0.6231,16419.6,57.99,2.3787,0.037464,83.08,True,physics_simulated_synthetic
BGW-020,7629.74,1033.8,4.18,69.03,43.08,1.0,3690.3,3086.9,2.875,0.927,16049.6,0.4275,16605.6,32.22,4.072,0.024131,35.67,True,physics_simulated_synthetic
BGW-020,2957.08,256.5,3.449,130.91,58.71,1.0,3690.3,3086.9,2.875,0.996,16204.8,0.5009,16597.8,44.61,2.1573,0.045738,105.29,True,physics_simulated_synthetic
BGW-020,74.51,273.1,3.993,119.44,51.52,1.0,3690.3,3086.9,2.875,0.939,16077.9,0.7973,16134.1,79.77,1.3362,0.040563,174.55,True,physics_simulated_synthetic
BGW-020,86.82,1118.0,4.425,81.85,40.55,1.0,3690.3,3086.9,2.875,0.941,16081.4,0.7837,16000.0,77.42,1.7347,0.027566,101.24,True,physics_simulated_synthetic
BGW-020,3105.11,656.6,7.639,83.02,43.54,1.0,3690.3,3086.9,2.875,0.964,16143.4,0.4601,16254.2,38.96,3.2614,0.028405,95.8,True,physics_simulated_synthetic
BGW-020,2559.19,1181.4,6.365,108.27,32.72,1.0,3690.3,3086.9,2.875,0.954,16121.0,0.4855,16593.9,41.1,4.1996,0.037819,82.54,True,physics_simulated_synthetic
BGW-020,123.92,379.7,3.401,118.54,56.92,1.0,3690.3,3086.9,2.875,0.963,16129.1,0.7792,16171.4,76.6,1.2625,0.040353,156.55,True,physics_simulated_synthetic
BGW-020,4375.7,559.0,5.681,117.79,32.61,1.0,3690.3,3086.9,2.875,0.956,16123.6,0.4518,16602.8,36.17,4.7917,0.041166,70.28,True,physics_simulated_synthetic
BGW-020,129.14,384.7,2.629,130.21,44.52,1.0,3690.3,3086.9,2.875,0.996,16201.0,0.7883,16348.0,79.09,1.5805,0.044809,107.32,True,physics_simulated_synthetic
BGW-020,229.48,370.8,2.649,140.7,30.82,1.0,3690.3,3086.9,2.875,0.958,16117.7,0.7455,16170.8,74.24,2.4057,0.047893,75.94,True,physics_simulated_synthetic
BGW-020,101.49,777.0,5.807,107.59,37.18,1.0,3690.3,3086.9,2.875,0.923,16049.0,0.756,16074.1,72.79,2.0217,0.036403,150.57,True,physics_simulated_synthetic
BGW-020,328.3,712.3,3.777,117.31,57.15,1.0,3690.3,3086.9,2.875,0.934,16065.9,0.6989,16022.2,68.85,1.3859,0.039565,155.29,True,physics_simulated_synthetic
BGW-020,671.97,1010.1,7.442,112.68,43.97,1.0,3690.3,3086.9,2.875,0.996,16220.7,0.5901,16318.9,56.02,2.2553,0.038706,183.92,True,physics_simulated_synthetic
BGW-020,7510.65,1174.4,7.707,118.16,53.87,1.0,3690.3,3086.9,2.875,0.939,16097.0,0.4017,16779.6,26.61,3.9839,0.041733,116.25,True,physics_simulated_synthetic
BGW-020,111.38,440.2,7.877,136.59,37.85,1.0,3690.3,3086.9,2.875,0.963,16152.7,0.7235,16351.5,72.38,2.0314,0.047014,262.51,True,physics_simulated_synthetic
BGW-020,1606.74,913.4,6.96,96.14,51.85,1.0,3690.3,3086.9,2.875,0.998,16219.0,0.5178,16480.6,47.52,2.2764,0.033354,146.85,True,physics_simulated_synthetic
BGW-020,85.2,716.1,7.058,73.31,51.74,1.0,3690.3,3086.9,2.875,0.936,16078.1,0.7476,16010.7,77.65,1.3565,0.024706,185.12,True,physics_simulated_synthetic
BGW-020,56.68,954.1,3.899,134.88,48.63,1.0,3690.3,3086.9,2.875,0.942,16086.3,0.8099,16183.3,81.56,1.3887,0.045946,185.76,True,physics_simulated_synthetic
BGW-020,326.32,1093.7,5.391,98.63,49.79,1.0,3690.3,3086.9,2.875,0.936,16073.9,0.6786,16205.9,64.3,1.723,0.033647,151.6,True,physics_simulated_synthetic
BGW-020,127.97,572.3,5.737,92.52,33.21,1.0,3690.3,3086.9,2.875,0.954,16115.0,0.7439,16143.7,71.36,2.3189,0.031441,112.02,True,physics_simulated_synthetic
BGW-020,1920.58,1133.8,5.124,108.47,43.04,1.0,3690.3,3086.9,2.875,0.9,15995.0,0.5202,16080.7,48.44,2.6253,0.036716,103.19,True,physics_simulated_synthetic
BGW-020,14570.58,644.3,4.223,130.92,50.52,1.0,3690.3,3086.9,2.875,0.985,16184.1,0.39,17106.1,23.48,4.9083,0.047142,58.4,True,physics_simulated_synthetic
BGW-020,853.31,1149.2,3.76,85.66,34.52,1.0,3690.3,3086.9,2.875,0.916,16024.8,0.6084,16011.7,57.04,2.7678,0.028871,56.48,True,physics_simulated_synthetic
BGW-020,9109.16,1089.6,2.535,72.43,33.54,1.0,3690.3,3086.9,2.875,0.902,15992.2,0.43,16896.0,28.33,6.0528,0.02576,15.54,True,physics_simulated_synthetic
BGW-020,128.05,1074.6,4.258,118.85,58.72,1.0,3690.3,3086.9,2.875,0.943,16088.1,0.7646,16227.2,73.58,1.2785,0.040598,194.72,True,physics_simulated_synthetic
BGW-020,192.25,498.1,7.874,76.52,41.62,1.0,3690.3,3086.9,2.875,0.939,16088.5,0.6897,16098.0,68.7,1.9165,0.025929,153.41,True,physics_simulated_synthetic
BGW-020,154.54,1096.3,4.212,127.79,50.27,1.0,3690.3,3086.9,2.875,0.997,16208.0,0.753,16101.4,75.3,1.4478,0.043313,181.43,True,physics_simulated_synthetic
BGW-020,32101.48,486.1,6.774,137.44,33.89,1.0,3690.3,3086.9,2.875,0.969,16162.1,0.3359,17268.8,11.25,15.4171,0.049961,31.61,True,physics_simulated_synthetic
BGW-020,92.05,764.4,5.461,116.25,36.19,1.0,3690.3,3086.9,2.875,0.978,16169.3,0.7659,16531.6,75.84,2.0499,0.040452,155.18,True,physics_simulated_synthetic
BGW-020,16285.88,762.5,5.974,111.56,31.19,1.0,3690.3,3086.9,2.875,0.994,16209.4,0.3719,17064.8,20.96,8.8854,0.040075,38.8,True,physics_simulated_synthetic
BGW-020,2679.26,391.2,3.466,110.52,55.62,1.0,3690.3,3086.9,2.875,0.939,16077.0,0.5087,16606.8,43.84,2.3185,0.038634,83.16,True,physics_simulated_synthetic
BGW-020,263.52,398.9,6.001,130.05,40.75,1.0,3690.3,3086.9,2.875,0.911,16025.7,0.6889,16053.1,66.5,2.0162,0.043944,188.35,True,physics_simulated_synthetic
BGW-020,3083.66,876.3,5.191,96.27,34.32,1.0,3690.3,3086.9,2.875,0.999,16215.0,0.4815,16546.7,41.86,3.9194,0.033532,63.96,True,physics_simulated_synthetic
BGW-020,4844.98,1107.7,2.905,101.35,33.64,1.0,3690.3,3086.9,2.875,0.971,16146.2,0.4687,16596.7,36.81,4.5613,0.035406,32.47,True,physics_simulated_synthetic
BGW-020,7469.43,791.5,3.759,114.93,34.49,1.0,3690.3,3086.9,2.875,0.951,16104.9,0.4322,16803.6,29.88,5.5502,0.04065,39.64,True,physics_simulated_synthetic
BGW-020,55.19,605.2,5.923,101.17,42.03,1.0,3690.3,3086.9,2.875,0.999,16218.1,0.7808,16411.0,79.21,1.6778,0.03495,177.68,True,physics_simulated_synthetic
BGW-020,781.58,880.0,3.728,85.16,49.4,1.0,3690.3,3086.9,2.875,0.92,16034.5,0.6172,16445.1,57.17,1.9818,0.02948,79.86,True,physics_simulated_synthetic
BGW-020,87.62,1069.9,3.453,128.71,41.92,1.0,3690.3,3086.9,2.875,0.934,16065.9,0.7978,15916.7,81.29,1.5898,0.043123,134.89,True,physics_simulated_synthetic
BGW-020,260.81,838.7,7.458,86.33,37.06,1.0,3690.3,3086.9,2.875,0.903,16007.8,0.6719,16257.5,69.6,2.1451,0.029544,147.91,True,physics_simulated_synthetic
BGW-020,1671.63,258.4,6.694,88.09,47.03,1.0,3690.3,3086.9,2.875,0.934,16075.2,0.517,16470.4,43.21,2.7587,0.030539,106.71,True,physics_simulated_synthetic
BGW-020,3179.03,256.1,4.514,65.37,34.93,1.0,3690.3,3086.9,2.875,0.913,16019.4,0.4853,16549.6,40.13,4.0193,0.022774,36.83,True,physics_simulated_synthetic
BGW-020,7931.35,225.1,5.777,125.11,53.93,1.0,3690.3,3086.9,2.875,0.979,16176.6,0.4126,16920.1,26.48,4.0332,0.044561,91.91,True,physics_simulated_synthetic
BGW-020,1200.38,614.3,2.628,122.16,34.66,1.0,3690.3,3086.9,2.875,0.979,16163.8,0.5887,16298.3,55.22,2.8986,0.04191,54.72,True,physics_simulated_synthetic
BGW-020,2127.22,787.3,7.974,136.54,56.59,1.0,3690.3,3086.9,2.875,0.937,16097.3,0.4859,16425.1,40.84,2.4194,0.047208,224.06,True,physics_simulated_synthetic
BGW-020,2972.57,804.9,6.713,96.37,48.38,1.0,3690.3,3086.9,2.875,0.967,16149.8,0.471,16381.4,38.64,2.9831,0.033232,107.69,True,physics_simulated_synthetic
BGW-020,69.07,804.7,6.905,137.92,56.07,1.0,3690.3,3086.9,2.875,0.909,16026.1,0.7587,16081.8,77.56,1.2588,0.046689,368.78,True,physics_simulated_synthetic
BGW-020,3852.63,641.9,3.305,79.13,33.06,1.0,3690.3,3086.9,2.875,0.944,16085.5,0.4818,16941.8,37.18,4.6914,0.02822,28.63,True,physics_simulated_synthetic
BGW-020,3253.35,905.9,6.342,137.82,51.48,1.0,3690.3,3086.9,2.875,0.921,16051.8,0.4675,16669.4,35.95,3.0654,0.048358,144.07,True,physics_simulated_synthetic
BGW-020,179.78,452.7,2.709,86.87,31.0,1.0,3690.3,3086.9,2.875,0.949,16096.4,0.764,16295.9,76.91,2.3267,0.029799,49.97,True,physics_simulated_synthetic
BGW-020,7136.9,642.6,2.949,131.09,43.02,1.0,3690.3,3086.9,2.875,0.923,16040.8,0.4419,16840.8,30.21,4.4098,0.046472,44.76,True,physics_simulated_synthetic
BGW-020,620.9,451.1,3.963,83.33,36.14,1.0,3690.3,3086.9,2.875,0.915,16021.7,0.6366,16358.5,61.37,2.5105,0.028695,65.23,True,physics_simulated_synthetic
BGW-020,11491.96,662.4,5.561,77.54,45.0,1.0,3690.3,3086.9,2.875,0.934,16068.3,0.393,17150.1,23.76,5.4605,0.027992,41.05,True,physics_simulated_synthetic
BGW-020,218.88,816.4,5.111,72.79,47.15,1.0,3690.3,3086.9,2.875,0.92,16035.9,0.7152,16010.8,69.9,1.6534,0.024531,109.19,True,physics_simulated_synthetic
BGW-020,198.88,629.6,3.088,105.38,34.84,1.0,3690.3,3086.9,2.875,0.91,16009.9,0.7507,15983.4,73.16,2.1346,0.035455,73.85,True,physics_simulated_synthetic
BGW-020,12295.74,505.5,6.459,126.38,53.59,1.0,3690.3,3086.9,2.875,0.913,16033.4,0.383,17015.4,20.6,5.245,0.045267,80.28,True,physics_simulated_synthetic
BGW-020,424.98,539.1,5.144,96.37,46.39,1.0,3690.3,3086.9,2.875,0.978,16166.8,0.658,16202.0,64.6,1.8403,0.032867,132.3,True,physics_simulated_synthetic
BGW-020,18076.53,732.6,7.859,106.73,54.79,1.0,3690.3,3086.9,2.875,0.911,16031.7,0.3546,17100.4,18.3,5.8044,0.038419,74.91,True,physics_simulated_synthetic
BGW-020,234.28,498.3,6.412,101.8,33.79,1.0,3690.3,3086.9,2.875,0.91,16021.3,0.6931,16202.1,66.82,2.4424,0.034719,131.24,True,physics_simulated_synthetic
BGW-020,254.22,519.8,5.325,82.04,38.61,1.0,3690.3,3086.9,2.875,0.913,16021.3,0.7005,16001.4,70.46,2.0024,0.027633,105.83,True,physics_simulated_synthetic
BGW-020,33935.27,1006.5,6.337,121.99,43.89,1.0,3690.3,3086.9,2.875,0.96,16135.2,0.3363,17343.5,11.66,11.5361,0.044534,35.23,True,physics_simulated_synthetic
BGW-020,663.05,875.9,5.106,139.67,43.33,1.0,3690.3,3086.9,2.875,0.903,16004.1,0.6169,16270.3,61.22,2.0877,0.047836,168.48,True,physics_simulated_synthetic
BGW-020,3810.83,267.9,6.512,96.85,51.54,1.0,3690.3,3086.9,2.875,0.95,16109.6,0.4546,16760.4,36.14,3.063,0.034167,104.6,True,physics_simulated_synthetic
BGW-020,15052.22,599.7,4.956,111.32,51.26,1.0,3690.3,3086.9,2.875,0.908,16011.6,0.383,17059.1,21.58,5.2495,0.039975,54.34,True,physics_simulated_synthetic
BGW-020,8615.39,934.2,4.284,105.47,54.48,1.0,3690.3,3086.9,2.875,0.971,16149.9,0.4192,16880.8,28.21,3.7393,0.037479,61.83,True,physics_simulated_synthetic
BGW-020,86.03,397.1,4.959,138.7,50.3,1.0,3690.3,3086.9,2.875,0.903,16003.8,0.7764,15975.7,73.37,1.4733,0.046642,226.08,True,physics_simulated_synthetic
BGW-020,1722.38,796.3,3.5,112.66,47.57,1.0,3690.3,3086.9,2.875,0.982,16173.3,0.5459,16491.1,48.82,2.4169,0.039107,81.54,True,physics_simulated_synthetic
BGW-020,998.66,289.6,7.03,125.29,30.95,1.0,3690.3,3086.9,2.875,0.956,16131.0,0.5586,16486.4,51.09,3.5488,0.043479,124.02,True,physics_simulated_synthetic
BGW-020,670.03,260.6,5.239,91.06,47.0,1.0,3690.3,3086.9,2.875,0.96,16126.4,0.6144,16233.7,58.5,2.0096,0.031115,116.81,True,physics_simulated_synthetic
BGW-020,228.65,499.6,7.993,89.7,47.96,1.0,3690.3,3086.9,2.875,0.945,16103.4,0.6756,16079.1,67.58,1.6888,0.03036,206.92,True,physics_simulated_synthetic
BGW-020,70.34,1053.1,4.087,123.26,35.25,1.0,3690.3,3086.9,2.875,0.968,16142.5,0.7984,16167.4,77.08,2.0255,0.041947,121.89,True,physics_simulated_synthetic
BGW-020,197.25,311.9,2.783,123.85,38.33,1.0,3690.3,3086.9,2.875,0.993,16194.7,0.7558,16144.2,75.19,1.9068,0.042087,88.44,True,physics_simulated_synthetic
BGW-020,456.48,480.8,6.769,115.84,39.08,1.0,3690.3,3086.9,2.875,0.952,16118.8,0.6324,16172.5,59.1,2.3835,0.039434,161.27,True,physics_simulated_synthetic
BGW-020,73.49,868.5,5.69,95.49,53.71,1.0,3690.3,3086.9,2.875,0.916,16030.9,0.7731,16139.4,72.99,1.4014,0.032439,189.65,True,physics_simulated_synthetic
BGW-020,3670.07,823.6,5.262,104.25,36.16,1.0,3690.3,3086.9,2.875,0.969,16148.4,0.4679,16615.2,37.55,4.1654,0.03646,66.33,True,physics_simulated_synthetic
BGW-020,129.81,534.8,5.341,121.69,52.91,1.0,3690.3,3086.9,2.875,0.983,16181.4,0.7485,16130.4,75.59,1.373,0.041318,231.44,True,physics_simulated_synthetic
BGW-020,415.54,914.8,3.621,128.03,49.2,1.0,3690.3,3086.9,2.875,0.935,16068.6,0.6793,16231.3,66.95,1.6772,0.043745,135.99,True,physics_simulated_synthetic
BGW-020,840.71,1123.3,4.929,93.39,47.26,1.0,3690.3,3086.9,2.875,0.911,16016.9,0.5965,16294.7,55.45,2.1164,0.032033,107.42,True,physics_simulated_synthetic
BGW-020,759.28,789.8,6.67,136.13,33.4,1.0,3690.3,3086.9,2.875,0.947,16109.7,0.5871,16138.6,57.35,2.8675,0.046244,154.9,True,physics_simulated_synthetic
BGW-020,33079.03,803.4,4.63,114.6,30.51,1.0,3690.3,3086.9,2.875,0.917,16032.3,0.3481,17000.5,16.21,11.6975,0.04101,23.37,True,physics_simulated_synthetic
BGW-020,8186.58,280.0,2.743,122.35,50.88,1.0,3690.3,3086.9,2.875,0.959,16120.4,0.4349,16789.2,29.79,3.7699,0.043239,45.3,True,physics_simulated_synthetic
BGW-020,929.41,1023.6,5.907,142.62,32.11,1.0,3690.3,3086.9,2.875,0.972,16163.7,0.5766,16323.4,53.5,3.2341,0.049004,128.9,True,physics_simulated_synthetic
BGW-020,250.97,321.4,5.598,109.96,32.95,1.0,3690.3,3086.9,2.875,0.989,16195.2,0.698,16284.1,71.01,2.3688,0.037692,128.27,True,physics_simulated_synthetic
BGW-020,783.77,743.3,2.773,96.88,30.85,1.0,3690.3,3086.9,2.875,0.964,16131.2,0.6284,16358.4,57.36,3.1469,0.033359,42.33,True,physics_simulated_synthetic
BGW-020,2238.2,474.3,2.856,132.87,54.54,1.0,3690.3,3086.9,2.875,0.999,16209.5,0.5297,16632.9,43.47,2.3877,0.046519,80.12,True,physics_simulated_synthetic
BGW-020,73.83,585.4,7.437,100.93,34.58,1.0,3690.3,3086.9,2.875,0.998,16221.8,0.7488,16279.2,76.01,2.108,0.034586,175.71,True,physics_simulated_synthetic
BGW-020,9819.9,1128.4,3.798,66.22,37.24,1.0,3690.3,3086.9,2.875,0.907,16004.0,0.4152,16820.3,25.12,6.1193,0.023445,20.95,True,physics_simulated_synthetic
BGW-020,27050.51,212.2,2.748,89.51,55.98,1.0,3690.3,3086.9,2.875,0.991,16191.0,0.37,17260.6,19.18,5.4705,0.03252,23.53,True,physics_simulated_synthetic
BGW-020,4118.9,363.8,2.999,131.35,52.05,1.0,3690.3,3086.9,2.875,0.968,16140.9,0.4796,16597.6,36.83,2.9475,0.04589,67.24,True,physics_simulated_synthetic
BGW-020,111.23,381.9,3.524,110.74,31.89,1.0,3690.3,3086.9,2.875,0.985,16179.0,0.7838,16171.1,80.71,2.1385,0.037695,89.45,True,physics_simulated_synthetic
BGW-020,1229.54,979.6,2.798,141.46,37.53,1.0,3690.3,3086.9,2.875,0.911,16014.7,0.5845,16325.9,50.35,2.9409,0.048614,66.61,True,physics_simulated_synthetic
BGW-020,153.97,1063.2,3.279,139.07,53.01,1.0,3690.3,3086.9,2.875,0.905,16001.6,0.7668,15785.5,74.47,1.361,0.046209,160.3,True,physics_simulated_synthetic
BGW-020,430.58,610.8,7.001,82.07,55.72,1.0,3690.3,3086.9,2.875,0.941,16089.9,0.635,16160.2,61.76,1.5984,0.027919,176.09,True,physics_simulated_synthetic
BGW-020,5367.71,999.8,6.621,92.08,55.5,1.0,3690.3,3086.9,2.875,0.905,16009.3,0.4305,16648.1,30.78,3.3175,0.03227,92.74,True,physics_simulated_synthetic
BGW-020,786.73,361.3,5.598,142.02,35.41,1.0,3690.3,3086.9,2.875,0.976,16168.7,0.5954,16248.2,56.98,2.741,0.048572,142.85,True,physics_simulated_synthetic
BGW-020,6159.38,280.5,6.053,80.28,45.7,1.0,3690.3,3086.9,2.875,0.95,16106.1,0.4261,16756.8,33.3,3.7475,0.028318,65.87,True,physics_simulated_synthetic
BGW-020,554.88,228.5,6.426,85.98,38.72,1.0,3690.3,3086.9,2.875,0.958,16125.2,0.6186,16376.5,59.66,2.413,0.02964,113.66,True,physics_simulated_synthetic
BGW-020,18678.71,724.7,5.823,131.23,48.13,1.0,3690.3,3086.9,2.875,0.906,16015.2,0.3662,16929.6,19.86,6.0283,0.046766,65.04,True,physics_simulated_synthetic
BGW-020,8842.6,536.7,7.174,109.18,46.48,1.0,3690.3,3086.9,2.875,0.992,16210.0,0.396,17074.8,25.82,4.8425,0.039243,83.72,True,physics_simulated_synthetic
BGW-020,9150.54,312.7,4.607,119.45,53.42,1.0,3690.3,3086.9,2.875,0.961,16130.5,0.4131,16652.4,27.45,3.8653,0.04187,71.86,True,physics_simulated_synthetic
BGW-020,6326.32,559.3,2.575,89.75,34.55,1.0,3690.3,3086.9,2.875,0.944,16085.0,0.4531,16669.9,31.51,5.2118,0.031493,22.4,True,physics_simulated_synthetic
BGW-020,1109.27,875.5,4.255,73.78,57.13,1.0,3690.3,3086.9,2.875,0.996,16204.1,0.5779,16420.3,53.96,1.8132,0.0255,86.16,True,physics_simulated_synthetic
BGW-020,404.44,699.1,5.609,96.7,46.24,1.0,3690.3,3086.9,2.875,0.993,16202.1,0.6569,16254.4,64.99,1.8409,0.033085,145.16,True,physics_simulated_synthetic
BGW-020,22049.17,1030.9,3.6,137.73,36.07,1.0,3690.3,3086.9,2.875,0.971,16149.5,0.3736,17325.2,17.97,9.0973,0.050228,28.62,True,physics_simulated_synthetic
BGW-020,10701.79,987.2,5.114,123.52,50.77,1.0,3690.3,3086.9,2.875,0.95,16108.4,0.4002,16917.7,24.89,4.557,0.043988,71.09,True,physics_simulated_synthetic
BGW-020,6509.56,406.2,3.71,118.67,48.52,1.0,3690.3,3086.9,2.875,0.917,16029.7,0.4415,16703.6,33.61,3.4868,0.041727,63.94,True,physics_simulated_synthetic
BGW-020,1466.3,667.0,2.959,136.07,37.04,1.0,3690.3,3086.9,2.875,0.919,16030.9,0.5662,16467.7,53.81,2.8124,0.047167,71.46,True,physics_simulated_synthetic
BGW-020,156.53,427.5,6.334,82.51,41.04,1.0,3690.3,3086.9,2.875,0.952,16110.8,0.7232,16244.7,68.3,1.9724,0.028213,130.48,True,physics_simulated_synthetic
BGW-020,120.02,1143.4,4.491,136.51,41.61,1.0,3690.3,3086.9,2.875,0.942,16088.3,0.7652,16023.2,78.51,1.6696,0.046043,178.33,True,physics_simulated_synthetic
BGW-020,179.19,803.8,6.753,71.56,32.19,1.0,3690.3,3086.9,2.875,0.975,16163.5,0.7086,16261.8,71.06,2.4195,0.024496,98.46,True,physics_simulated_synthetic
BGW-020,21014.5,595.0,2.981,89.56,57.99,1.0,3690.3,3086.9,2.875,0.941,16079.9,0.3804,17118.4,18.92,5.3116,0.032273,26.08,True,physics_simulated_synthetic
BGW-020,7058.59,728.5,6.875,133.08,49.43,1.0,3690.3,3086.9,2.875,0.964,16150.4,0.4114,16760.2,27.28,4.2312,0.046951,109.85,True,physics_simulated_synthetic
BGW-020,310.15,910.2,4.63,125.71,54.9,1.0,3690.3,3086.9,2.875,0.967,16144.2,0.6927,16199.3,66.5,1.5102,0.042867,189.23,True,physics_simulated_synthetic
BGW-020,37621.08,265.2,5.376,72.74,59.79,1.0,3690.3,3086.9,2.875,0.939,16078.8,0.338,17019.5,10.06,9.6301,0.02606,20.95,True,physics_simulated_synthetic
BGW-020,972.39,844.1,6.384,141.01,33.05,1.0,3690.3,3086.9,2.875,0.943,16101.1,0.5675,15980.4,52.89,3.112,0.047432,140.12,True,physics_simulated_synthetic
BGW-020,285.77,919.1,5.555,86.33,59.22,1.0,3690.3,3086.9,2.875,0.964,16136.9,0.6878,16127.5,67.36,1.376,0.029307,170.37,True,physics_simulated_synthetic
BGW-020,77.56,833.0,3.541,68.74,45.46,1.0,3690.3,3086.9,2.875,0.937,16070.4,0.8024,15997.9,79.5,1.5068,0.023148,78.33,True,physics_simulated_synthetic
BGW-020,3140.15,391.4,6.512,88.71,44.98,1.0,3690.3,3086.9,2.875,0.97,16154.7,0.4686,16584.3,35.89,3.4967,0.030969,83.06,True,physics_simulated_synthetic
BGW-020,15244.53,476.0,6.42,135.53,37.48,1.0,3690.3,3086.9,2.875,0.905,16015.8,0.3722,16892.3,20.68,7.4171,0.048192,60.06,True,physics_simulated_synthetic
BGW-020,5106.97,314.4,3.636,136.64,32.03,1.0,3690.3,3086.9,2.875,0.98,16170.2,0.4585,16627.9,36.65,4.8219,0.047825,51.93,True,physics_simulated_synthetic
BGW-020,1783.32,716.6,3.13,64.08,30.16,1.0,3690.3,3086.9,2.875,0.996,16201.4,0.5467,16551.0,44.21,4.2252,0.022325,23.81,True,physics_simulated_synthetic
BGW-020,2595.61,363.4,4.795,80.72,56.61,1.0,3690.3,3086.9,2.875,0.979,16168.4,0.4986,16422.9,43.9,2.2494,0.027904,85.66,True,physics_simulated_synthetic
BGW-020,6469.73,298.7,7.241,106.66,39.49,1.0,3690.3,3086.9,2.875,0.959,16135.7,0.414,16679.8,31.83,4.5155,0.037451,86.48,True,physics_simulated_synthetic
BGW-020,893.46,364.0,5.845,83.78,44.81,1.0,3690.3,3086.9,2.875,0.962,16132.1,0.5809,16246.0,55.67,2.2169,0.02865,108.77,True,physics_simulated_synthetic
BGW-020,9443.9,829.7,4.755,142.34,43.32,1.0,3690.3,3086.9,2.875,0.958,16126.1,0.4101,16776.1,28.04,4.7012,0.050263,73.2,True,physics_simulated_synthetic
BGW-020,399.86,1132.3,7.783,116.03,35.51,1.0,3690.3,3086.9,2.875,0.978,16182.8,0.6326,16164.1,62.64,2.4738,0.039479,178.87,True,physics_simulated_synthetic
BGW-020,19611.73,945.1,7.561,71.0,36.93,1.0,3690.3,3086.9,2.875,0.959,16131.1,0.3527,17206.7,13.48,11.7644,0.025717,23.8,True,physics_simulated_synthetic
BGW-020,1030.54,752.9,6.395,120.8,57.68,1.0,3690.3,3086.9,2.875,0.907,16018.3,0.5621,16248.2,52.82,1.8154,0.041318,209.6,True,physics_simulated_synthetic
BGW-020,4229.96,1117.0,3.245,143.86,45.07,1.0,3690.3,3086.9,2.875,0.993,16198.3,0.4754,16396.8,39.99,3.0965,0.049654,74.93,True,physics_simulated_synthetic
BGW-020,76.89,1002.0,4.989,100.03,53.81,1.0,3690.3,3086.9,2.875,0.958,16122.8,0.7812,16044.6,77.46,1.3104,0.033782,185.21,True,physics_simulated_synthetic
BGW-020,207.69,1047.5,4.214,64.89,31.07,1.0,3690.3,3086.9,2.875,0.942,16083.1,0.7314,16203.1,71.44,2.4847,0.022131,54.04,True,physics_simulated_synthetic
BGW-020,6086.16,338.9,5.179,71.81,41.01,1.0,3690.3,3086.9,2.875,0.902,15995.6,0.4337,16574.7,31.28,4.3983,0.025054,42.48,True,physics_simulated_synthetic
BGW-021,57.38,919.2,2.689,64.95,35.88,0.75,2804.7,3872.0,3.5,0.939,9986.0,0.8305,10072.5,83.34,1.1467,0.013772,46.5,True,physics_simulated_synthetic
BGW-021,21286.59,320.6,7.319,127.86,42.9,0.75,2804.7,3872.0,3.5,0.976,10162.2,0.3526,10908.5,18.33,4.7211,0.02936,65.55,True,physics_simulated_synthetic
BGW-021,36895.35,983.7,6.937,116.01,33.24,0.75,2804.7,3872.0,3.5,0.987,10206.2,0.3312,11063.2,7.38,15.3545,0.027016,17.58,True,physics_simulated_synthetic
BGW-021,373.61,669.0,7.82,91.22,38.81,0.75,2804.7,3872.0,3.5,0.935,9980.6,0.6422,10065.3,62.86,1.4042,0.019328,154.99,True,physics_simulated_synthetic
BGW-021,86.95,322.8,5.495,114.43,45.06,0.75,2804.7,3872.0,3.5,0.961,10088.6,0.7718,10214.8,76.77,1.0051,0.024605,193.7,True,physics_simulated_synthetic
BGW-021,74.58,381.3,7.597,112.86,38.92,0.75,2804.7,3872.0,3.5,0.96,10092.1,0.751,10042.9,74.35,1.1813,0.023859,220.95,True,physics_simulated_synthetic
BGW-021,293.18,223.1,5.27,102.25,57.32,0.75,2804.7,3872.0,3.5,0.953,10052.1,0.6925,10212.0,67.31,0.901,0.021979,185.12,True,physics_simulated_synthetic
BGW-021,3455.04,824.0,6.139,78.66,43.65,0.75,2804.7,3872.0,3.5,0.943,10008.5,0.4672,10341.3,38.31,2.1051,0.017123,71.91,True,physics_simulated_synthetic
BGW-021,30417.17,959.3,2.747,112.22,31.95,0.75,2804.7,3872.0,3.5,0.926,9933.5,0.3655,10619.4,16.86,6.7116,0.025086,14.79,True,physics_simulated_synthetic
BGW-021,1439.03,409.9,6.845,132.38,46.15,0.75,2804.7,3872.0,3.5,0.992,10225.2,0.5313,10429.1,45.17,1.703,0.029061,168.2,True,physics_simulated_synthetic
BGW-021,120.85,1000.9,5.443,104.11,33.94,0.75,2804.7,3872.0,3.5,0.961,10084.5,0.7549,10245.2,74.35,1.3819,0.022451,127.35,True,physics_simulated_synthetic
BGW-021,75.26,521.0,7.176,64.33,36.59,0.75,2804.7,3872.0,3.5,0.962,10090.7,0.756,10038.9,73.93,1.2631,0.013594,111.22,True,physics_simulated_synthetic
BGW-021,25526.59,890.3,4.744,101.21,36.79,0.75,2804.7,3872.0,3.5,0.912,9875.9,0.3603,10545.1,16.21,6.0205,0.022465,25.49,True,physics_simulated_synthetic
BGW-021,257.85,387.6,5.282,92.31,56.22,0.75,2804.7,3872.0,3.5,0.904,9843.4,0.7031,9819.5,70.78,0.8399,0.01908,172.78,True,physics_simulated_synthetic
BGW-021,741.79,408.5,7.439,72.05,53.95,0.75,2804.7,3872.0,3.5,0.932,9964.1,0.5848,10196.9,55.18,1.1659,0.015465,142.09,True,physics_simulated_synthetic
BGW-021,425.54,993.0,7.215,133.03,34.17,0.75,2804.7,3872.0,3.5,0.98,10177.5,0.6374,10375.9,63.52,1.6273,0.029054,185.51,True,physics_simulated_synthetic
BGW-021,208.22,508.9,7.726,132.78,49.31,0.75,2804.7,3872.0,3.5,0.999,10262.6,0.6901,10359.5,67.96,1.0521,0.028954,306.17,True,physics_simulated_synthetic
BGW-021,36746.94,880.1,3.861,81.35,36.77,0.75,2804.7,3872.0,3.5,0.939,9990.1,0.3499,10724.8,11.77,8.437,0.018365,12.1,True,physics_simulated_synthetic
BGW-021,38814.44,701.0,6.508,75.79,46.68,0.75,2804.7,3872.0,3.5,0.92,9913.1,0.3316,10685.3,11.32,6.8814,0.017048,23.22,True,physics_simulated_synthetic
BGW-021,4349.79,275.2,5.88,104.8,55.07,0.75,2804.7,3872.0,3.5,0.945,10020.5,0.4528,10372.7,34.82,1.8413,0.022882,105.22,True,physics_simulated_synthetic
BGW-021,10032.41,1066.9,4.865,81.14,42.14,0.75,2804.7,3872.0,3.5,0.943,10006.2,0.4075,10395.4,27.05,3.1041,0.017756,40.07,True,physics_simulated_synthetic
BGW-021,1255.42,749.0,5.062,139.23,44.63,0.75,2804.7,3872.0,3.5,0.909,9864.5,0.5605,10082.7,50.67,1.5176,0.029549,141.92,True,physics_simulated_synthetic
BGW-021,2480.57,600.8,3.848,99.14,35.84,0.75,2804.7,3872.0,3.5,0.911,9868.9,0.513,10089.8,44.68,2.1444,0.021057,54.41,True,physics_simulated_synthetic
BGW-021,2732.72,572.8,5.81,107.07,33.12,0.75,2804.7,3872.0,3.5,0.983,10182.1,0.4877,10380.0,41.26,2.5854,0.023393,75.7,True,physics_simulated_synthetic
BGW-021,1541.22,441.2,6.906,91.12,40.69,0.75,2804.7,3872.0,3.5,0.91,9870.7,0.5249,9920.3,45.86,1.8096,0.019027,104.57,True,physics_simulated_synthetic
BGW-021,434.04,681.6,7.178,74.53,57.81,0.75,2804.7,3872.0,3.5,0.956,10067.2,0.6361,10229.0,60.77,0.9911,0.016048,167.38,True,physics_simulated_synthetic
BGW-021,62.21,344.5,6.536,108.0,38.88,0.75,2804.7,3872.0,3.5,0.914,9888.2,0.7721,9812.7,77.84,1.1038,0.022309,190.23,True,physics_simulated_synthetic
BGW-021,1751.37,536.8,2.828,95.71,57.17,0.75,2804.7,3872.0,3.5,0.915,9886.1,0.5529,10178.5,49.78,1.2175,0.020507,68.59,True,physics_simulated_synthetic
BGW-021,89.51,700.5,7.448,129.41,34.97,0.75,2804.7,3872.0,3.5,0.968,10126.0,0.7447,10226.3,72.72,1.3687,0.027858,218.29,True,physics_simulated_synthetic
BGW-021,1157.13,507.4,3.141,99.59,49.46,0.75,2804.7,3872.0,3.5,0.921,9909.4,0.588,10121.7,56.49,1.233,0.021218,77.84,True,physics_simulated_synthetic
BGW-021,692.18,405.9,5.671,98.4,47.86,0.75,2804.7,3872.0,3.5,0.941,10000.8,0.6095,10125.5,60.51,1.1899,0.020973,143.94,True,physics_simulated_synthetic
BGW-021,438.23,384.8,5.532,138.41,30.81,0.75,2804.7,3872.0,3.5,0.967,10114.2,0.6536,10120.1,62.05,1.802,0.029484,130.34,True,physics_simulated_synthetic
BGW-021,686.93,747.8,3.865,99.97,46.64,0.75,2804.7,3872.0,3.5,0.949,10032.6,0.6302,10245.3,61.47,1.2164,0.02156,98.65,True,physics_simulated_synthetic
BGW-021,995.11,1052.0,4.34,74.04,45.0,0.75,2804.7,3872.0,3.5,0.952,10043.7,0.5894,10295.2,54.07,1.4404,0.016045,69.62,True,physics_simulated_synthetic
BGW-021,1261.95,898.7,6.733,103.92,50.61,0.75,2804.7,3872.0,3.5,0.973,10143.3,0.5438,10635.1,49.17,1.4546,0.023265,155.06,True,physics_simulated_synthetic
BGW-021,1310.66,940.1,3.699,122.65,43.97,0.75,2804.7,3872.0,3.5,0.962,10087.1,0.5704,10277.7,52.71,1.5095,0.026535,93.63,True,physics_simulated_synthetic
BGW-021,2578.3,718.5,3.639,75.75,33.81,0.75,2804.7,3872.0,3.5,0.997,10234.9,0.5118,10599.1,43.87,2.4321,0.0169,36.41,True,physics_simulated_synthetic
BGW-021,16956.82,975.8,6.63,89.07,31.69,0.75,2804.7,3872.0,3.5,0.993,10224.4,0.3676,10773.6,17.3,6.6873,0.020198,28.84,True,physics_simulated_synthetic
BGW-021,10934.75,225.3,6.711,81.56,49.11,0.75,2804.7,3872.0,3.5,0.907,9859.7,0.3897,10460.0,23.56,3.0768,0.017959,56.41,True,physics_simulated_synthetic
BGW-021,237.77,633.5,3.554,123.08,42.1,0.75,2804.7,3872.0,3.5,0.971,10127.5,0.7321,10228.2,74.77,1.1059,0.026499,122.63,True,physics_simulated_synthetic
BGW-021,2262.12,856.7,3.255,96.53,37.14,0.75,2804.7,3872.0,3.5,0.993,10217.3,0.5263,10445.7,45.16,2.1202,0.021225,46.92,True,physics_simulated_synthetic
BGW-021,15837.4,772.9,7.786,101.56,47.2,0.75,2804.7,3872.0,3.5,0.974,10148.4,0.3637,10848.5,17.75,4.4084,0.023193,58.99,True,physics_simulated_synthetic
BGW-021,2547.8,331.0,5.578,96.69,44.58,0.75,2804.7,3872.0,3.5,0.963,10096.0,0.4952,10194.2,44.64,1.7437,0.020747,95.56,True,physics_simulated_synthetic
BGW-021,1861.41,862.8,6.178,98.57,45.4,0.75,2804.7,3872.0,3.5,0.984,10188.0,0.5155,10305.4,46.12,1.6754,0.021382,113.53,True,physics_simulated_synthetic
BGW-021,6668.87,469.9,2.935,98.74,59.75,0.75,2804.7,3872.0,3.5,0.936,9973.4,0.4477,10383.8,33.43,1.7696,0.021582,51.54,True,physics_simulated_synthetic
BGW-021,3035.76,985.0,4.744,106.92,49.24,0.75,2804.7,3872.0,3.5,0.964,10097.9,0.4887,10338.4,40.54,1.7629,0.023268,90.17,True,physics_simulated_synthetic
BGW-021,38836.55,280.3,3.163,88.45,34.21,0.75,2804.7,3872.0,3.5,0.955,10054.9,0.352,10604.7,11.97,8.8184,0.019745,10.2,True,physics_simulated_synthetic
BGW-021,803.05,1172.5,4.548,74.75,34.82,0.75,2804.7,3872.0,3.5,0.98,10163.7,0.6076,10246.2,58.87,1.7012,0.016123,62.07,True,physics_simulated_synthetic
BGW-021,15480.82,678.6,2.778,79.98,42.79,0.75,2804.7,3872.0,3.5,0.938,9981.4,0.3987,10387.3,22.11,3.7371,0.017487,18.72,True,physics_simulated_synthetic
BGW-021,4132.18,674.6,6.994,122.12,36.2,0.75,2804.7,3872.0,3.5,0.975,10153.7,0.4477,10530.6,35.27,2.807,0.027071,97.12,True,physics_simulated_synthetic
BGW-021,33238.99,938.2,7.776,89.69,35.8,0.75,2804.7,3872.0,3.5,0.935,9983.5,0.3307,10666.6,14.05,7.22,0.020139,31.23,True,physics_simulated_synthetic
BGW-021,6533.57,451.8,6.527,87.89,53.59,0.75,2804.7,3872.0,3.5,0.931,9958.3,0.4211,10315.8,30.74,2.1318,0.019085,84.14,True,physics_simulated_synthetic
BGW-021,59.56,852.5,4.303,116.46,39.05,0.75,2804.7,3872.0,3.5,0.938,9985.7,0.8049,10106.8,77.09,1.1429,0.024776,134.32,True,physics_simulated_synthetic
BGW-021,9239.39,659.2,3.56,113.94,31.56,0.75,2804.7,3872.0,3.5,0.973,10132.7,0.4221,10747.0,31.28,3.705,0.025775,35.66,True,physics_simulated_synthetic
BGW-021,1993.17,370.2,7.776,92.19,58.58,0.75,2804.7,3872.0,3.5,0.941,10009.2,0.496,10269.7,40.73,1.4653,0.01993,152.3,True,physics_simulated_synthetic
BGW-021,314.56,926.1,6.708,97.73,40.78,0.75,2804.7,3872.0,3.5,0.921,9920.9,0.6693,10049.4,65.53,1.2799,0.020674,156.03,True,physics_simulated_synthetic
BGW-021,20861.1,370.2,2.76,106.63,47.25,0.75,2804.7,3872.0,3.5,0.983,10176.2,0.3834,10974.0,19.39,4.0772,0.024633,24.01,True,physics_simulated_synthetic
BGW-021,83.86,1091.0,7.782,134.28,53.07,0.75,2804.7,3872.0,3.5,0.975,10159.7,0.7435,10116.4,72.81,0.891,0.028595,359.63,True,physics_simulated_synthetic
BGW-021,33507.8,362.4,2.662,67.05,35.3,0.75,2804.7,3872.0,3.5,0.949,10027.2,0.3618,10750.8,11.45,9.0562,0.015172,6.42,True,physics_simulated_synthetic
BGW-021,5227.5,469.9,7.861,133.57,48.8,0.75,2804.7,3872.0,3.5,0.941,10013.4,0.4255,10327.6,31.83,2.2634,0.029038,145.23,True,physics_simulated_synthetic
BGW-021,925.45,987.1,5.246,107.55,49.68,0.75,2804.7,3872.0,3.5,0.987,10199.2,0.5867,10297.7,56.89,1.2403,0.023313,142.0,True,physics_simulated_synthetic
BGW-021,5487.18,362.1,5.407,137.2,56.37,0.75,2804.7,3872.0,3.5,0.902,9837.8,0.4407,10385.5,34.17,1.8351,0.029993,127.27,True,physics_simulated_synthetic
BGW-021,18578.93,543.4,3.904,143.27,56.53,0.75,2804.7,3872.0,3.5,0.923,9923.0,0.3812,10490.2,21.07,2.9972,0.031637,59.34,True,physics_simulated_synthetic
BGW-021,21050.2,579.6,2.567,142.09,52.32,0.75,2804.7,3872.0,3.5,0.928,9942.9,0.3843,10494.6,21.29,3.2069,0.03139,36.18,True,physics_simulated_synthetic
BGW-021,730.51,844.7,3.196,133.74,32.78,0.75,2804.7,3872.0,3.5,0.98,10161.9,0.632,10223.8,60.31,1.7599,0.028782,75.26,True,physics_simulated_synthetic
BGW-021,472.52,763.6,5.17,134.73,31.57,0.75,2804.7,3872.0,3.5,0.951,10045.3,0.6509,9910.3,63.3,1.6879,0.028107,123.96,True,physics_simulated_synthetic
BGW-021,3016.41,738.4,2.572,73.68,49.09,0.75,2804.7,3872.0,3.5,0.968,10110.3,0.509,10259.0,40.5,1.7562,0.015911,33.55,True,physics_simulated_synthetic
BGW-021,11420.07,419.6,7.079,93.72,54.23,0.75,2804.7,3872.0,3.5,0.95,10045.2,0.3849,10337.8,20.63,3.1449,0.020394,66.11,True,physics_simulated_synthetic
BGW-021,182.06,1136.6,4.537,125.46,52.28,0.75,2804.7,3872.0,3.5,0.914,9886.6,0.7398,9855.6,72.55,0.8844,0.026028,192.27,True,physics_simulated_synthetic
BGW-021,852.18,1070.6,3.126,134.29,42.83,0.75,2804.7,3872.0,3.5,0.919,9904.2,0.6177,9928.1,58.11,1.3579,0.028065,93.04,True,physics_simulated_synthetic
BGW-021,16241.97,1162.8,7.512,81.73,31.26,0.75,2804.7,3872.0,3.5,0.951,10047.0,0.3641,10520.2,19.38,5.909,0.018099,33.13,True,physics_simulated_synthetic
BGW-021,1442.54,927.8,7.84,68.45,42.63,0.75,2804.7,3872.0,3.5,0.929,9952.2,0.5222,10128.3,47.34,1.7084,0.014594,96.44,True,physics_simulated_synthetic
BGW-021,27100.4,744.2,4.986,109.56,58.0,0.75,2804.7,3872.0,3.5,0.984,10182.8,0.3561,11034.8,14.19,4.5645,0.025449,40.03,True,physics_simulated_synthetic
BGW-021,11421.5,920.4,2.801,121.11,37.97,0.75,2804.7,3872.0,3.5,0.993,10218.3,0.4154,10740.2,27.63,3.4853,0.027381,31.68,True,physics_simulated_synthetic
BGW-021,214.14,612.9,3.716,105.38,59.0,0.75,2804.7,3872.0,3.5,0.927,9937.5,0.7384,10159.8,71.14,0.824,0.022536,146.35,True,physics_simulated_synthetic
BGW-021,15295.27,959.8,6.839,142.07,50.31,0.75,2804.7,3872.0,3.5,0.975,10157.9,0.3714,10681.0,15.81,4.5721,0.031942,68.81,True,physics_simulated_synthetic
BGW-021,5575.55,240.1,7.453,126.81,45.76,0.75,2804.7,3872.0,3.5,0.907,9868.4,0.4243,10254.9,29.14,2.6177,0.027373,112.22,True,physics_simulated_synthetic
BGW-021,194.48,319.0,3.159,93.85,43.83,0.75,2804.7,3872.0,3.5,0.965,10098.7,0.7535,9954.2,76.0,1.0171,0.019665,87.95,True,physics_simulated_synthetic
BGW-021,881.45,1113.9,5.448,83.5,47.83,0.75,2804.7,3872.0,3.5,0.907,9853.6,0.5892,9886.9,54.8,1.2839,0.017379,106.19,True,physics_simulated_synthetic
BGW-021,1217.09,646.3,3.744,125.23,31.78,0.75,2804.7,3872.0,3.5,0.934,9969.8,0.5768,10242.5,54.16,2.0253,0.026999,71.86,True,physics_simulated_synthetic
BGW-021,504.62,552.5,5.631,128.58,48.02,0.75,2804.7,3872.0,3.5,0.9,9830.5,0.6395,9756.7,59.82,1.1561,0.026407,185.19,True,physics_simulated_synthetic
BGW-021,1908.09,1192.4,3.204,128.58,39.87,0.75,2804.7,3872.0,3.5,0.906,9849.8,0.5415,10176.5,48.34,1.7972,0.027543,70.72,True,physics_simulated_synthetic
BGW-021,208.32,502.4,6.772,111.69,51.27,0.75,2804.7,3872.0,3.5,0.991,10219.4,0.7015,10099.8,70.33,0.9533,0.023745,242.88,True,physics_simulated_synthetic
BGW-021,21842.15,704.3,7.815,77.87,37.53,0.75,2804.7,3872.0,3.5,0.993,10229.0,0.3484,10956.2,16.31,6.0921,0.01796,33.18,True,physics_simulated_synthetic
BGW-021,5162.36,338.7,6.536,93.53,43.4,0.75,2804.7,3872.0,3.5,0.908,9863.0,0.4361,10188.6,32.57,2.4533,0.02006,76.96,True,physics_simulated_synthetic
BGW-021,263.76,246.8,7.051,116.32,31.11,0.75,2804.7,3872.0,3.5,0.938,9993.9,0.6799,10140.9,69.36,1.5997,0.02483,157.6,True,physics_simulated_synthetic
BGW-021,5640.98,822.5,5.08,82.31,33.83,0.75,2804.7,3872.0,3.5,0.99,10210.0,0.4415,10676.6,33.47,3.2099,0.018498,42.15,True,physics_simulated_synthetic
BGW-021,3098.06,1117.5,3.866,113.6,30.86,0.75,2804.7,3872.0,3.5,0.978,10155.1,0.495,10430.3,40.66,2.8292,0.024941,49.07,True,physics_simulated_synthetic
BGW-021,2078.42,1059.7,5.78,71.29,37.63,0.75,2804.7,3872.0,3.5,0.999,10245.3,0.5099,10376.6,44.54,2.1074,0.015571,61.5,True,physics_simulated_synthetic
BGW-021,269.94,691.3,6.858,69.43,46.57,0.75,2804.7,3872.0,3.5,0.986,10193.5,0.6803,10184.5,66.42,1.1206,0.014885,131.18,True,physics_simulated_synthetic
BGW-021,630.3,951.4,3.161,68.45,54.67,0.75,2804.7,3872.0,3.5,0.975,10141.0,0.6468,9963.6,61.82,1.0034,0.014357,65.13,True,physics_simulated_synthetic
BGW-021,1452.76,487.4,6.897,82.05,31.4,0.75,2804.7,3872.0,3.5,0.973,10138.0,0.53,10267.5,48.7,2.2854,0.017734,77.07,True,physics_simulated_synthetic
BGW-021,1992.62,1124.7,6.412,121.16,46.65,0.75,2804.7,3872.0,3.5,0.977,10161.3,0.5077,10456.8,44.83,1.7018,0.026669,144.7,True,physics_simulated_synthetic
BGW-021,2361.81,1075.1,4.278,126.38,54.16,0.75,2804.7,3872.0,3.5,0.966,10105.0,0.513,10268.2,43.3,1.4903,0.027316,112.9,True,physics_simulated_synthetic
BGW-021,8446.93,466.2,6.285,94.83,32.86,0.75,2804.7,3872.0,3.5,0.934,9973.4,0.4073,10639.4,27.54,4.0007,0.021237,48.04,True,physics_simulated_synthetic
BGW-021,2832.62,981.3,3.983,129.47,57.5,0.75,2804.7,3872.0,3.5,0.92,9909.0,0.501,10293.6,42.79,1.4241,0.028054,112.98,True,physics_simulated_synthetic
BGW-021,1608.89,694.3,3.773,73.56,43.8,0.75,2804.7,3872.0,3.5,0.987,10194.2,0.5509,10256.4,49.92,1.5966,0.015882,54.05,True,physics_simulated_synthetic
BGW-021,3718.91,760.0,6.741,82.03,39.88,0.75,2804.7,3872.0,3.5,0.931,9960.3,0.4571,10589.6,36.95,2.4462,0.018285,72.56,True,physics_simulated_synthetic
BGW-021,8528.34,1014.3,3.06,78.69,52.74,0.75,2804.7,3872.0,3.5,0.919,9901.4,0.4309,10420.4,30.06,2.237,0.01726,34.0,True,physics_simulated_synthetic
BGW-021,793.55,687.5,7.736,84.38,57.76,0.75,2804.7,3872.0,3.5,0.936,9982.6,0.5758,10205.4,54.34,1.1067,0.018127,182.45,True,physics_simulated_synthetic
BGW-021,19599.4,1134.1,3.368,85.77,44.81,0.75,2804.7,3872.0,3.5,0.901,9827.3,0.3822,10356.5,22.67,3.4695,0.018699,26.14,True,physics_simulated_synthetic
BGW-021,2223.79,1169.1,7.924,121.02,51.43,0.75,2804.7,3872.0,3.5,0.945,10030.5,0.4861,10318.4,39.78,1.7166,0.026285,174.71,True,physics_simulated_synthetic
BGW-021,5386.6,1097.7,5.676,124.42,40.63,0.75,2804.7,3872.0,3.5,0.962,10095.5,0.4399,10492.7,32.12,2.737,0.02748,82.07,True,physics_simulated_synthetic
BGW-021,194.8,1061.5,3.768,123.71,59.37,0.75,2804.7,3872.0,3.5,0.931,9955.6,0.745,9880.4,71.77,0.7892,0.02573,176.89,True,physics_simulated_synthetic
BGW-021,6434.68,469.1,5.226,133.12,53.47,0.75,2804.7,3872.0,3.5,0.942,10006.1,0.4317,10550.3,30.06,2.2344,0.029564,99.57,True,physics_simulated_synthetic
BGW-021,4061.65,896.9,3.839,127.94,50.45,0.75,2804.7,3872.0,3.5,0.999,10246.9,0.4746,10813.8,36.16,2.0173,0.029123,79.82,True,physics_simulated_synthetic
BGW-021,163.21,1069.2,3.318,94.79,32.01,0.75,2804.7,3872.0,3.5,0.919,9902.6,0.7644,9843.3,75.91,1.3789,0.019641,68.06,True,physics_simulated_synthetic
BGW-021,3795.03,1099.7,7.382,70.28,33.84,0.75,2804.7,3872.0,3.5,0.935,9979.0,0.4506,10298.6,34.64,2.9903,0.015235,54.16,True,physics_simulated_synthetic
BGW-021,3418.97,816.8,3.673,93.19,49.23,0.75,2804.7,3872.0,3.5,0.95,10036.2,0.489,10395.0,39.62,1.8137,0.020392,59.46,True,physics_simulated_synthetic
BGW-021,8837.64,415.9,7.452,130.81,50.37,0.75,2804.7,3872.0,3.5,0.981,10183.1,0.3966,10571.5,27.03,2.6429,0.029108,118.18,True,physics_simulated_synthetic
BGW-021,8302.97,252.9,6.428,133.82,47.58,0.75,2804.7,3872.0,3.5,0.988,10207.7,0.4073,10653.0,27.18,2.8039,0.030009,99.07,True,physics_simulated_synthetic
BGW-021,477.44,970.7,7.728,126.87,39.01,0.75,2804.7,3872.0,3.5,0.966,10118.8,0.6217,10161.0,58.77,1.5087,0.027136,200.16,True,physics_simulated_synthetic
BGW-021,664.94,311.3,4.563,122.21,30.09,0.75,2804.7,3872.0,3.5,0.905,9846.4,0.6254,9775.6,60.03,1.8422,0.025148,89.69,True,physics_simulated_synthetic
BGW-021,9034.39,907.5,3.029,142.82,52.18,0.75,2804.7,3872.0,3.5,0.938,9985.7,0.4276,10622.3,28.79,2.4067,0.031933,57.88,True,physics_simulated_synthetic
BGW-021,5411.22,361.9,5.383,95.86,59.5,0.75,2804.7,3872.0,3.5,0.967,10112.1,0.4419,10599.2,33.58,1.8057,0.021388,91.81,True,physics_simulated_synthetic
BGW-021,21239.71,789.8,7.566,119.33,44.28,0.75,2804.7,3872.0,3.5,0.916,9902.7,0.3512,10606.6,16.97,4.8031,0.026642,60.44,True,physics_simulated_synthetic
BGW-021,319.02,316.0,7.459,83.18,33.7,0.75,2804.7,3872.0,3.5,0.965,10107.4,0.6596,10087.8,63.35,1.608,0.017663,117.97,True,physics_simulated_synthetic
BGW-021,2777.32,412.4,7.441,115.13,56.29,0.75,2804.7,3872.0,3.5,0.95,10048.4,0.4729,10068.3,41.27,1.4751,0.024401,177.25,True,physics_simulated_synthetic
BGW-021,1647.71,804.5,7.714,96.87,53.52,0.75,2804.7,3872.0,3.5,0.935,9981.0,0.5121,10247.5,45.26,1.4398,0.020896,161.22,True,physics_simulated_synthetic
BGW-021,621.03,1038.7,6.095,73.96,51.66,0.75,2804.7,3872.0,3.5,0.987,10196.3,0.6151,10137.8,56.16,1.1894,0.015782,116.46,True,physics_simulated_synthetic
BGW-021,12599.15,265.3,3.151,84.45,53.7,0.75,2804.7,3872.0,3.5,0.958,10067.5,0.4072,10552.9,25.59,2.6139,0.018759,32.56,True,physics_simulated_synthetic
BGW-021,2081.88,627.8,3.593,99.48,55.26,0.75,2804.7,3872.0,3.5,0.975,10141.3,0.5301,10444.7,47.46,1.3556,0.021872,83.48,True,physics_simulated_synthetic
BGW-021,58.57,490.5,2.93,78.35,39.42,0.75,2804.7,3872.0,3.5,0.934,9965.7,0.826,10048.3,80.88,1.0727,0.016573,65.18,True,physics_simulated_synthetic
BGW-021,1636.4,412.2,5.839,75.98,55.39,0.75,2804.7,3872.0,3.5,0.99,10208.4,0.5295,10368.7,49.14,1.2965,0.016584,107.54,True,physics_simulated_synthetic
BGW-021,189.4,1115.0,6.56,103.38,52.52,0.75,2804.7,3872.0,3.5,0.906,9856.1,0.711,10024.1,67.72,0.9592,0.021813,214.8,True,physics_simulated_synthetic
BGW-021,2799.77,756.7,4.341,131.07,41.92,0.75,2804.7,3872.0,3.5,0.959,10076.9,0.4987,10369.8,41.62,2.0231,0.02861,88.41,True,physics_simulated_synthetic
BGW-021,4621.97,756.1,3.672,97.46,51.37,0.75,2804.7,3872.0,3.5,0.954,10050.7,0.4667,10374.8,37.45,1.8357,0.021285,61.3,True,physics_simulated_synthetic
BGW-021,105.17,1062.1,4.529,115.28,47.52,0.75,2804.7,3872.0,3.5,0.988,10200.4,0.7753,10447.1,75.45,0.9918,0.025351,166.71,True,physics_simulated_synthetic
BGW-021,5561.46,699.2,6.334,139.61,42.03,0.75,2804.7,3872.0,3.5,0.974,10149.3,0.4327,10625.9,31.3,2.7494,0.031227,103.6,True,physics_simulated_synthetic
BGW-021,15865.66,852.0,7.515,114.9,36.44,0.75,2804.7,3872.0,3.5,0.915,9898.4,0.3653,10505.9,20.35,4.8219,0.025411,57.03,True,physics_simulated_synthetic
BGW-021,372.64,1133.8,2.966,71.02,31.99,0.75,2804.7,3872.0,3.5,0.929,9943.7,0.7,10178.3,68.81,1.5736,0.015216,41.29,True,physics_simulated_synthetic
BGW-021,3326.82,963.4,7.413,96.22,40.92,0.75,2804.7,3872.0,3.5,0.961,10092.7,0.4598,10486.2,34.0,2.5653,0.021238,88.38,True,physics_simulated_synthetic
BGW-021,2417.48,704.5,4.283,124.67,55.7,0.75,2804.7,3872.0,3.5,0.981,10171.1,0.5111,10488.5,44.21,1.4498,0.027524,117.1,True,physics_simulated_synthetic
BGW-021,7109.9,204.7,6.101,75.08,39.59,0.75,2804.7,3872.0,3.5,0.96,10081.4,0.4189,10397.2,30.52,2.9288,0.016431,49.29,True,physics_simulated_synthetic
BGW-021,1256.45,534.2,3.168,95.73,34.51,0.75,2804.7,3872.0,3.5,0.917,9891.7,0.5799,9771.4,49.18,1.9598,0.01969,45.83,True,physics_simulated_synthetic
BGW-021,291.3,558.5,3.868,108.93,53.34,0.75,2804.7,3872.0,3.5,0.988,10198.9,0.7107,10392.2,70.73,0.9376,0.023829,141.56,True,physics_simulated_synthetic
BGW-021,4619.04,1053.6,3.995,88.01,33.93,0.75,2804.7,3872.0,3.5,0.963,10093.0,0.464,10273.3,40.86,2.522,0.019032,43.41,True,physics_simulated_synthetic
BGW-021,190.9,576.7,4.776,125.96,42.78,0.75,2804.7,3872.0,3.5,0.981,10173.4,0.7331,10230.5,72.39,1.1243,0.027125,165.93,True,physics_simulated_synthetic
BGW-021,1211.43,929.4,5.81,110.15,49.94,0.75,2804.7,3872.0,3.5,0.94,10000.6,0.5563,10177.9,48.72,1.4239,0.023598,138.66,True,physics_simulated_synthetic
BGW-021,8842.11,1004.1,4.876,76.19,34.52,0.75,2804.7,3872.0,3.5,0.901,9828.3,0.4148,10141.9,26.16,3.8234,0.016265,29.87,True,physics_simulated_synthetic
BGW-021,10328.39,684.8,5.24,139.6,55.29,0.75,2804.7,3872.0,3.5,0.965,10106.7,0.4031,10590.8,25.12,2.5956,0.031121,90.47,True,physics_simulated_synthetic
BGW-021,85.91,923.0,4.033,94.42,50.51,0.75,2804.7,3872.0,3.5,0.96,10078.7,0.7929,10244.3,77.58,0.8898,0.02036,132.88,True,physics_simulated_synthetic
BGW-021,252.56,1144.7,3.645,131.43,33.08,0.75,2804.7,3872.0,3.5,0.977,10151.0,0.7258,9966.4,72.16,1.421,0.027574,101.84,True,physics_simulated_synthetic
BGW-021,108.9,1170.0,2.81,64.44,46.63,0.75,2804.7,3872.0,3.5,0.97,10118.4,0.798,10207.4,80.17,0.9294,0.013845,60.28,True,physics_simulated_synthetic
BGW-021,20055.43,390.2,4.128,85.12,43.78,0.75,2804.7,3872.0,3.5,0.973,10136.0,0.3758,10681.1,20.16,4.119,0.019139,27.62,True,physics_simulated_synthetic
BGW-021,641.13,404.7,5.3,132.11,37.33,0.75,2804.7,3872.0,3.5,0.996,10238.4,0.6207,10359.1,57.86,1.6324,0.028807,134.68,True,physics_simulated_synthetic
BGW-021,4543.78,1169.5,5.015,122.92,35.99,0.75,2804.7,3872.0,3.5,0.912,9875.9,0.4567,10339.2,36.33,2.6913,0.026752,71.78,True,physics_simulated_synthetic
BGW-021,629.42,727.6,3.194,111.52,34.07,0.75,2804.7,3872.0,3.5,1.0,10246.2,0.6466,10312.1,62.3,1.6537,0.024208,67.32,True,physics_simulated_synthetic
BGW-021,224.66,822.6,7.44,73.06,31.51,0.75,2804.7,3872.0,3.5,0.967,10115.0,0.6878,10070.6,67.41,1.614,0.015488,102.81,True,physics_simulated_synthetic
BGW-021,82.93,684.3,2.878,119.12,47.16,0.75,2804.7,3872.0,3.5,0.933,9962.2,0.8116,9861.0,83.83,0.849,0.024727,120.71,True,physics_simulated_synthetic
BGW-021,2234.22,1025.3,7.855,114.31,50.42,0.75,2804.7,3872.0,3.5,0.94,10005.5,0.4863,10342.3,43.66,1.5994,0.024885,175.99,True,physics_simulated_synthetic
BGW-021,77.64,818.5,6.114,72.48,48.86,0.75,2804.7,3872.0,3.5,0.938,9986.9,0.7687,9841.8,73.78,0.9293,0.015015,142.24,True,physics_simulated_synthetic
BGW-021,229.23,439.0,3.956,100.96,31.04,0.75,2804.7,3872.0,3.5,0.932,9957.0,0.7297,10139.6,70.55,1.576,0.021548,77.9,True,physics_simulated_synthetic
BGW-021,9649.9,251.1,7.422,90.01,34.54,0.75,2804.7,3872.0,3.5,1.0,10256.4,0.3918,10659.6,22.24,4.7225,0.020197,45.71,True,physics_simulated_synthetic
BGW-021,22452.16,820.0,6.636,99.85,41.65,0.75,2804.7,3872.0,3.5,0.939,9997.9,0.3543,10631.4,18.59,4.6723,0.022346,45.71,True,physics_simulated_synthetic
BGW-021,19824.39,1117.8,4.941,84.31,55.1,0.75,2804.7,3872.0,3.5,0.97,10124.6,0.3709,10727.9,19.58,3.3853,0.019039,40.02,True,physics_simulated_synthetic
BGW-021,2308.27,294.1,3.97,65.79,52.98,0.75,2804.7,3872.0,3.5,0.932,9956.9,0.5178,10148.3,46.39,1.4055,0.014053,57.17,True,physics_simulated_synthetic
BGW-021,13824.33,757.6,2.905,123.06,53.32,0.75,2804.7,3872.0,3.5,0.99,10208.1,0.4039,10608.8,21.23,3.1905,0.027482,36.03,True,physics_simulated_synthetic
BGW-021,431.63,284.6,4.752,121.73,37.94,0.75,2804.7,3872.0,3.5,0.977,10156.1,0.6642,9962.9,62.67,1.4262,0.025529,122.49,True,physics_simulated_synthetic
BGW-021,81.75,1153.0,3.938,67.05,56.0,0.75,2804.7,3872.0,3.5,0.959,10072.5,0.7967,9967.7,78.58,0.771,0.014067,103.46,True,physics_simulated_synthetic
BGW-022,26451.12,1113.0,4.926,133.86,40.76,0.875,4279.5,4841.7,3.5,0.956,16927.6,0.3311,17893.4,11.4,13.102,0.050419,27.29,True,physics_simulated_synthetic
BGW-022,136.26,1019.3,5.984,123.92,48.94,0.875,4279.5,4841.7,3.5,0.939,16848.1,0.6762,16967.4,67.86,1.739,0.04426,219.31,True,physics_simulated_synthetic
BGW-022,3025.71,963.4,4.287,140.85,36.63,0.875,4279.5,4841.7,3.5,0.956,16923.1,0.4607,17025.4,39.34,4.0214,0.050476,77.5,True,physics_simulated_synthetic
BGW-022,445.68,496.9,4.235,68.29,53.07,0.875,4279.5,4841.7,3.5,0.907,16687.3,0.6241,16891.2,61.62,1.7582,0.024282,84.21,True,physics_simulated_synthetic
BGW-022,6436.56,429.8,3.353,110.68,38.84,0.875,4279.5,4841.7,3.5,0.921,16753.2,0.4229,17419.0,29.5,5.1755,0.040581,37.86,True,physics_simulated_synthetic
BGW-022,1478.7,497.7,3.888,69.58,30.86,0.875,4279.5,4841.7,3.5,1.0,17122.1,0.5238,17539.5,45.53,4.2484,0.025688,33.85,True,physics_simulated_synthetic
BGW-022,67.31,324.1,2.616,120.89,36.25,0.875,4279.5,4841.7,3.5,0.935,16814.6,0.7902,16701.2,79.23,1.9795,0.042501,80.89,True,physics_simulated_synthetic
BGW-022,138.69,775.4,6.812,118.85,48.08,0.875,4279.5,4841.7,3.5,0.905,16696.0,0.6585,16801.1,64.08,1.8562,0.042031,222.12,True,physics_simulated_synthetic
BGW-022,178.95,216.6,7.311,74.57,56.93,0.875,4279.5,4841.7,3.5,0.931,16811.2,0.6339,17054.9,63.91,1.5953,0.026769,176.66,True,physics_simulated_synthetic
BGW-022,4853.6,842.0,5.917,132.85,35.25,0.875,4279.5,4841.7,3.5,0.988,17080.7,0.4067,17558.4,30.87,5.4925,0.049102,76.17,True,physics_simulated_synthetic
BGW-022,972.65,780.6,4.046,108.41,53.06,0.875,4279.5,4841.7,3.5,0.96,16940.5,0.5576,17021.9,49.66,2.1987,0.038845,102.93,True,physics_simulated_synthetic
BGW-022,11261.56,205.9,4.82,76.36,58.32,0.875,4279.5,4841.7,3.5,0.992,17090.0,0.3721,18010.7,22.91,4.5883,0.028951,43.8,True,physics_simulated_synthetic
BGW-022,205.08,921.0,6.167,114.9,34.5,0.875,4279.5,4841.7,3.5,0.999,17133.2,0.6469,17372.6,64.02,2.6773,0.042017,139.37,True,physics_simulated_synthetic
BGW-022,95.59,722.8,5.08,99.39,49.14,0.875,4279.5,4841.7,3.5,0.999,17127.1,0.7142,17213.9,72.1,1.6538,0.036015,159.3,True,physics_simulated_synthetic
BGW-022,264.61,258.8,6.178,135.71,43.88,0.875,4279.5,4841.7,3.5,0.984,17063.1,0.6285,17005.7,62.52,2.1099,0.048578,204.82,True,physics_simulated_synthetic
BGW-022,1188.92,286.0,3.618,86.1,57.65,0.875,4279.5,4841.7,3.5,0.989,17071.7,0.5475,17362.8,50.08,2.0468,0.03147,80.11,True,physics_simulated_synthetic
BGW-022,348.74,458.8,5.995,134.03,33.37,0.875,4279.5,4841.7,3.5,0.905,16691.5,0.6106,16615.6,63.21,2.6814,0.046876,150.93,True,physics_simulated_synthetic
BGW-022,1276.1,772.9,3.153,124.6,37.04,0.875,4279.5,4841.7,3.5,0.997,17111.0,0.5496,17354.8,48.88,3.263,0.045517,63.34,True,physics_simulated_synthetic
BGW-022,127.36,768.9,6.163,100.21,46.1,0.875,4279.5,4841.7,3.5,0.964,16963.8,0.6763,17174.9,66.45,1.9082,0.036228,168.48,True,physics_simulated_synthetic
BGW-022,196.15,562.2,6.857,72.54,50.99,0.875,4279.5,4841.7,3.5,0.925,16779.0,0.6366,16959.2,62.7,1.8055,0.025895,141.62,True,physics_simulated_synthetic
BGW-022,108.28,1169.9,2.741,143.91,46.41,0.875,4279.5,4841.7,3.5,0.921,16752.7,0.764,16820.3,74.69,1.6515,0.050954,121.79,True,physics_simulated_synthetic
BGW-022,69.49,304.6,6.3,85.21,33.6,0.875,4279.5,4841.7,3.5,0.954,16915.1,0.7011,16552.3,71.69,2.3391,0.02969,115.15,True,physics_simulated_synthetic
BGW-022,15430.29,674.8,5.104,124.37,39.93,0.875,4279.5,4841.7,3.5,0.932,16811.3,0.3533,17441.3,17.08,8.7065,0.045659,38.55,True,physics_simulated_synthetic
BGW-022,9593.46,1183.9,5.929,69.63,32.14,0.875,4279.5,4841.7,3.5,0.915,16730.7,0.3677,17490.9,24.99,7.4124,0.025635,29.53,True,physics_simulated_synthetic
BGW-022,7649.64,393.6,5.921,82.78,34.4,0.875,4279.5,4841.7,3.5,0.962,16951.7,0.38,17743.2,25.46,6.895,0.030916,38.23,True,physics_simulated_synthetic
BGW-022,500.94,961.2,5.771,95.2,45.38,0.875,4279.5,4841.7,3.5,0.911,16713.9,0.5848,16982.9,57.82,2.2033,0.034033,128.37,True,physics_simulated_synthetic
BGW-022,63.15,626.6,5.884,117.72,51.54,0.875,4279.5,4841.7,3.5,0.946,16881.4,0.7136,16877.9,72.6,1.5354,0.041822,230.77,True,physics_simulated_synthetic
BGW-022,21941.19,771.4,2.507,112.81,30.6,0.875,4279.5,4841.7,3.5,0.976,17011.9,0.3671,18256.9,17.48,11.6177,0.043352,13.47,True,physics_simulated_synthetic
BGW-022,391.84,582.3,3.034,72.13,59.22,0.875,4279.5,4841.7,3.5,0.929,16789.9,0.6608,16738.8,65.6,1.4664,0.025416,75.71,True,physics_simulated_synthetic
BGW-022,861.95,558.5,3.546,76.97,42.62,0.875,4279.5,4841.7,3.5,0.962,16942.6,0.5778,17181.4,54.61,2.5124,0.027838,56.58,True,physics_simulated_synthetic
BGW-022,1032.04,902.6,5.305,87.01,32.71,0.875,4279.5,4841.7,3.5,0.975,17010.9,0.5307,17287.6,51.8,3.4726,0.031663,69.66,True,physics_simulated_synthetic
BGW-022,280.75,836.9,3.131,69.49,54.74,0.875,4279.5,4841.7,3.5,0.901,16656.0,0.6876,16861.3,64.17,1.6338,0.024665,68.06,True,physics_simulated_synthetic
BGW-022,5849.55,1013.9,5.213,79.35,58.28,0.875,4279.5,4841.7,3.5,0.918,16741.0,0.4041,17496.6,31.51,3.2428,0.029225,67.66,True,physics_simulated_synthetic
BGW-022,652.1,277.5,7.032,142.57,39.74,0.875,4279.5,4841.7,3.5,0.908,16716.2,0.5413,16777.6,52.9,2.7164,0.05035,187.68,True,physics_simulated_synthetic
BGW-022,444.57,965.4,2.903,113.14,45.57,0.875,4279.5,4841.7,3.5,0.962,16946.7,0.6522,17241.6,61.64,2.0894,0.041062,82.16,True,physics_simulated_synthetic
BGW-022,4624.11,876.6,4.232,92.51,48.3,0.875,4279.5,4841.7,3.5,0.976,17012.0,0.432,17678.9,35.4,3.5198,0.034425,59.6,True,physics_simulated_synthetic
BGW-022,18909.27,771.0,7.783,90.49,38.91,0.875,4279.5,4841.7,3.5,0.967,16984.5,0.3172,18080.0,12.84,12.3175,0.034439,31.33,True,physics_simulated_synthetic
BGW-022,411.75,1005.4,3.646,96.71,30.37,0.875,4279.5,4841.7,3.5,0.992,17084.8,0.6432,17192.8,62.2,3.0976,0.035001,59.32,True,physics_simulated_synthetic
BGW-022,9577.8,767.0,6.941,74.52,45.07,0.875,4279.5,4841.7,3.5,0.914,16731.0,0.3568,17572.0,22.74,5.8367,0.027563,47.2,True,physics_simulated_synthetic
BGW-022,168.14,977.9,6.39,81.63,35.04,0.875,4279.5,4841.7,3.5,0.988,17077.2,0.6554,17149.8,61.52,2.7077,0.02947,100.15,True,physics_simulated_synthetic
BGW-022,1343.56,802.5,6.593,88.83,53.96,0.875,4279.5,4841.7,3.5,0.951,16905.4,0.4889,17187.3,43.22,2.5085,0.032138,121.63,True,physics_simulated_synthetic
BGW-022,6525.22,362.1,7.539,91.85,36.98,0.875,4279.5,4841.7,3.5,0.915,16739.6,0.3706,17462.8,26.77,6.0031,0.033764,61.06,True,physics_simulated_synthetic
BGW-022,15023.77,1117.5,7.617,84.35,42.81,0.875,4279.5,4841.7,3.5,0.981,17049.0,0.3287,18005.6,12.77,11.2105,0.031968,31.28,True,physics_simulated_synthetic
BGW-022,492.12,584.6,4.655,120.17,37.18,0.875,4279.5,4841.7,3.5,0.935,16826.0,0.6071,17007.7,58.86,2.6453,0.043022,109.01,True,physics_simulated_synthetic
BGW-022,1872.34,997.6,5.863,74.62,45.35,0.875,4279.5,4841.7,3.5,0.928,16792.1,0.4736,17005.9,38.4,3.3236,0.026711,67.85,True,physics_simulated_synthetic
BGW-022,342.94,255.0,2.868,91.52,36.24,0.875,4279.5,4841.7,3.5,0.948,16877.8,0.6764,17040.3,64.9,2.4663,0.032827,54.97,True,physics_simulated_synthetic
BGW-022,126.5,1013.4,7.741,103.86,36.19,0.875,4279.5,4841.7,3.5,0.981,17054.1,0.6457,17162.5,64.05,2.5204,0.03752,165.94,True,physics_simulated_synthetic
BGW-022,12133.06,910.9,5.358,130.65,33.54,0.875,4279.5,4841.7,3.5,0.914,16729.9,0.3621,17551.9,24.04,7.4117,0.048271,50.25,True,physics_simulated_synthetic
BGW-022,936.39,879.4,4.665,115.39,48.72,0.875,4279.5,4841.7,3.5,0.933,16812.0,0.55,16941.8,51.17,2.3133,0.04115,119.5,True,physics_simulated_synthetic
BGW-022,4059.17,917.5,4.873,86.23,32.95,0.875,4279.5,4841.7,3.5,0.937,16831.8,0.4318,17457.1,32.72,5.5115,0.031686,40.34,True,physics_simulated_synthetic
BGW-022,91.95,863.7,5.521,111.86,56.13,0.875,4279.5,4841.7,3.5,0.993,17100.3,0.7063,17323.9,68.92,1.5242,0.04079,212.74,True,physics_simulated_synthetic
BGW-022,526.18,872.6,4.983,88.08,56.81,0.875,4279.5,4841.7,3.5,0.908,16697.1,0.595,16675.4,56.98,1.7534,0.030917,126.52,True,physics_simulated_synthetic
BGW-022,317.59,218.7,2.768,81.51,52.16,0.875,4279.5,4841.7,3.5,0.906,16679.0,0.6854,16815.5,64.57,1.6995,0.028853,67.67,True,physics_simulated_synthetic
BGW-022,4140.03,1167.4,7.888,108.74,31.43,0.875,4279.5,4841.7,3.5,0.93,16818.3,0.3931,17548.8,29.3,6.4867,0.04017,70.34,True,physics_simulated_synthetic
BGW-022,77.62,858.1,6.744,96.08,30.33,0.875,4279.5,4841.7,3.5,0.909,16710.2,0.6876,16851.1,68.47,2.7618,0.03408,119.84,True,physics_simulated_synthetic
BGW-022,72.5,227.3,4.771,86.43,53.96,0.875,4279.5,4841.7,3.5,0.984,17050.9,0.7334,16955.6,72.63,1.4725,0.030847,143.92,True,physics_simulated_synthetic
BGW-022,4185.57,473.0,7.176,88.83,58.71,0.875,4279.5,4841.7,3.5,0.964,16968.5,0.4007,17582.0,30.38,3.3557,0.032875,101.23,True,physics_simulated_synthetic
BGW-022,15681.2,456.7,3.506,132.23,33.68,0.875,4279.5,4841.7,3.5,0.901,16663.1,0.3711,17362.4,21.15,8.2954,0.048326,29.41,True,physics_simulated_synthetic
BGW-022,4591.65,698.4,7.08,140.95,53.06,0.875,4279.5,4841.7,3.5,0.96,16958.3,0.3961,17435.5,31.01,3.6068,0.051731,146.23,True,physics_simulated_synthetic
BGW-022,84.19,1197.1,5.856,123.45,46.55,0.875,4279.5,4841.7,3.5,0.901,16671.6,0.7029,16573.8,69.27,1.7493,0.043067,207.6,True,physics_simulated_synthetic
BGW-022,266.7,658.4,3.824,97.5,57.62,0.875,4279.5,4841.7,3.5,0.939,16836.5,0.6762,16932.5,66.7,1.4997,0.034753,127.6,True,physics_simulated_synthetic
BGW-022,907.2,961.7,3.24,110.74,46.13,0.875,4279.5,4841.7,3.5,0.933,16806.9,0.579,16874.7,53.63,2.3216,0.039336,79.06,True,physics_simulated_synthetic
BGW-022,26815.98,1022.7,7.091,136.89,45.83,0.875,4279.5,4841.7,3.5,0.975,17031.2,0.3094,18250.9,11.09,12.2183,0.052589,43.95,True,physics_simulated_synthetic
BGW-022,3424.83,282.2,7.654,71.27,48.51,0.875,4279.5,4841.7,3.5,0.94,16852.5,0.4076,17395.2,29.29,4.1665,0.026098,69.04,True,physics_simulated_synthetic
BGW-022,5210.72,736.5,7.293,73.0,39.25,0.875,4279.5,4841.7,3.5,0.977,17027.3,0.3861,17649.9,27.5,5.5651,0.027122,51.18,True,physics_simulated_synthetic
BGW-022,7087.44,692.2,5.96,138.77,32.31,0.875,4279.5,4841.7,3.5,0.989,17086.2,0.3838,17672.9,26.34,7.0691,0.051625,62.68,True,physics_simulated_synthetic
BGW-022,4201.34,375.9,5.61,105.95,40.3,0.875,4279.5,4841.7,3.5,0.943,16863.5,0.4198,17306.7,29.42,4.9696,0.038598,62.74,True,physics_simulated_synthetic
BGW-022,166.18,626.4,4.388,138.78,30.64,0.875,4279.5,4841.7,3.5,0.907,16691.2,0.6983,16641.3,69.36,2.6651,0.048615,115.25,True,physics_simulated_synthetic
BGW-022,696.61,895.9,3.174,66.27,37.01,0.875,4279.5,4841.7,3.5,0.995,17097.9,0.6048,17366.4,56.87,2.8086,0.024225,39.42,True,physics_simulated_synthetic
BGW-022,144.36,223.8,7.272,130.13,53.05,0.875,4279.5,4841.7,3.5,0.943,16878.1,0.6474,16897.2,66.36,1.6338,0.046286,296.68,True,physics_simulated_synthetic
BGW-022,14405.16,813.8,3.531,104.13,32.81,0.875,4279.5,4841.7,3.5,0.937,16830.4,0.375,17620.9,20.7,8.8287,0.038624,22.24,True,physics_simulated_synthetic
BGW-022,149.59,525.0,4.395,128.37,37.15,0.875,4279.5,4841.7,3.5,0.983,17049.5,0.7049,17030.4,70.49,2.2139,0.04602,131.55,True,physics_simulated_synthetic
BGW-022,1158.97,910.5,3.897,111.93,50.15,0.875,4279.5,4841.7,3.5,0.967,16972.4,0.5448,16991.4,48.22,2.3914,0.040033,93.94,True,physics_simulated_synthetic
BGW-022,4386.75,1161.0,7.585,96.46,47.2,0.875,4279.5,4841.7,3.5,0.901,16675.5,0.393,17071.5,28.96,4.2511,0.034664,89.06,True,physics_simulated_synthetic
BGW-022,136.22,826.3,2.854,79.2,44.64,0.875,4279.5,4841.7,3.5,0.917,16731.6,0.7475,17020.0,75.32,1.723,0.028376,67.68,True,physics_simulated_synthetic
BGW-022,1084.97,468.8,6.335,108.1,54.41,0.875,4279.5,4841.7,3.5,0.939,16849.8,0.5101,16988.9,47.26,2.2489,0.038657,156.8,True,physics_simulated_synthetic
BGW-022,254.54,482.6,5.889,133.63,37.72,0.875,4279.5,4841.7,3.5,0.979,17037.5,0.6369,16788.6,62.72,2.4153,0.047225,165.8,True,physics_simulated_synthetic
BGW-022,101.35,886.8,4.139,131.33,47.97,0.875,4279.5,4841.7,3.5,0.945,16870.5,0.733,16891.4,69.36,1.7281,0.046696,161.03,True,physics_simulated_synthetic
BGW-022,192.87,473.6,4.445,119.38,43.46,0.875,4279.5,4841.7,3.5,0.996,17109.4,0.6869,17004.7,64.59,2.0621,0.04273,132.63,True,physics_simulated_synthetic
BGW-022,702.25,809.5,7.963,78.47,48.6,0.875,4279.5,4841.7,3.5,0.914,16736.1,0.5209,16875.9,47.85,2.4701,0.027877,129.41,True,physics_simulated_synthetic
BGW-022,1385.08,1096.7,4.523,95.29,41.41,0.875,4279.5,4841.7,3.5,0.959,16933.8,0.5187,17237.5,44.92,3.1543,0.034574,71.39,True,physics_simulated_synthetic
BGW-022,164.1,382.4,7.252,136.74,31.34,0.875,4279.5,4841.7,3.5,0.962,16966.9,0.6403,17000.2,63.74,2.8967,0.048931,176.4,True,physics_simulated_synthetic
BGW-022,6177.09,365.9,3.746,120.04,54.03,0.875,4279.5,4841.7,3.5,0.991,17085.6,0.4201,17654.0,32.19,3.4551,0.044608,69.65,True,physics_simulated_synthetic
BGW-022,1732.02,355.9,6.466,143.94,41.22,0.875,4279.5,4841.7,3.5,0.955,16932.8,0.471,17306.8,41.52,3.4418,0.052438,141.86,True,physics_simulated_synthetic
BGW-022,1007.6,730.2,6.817,114.66,41.43,0.875,4279.5,4841.7,3.5,0.907,16701.4,0.5088,16918.0,45.85,3.0312,0.040834,132.25,True,physics_simulated_synthetic
BGW-022,7999.56,507.9,2.506,136.9,46.98,0.875,4279.5,4841.7,3.5,0.968,16974.7,0.4215,17657.0,29.22,4.377,0.050881,41.95,True,physics_simulated_synthetic
BGW-022,8677.15,342.5,5.145,106.1,54.45,0.875,4279.5,4841.7,3.5,0.974,17008.5,0.3822,17707.6,26.96,4.1056,0.039548,71.36,True,physics_simulated_synthetic
BGW-022,36920.38,548.3,2.631,83.8,40.19,0.875,4279.5,4841.7,3.5,0.946,16867.2,0.3425,17790.3,14.0,10.7651,0.03138,11.05,True,physics_simulated_synthetic
BGW-022,218.32,865.8,2.624,92.34,52.7,0.875,4279.5,4841.7,3.5,0.969,16977.2,0.7199,16805.3,68.89,1.5754,0.032664,78.33,True,physics_simulated_synthetic
BGW-022,640.0,705.0,7.332,134.17,49.34,0.875,4279.5,4841.7,3.5,0.906,16705.8,0.5381,16892.5,53.4,2.1821,0.04771,230.86,True,physics_simulated_synthetic
BGW-022,25058.08,205.7,7.365,76.44,31.82,0.875,4279.5,4841.7,3.5,0.927,16791.6,0.3096,17845.8,10.7,17.8365,0.028715,17.07,True,physics_simulated_synthetic
BGW-022,6090.62,374.5,7.613,64.38,45.39,0.875,4279.5,4841.7,3.5,0.954,16918.6,0.3737,17709.4,25.26,5.2574,0.024,50.05,True,physics_simulated_synthetic
BGW-022,129.1,201.6,2.806,100.57,42.82,0.875,4279.5,4841.7,3.5,0.979,17022.5,0.7521,17224.0,74.42,1.8395,0.036462,80.09,True,physics_simulated_synthetic
BGW-022,387.57,214.5,2.632,70.73,56.33,0.875,4279.5,4841.7,3.5,0.916,16727.4,0.6708,16743.1,62.09,1.6295,0.024929,57.98,True,physics_simulated_synthetic
BGW-022,6945.76,1094.8,4.827,82.37,46.0,0.875,4279.5,4841.7,3.5,0.905,16680.4,0.3987,17460.8,29.44,4.3887,0.030274,47.95,True,physics_simulated_synthetic
BGW-022,29036.39,915.9,3.261,87.4,52.98,0.875,4279.5,4841.7,3.5,0.902,16663.2,0.3454,17890.4,15.13,7.5997,0.032914,20.33,True,physics_simulated_synthetic
BGW-022,19073.01,425.3,7.331,113.75,40.67,0.875,4279.5,4841.7,3.5,0.956,16938.9,0.321,18016.2,13.01,11.5877,0.043139,39.3,True,physics_simulated_synthetic
BGW-022,425.43,949.5,5.318,76.98,36.12,0.875,4279.5,4841.7,3.5,0.922,16760.5,0.6069,16855.4,58.99,2.6929,0.027312,77.68,True,physics_simulated_synthetic
BGW-022,10393.89,425.6,3.095,91.88,39.64,0.875,4279.5,4841.7,3.5,0.965,16960.9,0.398,17708.9,24.31,6.2557,0.034252,24.4,True,physics_simulated_synthetic
BGW-022,6927.27,802.3,7.197,89.09,50.07,0.875,4279.5,4841.7,3.5,0.923,16775.6,0.3711,17542.3,26.81,4.4488,0.032897,76.63,True,physics_simulated_synthetic
BGW-022,18275.65,703.8,4.061,81.1,36.93,0.875,4279.5,4841.7,3.5,0.978,17023.4,0.3571,17802.9,19.53,8.402,0.030394,21.15,True,physics_simulated_synthetic
BGW-022,11812.24,849.8,5.718,93.67,40.83,0.875,4279.5,4841.7,3.5,0.912,16718.5,0.3595,17434.4,21.86,6.6475,0.034378,42.58,True,physics_simulated_synthetic
BGW-022,1362.33,454.6,5.879,130.06,40.19,0.875,4279.5,4841.7,3.5,0.958,16939.9,0.4985,17091.2,42.56,3.4011,0.04679,116.46,True,physics_simulated_synthetic
BGW-022,143.71,648.0,7.208,91.0,37.45,0.875,4279.5,4841.7,3.5,0.999,17134.1,0.6489,17359.3,62.95,2.5064,0.033252,137.7,True,physics_simulated_synthetic
BGW-022,60.42,972.6,3.041,119.47,40.18,0.875,4279.5,4841.7,3.5,0.925,16769.6,0.7832,16770.7,76.91,1.8474,0.042174,99.96,True,physics_simulated_synthetic
BGW-022,1981.95,960.6,6.502,69.81,52.29,0.875,4279.5,4841.7,3.5,0.919,16750.5,0.4603,17104.3,37.62,2.9599,0.025136,79.51,True,physics_simulated_synthetic
BGW-022,124.78,624.4,7.561,136.6,35.93,0.875,4279.5,4841.7,3.5,0.943,16883.8,0.6498,16874.0,63.18,2.5301,0.048521,208.79,True,physics_simulated_synthetic
BGW-022,1871.04,1074.5,7.342,124.19,59.05,0.875,4279.5,4841.7,3.5,0.994,17116.6,0.4532,17479.2,37.7,2.6724,0.045695,180.77,True,physics_simulated_synthetic
BGW-022,22455.94,1016.7,5.041,83.84,48.34,0.875,4279.5,4841.7,3.5,0.961,16944.1,0.3369,18059.1,15.58,8.1613,0.03187,28.35,True,physics_simulated_synthetic
BGW-022,6624.75,1119.6,4.603,123.25,38.24,0.875,4279.5,4841.7,3.5,0.911,16709.4,0.4044,17449.1,29.03,5.3498,0.04527,56.09,True,physics_simulated_synthetic
BGW-022,3570.47,523.3,4.708,66.9,48.07,0.875,4279.5,4841.7,3.5,0.9,16656.5,0.4428,17119.3,35.64,3.4012,0.024109,48.06,True,physics_simulated_synthetic
BGW-022,893.12,1121.6,7.285,138.86,38.42,0.875,4279.5,4841.7,3.5,0.931,16825.2,0.5116,17076.5,50.91,2.9716,0.049914,176.2,True,physics_simulated_synthetic
BGW-022,7529.13,316.8,7.267,126.4,56.1,0.875,4279.5,4841.7,3.5,0.906,16702.9,0.3658,17461.1,23.73,4.4649,0.046457,108.88,True,physics_simulated_synthetic
BGW-022,596.86,1040.9,3.058,86.58,59.52,0.875,4279.5,4841.7,3.5,0.91,16698.4,0.6216,16939.0,58.47,1.6567,0.03087,82.06,True,physics_simulated_synthetic
BGW-022,2173.92,804.0,5.207,111.44,42.88,0.875,4279.5,4841.7,3.5,0.946,16875.4,0.4718,17404.6,39.37,3.5096,0.040826,87.22,True,physics_simulated_synthetic
BGW-022,1374.53,1069.9,6.819,130.8,43.88,0.875,4279.5,4841.7,3.5,0.951,16914.9,0.4839,17319.9,43.07,3.1193,0.047687,150.11,True,physics_simulated_synthetic
BGW-022,53.46,1095.4,5.115,66.25,38.25,0.875,4279.5,4841.7,3.5,0.941,16847.4,0.7364,16769.5,74.29,2.0088,0.023388,85.76,True,physics_simulated_synthetic
BGW-022,57.0,1030.2,7.956,134.74,44.49,0.875,4279.5,4841.7,3.5,0.971,17015.2,0.6743,17232.7,68.3,1.93,0.048876,290.11,True,physics_simulated_synthetic
BGW-022,5034.38,561.1,7.768,86.79,44.07,0.875,4279.5,4841.7,3.5,0.908,16705.5,0.3828,17251.3,28.14,4.736,0.031516,74.43,True,physics_simulated_synthetic
BGW-022,1750.57,617.2,4.121,82.14,50.07,0.875,4279.5,4841.7,3.5,0.998,17116.6,0.5058,17616.1,43.23,2.7699,0.03046,65.25,True,physics_simulated_synthetic
BGW-022,133.88,647.8,7.48,66.17,43.65,0.875,4279.5,4841.7,3.5,0.942,16859.4,0.6476,16764.7,62.42,2.0944,0.023351,120.09,True,physics_simulated_synthetic
BGW-022,78.68,981.9,2.892,131.97,34.71,0.875,4279.5,4841.7,3.5,0.976,17011.7,0.7762,17159.0,76.42,2.2017,0.047666,90.17,True,physics_simulated_synthetic
BGW-022,1859.03,580.1,2.6,126.17,52.95,0.875,4279.5,4841.7,3.5,0.968,16971.8,0.5268,17234.6,44.4,2.4949,0.045772,68.7,True,physics_simulated_synthetic
BGW-022,83.78,858.1,2.595,132.36,31.31,0.875,4279.5,4841.7,3.5,0.964,16952.2,0.7811,16995.3,76.17,2.4256,0.047351,72.95,True,physics_simulated_synthetic
BGW-022,14467.74,580.7,6.357,87.32,31.73,0.875,4279.5,4841.7,3.5,0.98,17041.7,0.3429,17890.1,16.77,11.4467,0.032884,26.3,True,physics_simulated_synthetic
BGW-022,285.43,793.4,4.472,119.05,44.42,0.875,4279.5,4841.7,3.5,0.98,17033.6,0.6568,17261.4,65.1,2.0318,0.043257,137.1,True,physics_simulated_synthetic
BGW-022,760.27,707.0,7.859,65.1,39.14,0.875,4279.5,4841.7,3.5,0.919,16755.7,0.516,17142.3,44.72,3.3335,0.023492,79.76,True,physics_simulated_synthetic
BGW-022,278.5,1024.7,4.202,104.47,44.8,0.875,4279.5,4841.7,3.5,0.992,17090.8,0.6645,17110.4,63.46,2.0488,0.037628,111.12,True,physics_simulated_synthetic
BGW-022,637.44,1043.8,3.709,139.07,42.23,0.875,4279.5,4841.7,3.5,0.984,17054.2,0.6023,17196.2,59.44,2.3319,0.050341,115.29,True,physics_simulated_synthetic
BGW-022,13589.11,1197.1,2.91,119.71,46.0,0.875,4279.5,4841.7,3.5,0.987,17061.3,0.3859,17819.1,22.81,5.78,0.0449,32.55,True,physics_simulated_synthetic
BGW-022,10738.42,272.2,5.649,143.38,49.88,0.875,4279.5,4841.7,3.5,0.914,16733.4,0.3651,17523.3,21.58,5.5404,0.052888,77.66,True,physics_simulated_synthetic
BGW-022,9822.31,903.4,6.912,142.06,57.68,0.875,4279.5,4841.7,3.5,0.979,17048.1,0.3558,18106.0,20.31,5.2596,0.054141,102.46,True,physics_simulated_synthetic
BGW-022,1184.47,1119.6,3.252,91.69,38.14,0.875,4279.5,4841.7,3.5,0.921,16751.7,0.5545,16920.2,51.76,2.9172,0.032659,52.43,True,physics_simulated_synthetic
BGW-022,217.13,1188.6,6.723,100.61,41.48,0.875,4279.5,4841.7,3.5,0.93,16808.5,0.6323,16692.2,60.95,2.2476,0.035353,152.28,True,physics_simulated_synthetic
BGW-022,2991.41,234.1,4.8,138.99,59.28,0.875,4279.5,4841.7,3.5,0.91,16708.0,0.454,17328.6,37.29,2.6684,0.0507,131.34,True,physics_simulated_synthetic
BGW-022,129.63,1106.2,7.823,135.14,37.86,0.875,4279.5,4841.7,3.5,0.919,16770.7,0.6429,16833.5,64.6,2.3427,0.047886,230.28,True,physics_simulated_synthetic
BGW-022,618.07,428.2,3.648,97.06,36.94,0.875,4279.5,4841.7,3.5,0.942,16853.0,0.6064,17100.2,58.17,2.709,0.034937,67.75,True,physics_simulated_synthetic
BGW-022,139.19,656.1,6.095,112.39,50.18,0.875,4279.5,4841.7,3.5,0.951,16903.2,0.6727,16713.3,69.98,1.6199,0.039541,214.24,True,physics_simulated_synthetic
BGW-022,7805.91,305.8,3.214,80.05,48.89,0.875,4279.5,4841.7,3.5,0.971,16986.8,0.413,17658.0,25.72,4.78,0.029753,28.81,True,physics_simulated_synthetic
BGW-022,19787.41,1071.9,7.138,122.39,34.7,0.875,4279.5,4841.7,3.5,0.959,16950.5,0.3213,18049.5,17.19,10.2985,0.046502,46.41,True,physics_simulated_synthetic
BGW-022,9095.59,750.8,5.142,75.94,53.04,0.875,4279.5,4841.7,3.5,0.924,16772.1,0.3797,17600.7,26.31,4.2925,0.028136,48.53,True,physics_simulated_synthetic
BGW-022,805.68,664.8,5.417,126.52,32.39,0.875,4279.5,4841.7,3.5,0.901,16669.0,0.5501,16861.2,53.94,3.2847,0.044906,106.65,True,physics_simulated_synthetic
BGW-022,10984.71,902.5,3.318,84.63,54.74,0.875,4279.5,4841.7,3.5,0.939,16836.5,0.3921,17553.4,24.14,4.5222,0.031269,33.03,True,physics_simulated_synthetic
BGW-022,23379.18,1038.9,6.031,121.43,57.86,0.875,4279.5,4841.7,3.5,0.924,16777.9,0.3251,17802.3,13.23,7.9133,0.045505,49.94,True,physics_simulated_synthetic
BGW-022,27334.46,208.5,2.567,77.83,37.05,0.875,4279.5,4841.7,3.5,0.967,16968.5,0.3562,17908.8,18.39,8.9463,0.029338,12.12,True,physics_simulated_synthetic
BGW-022,18246.11,637.6,7.085,65.0,54.56,0.875,4279.5,4841.7,3.5,0.955,16918.3,0.3253,17957.5,16.12,6.9489,0.024569,36.07,True,physics_simulated_synthetic
BGW-022,2633.06,346.3,7.725,124.98,35.27,0.875,4279.5,4841.7,3.5,0.999,17144.6,0.4241,17605.5,36.38,4.6704,0.046318,110.32,True,physics_simulated_synthetic
BGW-022,8342.22,564.0,6.697,87.87,36.59,0.875,4279.5,4841.7,3.5,0.902,16674.9,0.3666,17439.7,22.84,7.1052,0.032257,43.78,True,physics_simulated_synthetic
BGW-022,529.59,1128.9,2.563,116.15,33.62,0.875,4279.5,4841.7,3.5,0.979,17026.1,0.6434,17327.5,61.08,2.8718,0.042365,54.46,True,physics_simulated_synthetic
BGW-022,3948.34,566.5,5.214,87.63,46.06,0.875,4279.5,4841.7,3.5,0.999,17125.1,0.4291,17667.9,32.85,3.9736,0.032591,61.58,True,physics_simulated_synthetic
BGW-022,4523.54,266.1,7.422,118.64,31.94,0.875,4279.5,4841.7,3.5,0.989,17095.3,0.393,17531.2,27.98,6.677,0.043781,70.08,True,physics_simulated_synthetic
BGW-022,34860.13,1174.0,5.571,127.92,48.74,0.875,4279.5,4841.7,3.5,0.969,16992.5,0.3136,17988.2,10.9,11.5284,0.048435,33.7,True,physics_simulated_synthetic
BGW-022,3607.34,219.0,6.636,82.65,51.9,0.875,4279.5,4841.7,3.5,0.966,16971.6,0.4166,17330.1,31.38,3.6216,0.030151,79.55,True,physics_simulated_synthetic
BGW-022,35559.53,586.6,7.008,127.3,33.89,0.875,4279.5,4841.7,3.5,0.977,17038.0,0.2995,18244.5,7.55,24.2872,0.048888,20.31,True,physics_simulated_synthetic
BGW-022,78.11,1087.3,2.932,100.97,50.21,0.875,4279.5,4841.7,3.5,0.912,16710.1,0.7755,16771.9,76.21,1.4918,0.035645,100.89,True,physics_simulated_synthetic
BGW-022,5035.69,644.7,3.103,112.07,57.69,0.875,4279.5,4841.7,3.5,0.923,16760.6,0.4425,17390.5,33.65,3.0497,0.041024,60.11,True,physics_simulated_synthetic
BGW-022,197.21,580.6,6.85,124.45,54.45,0.875,4279.5,4841.7,3.5,0.995,17119.3,0.6363,17241.5,59.58,1.8089,0.045165,246.29,True,physics_simulated_synthetic
BGW-022,3736.8,372.9,2.528,71.81,30.51,0.875,4279.5,4841.7,3.5,0.933,16804.8,0.4724,17268.2,34.6,5.5685,0.026103,17.06,True,physics_simulated_synthetic
BGW-022,16839.14,207.1,5.312,88.9,45.52,0.875,4279.5,4841.7,3.5,0.909,16703.5,0.3469,17727.7,18.62,7.1187,0.033176,35.65,True,physics_simulated_synthetic
BGW-022,469.82,436.2,3.5,70.1,37.39,0.875,4279.5,4841.7,3.5,0.929,16788.8,0.6344,16750.2,58.81,2.5926,0.024716,48.05,True,physics_simulated_synthetic
BGW-023,187.38,1172.4,6.053,87.1,36.58,0.875,4104.5,4658.0,2.375,0.941,16182.4,0.6646,16282.7,65.88,2.2995,0.029853,113.16,True,physics_simulated_synthetic
BGW-023,1788.15,1037.2,4.822,116.88,39.62,0.875,4104.5,4658.0,2.375,0.964,16285.9,0.4987,16628.8,44.06,3.2418,0.040912,87.64,True,physics_simulated_synthetic
BGW-023,750.12,320.7,3.272,116.21,56.16,0.875,4104.5,4658.0,2.375,0.927,16113.2,0.601,16235.7,55.41,1.776,0.039716,105.37,True,physics_simulated_synthetic
BGW-023,805.1,1092.1,4.652,125.4,34.19,0.875,4104.5,4658.0,2.375,0.94,16177.6,0.5701,16318.8,52.95,3.0687,0.043074,94.02,True,physics_simulated_synthetic
BGW-023,5965.38,425.0,2.518,96.34,59.5,0.875,4104.5,4658.0,2.375,0.991,16399.6,0.4429,17088.2,33.24,2.9413,0.034654,42.72,True,physics_simulated_synthetic
BGW-023,90.96,1107.9,6.559,90.93,42.54,0.875,4104.5,4658.0,2.375,0.977,16346.7,0.6953,16453.4,67.14,1.9605,0.031491,151.71,True,physics_simulated_synthetic
BGW-023,13976.19,877.5,5.152,84.29,54.96,0.875,4104.5,4658.0,2.375,0.958,16258.4,0.362,17256.1,20.31,5.2617,0.030616,43.17,True,physics_simulated_synthetic
BGW-023,1243.68,460.7,5.416,67.95,57.29,0.875,4104.5,4658.0,2.375,0.964,16281.8,0.5199,16719.1,46.05,2.1568,0.023915,86.47,True,physics_simulated_synthetic
BGW-023,63.63,1022.4,7.214,64.69,41.4,0.875,4104.5,4658.0,2.375,0.924,16104.0,0.6968,16255.7,68.5,1.9511,0.022135,117.86,True,physics_simulated_synthetic
BGW-023,383.66,1156.0,6.022,117.04,58.04,0.875,4104.5,4658.0,2.375,0.998,16445.8,0.6111,16716.7,60.32,1.625,0.041183,219.77,True,physics_simulated_synthetic
BGW-023,342.37,1096.2,3.227,131.56,56.16,0.875,4104.5,4658.0,2.375,0.95,16215.8,0.6741,16327.4,63.56,1.557,0.045215,134.97,True,physics_simulated_synthetic
BGW-023,14090.45,1189.4,5.973,93.97,41.44,0.875,4104.5,4658.0,2.375,0.946,16207.8,0.3531,17237.2,20.05,7.0623,0.034097,41.52,True,physics_simulated_synthetic
BGW-023,11546.94,392.0,5.65,119.0,46.13,0.875,4104.5,4658.0,2.375,0.909,16042.1,0.3663,16862.3,22.11,5.6291,0.042238,61.05,True,physics_simulated_synthetic
BGW-023,38385.77,808.4,6.072,114.0,41.37,0.875,4104.5,4658.0,2.375,0.947,16216.2,0.3096,17234.1,10.0,14.1767,0.041355,25.51,True,physics_simulated_synthetic
BGW-023,323.49,1193.5,7.284,90.73,44.82,0.875,4104.5,4658.0,2.375,0.973,16335.5,0.6032,16294.4,57.75,2.1427,0.031121,152.35,True,physics_simulated_synthetic
BGW-023,9056.03,1190.0,6.988,113.07,36.17,0.875,4104.5,4658.0,2.375,0.969,16318.4,0.365,17032.7,23.98,6.6848,0.040541,61.03,True,physics_simulated_synthetic
BGW-023,795.3,409.4,3.925,68.78,49.26,0.875,4104.5,4658.0,2.375,0.953,16229.0,0.5837,16548.0,55.03,2.0778,0.023958,65.16,True,physics_simulated_synthetic
BGW-023,10181.73,708.4,7.918,86.39,33.05,0.875,4104.5,4658.0,2.375,0.9,16005.5,0.3499,16948.7,20.81,8.3883,0.030821,41.89,True,physics_simulated_synthetic
BGW-023,343.41,460.4,5.278,133.54,58.01,0.875,4104.5,4658.0,2.375,0.977,16348.1,0.6336,16564.2,62.03,1.5669,0.046561,225.83,True,physics_simulated_synthetic
BGW-023,33144.55,606.4,4.582,125.48,31.01,0.875,4104.5,4658.0,2.375,0.911,16045.4,0.3292,17047.8,13.9,13.4665,0.045029,22.06,True,physics_simulated_synthetic
BGW-023,386.99,1074.0,6.701,70.55,55.49,0.875,4104.5,4658.0,2.375,0.909,16035.1,0.5988,16154.3,57.49,1.7235,0.02399,134.31,True,physics_simulated_synthetic
BGW-023,110.86,579.3,5.05,117.73,45.19,0.875,4104.5,4658.0,2.375,0.917,16072.5,0.7162,16235.8,69.78,1.7527,0.040236,166.92,True,physics_simulated_synthetic
BGW-023,835.21,1117.6,6.984,113.5,53.42,0.875,4104.5,4658.0,2.375,0.911,16056.5,0.5301,16391.5,49.1,2.1271,0.039162,185.16,True,physics_simulated_synthetic
BGW-023,151.91,433.3,2.917,120.84,30.95,0.875,4104.5,4658.0,2.375,0.937,16157.2,0.7445,16261.9,74.37,2.4048,0.041364,72.26,True,physics_simulated_synthetic
BGW-023,8739.93,583.8,3.615,83.33,59.33,0.875,4104.5,4658.0,2.375,0.955,16236.7,0.4047,16894.2,28.02,3.4586,0.029635,44.61,True,physics_simulated_synthetic
BGW-023,7590.83,243.4,5.594,137.58,57.76,0.875,4104.5,4658.0,2.375,0.905,16024.3,0.3895,16784.4,27.54,3.5912,0.04861,109.04,True,physics_simulated_synthetic
BGW-023,29255.21,497.3,7.078,93.09,39.14,0.875,4104.5,4658.0,2.375,0.971,16323.6,0.3112,17624.1,11.23,13.652,0.034536,25.79,True,physics_simulated_synthetic
BGW-023,6591.36,660.9,2.84,114.04,48.16,0.875,4104.5,4658.0,2.375,0.935,16148.1,0.4319,16571.5,29.83,3.9263,0.039781,41.43,True,physics_simulated_synthetic
BGW-023,2238.4,403.5,5.491,105.25,59.17,0.875,4104.5,4658.0,2.375,0.988,16397.4,0.4716,16934.7,41.84,2.3283,0.037518,127.42,True,physics_simulated_synthetic
BGW-023,3751.45,377.9,7.393,111.54,48.3,0.875,4104.5,4658.0,2.375,0.934,16161.0,0.4118,16747.1,34.08,3.4634,0.039321,120.86,True,physics_simulated_synthetic
BGW-023,937.92,701.9,3.723,78.53,49.4,0.875,4104.5,4658.0,2.375,0.916,16062.4,0.5722,16138.7,51.27,2.1689,0.026679,65.94,True,physics_simulated_synthetic
BGW-023,1090.55,788.0,6.665,75.43,39.32,0.875,4104.5,4658.0,2.375,0.903,16011.0,0.5125,16148.4,46.32,3.0178,0.025641,81.55,True,physics_simulated_synthetic
BGW-023,15591.8,343.0,6.991,110.55,45.86,0.875,4104.5,4658.0,2.375,0.986,16393.8,0.3385,17151.1,16.43,7.7459,0.039912,51.87,True,physics_simulated_synthetic
BGW-023,418.99,687.4,6.009,105.78,30.7,0.875,4104.5,4658.0,2.375,0.936,16160.3,0.604,16213.1,58.49,3.0731,0.0361,101.65,True,physics_simulated_synthetic
BGW-023,7707.84,562.0,7.286,122.3,52.88,0.875,4104.5,4658.0,2.375,0.912,16063.2,0.3705,16641.8,23.57,4.5451,0.042842,98.9,True,physics_simulated_synthetic
BGW-023,180.0,555.2,2.915,142.16,31.74,0.875,4104.5,4658.0,2.375,0.907,16020.6,0.7328,16018.1,73.38,2.3408,0.047932,85.94,True,physics_simulated_synthetic
BGW-023,22305.87,635.6,6.355,106.05,32.78,0.875,4104.5,4658.0,2.375,0.967,16303.4,0.3287,17301.7,14.34,12.5302,0.038622,28.21,True,physics_simulated_synthetic
BGW-023,3048.0,340.1,6.392,121.79,57.84,0.875,4104.5,4658.0,2.375,0.925,16118.5,0.4375,16712.4,35.99,2.7328,0.042844,144.32,True,physics_simulated_synthetic
BGW-023,1112.38,809.6,6.927,93.15,58.18,0.875,4104.5,4658.0,2.375,0.951,16231.4,0.5072,16698.0,48.1,2.0309,0.032741,160.81,True,physics_simulated_synthetic
BGW-023,18355.25,753.8,7.689,89.75,31.61,0.875,4104.5,4658.0,2.375,0.974,16340.0,0.3249,17228.1,14.72,12.6021,0.032549,28.6,True,physics_simulated_synthetic
BGW-023,1198.27,809.3,5.946,118.01,31.88,0.875,4104.5,4658.0,2.375,0.909,16039.7,0.5152,16157.5,46.31,3.7254,0.040135,92.24,True,physics_simulated_synthetic
BGW-023,456.24,491.6,5.476,95.24,57.63,0.875,4104.5,4658.0,2.375,0.9,15996.1,0.606,15965.5,56.76,1.6614,0.032006,151.91,True,physics_simulated_synthetic
BGW-023,489.27,387.7,6.538,133.68,57.86,0.875,4104.5,4658.0,2.375,0.901,16012.3,0.5821,16262.8,54.22,1.7645,0.045763,244.16,True,physics_simulated_synthetic
BGW-023,470.47,644.9,3.069,136.02,49.81,0.875,4104.5,4658.0,2.375,0.965,16286.2,0.6486,16351.8,62.91,1.7763,0.046818,116.47,True,physics_simulated_synthetic
BGW-023,546.11,874.5,6.748,117.83,31.59,0.875,4104.5,4658.0,2.375,0.952,16240.6,0.5695,16385.1,52.39,3.3695,0.04064,117.21,True,physics_simulated_synthetic
BGW-023,52.77,965.0,7.969,71.0,40.95,0.875,4104.5,4658.0,2.375,0.974,16338.4,0.6885,16431.8,69.89,1.954,0.024556,144.21,True,physics_simulated_synthetic
BGW-023,5029.01,736.3,3.611,115.24,35.06,0.875,4104.5,4658.0,2.375,0.989,16393.3,0.4392,16943.2,34.08,4.8266,0.0411,44.28,True,physics_simulated_synthetic
BGW-023,2395.74,218.1,7.437,135.08,59.61,0.875,4104.5,4658.0,2.375,0.916,16086.5,0.4416,16402.0,38.97,2.4036,0.046637,207.78,True,physics_simulated_synthetic
BGW-023,28723.96,429.5,7.972,99.3,46.89,0.875,4104.5,4658.0,2.375,0.98,16371.0,0.3044,17562.5,10.17,12.5383,0.036711,33.61,True,physics_simulated_synthetic
BGW-023,157.57,1115.7,3.135,120.02,44.01,0.875,4104.5,4658.0,2.375,0.917,16068.6,0.7371,16045.7,73.81,1.6814,0.040537,108.84,True,physics_simulated_synthetic
BGW-023,12199.87,1137.8,5.267,115.7,59.7,0.875,4104.5,4658.0,2.375,0.91,16042.9,0.3676,16684.1,23.9,3.98,0.040633,77.43,True,physics_simulated_synthetic
BGW-023,381.16,635.8,6.406,120.47,40.75,0.875,4104.5,4658.0,2.375,0.957,16260.3,0.605,16065.8,60.85,2.2055,0.040741,170.42,True,physics_simulated_synthetic
BGW-023,28154.27,856.0,7.747,141.81,38.3,0.875,4104.5,4658.0,2.375,0.984,16399.2,0.307,17437.6,8.2,18.8914,0.052054,30.74,True,physics_simulated_synthetic
BGW-023,92.45,553.2,4.221,102.18,38.33,0.875,4104.5,4658.0,2.375,0.934,16144.7,0.7434,16376.8,72.89,1.9953,0.035224,107.3,True,physics_simulated_synthetic
BGW-023,22061.38,660.7,7.278,136.2,30.28,0.875,4104.5,4658.0,2.375,0.918,16095.3,0.3208,16996.2,15.76,12.1195,0.048728,42.14,True,physics_simulated_synthetic
BGW-023,38719.49,769.0,7.343,92.17,46.19,0.875,4104.5,4658.0,2.375,0.953,16243.0,0.2985,17472.3,10.0,12.8708,0.033898,27.85,True,physics_simulated_synthetic
BGW-023,1851.93,456.5,4.902,79.94,41.79,0.875,4104.5,4658.0,2.375,0.926,16110.9,0.4947,16375.4,43.05,3.0977,0.027556,62.8,True,physics_simulated_synthetic
BGW-023,1176.83,794.7,5.489,143.17,34.87,0.875,4104.5,4658.0,2.375,0.939,16180.2,0.5235,16562.6,46.95,3.443,0.049915,114.58,True,physics_simulated_synthetic
BGW-023,119.12,497.0,3.359,136.46,41.11,0.875,4104.5,4658.0,2.375,0.907,16022.0,0.7495,16225.1,74.33,1.8072,0.046606,124.74,True,physics_simulated_synthetic
BGW-023,1245.75,588.5,4.094,140.16,53.45,0.875,4104.5,4658.0,2.375,0.955,16242.4,0.5405,16620.4,48.34,2.1896,0.049036,132.04,True,physics_simulated_synthetic
BGW-023,54.95,1089.8,2.649,130.82,42.92,0.875,4104.5,4658.0,2.375,0.952,16222.4,0.8026,16059.6,79.7,1.598,0.044222,105.56,True,physics_simulated_synthetic
BGW-023,35984.57,303.4,3.165,74.25,50.5,0.875,4104.5,4658.0,2.375,0.957,16248.5,0.3402,17380.7,11.29,10.3776,0.027167,11.93,True,physics_simulated_synthetic
BGW-023,620.98,752.6,5.544,132.84,54.01,0.875,4104.5,4658.0,2.375,0.902,16010.9,0.5781,15985.1,55.72,1.8078,0.044697,197.39,True,physics_simulated_synthetic
BGW-023,159.01,927.2,6.186,70.28,55.8,0.875,4104.5,4658.0,2.375,0.972,16319.1,0.6727,16439.3,67.71,1.4809,0.024319,146.29,True,physics_simulated_synthetic
BGW-023,4957.39,397.1,2.501,94.98,48.11,0.875,4104.5,4658.0,2.375,0.998,16433.5,0.4557,17092.9,37.07,3.2626,0.034174,37.72,True,physics_simulated_synthetic
BGW-023,939.94,351.9,5.068,112.79,44.42,0.875,4104.5,4658.0,2.375,0.978,16349.2,0.5495,16521.0,49.43,2.5613,0.039223,111.75,True,physics_simulated_synthetic
BGW-023,887.16,321.1,3.231,75.61,32.52,0.875,4104.5,4658.0,2.375,0.968,16294.7,0.5861,16595.8,54.92,3.1624,0.026414,38.86,True,physics_simulated_synthetic
BGW-023,121.05,920.0,3.723,98.57,40.71,0.875,4104.5,4658.0,2.375,0.912,16046.4,0.7402,16010.0,73.35,1.8251,0.033218,97.58,True,physics_simulated_synthetic
BGW-023,314.54,990.0,6.014,137.72,56.1,0.875,4104.5,4658.0,2.375,0.901,16008.0,0.6273,16089.6,63.71,1.5322,0.046642,263.62,True,physics_simulated_synthetic
BGW-023,148.2,390.1,2.827,130.83,35.1,0.875,4104.5,4658.0,2.375,0.936,16151.0,0.7483,16230.6,74.41,2.1155,0.0447,86.03,True,physics_simulated_synthetic
BGW-023,310.37,926.5,7.293,94.35,58.86,0.875,4104.5,4658.0,2.375,0.964,16294.0,0.6062,16425.0,57.08,1.6639,0.032621,205.89,True,physics_simulated_synthetic
BGW-023,4554.79,791.8,7.261,98.02,55.0,0.875,4104.5,4658.0,2.375,0.952,16239.9,0.4011,16893.0,31.85,3.2822,0.034855,111.04,True,physics_simulated_synthetic
BGW-023,2463.2,860.6,3.895,113.22,34.07,0.875,4104.5,4658.0,2.375,0.903,16005.1,0.4869,16338.9,39.62,4.12,0.03894,53.01,True,physics_simulated_synthetic
BGW-023,13167.32,1177.1,6.891,115.86,37.32,0.875,4104.5,4658.0,2.375,0.943,16199.1,0.3473,17009.4,17.9,8.6689,0.041484,47.49,True,physics_simulated_synthetic
BGW-023,8014.12,1002.9,7.222,138.03,32.76,0.875,4104.5,4658.0,2.375,0.981,16380.8,0.3691,17246.7,23.24,7.7095,0.05011,67.6,True,physics_simulated_synthetic
BGW-023,367.67,317.1,7.251,75.49,39.97,0.875,4104.5,4658.0,2.375,0.959,16266.6,0.5938,16085.2,56.45,2.4264,0.025561,109.99,True,physics_simulated_synthetic
BGW-023,522.69,756.0,6.305,97.01,55.87,0.875,4104.5,4658.0,2.375,0.924,16106.6,0.5803,16402.3,55.79,1.7912,0.033495,169.79,True,physics_simulated_synthetic
BGW-023,899.79,598.2,4.766,98.53,38.02,0.875,4104.5,4658.0,2.375,0.977,16342.1,0.5582,16555.9,55.26,2.6819,0.034338,87.87,True,physics_simulated_synthetic
BGW-023,1526.38,865.3,7.804,101.29,38.08,0.875,4104.5,4658.0,2.375,0.988,16405.6,0.4704,16678.9,38.58,3.8644,0.035562,103.42,True,physics_simulated_synthetic
BGW-023,2366.29,1114.6,4.03,91.62,42.12,0.875,4104.5,4658.0,2.375,0.978,16343.1,0.4881,16686.5,40.44,3.3345,0.032182,56.01,True,physics_simulated_synthetic
BGW-023,29347.37,731.2,5.476,134.9,48.84,0.875,4104.5,4658.0,2.375,0.914,16064.9,0.3255,17212.8,13.28,9.0327,0.048879,42.67,True,physics_simulated_synthetic
BGW-023,96.22,705.2,3.947,128.8,54.73,0.875,4104.5,4658.0,2.375,0.905,16014.7,0.7476,16006.8,73.94,1.3465,0.043396,183.18,True,physics_simulated_synthetic
BGW-023,1515.55,1098.3,6.929,84.84,57.65,0.875,4104.5,4658.0,2.375,0.986,16390.7,0.4823,16888.0,45.56,2.1886,0.030159,137.5,True,physics_simulated_synthetic
BGW-023,647.74,658.2,7.51,119.04,57.43,0.875,4104.5,4658.0,2.375,0.959,16277.0,0.5435,16423.1,51.3,1.8974,0.041152,234.56,True,physics_simulated_synthetic
BGW-023,18194.93,943.3,2.63,102.11,42.14,0.875,4104.5,4658.0,2.375,0.917,16063.6,0.3772,16882.2,20.22,6.7425,0.036285,20.38,True,physics_simulated_synthetic
BGW-023,377.62,966.5,3.99,137.08,45.11,0.875,4104.5,4658.0,2.375,0.96,16263.4,0.65,16256.3,64.13,1.9128,0.046907,140.91,True,physics_simulated_synthetic
BGW-023,655.68,904.2,6.932,86.59,37.52,0.875,4104.5,4658.0,2.375,0.927,16121.4,0.5512,16227.5,50.63,2.9077,0.029578,101.55,True,physics_simulated_synthetic
BGW-023,930.28,431.3,3.696,83.07,54.14,0.875,4104.5,4658.0,2.375,0.978,16344.1,0.5734,16573.0,52.38,1.9889,0.028981,77.56,True,physics_simulated_synthetic
BGW-023,649.38,1031.9,7.998,112.27,45.12,0.875,4104.5,4658.0,2.375,0.948,16227.9,0.5361,16358.3,51.14,2.4129,0.03866,184.53,True,physics_simulated_synthetic
BGW-023,20662.52,569.0,7.493,101.93,34.65,0.875,4104.5,4658.0,2.375,0.989,16411.8,0.3216,17363.8,12.82,13.3024,0.037255,30.22,True,physics_simulated_synthetic
BGW-023,6459.87,1069.5,6.273,72.29,35.76,0.875,4104.5,4658.0,2.375,0.948,16212.8,0.3911,16897.0,24.7,6.5106,0.025713,35.68,True,physics_simulated_synthetic
BGW-023,8434.58,558.6,2.978,82.28,37.74,0.875,4104.5,4658.0,2.375,0.949,16210.3,0.4149,16719.2,29.73,5.0727,0.028956,24.48,True,physics_simulated_synthetic
BGW-023,26482.0,1189.6,7.943,129.5,52.79,0.875,4104.5,4658.0,2.375,0.969,16328.7,0.3078,17428.0,10.77,10.4379,0.047509,52.06,True,physics_simulated_synthetic
BGW-023,538.0,910.9,5.9,67.17,53.7,0.875,4104.5,4658.0,2.375,0.965,16289.8,0.5846,16477.2,59.31,1.7607,0.023298,112.41,True,physics_simulated_synthetic
BGW-023,503.08,844.2,2.552,107.57,57.25,0.875,4104.5,4658.0,2.375,0.941,16174.9,0.6529,16429.2,61.12,1.5981,0.037202,85.55,True,physics_simulated_synthetic
BGW-023,3740.69,831.9,4.418,87.24,37.62,0.875,4104.5,4658.0,2.375,0.949,16214.3,0.4486,16620.2,35.86,4.1934,0.030521,46.3,True,physics_simulated_synthetic
BGW-023,7949.2,944.3,6.069,73.43,58.6,0.875,4104.5,4658.0,2.375,0.997,16434.7,0.3816,17376.4,22.65,4.4551,0.026857,52.68,True,physics_simulated_synthetic
BGW-023,3472.1,917.5,6.709,136.17,31.38,0.875,4104.5,4658.0,2.375,0.994,16436.8,0.4248,17095.4,32.17,5.763,0.049002,82.14,True,physics_simulated_synthetic
BGW-023,6399.7,1083.8,2.698,89.66,44.98,0.875,4104.5,4658.0,2.375,0.914,16053.0,0.4358,16750.0,31.82,3.9842,0.031613,30.82,True,physics_simulated_synthetic
BGW-023,517.99,446.3,3.134,129.66,58.69,0.875,4104.5,4658.0,2.375,0.939,16166.9,0.6383,16378.3,60.54,1.569,0.044703,128.58,True,physics_simulated_synthetic
BGW-023,1826.91,742.0,5.825,138.08,46.41,0.875,4104.5,4658.0,2.375,0.921,16098.5,0.4827,16588.3,41.18,2.9543,0.048215,136.9,True,physics_simulated_synthetic
BGW-023,11958.35,1074.4,3.938,133.85,39.29,0.875,4104.5,4658.0,2.375,0.967,16296.1,0.3834,17378.5,23.4,6.4342,0.048965,43.16,True,physics_simulated_synthetic
BGW-023,765.39,455.6,4.472,123.96,41.14,0.875,4104.5,4658.0,2.375,0.921,16090.7,0.5777,16200.0,56.03,2.3923,0.042272,113.79,True,physics_simulated_synthetic
BGW-023,1208.37,782.1,6.549,89.28,56.42,0.875,4104.5,4658.0,2.375,0.993,16420.1,0.5058,16409.1,44.72,2.2138,0.030837,131.35,True,physics_simulated_synthetic
BGW-023,2229.68,709.2,5.321,84.96,47.69,0.875,4104.5,4658.0,2.375,0.997,16435.3,0.4743,17016.4,42.15,2.8813,0.030432,80.92,True,physics_simulated_synthetic
BGW-023,10200.12,522.6,3.061,135.73,52.24,0.875,4104.5,4658.0,2.375,0.913,16049.3,0.4027,16918.5,25.76,4.279,0.048338,49.8,True,physics_simulated_synthetic
BGW-023,354.82,1121.1,7.222,121.19,31.66,0.875,4104.5,4658.0,2.375,0.928,16134.8,0.5971,16531.1,57.13,3.1106,0.042171,140.99,True,physics_simulated_synthetic
BGW-023,26713.88,961.2,4.897,114.29,47.75,0.875,4104.5,4658.0,2.375,0.967,16299.5,0.335,17100.0,15.3,7.9658,0.04114,36.42,True,physics_simulated_synthetic
BGW-023,337.39,722.4,5.337,86.38,57.65,0.875,4104.5,4658.0,2.375,0.966,16293.1,0.6339,16354.2,60.56,1.5945,0.029738,143.33,True,physics_simulated_synthetic
BGW-023,3784.98,235.8,4.755,65.54,44.29,0.875,4104.5,4658.0,2.375,0.935,16151.2,0.4433,16530.8,34.25,3.7088,0.022806,42.1,True,physics_simulated_synthetic
BGW-023,1440.42,763.2,3.939,128.93,44.76,0.875,4104.5,4658.0,2.375,0.954,16237.4,0.5304,16647.4,47.62,2.6583,0.045182,96.41,True,physics_simulated_synthetic
BGW-023,2608.43,1156.9,5.37,82.53,44.2,0.875,4104.5,4658.0,2.375,0.931,16133.8,0.4618,16793.0,37.77,3.4237,0.029175,65.89,True,physics_simulated_synthetic
BGW-023,3792.82,225.8,6.792,132.19,56.9,0.875,4104.5,4658.0,2.375,0.976,16351.6,0.418,17103.5,33.01,3.0991,0.047593,150.21,True,physics_simulated_synthetic
BGW-023,25612.35,277.3,6.971,79.08,33.01,0.875,4104.5,4658.0,2.375,0.952,16234.7,0.3174,17377.8,13.95,12.8395,0.028926,22.61,True,physics_simulated_synthetic
BGW-023,84.05,1104.8,4.583,121.26,37.15,0.875,4104.5,4658.0,2.375,0.944,16195.3,0.7398,16115.2,74.29,1.9873,0.041133,136.59,True,physics_simulated_synthetic
BGW-023,82.1,889.0,3.002,99.91,40.3,0.875,4104.5,4658.0,2.375,0.93,16124.8,0.7774,16326.7,75.82,1.8188,0.034337,81.61,True,physics_simulated_synthetic
BGW-023,3617.95,215.6,6.101,76.8,49.23,0.875,4104.5,4658.0,2.375,0.966,16292.8,0.4294,16576.0,35.85,3.1969,0.026797,73.64,True,physics_simulated_synthetic
BGW-023,2195.06,762.0,3.749,140.61,37.43,0.875,4104.5,4658.0,2.375,0.93,16129.7,0.4982,16610.4,41.34,3.6539,0.049165,72.65,True,physics_simulated_synthetic
BGW-023,1781.93,466.3,3.651,135.44,38.24,0.875,4104.5,4658.0,2.375,0.933,16139.7,0.5169,16529.6,46.94,3.1351,0.047127,79.03,True,physics_simulated_synthetic
BGW-023,50.47,653.1,5.08,134.32,37.25,0.875,4104.5,4658.0,2.375,0.967,16302.4,0.7482,16266.4,74.14,2.0048,0.045991,167.82,True,physics_simulated_synthetic
BGW-023,94.62,842.7,4.392,83.49,33.37,0.875,4104.5,4658.0,2.375,0.998,16433.2,0.7385,16366.4,73.51,2.2711,0.028763,80.1,True,physics_simulated_synthetic
BGW-023,108.91,829.4,5.106,114.12,51.59,0.875,4104.5,4658.0,2.375,0.928,16121.2,0.716,16288.0,71.76,1.4977,0.039126,192.08,True,physics_simulated_synthetic
BGW-023,53.43,493.5,7.992,110.65,59.59,0.875,4104.5,4658.0,2.375,0.912,16063.8,0.6877,15966.4,67.46,1.352,0.03719,316.56,True,physics_simulated_synthetic
BGW-023,26793.73,564.2,3.616,128.47,30.8,0.875,4104.5,4658.0,2.375,0.982,16363.8,0.348,17503.0,14.4,13.4361,0.047332,18.34,True,physics_simulated_synthetic
BGW-023,3620.34,345.8,5.286,115.56,41.98,0.875,4104.5,4658.0,2.375,0.97,16316.4,0.4395,16815.1,34.95,3.9015,0.040901,79.8,True,physics_simulated_synthetic
BGW-023,6428.82,940.4,7.495,72.15,56.4,0.875,4104.5,4658.0,2.375,0.901,16005.9,0.3783,16351.7,24.05,4.1033,0.024832,65.32,True,physics_simulated_synthetic
BGW-023,115.28,575.5,7.41,106.79,39.83,0.875,4104.5,4658.0,2.375,0.909,16047.9,0.6679,15954.8,65.12,2.0936,0.035866,182.81,True,physics_simulated_synthetic
BGW-023,110.91,471.5,6.69,111.41,44.74,0.875,4104.5,4658.0,2.375,0.941,16188.2,0.6833,16232.8,65.67,1.8806,0.03807,195.03,True,physics_simulated_synthetic
BGW-023,7296.92,948.7,7.411,137.45,45.31,0.875,4104.5,4658.0,2.375,0.961,16289.1,0.3722,16748.8,21.34,5.8973,0.04846,87.7,True,physics_simulated_synthetic
BGW-023,671.76,605.5,7.779,90.23,50.31,0.875,4104.5,4658.0,2.375,0.914,16067.0,0.5365,16036.0,47.66,2.2765,0.030459,149.87,True,physics_simulated_synthetic
BGW-023,1055.72,877.8,5.298,124.37,56.9,0.875,4104.5,4658.0,2.375,0.963,16284.4,0.5357,16418.4,47.33,2.0753,0.042982,158.02,True,physics_simulated_synthetic
BGW-023,83.08,767.8,7.997,109.91,30.55,0.875,4104.5,4658.0,2.375,0.999,16460.5,0.6722,16239.6,64.25,2.8159,0.037572,153.64,True,physics_simulated_synthetic
BGW-023,1075.47,937.4,5.415,68.55,49.03,0.875,4104.5,4658.0,2.375,0.994,16417.0,0.5323,16942.7,48.56,2.4224,0.024447,78.7,True,physics_simulated_synthetic
BGW-023,8376.45,1024.3,4.714,141.82,33.73,0.875,4104.5,4658.0,2.375,0.997,16436.2,0.3939,17136.7,27.26,6.3432,0.051159,54.75,True,physics_simulated_synthetic
BGW-023,281.31,716.7,5.155,100.09,52.87,0.875,4104.5,4658.0,2.375,0.997,16436.1,0.652,16548.2,63.22,1.6854,0.034864,153.57,True,physics_simulated_synthetic
BGW-023,1362.39,738.4,6.432,131.46,32.34,0.875,4104.5,4658.0,2.375,0.958,16269.0,0.4976,16380.3,45.52,3.7878,0.045327,110.84,True,physics_simulated_synthetic
BGW-023,53.37,1117.4,3.044,70.17,51.57,0.875,4104.5,4658.0,2.375,0.947,16198.2,0.7938,16227.0,79.94,1.3397,0.023968,78.43,True,physics_simulated_synthetic
BGW-023,463.94,833.9,5.808,68.91,43.72,0.875,4104.5,4658.0,2.375,0.961,16271.4,0.5988,16342.1,56.91,2.2357,0.023705,88.68,True,physics_simulated_synthetic
BGW-023,97.54,1055.6,3.381,128.06,50.79,0.875,4104.5,4658.0,2.375,0.941,16177.6,0.7599,16350.8,77.72,1.4099,0.044077,152.2,True,physics_simulated_synthetic
BGW-023,2764.45,202.3,3.707,90.67,58.4,0.875,4104.5,4658.0,2.375,0.993,16413.0,0.4808,16675.3,40.93,2.3748,0.031826,71.54,True,physics_simulated_synthetic
BGW-023,540.77,831.8,2.567,101.26,37.79,0.875,4104.5,4658.0,2.375,0.974,16321.6,0.6457,16475.0,62.16,2.3874,0.035118,54.37,True,physics_simulated_synthetic
BGW-023,18353.77,340.1,5.442,132.57,35.78,0.875,4104.5,4658.0,2.375,0.932,16146.8,0.3461,17261.9,13.91,11.802,0.04817,31.98,True,physics_simulated_synthetic
BGW-023,10229.56,261.1,3.307,127.94,52.89,0.875,4104.5,4658.0,2.375,0.936,16155.3,0.3995,17083.1,24.79,4.4354,0.046007,49.4,True,physics_simulated_synthetic
BGW-023,4178.35,1008.9,7.771,102.2,47.95,0.875,4104.5,4658.0,2.375,0.918,16089.2,0.4008,16524.8,28.77,4.0771,0.035551,97.57,True,physics_simulated_synthetic
BGW-023,688.8,524.9,5.192,75.92,30.85,0.875,4104.5,4658.0,2.375,0.917,16069.5,0.5749,16351.0,55.99,3.2219,0.026131,60.63,True,physics_simulated_synthetic
BGW-023,18934.0,599.4,6.341,67.82,46.42,0.875,4104.5,4658.0,2.375,0.917,16074.1,0.3359,16915.4,14.45,8.5853,0.02415,25.69,True,physics_simulated_synthetic
BGW-023,625.58,819.5,6.182,105.54,58.14,0.875,4104.5,4658.0,2.375,0.906,16029.2,0.567,16259.7,53.22,1.7885,0.036123,179.8,True,physics_simulated_synthetic
BGW-023,9672.17,656.6,2.748,126.1,55.22,0.875,4104.5,4658.0,2.375,0.927,16110.6,0.4098,16953.9,28.2,3.7065,0.045002,48.04,True,physics_simulated_synthetic
BGW-023,27009.06,1006.0,5.866,104.09,48.86,0.875,4104.5,4658.0,2.375,0.924,16106.8,0.3253,17144.1,14.2,8.4113,0.037564,37.72,True,physics_simulated_synthetic
BGW-023,16175.77,428.7,7.303,79.21,40.92,0.875,4104.5,4658.0,2.375,0.969,16315.3,0.3339,17225.0,14.2,10.0901,0.028719,29.93,True,physics_simulated_synthetic
BGW-023,295.41,1136.3,7.691,93.74,47.46,0.875,4104.5,4658.0,2.375,0.973,16338.0,0.6034,16593.3,62.39,1.9073,0.032741,190.12,True,physics_simulated_synthetic
BGW-023,1226.21,1111.9,5.53,99.47,37.35,0.875,4104.5,4658.0,2.375,0.909,16036.3,0.5194,16241.1,46.71,3.1686,0.034006,85.46,True,physics_simulated_synthetic
BGW-023,23818.63,693.2,7.329,80.5,33.23,0.875,4104.5,4658.0,2.375,0.924,16111.9,0.3172,17343.2,11.95,14.8667,0.02939,20.86,True,physics_simulated_synthetic
BGW-023,58.84,230.9,3.959,124.21,58.65,0.875,4104.5,4658.0,2.375,0.941,16179.9,0.7684,16076.2,76.33,1.2223,0.042033,196.05,True,physics_simulated_synthetic
BGW-023,29918.75,370.7,7.396,115.72,36.52,0.875,4104.5,4658.0,2.375,0.997,16446.9,0.3076,17532.1,10.82,15.0931,0.042706,30.14,True,physics_simulated_synthetic
BGW-023,82.38,1171.8,6.462,117.92,42.7,0.875,4104.5,4658.0,2.375,0.94,16185.0,0.7016,16197.0,71.22,1.8126,0.040203,206.4,True,physics_simulated_synthetic
BGW-023,1604.63,1138.9,6.197,83.39,51.28,0.875,4104.5,4658.0,2.375,0.946,16205.9,0.4878,16484.9,41.86,2.6137,0.028936,98.8,True,physics_simulated_synthetic
BGW-023,13824.61,872.5,5.366,79.94,39.27,0.875,4104.5,4658.0,2.375,0.932,16138.8,0.3603,17123.1,18.1,8.1974,0.028813,27.16,True,physics_simulated_synthetic
BGW-023,2333.58,507.9,7.107,121.99,53.32,0.875,4104.5,4658.0,2.375,0.989,16412.8,0.4475,16660.3,36.41,2.9207,0.042781,149.91,True,physics_simulated_synthetic
BGW-023,4642.4,592.6,7.377,94.75,54.46,0.875,4104.5,4658.0,2.375,0.942,16193.3,0.3986,16701.1,28.3,3.6891,0.033309,95.91,True,physics_simulated_synthetic
BGW-024,662.24,783.8,6.69,122.87,52.41,0.75,4360.9,4700.4,3.5,0.934,13913.3,0.5467,13798.9,51.09,1.7541,0.035689,196.0,True,physics_simulated_synthetic
BGW-024,2576.14,1102.6,2.81,140.57,44.79,0.75,4360.9,4700.4,3.5,0.935,13897.4,0.4967,14190.5,42.86,2.5156,0.04199,67.54,True,physics_simulated_synthetic
BGW-024,232.79,445.3,4.811,122.5,30.96,0.75,4360.9,4700.4,3.5,0.969,14071.7,0.6665,14162.7,63.18,2.4641,0.036519,102.67,True,physics_simulated_synthetic
BGW-024,10985.59,847.6,4.545,114.06,59.16,0.75,4360.9,4700.4,3.5,0.979,14122.5,0.3773,14718.9,20.69,4.0923,0.035338,56.51,True,physics_simulated_synthetic
BGW-024,149.81,372.6,2.817,141.96,52.67,0.75,4360.9,4700.4,3.5,0.906,13758.3,0.7431,13648.1,75.08,1.1748,0.040783,140.81,True,physics_simulated_synthetic
BGW-024,447.86,732.0,7.162,74.18,52.53,0.75,4360.9,4700.4,3.5,0.95,13984.3,0.5712,14082.7,54.13,1.6858,0.021989,134.53,True,physics_simulated_synthetic
BGW-024,7799.85,1171.8,3.626,102.95,55.61,0.75,4360.9,4700.4,3.5,0.94,13926.9,0.408,14578.2,27.15,3.2861,0.031591,50.19,True,physics_simulated_synthetic
BGW-024,1725.64,820.4,7.966,88.07,53.47,0.75,4360.9,4700.4,3.5,0.986,14167.9,0.452,14492.8,39.34,2.3449,0.026869,131.44,True,physics_simulated_synthetic
BGW-024,859.43,560.7,3.657,95.46,54.07,0.75,4360.9,4700.4,3.5,0.977,14104.8,0.5767,14382.4,52.26,1.7324,0.0289,87.85,True,physics_simulated_synthetic
BGW-024,1989.07,445.7,5.559,75.98,30.11,0.75,4360.9,4700.4,3.5,0.997,14207.9,0.4743,14365.7,39.71,4.0897,0.022976,44.98,True,physics_simulated_synthetic
BGW-024,414.69,1164.4,6.981,94.3,37.9,0.75,4360.9,4700.4,3.5,0.903,13756.7,0.5804,13844.8,56.8,2.1893,0.027481,126.19,True,physics_simulated_synthetic
BGW-024,93.49,203.0,2.812,101.62,40.56,0.75,4360.9,4700.4,3.5,0.901,13731.2,0.7708,13859.6,76.63,1.5179,0.029648,79.08,True,physics_simulated_synthetic
BGW-024,643.68,335.8,4.917,107.09,57.59,0.75,4360.9,4700.4,3.5,0.987,14162.5,0.5795,14128.6,53.86,1.5504,0.031848,145.44,True,physics_simulated_synthetic
BGW-024,1259.54,776.4,6.097,74.39,31.23,0.75,4360.9,4700.4,3.5,0.932,13890.1,0.5025,14014.3,43.29,3.5287,0.021944,54.6,True,physics_simulated_synthetic
BGW-024,10539.62,1126.5,3.437,134.7,51.16,0.75,4360.9,4700.4,3.5,0.984,14141.4,0.3933,14736.4,25.24,3.8853,0.041784,53.22,True,physics_simulated_synthetic
BGW-024,12245.95,396.3,6.332,122.61,59.91,0.75,4360.9,4700.4,3.5,0.979,14129.0,0.3518,14713.5,19.76,4.2307,0.037975,81.85,True,physics_simulated_synthetic
BGW-024,16411.29,829.0,3.959,136.07,55.79,0.75,4360.9,4700.4,3.5,0.99,14176.4,0.3639,14968.0,19.52,4.6787,0.042871,52.24,True,physics_simulated_synthetic
BGW-024,5871.29,607.8,6.482,65.45,34.24,0.75,4360.9,4700.4,3.5,0.995,14200.6,0.3893,14858.1,24.48,6.0342,0.020469,31.66,True,physics_simulated_synthetic
BGW-024,12151.75,596.2,7.098,135.12,59.39,0.75,4360.9,4700.4,3.5,0.934,13919.0,0.3443,14527.7,18.87,4.4135,0.041321,95.7,True,physics_simulated_synthetic
BGW-024,334.6,306.3,6.621,88.23,41.49,0.75,4360.9,4700.4,3.5,0.923,13849.9,0.6037,13927.9,59.92,1.907,0.025866,129.32,True,physics_simulated_synthetic
BGW-024,86.96,1035.0,7.605,77.8,47.53,0.75,4360.9,4700.4,3.5,0.972,14095.9,0.6674,14061.0,66.99,1.503,0.023026,167.78,True,physics_simulated_synthetic
BGW-024,128.16,1073.6,7.176,109.63,42.57,0.75,4360.9,4700.4,3.5,0.96,14040.3,0.6573,14163.5,66.41,1.7052,0.032684,198.07,True,physics_simulated_synthetic
BGW-024,212.19,498.0,6.341,76.85,42.48,0.75,4360.9,4700.4,3.5,0.999,14223.8,0.6425,14334.1,62.62,1.8343,0.023187,115.43,True,physics_simulated_synthetic
BGW-024,598.07,318.8,4.554,72.11,44.16,0.75,4360.9,4700.4,3.5,0.936,13906.2,0.5927,13804.6,57.49,1.8509,0.020954,74.24,True,physics_simulated_synthetic
BGW-024,3609.12,267.9,5.436,89.96,36.62,0.75,4360.9,4700.4,3.5,0.981,14132.6,0.4329,14587.9,33.81,4.0099,0.027624,53.92,True,physics_simulated_synthetic
BGW-024,8068.45,616.0,3.991,133.51,30.63,0.75,4360.9,4700.4,3.5,0.949,13970.6,0.4013,14612.9,24.19,6.7141,0.041068,35.15,True,physics_simulated_synthetic
BGW-024,9607.33,635.0,5.104,119.68,45.48,0.75,4360.9,4700.4,3.5,0.935,13906.9,0.3778,14581.4,22.32,4.8896,0.036733,55.22,True,physics_simulated_synthetic
BGW-024,27739.51,480.0,3.54,137.39,36.93,0.75,4360.9,4700.4,3.5,0.966,14056.5,0.3446,14796.5,14.13,9.6496,0.042792,22.6,True,physics_simulated_synthetic
BGW-024,67.11,794.6,4.913,97.93,39.19,0.75,4360.9,4700.4,3.5,0.94,13926.6,0.7343,13838.3,72.54,1.6568,0.028526,121.81,True,physics_simulated_synthetic
BGW-024,8029.6,336.2,3.53,69.74,42.91,0.75,4360.9,4700.4,3.5,0.908,13766.7,0.4076,14235.6,26.66,4.2356,0.020899,25.08,True,physics_simulated_synthetic
BGW-024,183.39,486.8,4.619,83.49,55.67,0.75,4360.9,4700.4,3.5,0.935,13899.0,0.6876,13762.5,67.56,1.2455,0.024188,129.17,True,physics_simulated_synthetic
BGW-024,393.99,1090.9,6.498,134.61,53.65,0.75,4360.9,4700.4,3.5,0.963,14053.7,0.5929,14030.5,56.99,1.5619,0.039756,238.16,True,physics_simulated_synthetic
BGW-024,5692.15,443.8,4.933,143.89,38.33,0.75,4360.9,4700.4,3.5,0.966,14061.1,0.41,14462.3,27.15,4.7294,0.043805,65.79,True,physics_simulated_synthetic
BGW-024,240.71,756.8,3.427,87.18,34.15,0.75,4360.9,4700.4,3.5,0.915,13798.4,0.6941,14062.4,66.42,2.1102,0.025807,60.35,True,physics_simulated_synthetic
BGW-024,15287.09,947.3,3.817,99.18,39.33,0.75,4360.9,4700.4,3.5,0.916,13809.1,0.3691,14448.3,19.74,6.3353,0.030165,26.17,True,physics_simulated_synthetic
BGW-024,1179.8,508.8,7.577,125.96,31.82,0.75,4360.9,4700.4,3.5,0.919,13842.8,0.4862,14026.5,44.49,3.3719,0.037191,120.34,True,physics_simulated_synthetic
BGW-024,26818.55,527.2,5.998,111.16,31.65,0.75,4360.9,4700.4,3.5,0.985,14156.9,0.3204,15231.9,9.37,17.4824,0.035642,17.61,True,physics_simulated_synthetic
BGW-024,119.75,871.4,2.565,115.03,58.73,0.75,4360.9,4700.4,3.5,0.972,14082.0,0.7635,14048.1,73.36,1.1097,0.034014,113.23,True,physics_simulated_synthetic
BGW-024,2856.13,296.7,7.44,130.29,57.05,0.75,4360.9,4700.4,3.5,0.906,13780.9,0.4231,14037.2,34.0,2.4632,0.038497,167.44,True,physics_simulated_synthetic
BGW-024,8105.64,740.6,7.722,114.97,52.66,0.75,4360.9,4700.4,3.5,0.921,13852.0,0.358,14729.8,25.83,3.6861,0.035646,107.54,True,physics_simulated_synthetic
BGW-024,9248.55,1158.2,2.697,88.06,53.65,0.75,4360.9,4700.4,3.5,0.937,13907.7,0.4105,14616.7,26.39,3.5144,0.027093,29.94,True,physics_simulated_synthetic
BGW-024,2478.55,1028.5,3.566,128.23,52.1,0.75,4360.9,4700.4,3.5,0.962,14035.5,0.4875,14093.3,41.71,2.2076,0.038041,88.49,True,physics_simulated_synthetic
BGW-024,89.6,461.8,3.064,95.63,48.1,0.75,4360.9,4700.4,3.5,0.922,13833.0,0.7665,13722.8,75.41,1.2879,0.027623,94.63,True,physics_simulated_synthetic
BGW-024,9895.28,1082.1,5.702,126.76,32.51,0.75,4360.9,4700.4,3.5,0.914,13808.8,0.3694,14431.0,22.45,6.7306,0.038506,46.97,True,physics_simulated_synthetic
BGW-024,325.16,1196.0,7.625,129.26,55.07,0.75,4360.9,4700.4,3.5,0.96,14046.7,0.5884,14204.8,59.19,1.4834,0.03865,286.1,True,physics_simulated_synthetic
BGW-024,108.67,785.4,4.844,83.6,31.7,0.75,4360.9,4700.4,3.5,0.913,13794.6,0.7142,13761.8,68.54,2.156,0.024219,78.36,True,physics_simulated_synthetic
BGW-024,109.26,478.9,5.058,116.03,49.5,0.75,4360.9,4700.4,3.5,0.97,14078.7,0.7092,14184.1,69.04,1.4128,0.034643,178.61,True,physics_simulated_synthetic
BGW-024,101.99,943.4,3.302,122.74,34.43,0.75,4360.9,4700.4,3.5,0.927,13861.2,0.7539,13823.0,75.25,1.8159,0.035713,93.5,True,physics_simulated_synthetic
BGW-024,278.6,302.1,4.187,101.11,42.12,0.75,4360.9,4700.4,3.5,0.974,14092.0,0.6657,14478.0,66.46,1.7607,0.030814,105.53,True,physics_simulated_synthetic
BGW-024,713.05,301.0,7.234,77.61,57.0,0.75,4360.9,4700.4,3.5,0.994,14198.8,0.532,14403.4,49.6,1.7341,0.023531,141.35,True,physics_simulated_synthetic
BGW-024,932.9,1107.4,7.978,72.99,54.7,0.75,4360.9,4700.4,3.5,0.938,13925.8,0.4991,14190.7,44.29,1.9941,0.021802,125.6,True,physics_simulated_synthetic
BGW-024,4635.02,1082.0,6.166,91.42,40.9,0.75,4360.9,4700.4,3.5,0.91,13786.5,0.4073,14368.1,31.14,3.8403,0.027649,63.93,True,physics_simulated_synthetic
BGW-024,882.95,939.7,6.294,120.68,45.97,0.75,4360.9,4700.4,3.5,0.944,13957.4,0.5289,14293.8,47.04,2.2497,0.036311,146.28,True,physics_simulated_synthetic
BGW-024,25173.8,587.9,3.286,79.29,44.93,0.75,4360.9,4700.4,3.5,0.914,13793.5,0.3518,14803.8,15.06,7.4465,0.024709,15.7,True,physics_simulated_synthetic
BGW-024,34550.34,1181.4,7.16,96.24,48.61,0.75,4360.9,4700.4,3.5,0.95,13989.1,0.2999,15073.7,8.37,12.6058,0.030535,24.97,True,physics_simulated_synthetic
BGW-024,505.56,809.8,7.913,117.97,59.27,0.75,4360.9,4700.4,3.5,0.958,14036.0,0.5493,14355.3,52.52,1.5696,0.035649,258.8,True,physics_simulated_synthetic
BGW-024,5935.19,854.9,7.471,137.49,31.41,0.75,4360.9,4700.4,3.5,0.953,14016.3,0.3775,14661.7,25.71,6.1814,0.042434,73.86,True,physics_simulated_synthetic
BGW-024,1247.27,946.4,4.144,72.19,52.83,0.75,4360.9,4700.4,3.5,0.968,14063.2,0.5348,14236.7,47.22,1.9427,0.021633,66.45,True,physics_simulated_synthetic
BGW-024,1371.81,342.3,3.772,86.05,35.49,0.75,4360.9,4700.4,3.5,0.959,14018.9,0.5329,14203.0,47.25,2.883,0.025726,48.47,True,physics_simulated_synthetic
BGW-024,890.19,545.5,4.836,128.4,45.82,0.75,4360.9,4700.4,3.5,0.922,13840.8,0.5523,14014.1,53.58,1.9427,0.037876,135.76,True,physics_simulated_synthetic
BGW-024,4686.45,418.3,7.714,79.56,50.47,0.75,4360.9,4700.4,3.5,0.982,14143.1,0.3885,14831.7,26.58,3.7636,0.024839,73.31,True,physics_simulated_synthetic
BGW-024,649.7,668.2,5.01,110.33,49.31,0.75,4360.9,4700.4,3.5,0.9,13734.2,0.577,13733.4,52.15,1.8181,0.031894,126.55,True,physics_simulated_synthetic
BGW-024,12683.53,349.0,6.462,98.32,39.3,0.75,4360.9,4700.4,3.5,0.983,14148.1,0.3487,14806.7,16.66,7.696,0.030644,37.05,True,physics_simulated_synthetic
BGW-024,8500.95,1033.9,5.074,74.15,50.3,0.75,4360.9,4700.4,3.5,0.915,13805.2,0.3848,14323.7,24.84,3.9012,0.022357,41.87,True,physics_simulated_synthetic
BGW-024,69.79,536.9,4.855,103.32,56.78,0.75,4360.9,4700.4,3.5,0.996,14204.4,0.7342,14206.0,69.96,1.2172,0.030897,177.47,True,physics_simulated_synthetic
BGW-024,99.18,732.0,4.818,104.39,41.59,0.75,4360.9,4700.4,3.5,0.956,14006.2,0.7195,13942.6,72.2,1.5804,0.030637,134.48,True,physics_simulated_synthetic
BGW-024,73.25,601.4,7.41,74.68,47.51,0.75,4360.9,4700.4,3.5,0.97,14081.5,0.678,14039.8,67.63,1.4871,0.022071,158.38,True,physics_simulated_synthetic
BGW-024,1008.3,621.9,4.39,131.26,33.43,0.75,4360.9,4700.4,3.5,0.998,14217.3,0.5491,14284.4,49.19,2.9564,0.039468,84.39,True,physics_simulated_synthetic
BGW-024,3666.09,467.6,7.869,119.24,32.55,0.75,4360.9,4700.4,3.5,0.928,13890.6,0.4018,14184.2,30.72,4.8281,0.035603,83.56,True,physics_simulated_synthetic
BGW-024,4657.5,485.7,2.554,69.82,58.87,0.75,4360.9,4700.4,3.5,0.936,13902.6,0.4566,14474.4,35.74,2.342,0.021272,33.4,True,physics_simulated_synthetic
BGW-024,167.12,966.2,4.305,97.71,42.76,0.75,4360.9,4700.4,3.5,0.931,13883.3,0.7008,13935.2,68.83,1.6115,0.028662,110.25,True,physics_simulated_synthetic
BGW-024,94.34,251.7,5.333,102.03,37.03,0.75,4360.9,4700.4,3.5,0.939,13926.8,0.7105,14165.7,69.92,1.8622,0.030423,125.45,True,physics_simulated_synthetic
BGW-024,57.24,824.5,6.185,126.46,55.12,0.75,4360.9,4700.4,3.5,0.968,14075.7,0.7118,14161.5,69.51,1.2581,0.037696,266.86,True,physics_simulated_synthetic
BGW-024,11811.92,875.8,5.558,137.71,34.06,0.75,4360.9,4700.4,3.5,0.974,14105.3,0.3619,14663.6,21.77,6.7323,0.042505,50.53,True,physics_simulated_synthetic
BGW-024,1478.5,362.9,7.205,81.21,30.33,0.75,4360.9,4700.4,3.5,0.953,14001.6,0.4738,13989.9,41.39,3.7937,0.023915,65.4,True,physics_simulated_synthetic
BGW-024,14999.05,354.9,7.062,110.87,33.18,0.75,4360.9,4700.4,3.5,0.951,13996.0,0.3349,14819.6,15.42,9.856,0.034586,35.69,True,physics_simulated_synthetic
BGW-024,9523.22,1199.7,6.12,112.66,59.4,0.75,4360.9,4700.4,3.5,0.936,13915.3,0.3667,14526.4,22.09,3.7676,0.03445,80.58,True,physics_simulated_synthetic
BGW-024,175.82,923.9,5.173,112.53,37.02,0.75,4360.9,4700.4,3.5,0.98,14129.1,0.6786,14265.3,71.43,1.8365,0.033792,137.05,True,physics_simulated_synthetic
BGW-024,162.03,276.6,5.101,124.89,58.8,0.75,4360.9,4700.4,3.5,0.992,14186.0,0.6855,14326.8,68.39,1.2127,0.037664,228.14,True,physics_simulated_synthetic
BGW-024,25890.99,1103.2,3.332,76.87,44.63,0.75,4360.9,4700.4,3.5,0.958,14012.6,0.35,14776.1,13.11,8.5952,0.02391,13.35,True,physics_simulated_synthetic
BGW-024,12578.67,201.0,7.551,105.68,55.99,0.75,4360.9,4700.4,3.5,0.989,14182.6,0.3381,14914.2,16.7,5.4302,0.033176,66.43,True,physics_simulated_synthetic
BGW-024,891.46,1008.6,5.041,90.24,33.08,0.75,4360.9,4700.4,3.5,0.903,13745.1,0.5487,13830.6,49.46,2.877,0.026273,66.3,True,physics_simulated_synthetic
BGW-024,16705.36,524.4,6.262,129.69,47.79,0.75,4360.9,4700.4,3.5,0.987,14174.0,0.338,14928.2,16.52,6.437,0.040754,57.09,True,physics_simulated_synthetic
BGW-024,26571.87,490.6,6.091,116.88,59.51,0.75,4360.9,4700.4,3.5,0.995,14206.4,0.3199,15014.7,13.31,6.4518,0.036941,50.22,True,physics_simulated_synthetic
BGW-024,19161.49,639.7,7.603,100.62,40.36,0.75,4360.9,4700.4,3.5,0.902,13757.8,0.3191,14606.5,15.65,7.8712,0.030937,43.03,True,physics_simulated_synthetic
BGW-024,3095.85,390.5,6.909,94.76,38.5,0.75,4360.9,4700.4,3.5,0.944,13958.3,0.4243,14409.9,31.87,3.9976,0.028743,71.54,True,physics_simulated_synthetic
BGW-024,1004.55,418.0,5.912,75.45,40.35,0.75,4360.9,4700.4,3.5,0.977,14112.4,0.5241,14421.7,47.69,2.551,0.022903,76.44,True,physics_simulated_synthetic
BGW-024,10483.67,467.3,5.724,88.02,47.37,0.75,4360.9,4700.4,3.5,0.976,14107.4,0.3661,14822.8,20.77,5.1278,0.027465,44.15,True,physics_simulated_synthetic
BGW-024,5981.29,412.8,7.941,85.39,35.71,0.75,4360.9,4700.4,3.5,0.985,14161.6,0.372,14680.3,23.51,5.952,0.026388,50.7,True,physics_simulated_synthetic
BGW-024,17492.92,328.0,3.384,81.0,54.18,0.75,4360.9,4700.4,3.5,0.906,13753.9,0.3676,14605.7,19.36,4.739,0.024902,25.6,True,physics_simulated_synthetic
BGW-024,1161.51,1087.4,4.405,94.02,55.47,0.75,4360.9,4700.4,3.5,0.931,13882.5,0.5365,13947.1,50.78,1.6851,0.027602,103.9,True,physics_simulated_synthetic
BGW-024,4776.68,1106.7,3.021,119.64,35.48,0.75,4360.9,4700.4,3.5,0.962,14030.8,0.4478,14365.5,34.78,3.9625,0.036178,39.71,True,physics_simulated_synthetic
BGW-024,1544.81,1165.9,2.893,85.32,49.59,0.75,4360.9,4700.4,3.5,0.952,13980.5,0.5381,14467.5,47.21,2.1034,0.025983,51.46,True,physics_simulated_synthetic
BGW-024,858.25,263.5,6.436,101.05,55.67,0.75,4360.9,4700.4,3.5,0.94,13935.8,0.5291,14104.2,48.13,1.7916,0.03,155.18,True,physics_simulated_synthetic
BGW-024,282.87,328.1,7.638,129.81,34.37,0.75,4360.9,4700.4,3.5,0.96,14048.3,0.5985,13970.4,57.83,2.3925,0.038173,175.48,True,physics_simulated_synthetic
BGW-024,81.45,629.6,6.236,105.35,56.69,0.75,4360.9,4700.4,3.5,0.965,14060.6,0.6976,14028.2,72.4,1.1634,0.031109,240.13,True,physics_simulated_synthetic
BGW-024,19060.28,1043.2,6.687,119.11,47.33,0.75,4360.9,4700.4,3.5,0.981,14140.6,0.3279,14859.8,16.57,6.4513,0.037256,55.61,True,physics_simulated_synthetic
BGW-024,501.77,638.2,7.728,80.67,30.6,0.75,4360.9,4700.4,3.5,0.911,13796.8,0.5528,13954.0,54.38,2.8544,0.023694,92.38,True,physics_simulated_synthetic
BGW-024,1327.37,448.1,7.389,127.12,59.95,0.75,4360.9,4700.4,3.5,0.902,13759.4,0.4796,13888.0,42.72,1.8457,0.037161,214.22,True,physics_simulated_synthetic
BGW-024,4868.13,979.6,4.395,67.87,46.62,0.75,4360.9,4700.4,3.5,0.989,14166.6,0.427,14772.8,31.14,3.463,0.021105,38.57,True,physics_simulated_synthetic
BGW-024,176.95,561.9,3.592,72.98,31.95,0.75,4360.9,4700.4,3.5,0.922,13832.1,0.7132,14124.8,69.96,2.151,0.021698,52.17,True,physics_simulated_synthetic
BGW-024,31375.09,324.9,6.616,105.13,54.86,0.75,4360.9,4700.4,3.5,0.969,14082.5,0.3084,14942.4,10.62,8.7262,0.033067,36.1,True,physics_simulated_synthetic
BGW-024,4557.72,266.3,5.034,88.93,58.57,0.75,4360.9,4700.4,3.5,0.991,14177.4,0.4227,14598.2,30.23,2.8063,0.027326,70.59,True,physics_simulated_synthetic
BGW-024,10439.37,269.6,3.752,75.72,53.49,0.75,4360.9,4700.4,3.5,0.986,14150.8,0.3898,14861.9,25.59,3.695,0.023689,34.64,True,physics_simulated_synthetic
BGW-024,74.25,1012.1,2.733,93.6,36.02,0.75,4360.9,4700.4,3.5,0.932,13880.3,0.7837,14022.2,77.2,1.7166,0.027628,63.34,True,physics_simulated_synthetic
BGW-024,166.11,482.8,6.414,115.84,53.8,0.75,4360.9,4700.4,3.5,0.981,14137.8,0.6571,14148.2,64.41,1.3898,0.0345,229.28,True,physics_simulated_synthetic
BGW-024,15657.53,1021.6,5.87,143.0,49.93,0.75,4360.9,4700.4,3.5,0.973,14101.1,0.345,14985.3,18.23,5.6029,0.045107,68.05,True,physics_simulated_synthetic
BGW-024,4706.01,781.9,3.953,96.7,47.25,0.75,4360.9,4700.4,3.5,0.994,14191.8,0.4353,14747.9,31.1,3.4164,0.03002,50.01,True,physics_simulated_synthetic
BGW-024,2280.01,874.6,3.352,67.13,33.57,0.75,4360.9,4700.4,3.5,0.97,14071.2,0.4976,14302.1,41.63,3.4831,0.02021,28.01,True,physics_simulated_synthetic
BGW-024,113.93,469.3,2.839,64.41,56.18,0.75,4360.9,4700.4,3.5,0.935,13897.7,0.7594,13881.6,76.14,1.1047,0.01882,69.65,True,physics_simulated_synthetic
BGW-024,65.23,449.9,7.887,90.74,49.79,0.75,4360.9,4700.4,3.5,0.952,14001.5,0.6729,14195.1,65.6,1.4792,0.027113,208.16,True,physics_simulated_synthetic
BGW-024,184.1,501.5,4.848,77.59,45.13,0.75,4360.9,4700.4,3.5,0.985,14149.5,0.6824,14027.8,68.75,1.5389,0.02291,103.94,True,physics_simulated_synthetic
BGW-024,36963.26,475.4,2.618,116.38,47.13,0.75,4360.9,4700.4,3.5,0.992,14181.5,0.3429,15193.3,11.09,9.8919,0.03722,14.19,True,physics_simulated_synthetic
BGW-024,1189.83,880.8,6.347,139.1,57.16,0.75,4360.9,4700.4,3.5,0.904,13765.4,0.5034,14009.1,46.36,1.7992,0.041018,208.35,True,physics_simulated_synthetic
BGW-024,437.79,648.7,4.468,72.59,44.2,0.75,4360.9,4700.4,3.5,0.902,13735.3,0.6219,13888.9,61.57,1.7371,0.021221,78.6,True,physics_simulated_synthetic
BGW-024,13285.46,442.4,5.675,87.68,57.99,0.75,4360.9,4700.4,3.5,0.989,14173.7,0.3548,14734.8,19.15,4.5152,0.027197,49.22,True,physics_simulated_synthetic
BGW-024,13573.18,865.8,4.932,140.79,51.4,0.75,4360.9,4700.4,3.5,0.988,14169.0,0.362,14945.0,22.31,4.4363,0.04429,70.9,True,physics_simulated_synthetic
BGW-024,617.35,864.8,5.449,113.04,58.94,0.75,4360.9,4700.4,3.5,0.912,13795.0,0.5736,13726.0,53.97,1.4688,0.03266,174.47,True,physics_simulated_synthetic
BGW-024,53.47,307.7,6.031,113.53,48.68,0.75,4360.9,4700.4,3.5,0.958,14022.8,0.7173,13966.9,73.5,1.3286,0.033377,218.16,True,physics_simulated_synthetic
BGW-024,2843.67,1096.0,4.806,109.54,44.4,0.75,4360.9,4700.4,3.5,0.912,13793.0,0.4584,14090.0,36.71,2.9425,0.03249,76.41,True,physics_simulated_synthetic
BGW-024,397.7,282.8,2.799,120.65,53.32,0.75,4360.9,4700.4,3.5,0.966,14052.0,0.6654,14033.7,63.73,1.4057,0.035641,102.19,True,physics_simulated_synthetic
BGW-024,4862.59,562.6,6.621,74.28,40.16,0.75,4360.9,4700.4,3.5,0.981,14133.2,0.3989,14506.1,31.02,3.9635,0.022682,54.56,True,physics_simulated_synthetic
BGW-024,248.04,1087.4,4.829,132.41,38.96,0.75,4360.9,4700.4,3.5,0.929,13876.1,0.6613,13890.6,65.25,1.8602,0.038716,144.73,True,physics_simulated_synthetic
BGW-024,1639.48,543.8,5.056,86.62,32.2,0.75,4360.9,4700.4,3.5,0.941,13933.7,0.4971,14378.8,43.92,3.4607,0.026219,55.15,True,physics_simulated_synthetic
BGW-024,22957.08,847.8,6.189,98.5,59.54,0.75,4360.9,4700.4,3.5,0.932,13895.5,0.3249,14712.2,13.84,6.0776,0.030506,44.74,True,physics_simulated_synthetic
BGW-024,203.35,750.3,4.222,112.33,42.55,0.75,4360.9,4700.4,3.5,0.94,13928.9,0.689,14178.2,69.14,1.6404,0.033524,124.24,True,physics_simulated_synthetic
BGW-024,131.59,838.9,2.721,126.12,45.28,0.75,4360.9,4700.4,3.5,0.939,13917.4,0.7538,13900.0,74.8,1.3969,0.036902,103.51,True,physics_simulated_synthetic
BGW-024,1726.72,205.8,3.855,82.07,52.91,0.75,4360.9,4700.4,3.5,0.951,13977.6,0.512,14087.5,46.22,1.9607,0.024338,68.91,True,physics_simulated_synthetic
BGW-024,232.46,1192.0,7.813,134.85,35.34,0.75,4360.9,4700.4,3.5,0.973,14116.4,0.6093,14134.8,60.28,2.2584,0.040123,199.88,True,physics_simulated_synthetic
BGW-024,29350.62,869.0,6.281,64.01,40.03,0.75,4360.9,4700.4,3.5,0.937,13914.3,0.3141,14793.9,9.71,12.9619,0.019933,13.91,True,physics_simulated_synthetic
BGW-024,107.73,436.5,4.999,116.97,59.37,0.75,4360.9,4700.4,3.5,0.92,13830.3,0.7113,13828.4,70.04,1.132,0.034047,216.5,True,physics_simulated_synthetic
BGW-024,195.73,609.9,5.403,109.63,49.78,0.75,4360.9,4700.4,3.5,0.912,13791.6,0.6666,13941.1,65.59,1.4533,0.032172,172.25,True,physics_simulated_synthetic
BGW-024,106.84,1023.1,4.264,95.3,33.2,0.75,4360.9,4700.4,3.5,0.987,14159.2,0.7284,14038.6,75.09,1.917,0.028163,90.2,True,physics_simulated_synthetic
BGW-024,1188.54,657.1,6.144,130.17,56.54,0.75,4360.9,4700.4,3.5,0.957,14024.5,0.5066,14439.7,44.79,1.9411,0.039565,180.34,True,physics_simulated_synthetic
BGW-024,23076.01,1022.3,3.75,100.19,38.99,0.75,4360.9,4700.4,3.5,0.95,13976.5,0.3504,14835.3,15.39,8.4142,0.031286,20.08,True,physics_simulated_synthetic
BGW-024,324.61,590.8,4.868,91.32,59.38,0.75,4360.9,4700.4,3.5,0.958,14018.0,0.6393,14028.6,64.26,1.2514,0.026965,151.04,True,physics_simulated_synthetic
BGW-024,1171.29,281.2,4.801,127.66,38.73,0.75,4360.9,4700.4,3.5,0.906,13765.6,0.5291,13880.4,50.58,2.412,0.0373,106.92,True,physics_simulated_synthetic
BGW-024,6415.62,985.4,3.741,104.34,52.34,0.75,4360.9,4700.4,3.5,0.967,14060.2,0.4183,14809.3,32.73,2.9422,0.032526,59.55,True,physics_simulated_synthetic
BGW-024,266.99,220.6,3.625,73.94,32.13,0.75,4360.9,4700.4,3.5,0.976,14101.6,0.6814,14003.6,66.86,2.2191,0.021797,51.27,True,physics_simulated_synthetic
BGW-024,140.41,1192.7,3.425,109.92,49.66,0.75,4360.9,4700.4,3.5,0.902,13738.7,0.7324,13640.6,71.26,1.3119,0.031563,118.64,True,physics_simulated_synthetic
BGW-024,76.88,235.5,4.62,126.67,55.26,0.75,4360.9,4700.4,3.5,0.924,13850.8,0.7357,13907.3,72.14,1.1875,0.037082,207.75,True,physics_simulated_synthetic
BGW-024,27833.25,529.9,6.931,70.67,52.37,0.75,4360.9,4700.4,3.5,0.95,13981.3,0.3101,14919.4,10.68,9.0762,0.022194,24.4,True,physics_simulated_synthetic
BGW-024,10356.12,908.2,2.818,100.16,37.37,0.75,4360.9,4700.4,3.5,0.922,13832.7,0.4024,14419.2,23.81,5.5156,0.030402,22.37,True,physics_simulated_synthetic
BGW-024,4276.83,766.5,4.041,93.74,58.24,0.75,4360.9,4700.4,3.5,0.901,13733.4,0.4405,14226.7,33.1,2.5123,0.028073,65.02,True,physics_simulated_synthetic
BGW-024,232.45,520.1,2.839,72.4,56.73,0.75,4360.9,4700.4,3.5,0.953,13983.2,0.7105,13892.6,69.91,1.1924,0.021172,72.59,True,physics_simulated_synthetic
BGW-024,2712.77,543.0,7.727,94.61,47.42,0.75,4360.9,4700.4,3.5,0.955,14017.9,0.4231,14330.2,35.22,2.9203,0.028538,108.74,True,physics_simulated_synthetic
BGW-024,11028.5,1064.9,5.514,67.55,59.99,0.75,4360.9,4700.4,3.5,0.975,14100.4,0.3659,15039.9,22.11,3.8603,0.021386,43.98,True,physics_simulated_synthetic
BGW-024,83.8,995.4,3.299,79.41,54.42,0.75,4360.9,4700.4,3.5,0.994,14190.2,0.7637,14210.4,76.09,1.1682,0.023753,96.6,True,physics_simulated_synthetic
BGW-024,20695.56,1022.2,4.339,138.26,41.26,0.75,4360.9,4700.4,3.5,0.978,14116.1,0.3487,14928.2,17.58,7.0062,0.043446,38.74,True,physics_simulated_synthetic
BGW-024,700.5,694.1,2.698,133.07,37.83,0.75,4360.9,4700.4,3.5,0.93,13874.1,0.6146,14094.1,58.64,2.1621,0.039478,70.95,True,physics_simulated_synthetic
BGW-024,1730.49,644.8,4.001,132.32,46.35,0.75,4360.9,4700.4,3.5,0.975,14099.3,0.5094,14266.4,46.37,2.2593,0.039737,101.34,True,physics_simulated_synthetic
BGW-024,8428.22,320.8,5.704,107.3,32.77,0.75,4360.9,4700.4,3.5,0.953,13999.8,0.3779,14710.9,26.48,5.7707,0.033227,47.29,True,physics_simulated_synthetic
BGW-024,52.95,414.8,4.134,126.75,43.08,0.75,4360.9,4700.4,3.5,0.903,13747.7,0.7611,13832.7,75.56,1.4464,0.036906,151.91,True,physics_simulated_synthetic
BGW-024,1854.41,1130.4,3.242,78.91,56.13,0.75,4360.9,4700.4,3.5,0.956,14000.2,0.5163,14344.7,46.38,1.8755,0.023828,59.32,True,physics_simulated_synthetic
BGW-024,6476.29,331.2,3.745,124.27,55.53,0.75,4360.9,4700.4,3.5,0.955,13999.0,0.4177,14540.5,27.81,3.2048,0.038034,64.01,True,physics_simulated_synthetic
BGW-024,53.03,207.7,5.41,94.98,40.42,0.75,4360.9,4700.4,3.5,0.911,13785.3,0.7312,13810.4,72.73,1.5987,0.02761,134.53,True,physics_simulated_synthetic
BGW-024,2453.96,926.8,6.202,140.14,57.7,0.75,4360.9,4700.4,3.5,0.977,14124.8,0.4496,14549.0,37.53,2.2867,0.042919,167.62,True,physics_simulated_synthetic
BGW-024,2668.22,341.3,5.142,118.26,49.22,0.75,4360.9,4700.4,3.5,0.963,14047.2,0.4582,14469.6,38.48,2.6002,0.036019,102.56,True,physics_simulated_synthetic
BGW-024,181.01,390.5,4.653,115.1,41.88,0.75,4360.9,4700.4,3.5,0.947,13964.8,0.6878,14029.8,68.19,1.6719,0.033992,136.24,True,physics_simulated_synthetic
BGW-024,12768.95,1113.3,3.012,117.1,51.79,0.75,4360.9,4700.4,3.5,0.938,13912.9,0.3883,14658.7,24.47,3.9367,0.036134,39.81,True,physics_simulated_synthetic
BGW-025,1206.33,262.1,4.091,73.09,59.74,0.875,3030.0,4780.5,2.875,0.994,13849.4,0.5602,14111.3,51.74,1.554,0.02171,82.3,True,physics_simulated_synthetic
BGW-025,1116.6,222.8,7.29,90.75,34.55,0.875,3030.0,4780.5,2.875,0.958,13676.4,0.5274,14094.5,48.41,2.8684,0.026925,98.54,True,physics_simulated_synthetic
BGW-025,25425.27,480.4,3.536,90.15,32.47,0.875,3030.0,4780.5,2.875,0.935,13552.8,0.3607,14398.2,18.25,8.2689,0.027322,16.82,True,physics_simulated_synthetic
BGW-025,2497.7,686.9,6.028,89.02,30.37,0.875,3030.0,4780.5,2.875,0.922,13492.7,0.4761,13778.8,40.05,3.856,0.025818,58.12,True,physics_simulated_synthetic
BGW-025,6801.42,308.4,3.499,137.9,36.17,0.875,3030.0,4780.5,2.875,0.957,13664.2,0.4325,14166.0,29.42,4.5321,0.041121,45.71,True,physics_simulated_synthetic
BGW-025,16366.56,752.1,5.636,88.74,41.65,0.875,3030.0,4780.5,2.875,0.996,13866.2,0.3637,14628.1,22.47,5.3215,0.027326,41.67,True,physics_simulated_synthetic
BGW-025,28599.8,810.1,4.368,138.84,57.21,0.875,3030.0,4780.5,2.875,0.943,13594.4,0.3484,14580.7,15.5,5.5973,0.042614,47.88,True,physics_simulated_synthetic
BGW-025,4345.59,1144.5,7.028,116.38,44.82,0.875,3030.0,4780.5,2.875,0.985,13820.4,0.4267,14305.4,34.81,3.1206,0.035044,113.65,True,physics_simulated_synthetic
BGW-025,10193.45,917.8,7.524,94.4,51.09,0.875,3030.0,4780.5,2.875,0.923,13502.9,0.3722,14308.1,21.78,4.3761,0.028431,70.39,True,physics_simulated_synthetic
BGW-025,870.01,266.2,4.452,72.08,58.58,0.875,3030.0,4780.5,2.875,0.921,13479.3,0.5853,13646.1,55.37,1.4318,0.020703,92.7,True,physics_simulated_synthetic
BGW-025,375.75,469.9,2.531,99.2,44.03,0.875,3030.0,4780.5,2.875,0.953,13641.5,0.694,13647.2,68.96,1.5297,0.028497,67.89,True,physics_simulated_synthetic
BGW-025,2399.77,401.7,4.777,99.59,37.86,0.875,3030.0,4780.5,2.875,0.969,13727.3,0.4931,13954.7,40.79,3.0754,0.029255,65.44,True,physics_simulated_synthetic
BGW-025,11190.98,670.6,7.431,92.85,48.13,0.875,3030.0,4780.5,2.875,0.989,13835.2,0.3681,14373.5,23.39,4.3448,0.028094,69.19,True,physics_simulated_synthetic
BGW-025,3831.55,834.7,4.574,97.82,37.42,0.875,3030.0,4780.5,2.875,0.976,13761.1,0.46,14374.1,35.46,3.6868,0.029599,52.87,True,physics_simulated_synthetic
BGW-025,22360.3,217.5,7.256,111.19,44.51,0.875,3030.0,4780.5,2.875,0.97,13744.7,0.3367,14598.0,15.81,7.0622,0.034167,50.55,True,physics_simulated_synthetic
BGW-025,7596.9,1006.8,5.024,108.13,55.61,0.875,3030.0,4780.5,2.875,0.907,13414.3,0.4106,13856.7,31.0,2.7362,0.031538,83.38,True,physics_simulated_synthetic
BGW-025,53.77,604.2,5.481,130.85,45.49,0.875,3030.0,4780.5,2.875,0.994,13856.3,0.767,13741.6,75.43,1.3633,0.037848,219.13,True,physics_simulated_synthetic
BGW-025,171.77,922.9,4.285,93.31,48.35,0.875,3030.0,4780.5,2.875,0.973,13748.0,0.7286,13919.0,72.18,1.3575,0.027339,124.25,True,physics_simulated_synthetic
BGW-025,176.11,841.6,5.82,117.4,51.43,0.875,3030.0,4780.5,2.875,0.942,13591.7,0.7016,13686.2,68.5,1.3223,0.033822,214.36,True,physics_simulated_synthetic
BGW-025,765.33,362.0,6.759,99.73,54.74,0.875,3030.0,4780.5,2.875,0.939,13579.4,0.5667,13742.3,54.48,1.5684,0.028851,179.03,True,physics_simulated_synthetic
BGW-025,6673.44,1187.5,7.707,75.66,30.95,0.875,3030.0,4780.5,2.875,0.922,13496.2,0.3941,14136.0,28.07,5.5378,0.022512,45.12,True,physics_simulated_synthetic
BGW-025,72.73,208.7,4.149,141.81,45.7,0.875,3030.0,4780.5,2.875,0.935,13553.1,0.7794,13722.5,79.04,1.2931,0.040961,189.24,True,physics_simulated_synthetic
BGW-025,9948.15,857.4,7.085,101.53,50.29,0.875,3030.0,4780.5,2.875,0.906,13416.0,0.3771,14003.0,22.74,4.1669,0.029927,73.27,True,physics_simulated_synthetic
BGW-025,3558.89,809.9,5.825,83.15,49.72,0.875,3030.0,4780.5,2.875,0.933,13543.8,0.4522,14003.3,36.33,2.6389,0.024511,77.91,True,physics_simulated_synthetic
BGW-025,863.11,625.4,6.553,133.77,34.57,0.875,3030.0,4780.5,2.875,0.966,13720.7,0.5586,13668.7,52.24,2.5761,0.038488,140.98,True,physics_simulated_synthetic
BGW-025,129.64,673.8,3.943,131.44,32.39,0.875,3030.0,4780.5,2.875,0.915,13450.8,0.7531,13463.5,73.15,1.934,0.037251,109.36,True,physics_simulated_synthetic
BGW-025,3297.08,738.6,4.92,120.03,46.91,0.875,3030.0,4780.5,2.875,0.924,13499.5,0.4672,13753.8,38.46,2.5952,0.034749,94.87,True,physics_simulated_synthetic
BGW-025,3998.33,202.3,5.249,96.48,43.29,0.875,3030.0,4780.5,2.875,0.939,13576.8,0.4499,13737.0,35.92,3.0071,0.027899,70.13,True,physics_simulated_synthetic
BGW-025,18842.39,533.8,7.023,100.23,49.3,0.875,3030.0,4780.5,2.875,0.994,13863.2,0.3461,14618.5,18.92,5.335,0.030844,58.47,True,physics_simulated_synthetic
BGW-025,5871.46,1132.8,5.972,122.88,52.4,0.875,3030.0,4780.5,2.875,0.904,13401.6,0.4174,14057.5,31.45,2.9036,0.036361,107.69,True,physics_simulated_synthetic
BGW-025,1908.86,480.8,6.879,66.28,36.9,0.875,3030.0,4780.5,2.875,0.906,13406.6,0.4879,13669.5,42.99,2.933,0.01907,64.41,True,physics_simulated_synthetic
BGW-025,2057.01,766.6,7.895,97.21,53.6,0.875,3030.0,4780.5,2.875,0.939,13585.4,0.4714,13899.2,39.1,2.2576,0.028442,143.23,True,physics_simulated_synthetic
BGW-025,5067.9,731.9,7.207,136.11,35.32,0.875,3030.0,4780.5,2.875,0.999,13894.6,0.4152,14163.1,28.54,4.782,0.040578,88.06,True,physics_simulated_synthetic
BGW-025,17213.51,1128.5,5.91,135.17,30.6,0.875,3030.0,4780.5,2.875,0.934,13556.4,0.3591,14267.0,20.44,7.7654,0.040595,44.49,True,physics_simulated_synthetic
BGW-025,2156.34,894.4,7.223,131.0,43.74,0.875,3030.0,4780.5,2.875,0.984,13817.2,0.4747,14222.1,39.89,2.7744,0.039217,147.02,True,physics_simulated_synthetic
BGW-025,212.79,846.4,4.047,80.2,38.54,0.875,3030.0,4780.5,2.875,0.923,13488.9,0.7169,13533.4,72.58,1.6468,0.022848,80.86,True,physics_simulated_synthetic
BGW-025,3361.18,652.4,5.005,78.13,38.12,0.875,3030.0,4780.5,2.875,0.924,13498.3,0.4649,13798.6,39.01,3.1584,0.022693,51.78,True,physics_simulated_synthetic
BGW-025,570.89,1066.5,7.023,109.73,50.89,0.875,3030.0,4780.5,2.875,0.978,13780.6,0.5892,13883.3,58.53,1.5866,0.032066,204.4,True,physics_simulated_synthetic
BGW-025,939.91,940.1,7.79,136.48,42.16,0.875,3030.0,4780.5,2.875,0.96,13695.6,0.5364,13841.7,49.04,2.279,0.039766,195.75,True,physics_simulated_synthetic
BGW-025,27266.59,658.7,5.112,113.77,47.39,0.875,3030.0,4780.5,2.875,0.954,13651.0,0.3445,14566.0,15.62,6.6992,0.034882,38.33,True,physics_simulated_synthetic
BGW-025,792.47,588.6,6.44,85.08,50.76,0.875,3030.0,4780.5,2.875,0.975,13760.9,0.5676,13887.9,52.78,1.7644,0.024873,130.73,True,physics_simulated_synthetic
BGW-025,10156.01,265.9,5.826,109.04,39.21,0.875,3030.0,4780.5,2.875,0.98,13789.7,0.3867,14294.1,23.76,5.2214,0.032808,52.71,True,physics_simulated_synthetic
BGW-025,3729.13,824.7,3.707,133.03,48.44,0.875,3030.0,4780.5,2.875,0.975,13757.2,0.4715,14052.2,38.21,2.5841,0.039349,81.28,True,physics_simulated_synthetic
BGW-025,503.21,742.2,6.573,100.8,37.47,0.875,3030.0,4780.5,2.875,0.906,13412.5,0.6063,13400.1,59.45,2.0477,0.028433,131.43,True,physics_simulated_synthetic
BGW-025,209.75,217.8,5.883,139.61,38.46,0.875,3030.0,4780.5,2.875,0.991,13848.5,0.6882,13865.9,69.22,1.7726,0.040749,194.74,True,physics_simulated_synthetic
BGW-025,19563.59,1103.0,2.681,112.3,35.8,0.875,3030.0,4780.5,2.875,0.927,13512.3,0.3808,14258.4,18.49,7.3343,0.033706,17.74,True,physics_simulated_synthetic
BGW-025,2830.12,716.5,4.591,70.48,53.03,0.875,3030.0,4780.5,2.875,0.979,13776.3,0.4823,14056.6,40.07,2.252,0.020855,61.22,True,physics_simulated_synthetic
BGW-025,1124.33,289.3,4.632,96.7,35.19,0.875,3030.0,4780.5,2.875,0.978,13772.4,0.5594,13852.3,52.85,2.5351,0.028196,74.19,True,physics_simulated_synthetic
BGW-025,1029.76,705.3,6.621,138.95,48.28,0.875,3030.0,4780.5,2.875,0.921,13493.1,0.5423,13579.6,52.63,1.819,0.039718,208.17,True,physics_simulated_synthetic
BGW-025,1533.61,1185.3,5.981,82.68,55.25,0.875,3030.0,4780.5,2.875,0.927,13517.3,0.5158,13766.3,46.91,1.8077,0.023958,114.14,True,physics_simulated_synthetic
BGW-025,168.32,742.3,5.695,129.9,36.83,0.875,3030.0,4780.5,2.875,0.909,13424.5,0.7066,13575.2,71.67,1.7504,0.03712,173.91,True,physics_simulated_synthetic
BGW-025,15437.92,255.3,6.616,113.58,50.14,0.875,3030.0,4780.5,2.875,0.979,13784.3,0.3586,14384.2,17.22,5.6691,0.034392,57.8,True,physics_simulated_synthetic
BGW-025,246.27,503.3,3.066,103.48,54.24,0.875,3030.0,4780.5,2.875,0.985,13806.4,0.7221,13889.4,69.27,1.2582,0.030253,106.15,True,physics_simulated_synthetic
BGW-025,231.17,942.0,4.553,94.69,54.43,0.875,3030.0,4780.5,2.875,0.947,13614.1,0.702,13874.0,67.36,1.288,0.027654,140.77,True,physics_simulated_synthetic
BGW-025,51.01,567.0,7.126,86.8,31.04,0.875,3030.0,4780.5,2.875,0.937,13569.2,0.7409,13598.5,74.13,2.0114,0.024846,126.75,True,physics_simulated_synthetic
BGW-025,3262.69,403.3,5.226,77.33,34.57,0.875,3030.0,4780.5,2.875,0.98,13784.0,0.4647,14203.2,39.4,3.5491,0.023119,49.02,True,physics_simulated_synthetic
BGW-025,226.97,207.3,4.458,90.89,36.32,0.875,3030.0,4780.5,2.875,0.989,13825.6,0.705,13748.4,68.88,1.8705,0.026304,90.27,True,physics_simulated_synthetic
BGW-025,186.59,1134.6,3.403,138.86,56.9,0.875,3030.0,4780.5,2.875,0.957,13662.8,0.7379,13801.1,74.02,1.1154,0.040339,177.25,True,physics_simulated_synthetic
BGW-025,2260.24,490.1,3.381,78.8,38.56,0.875,3030.0,4780.5,2.875,0.938,13567.2,0.5145,13973.4,45.37,2.7188,0.023178,41.51,True,physics_simulated_synthetic
BGW-025,50.92,325.3,6.755,73.19,45.0,0.875,3030.0,4780.5,2.875,0.978,13774.4,0.7471,13617.3,74.91,1.375,0.020981,148.43,True,physics_simulated_synthetic
BGW-025,23411.65,224.5,5.206,82.09,56.96,0.875,3030.0,4780.5,2.875,0.926,13508.2,0.3505,14584.9,17.15,5.0823,0.025202,37.18,True,physics_simulated_synthetic
BGW-025,3655.45,1187.3,3.457,137.93,31.31,0.875,3030.0,4780.5,2.875,0.958,13668.1,0.4758,14102.7,38.63,3.9685,0.040947,51.36,True,physics_simulated_synthetic
BGW-025,3091.13,524.6,4.716,119.77,51.23,0.875,3030.0,4780.5,2.875,0.921,13483.5,0.4742,13537.7,39.46,2.2795,0.034131,101.68,True,physics_simulated_synthetic
BGW-025,38357.92,865.9,3.048,90.03,39.52,0.875,3030.0,4780.5,2.875,0.915,13447.6,0.3468,14543.5,13.31,9.4094,0.027562,12.86,True,physics_simulated_synthetic
BGW-025,90.98,410.0,2.653,97.59,43.25,0.875,3030.0,4780.5,2.875,0.923,13485.6,0.7971,13294.1,80.12,1.3058,0.027309,79.9,True,physics_simulated_synthetic
BGW-025,16392.75,874.9,2.572,74.01,49.87,0.875,3030.0,4780.5,2.875,0.926,13500.9,0.3909,14285.6,21.71,4.4902,0.022254,18.36,True,physics_simulated_synthetic
BGW-025,5050.66,484.4,2.875,106.51,35.93,0.875,3030.0,4780.5,2.875,0.933,13541.4,0.4591,13892.3,31.8,4.1376,0.031145,31.16,True,physics_simulated_synthetic
BGW-025,164.75,244.5,3.591,75.39,44.4,0.875,3030.0,4780.5,2.875,0.962,13687.3,0.7436,13994.4,73.86,1.4527,0.022208,79.06,True,physics_simulated_synthetic
BGW-025,364.25,1199.6,7.633,124.95,44.26,0.875,3030.0,4780.5,2.875,0.986,13826.2,0.6196,13920.8,60.2,1.7782,0.036613,226.33,True,physics_simulated_synthetic
BGW-025,5843.53,1061.0,5.528,124.06,44.56,0.875,3030.0,4780.5,2.875,0.984,13806.7,0.4219,14125.3,31.99,3.3736,0.036889,87.04,True,physics_simulated_synthetic
BGW-025,1410.09,516.3,5.341,77.44,52.35,0.875,3030.0,4780.5,2.875,0.982,13791.7,0.5305,13926.5,48.15,1.8803,0.022702,92.85,True,physics_simulated_synthetic
BGW-025,105.17,989.0,3.207,130.77,54.67,0.875,3030.0,4780.5,2.875,0.919,13467.9,0.7788,13323.3,78.25,1.0602,0.036676,159.76,True,physics_simulated_synthetic
BGW-025,28244.08,919.4,4.838,115.29,45.05,0.875,3030.0,4780.5,2.875,0.919,13474.0,0.3452,14286.4,13.48,8.0084,0.034669,30.16,True,physics_simulated_synthetic
BGW-025,5570.13,1003.3,7.143,68.73,57.92,0.875,3030.0,4780.5,2.875,0.982,13795.3,0.4099,14292.8,28.72,2.924,0.020678,72.74,True,physics_simulated_synthetic
BGW-025,36738.59,322.9,6.925,136.02,53.59,0.875,3030.0,4780.5,2.875,0.968,13735.3,0.3188,14702.8,13.19,7.0774,0.042098,59.32,True,physics_simulated_synthetic
BGW-025,25678.67,513.1,2.812,119.19,42.34,0.875,3030.0,4780.5,2.875,0.909,13416.8,0.3666,14247.1,18.16,6.3086,0.035744,22.94,True,physics_simulated_synthetic
BGW-025,736.39,459.1,3.806,76.07,56.45,0.875,3030.0,4780.5,2.875,0.91,13424.3,0.6101,13586.8,55.36,1.48,0.021755,80.57,True,physics_simulated_synthetic
BGW-025,2465.74,971.1,7.459,117.31,53.03,0.875,3030.0,4780.5,2.875,0.918,13478.4,0.4622,14009.3,42.36,2.1226,0.034595,175.06,True,physics_simulated_synthetic
BGW-025,2459.02,1141.4,3.601,123.26,46.54,0.875,3030.0,4780.5,2.875,0.94,13576.3,0.5049,13744.6,42.93,2.3415,0.035662,78.97,True,physics_simulated_synthetic
BGW-025,54.98,361.1,6.981,107.01,48.34,0.875,3030.0,4780.5,2.875,0.975,13765.9,0.7409,13515.0,73.32,1.2981,0.030442,235.76,True,physics_simulated_synthetic
BGW-025,11917.29,752.2,2.664,100.15,58.81,0.875,3030.0,4780.5,2.875,0.958,13667.4,0.4073,14501.7,25.23,3.3275,0.030571,35.25,True,physics_simulated_synthetic
BGW-025,526.05,389.0,2.611,71.01,58.0,0.875,3030.0,4780.5,2.875,0.933,13540.8,0.6606,13732.1,63.64,1.2663,0.020525,60.94,True,physics_simulated_synthetic
BGW-025,677.64,751.0,6.503,122.57,52.85,0.875,3030.0,4780.5,2.875,0.964,13710.2,0.5808,13949.3,54.83,1.6385,0.035991,205.69,True,physics_simulated_synthetic
BGW-025,1057.27,521.9,7.124,104.75,36.54,0.875,3030.0,4780.5,2.875,0.989,13836.8,0.534,14248.7,50.68,2.6186,0.031419,123.08,True,physics_simulated_synthetic
BGW-025,238.19,1177.5,5.15,126.1,41.25,0.875,3030.0,4780.5,2.875,0.953,13648.4,0.6901,13645.6,67.92,1.6577,0.03622,162.04,True,physics_simulated_synthetic
BGW-025,1790.29,741.3,6.31,125.8,32.24,0.875,3030.0,4780.5,2.875,0.93,13536.8,0.4993,13953.0,45.96,3.2046,0.036948,104.75,True,physics_simulated_synthetic
BGW-025,1582.54,452.9,7.79,123.81,34.59,0.875,3030.0,4780.5,2.875,0.934,13563.0,0.493,13664.6,41.53,3.2379,0.035613,123.37,True,physics_simulated_synthetic
BGW-025,71.16,820.0,4.751,79.03,47.23,0.875,3030.0,4780.5,2.875,0.934,13547.2,0.7695,13481.0,75.58,1.2855,0.022428,119.36,True,physics_simulated_synthetic
BGW-025,383.13,1108.6,3.151,72.44,31.11,0.875,3030.0,4780.5,2.875,0.914,13443.5,0.6818,13525.9,63.68,2.324,0.020624,40.27,True,physics_simulated_synthetic
BGW-025,2086.17,305.6,5.063,86.97,33.26,0.875,3030.0,4780.5,2.875,0.934,13550.8,0.501,13838.6,45.8,3.0923,0.025333,59.72,True,physics_simulated_synthetic
BGW-025,7811.25,980.5,7.622,85.08,37.63,0.875,3030.0,4780.5,2.875,0.922,13497.5,0.3858,14046.4,25.51,4.9802,0.025155,55.44,True,physics_simulated_synthetic
BGW-025,13781.99,773.1,4.461,96.18,33.23,0.875,3030.0,4780.5,2.875,0.961,13685.9,0.3825,14466.8,23.05,6.4289,0.029288,29.27,True,physics_simulated_synthetic
BGW-025,6559.14,302.4,2.965,142.25,41.92,0.875,3030.0,4780.5,2.875,0.987,13816.6,0.4405,14265.2,29.64,3.9075,0.042714,46.67,True,physics_simulated_synthetic
BGW-025,882.17,658.0,5.405,137.09,58.41,0.875,3030.0,4780.5,2.875,0.928,13522.0,0.5713,13827.8,53.43,1.5082,0.039904,205.92,True,physics_simulated_synthetic
BGW-025,7096.41,989.0,3.198,116.94,42.44,0.875,3030.0,4780.5,2.875,0.932,13534.9,0.4329,14164.9,29.89,3.8011,0.034867,42.25,True,physics_simulated_synthetic
BGW-025,14719.16,1154.4,7.264,114.43,47.44,0.875,3030.0,4780.5,2.875,0.929,13535.7,0.3558,14279.7,19.41,5.2779,0.034397,68.17,True,physics_simulated_synthetic
BGW-025,571.07,1018.9,7.566,142.63,35.94,0.875,3030.0,4780.5,2.875,0.942,13603.7,0.5822,13681.8,55.44,2.337,0.041079,191.51,True,physics_simulated_synthetic
BGW-025,36087.6,339.8,6.469,132.48,58.98,0.875,3030.0,4780.5,2.875,0.918,13477.0,0.3227,14391.5,11.19,7.4199,0.040134,50.39,True,physics_simulated_synthetic
BGW-025,1447.12,811.4,4.781,126.57,53.4,0.875,3030.0,4780.5,2.875,0.917,13465.6,0.5351,13761.7,49.51,1.7716,0.036664,142.49,True,physics_simulated_synthetic
BGW-025,10642.67,367.7,6.355,101.5,59.97,0.875,3030.0,4780.5,2.875,0.939,13580.0,0.3796,14257.6,25.09,3.2253,0.030462,86.44,True,physics_simulated_synthetic
BGW-025,3155.59,377.1,3.73,85.67,43.34,0.875,3030.0,4780.5,2.875,0.943,13592.8,0.4838,14107.7,38.88,2.8497,0.025442,47.95,True,physics_simulated_synthetic
BGW-025,7021.42,530.5,5.784,128.49,58.05,0.875,3030.0,4780.5,2.875,0.988,13829.6,0.4082,14320.3,30.88,2.7193,0.038733,118.63,True,physics_simulated_synthetic
BGW-025,20958.37,1097.6,6.883,85.96,43.75,0.875,3030.0,4780.5,2.875,0.919,13477.2,0.3424,14207.4,15.73,7.028,0.025706,36.25,True,physics_simulated_synthetic
BGW-025,23788.96,304.9,5.42,117.63,44.42,0.875,3030.0,4780.5,2.875,0.948,13624.8,0.3481,14511.2,12.47,8.9141,0.035932,31.46,True,physics_simulated_synthetic
BGW-025,4991.81,215.1,4.053,102.3,43.77,0.875,3030.0,4780.5,2.875,0.991,13838.5,0.4471,14582.7,36.34,3.1201,0.031402,58.75,True,physics_simulated_synthetic
BGW-025,34244.97,623.0,2.915,80.4,59.96,0.875,3030.0,4780.5,2.875,0.901,13376.3,0.3527,14242.5,15.21,5.3174,0.024103,19.03,True,physics_simulated_synthetic
BGW-025,18235.5,620.1,6.872,108.4,37.82,0.875,3030.0,4780.5,2.875,0.993,13856.7,0.3488,14695.5,16.13,8.1982,0.033533,40.47,True,physics_simulated_synthetic
BGW-025,151.2,618.5,2.994,143.1,42.12,0.875,3030.0,4780.5,2.875,0.972,13738.7,0.7603,13683.3,74.45,1.4851,0.041216,119.67,True,physics_simulated_synthetic
BGW-025,65.89,389.2,6.058,97.52,37.71,0.875,3030.0,4780.5,2.875,0.95,13635.7,0.7498,13593.7,77.72,1.5786,0.027906,154.22,True,physics_simulated_synthetic
BGW-025,53.83,938.0,6.523,100.65,38.16,0.875,3030.0,4780.5,2.875,0.925,13508.7,0.7492,13505.3,76.04,1.584,0.028613,169.67,True,physics_simulated_synthetic
BGW-025,151.27,988.3,3.226,95.64,31.89,0.875,3030.0,4780.5,2.875,0.942,13586.5,0.756,13736.0,76.25,1.9232,0.027653,66.8,True,physics_simulated_synthetic
BGW-025,995.84,1185.9,4.887,105.86,49.51,0.875,3030.0,4780.5,2.875,0.902,13386.3,0.5671,13359.6,50.65,1.8133,0.029769,115.52,True,physics_simulated_synthetic
BGW-025,233.04,1019.2,5.233,124.31,43.26,0.875,3030.0,4780.5,2.875,0.907,13415.4,0.6905,13205.9,68.59,1.5148,0.034556,171.9,True,physics_simulated_synthetic
BGW-025,2792.26,943.4,2.685,104.44,52.44,0.875,3030.0,4780.5,2.875,0.984,13800.7,0.5058,14146.8,43.23,2.1242,0.0311,56.61,True,physics_simulated_synthetic
BGW-025,3434.36,1004.8,2.969,124.01,58.2,0.875,3030.0,4780.5,2.875,0.977,13763.9,0.4861,14122.5,41.34,1.9978,0.036866,78.89,True,physics_simulated_synthetic
BGW-025,84.65,276.6,2.828,97.13,55.97,0.875,3030.0,4780.5,2.875,0.914,13444.1,0.7974,13680.8,78.85,1.0551,0.027971,107.97,True,physics_simulated_synthetic
BGW-025,18046.71,449.8,3.552,103.79,51.37,0.875,3030.0,4780.5,2.875,0.934,13547.7,0.3769,14407.5,18.58,5.1389,0.031477,31.33,True,physics_simulated_synthetic
BGW-025,13887.55,480.4,4.77,94.46,45.99,0.875,3030.0,4780.5,2.875,0.94,13580.7,0.3794,14393.8,21.02,5.0677,0.02862,38.79,True,physics_simulated_synthetic
BGW-025,99.25,396.5,3.395,118.07,32.22,0.875,3030.0,4780.5,2.875,0.981,13785.3,0.7784,13864.5,77.45,1.8913,0.034457,89.06,True,physics_simulated_synthetic
BGW-025,431.69,475.2,6.827,77.35,47.59,0.875,3030.0,4780.5,2.875,0.993,13853.4,0.6162,13921.5,57.92,1.7193,0.022668,129.61,True,physics_simulated_synthetic
BGW-025,95.36,1102.1,3.887,96.22,39.16,0.875,3030.0,4780.5,2.875,0.952,13639.5,0.7715,13513.9,76.32,1.5392,0.027372,99.52,True,physics_simulated_synthetic
BGW-025,14533.07,574.2,6.508,138.1,39.5,0.875,3030.0,4780.5,2.875,0.978,13782.7,0.3624,14682.7,19.68,6.4285,0.042681,62.23,True,physics_simulated_synthetic
BGW-025,637.82,306.2,3.119,87.18,35.54,0.875,3030.0,4780.5,2.875,0.921,13477.8,0.634,13595.0,61.39,2.121,0.024949,52.83,True,physics_simulated_synthetic
BGW-025,7958.12,1193.2,4.746,105.7,55.36,0.875,3030.0,4780.5,2.875,0.975,13760.7,0.4105,14407.7,29.77,2.9754,0.032058,73.64,True,physics_simulated_synthetic
BGW-025,5861.56,847.7,6.441,84.79,37.66,0.875,3030.0,4780.5,2.875,0.995,13861.2,0.4131,14300.5,29.58,4.3683,0.025523,54.19,True,physics_simulated_synthetic
BGW-025,4552.5,481.4,6.745,134.55,32.1,0.875,3030.0,4780.5,2.875,0.995,13872.1,0.4264,14411.0,30.85,4.9528,0.040816,80.04,True,physics_simulated_synthetic
BGW-025,39683.23,690.6,7.705,118.8,32.46,0.875,3030.0,4780.5,2.875,0.909,13434.9,0.3104,14367.6,8.2,18.3802,0.035929,21.69,True,physics_simulated_synthetic
BGW-025,141.7,1131.1,4.547,107.56,35.92,0.875,3030.0,4780.5,2.875,0.971,13739.2,0.737,13827.4,73.99,1.7711,0.031308,115.73,True,physics_simulated_synthetic
BGW-025,31837.23,689.2,5.968,74.27,36.18,0.875,3030.0,4780.5,2.875,0.967,13718.3,0.3314,14826.4,13.6,10.2533,0.02318,19.43,True,physics_simulated_synthetic
BGW-025,4327.51,517.4,6.323,131.1,38.91,0.875,3030.0,4780.5,2.875,0.974,13759.6,0.4338,14290.8,30.6,4.0856,0.039438,87.89,True,physics_simulated_synthetic
BGW-025,9094.79,748.9,4.882,77.04,34.48,0.875,3030.0,4780.5,2.875,0.985,13804.9,0.4014,14366.1,26.62,5.327,0.023297,30.75,True,physics_simulated_synthetic
BGW-025,985.85,261.4,7.533,133.83,52.54,0.875,3030.0,4780.5,2.875,0.992,13859.0,0.5353,14075.5,49.12,1.8565,0.039653,231.69,True,physics_simulated_synthetic
BGW-025,819.81,1052.2,3.529,140.59,44.6,0.875,3030.0,4780.5,2.875,0.964,13701.4,0.6039,13864.7,56.6,1.8694,0.041031,111.52,True,physics_simulated_synthetic
BGW-025,653.79,842.0,6.3,71.26,35.89,0.875,3030.0,4780.5,2.875,0.919,13476.0,0.5866,13670.1,55.33,2.3433,0.020505,79.38,True,physics_simulated_synthetic
BGW-025,1748.68,922.3,7.029,95.25,53.03,0.875,3030.0,4780.5,2.875,0.941,13591.0,0.4932,13950.6,44.89,1.9947,0.027972,141.93,True,physics_simulated_synthetic
BGW-025,1043.36,217.4,2.542,125.9,37.31,0.875,3030.0,4780.5,2.875,0.946,13607.7,0.5951,13737.6,55.9,2.2421,0.036408,59.45,True,physics_simulated_synthetic
BGW-025,127.32,396.0,3.859,90.25,41.81,0.875,3030.0,4780.5,2.875,0.961,13683.5,0.7557,13698.9,74.28,1.5013,0.026024,96.33,True,physics_simulated_synthetic
BGW-025,7082.09,411.1,7.628,77.84,38.66,0.875,3030.0,4780.5,2.875,0.994,13862.7,0.3913,14478.6,28.37,4.493,0.023722,58.0,True,physics_simulated_synthetic
BGW-025,126.82,986.1,7.427,71.6,32.68,0.875,3030.0,4780.5,2.875,0.924,13504.5,0.697,13520.0,69.87,2.0151,0.020377,108.15,True,physics_simulated_synthetic
BGW-025,6501.44,469.4,5.64,74.76,57.9,0.875,3030.0,4780.5,2.875,0.94,13581.8,0.4142,14093.9,30.53,2.7142,0.02218,66.37,True,physics_simulated_synthetic
BGW-025,7326.06,248.2,6.818,116.82,58.06,0.875,3030.0,4780.5,2.875,0.931,13542.1,0.3964,14239.7,26.48,3.152,0.035016,109.07,True,physics_simulated_synthetic
BGW-025,3087.19,1081.4,6.973,85.91,55.42,0.875,3030.0,4780.5,2.875,0.96,13685.3,0.4507,14198.2,38.55,2.2623,0.025677,113.96,True,physics_simulated_synthetic
BGW-025,154.72,746.5,7.654,123.62,49.26,0.875,3030.0,4780.5,2.875,0.932,13549.8,0.6819,13694.3,67.86,1.3943,0.035636,281.69,True,physics_simulated_synthetic
BGW-025,222.14,839.6,3.906,76.4,30.43,0.875,3030.0,4780.5,2.875,0.979,13773.6,0.7159,13891.2,70.01,2.2195,0.022338,56.61,True,physics_simulated_synthetic
BGW-025,9873.46,792.3,2.606,80.79,51.27,0.875,3030.0,4780.5,2.875,0.993,13844.2,0.4188,14427.2,28.9,3.3146,0.024536,27.78,True,physics_simulated_synthetic
BGW-025,4176.32,728.5,3.912,64.11,37.67,0.875,3030.0,4780.5,2.875,0.998,13869.1,0.461,14420.7,37.48,3.4766,0.01946,31.53,True,physics_simulated_synthetic
BGW-025,52.85,397.4,3.99,102.62,33.16,0.875,3030.0,4780.5,2.875,0.938,13568.8,0.7946,13610.9,79.47,1.7579,0.029401,96.09,True,physics_simulated_synthetic
BGW-025,356.44,510.7,4.325,126.99,34.74,0.875,3030.0,4780.5,2.875,0.957,13665.2,0.6695,13611.4,62.64,2.1292,0.036385,106.42,True,physics_simulated_synthetic
BGW-025,132.62,576.5,3.976,142.75,54.21,0.875,3030.0,4780.5,2.875,0.982,13792.0,0.7511,13933.0,72.87,1.2006,0.041865,199.66,True,physics_simulated_synthetic
BGW-025,69.22,275.9,6.783,116.25,52.35,0.875,3030.0,4780.5,2.875,0.973,13754.2,0.7359,13705.4,72.72,1.2255,0.033537,267.28,True,physics_simulated_synthetic
BGW-025,16988.28,496.6,6.325,71.16,33.36,0.875,3030.0,4780.5,2.875,0.933,13545.5,0.3564,14384.6,19.36,7.5819,0.021547,25.88,True,physics_simulated_synthetic
BGW-025,8351.95,834.6,3.225,110.66,59.3,0.875,3030.0,4780.5,2.875,0.997,13867.1,0.4225,14570.9,25.74,3.2493,0.033941,48.51,True,physics_simulated_synthetic
BGW-025,55.62,747.7,3.159,105.51,35.24,0.875,3030.0,4780.5,2.875,0.924,13493.2,0.8087,13378.6,80.44,1.6065,0.029714,84.13,True,physics_simulated_synthetic
BGW-025,29914.82,622.2,4.021,107.04,31.99,0.875,3030.0,4780.5,2.875,0.905,13399.9,0.3493,14468.7,12.28,12.537,0.032602,15.06,True,physics_simulated_synthetic
BGW-025,1403.12,1171.3,7.468,65.26,52.86,0.875,3030.0,4780.5,2.875,0.97,13735.2,0.5063,13879.8,43.26,2.0658,0.019067,99.25,True,physics_simulated_synthetic
BGW-025,61.11,794.5,2.822,136.42,50.94,0.875,3030.0,4780.5,2.875,0.957,13662.9,0.8118,13690.1,81.33,1.1247,0.039312,142.03,True,physics_simulated_synthetic
BGW-025,262.58,243.5,4.025,127.52,56.79,0.875,3030.0,4780.5,2.875,0.918,13466.3,0.7005,13666.8,72.07,1.1367,0.036686,187.08,True,physics_simulated_synthetic
BGW-025,270.46,218.4,3.612,100.78,57.86,0.875,3030.0,4780.5,2.875,0.934,13544.8,0.7049,13526.8,67.95,1.171,0.028697,127.47,True,physics_simulated_synthetic
BGW-025,764.91,291.7,2.788,100.63,39.35,0.875,3030.0,4780.5,2.875,0.964,13699.9,0.6215,13958.4,55.25,2.1854,0.029567,54.32,True,physics_simulated_synthetic
BGW-025,16909.8,297.7,4.329,81.63,48.02,0.875,3030.0,4780.5,2.875,0.999,13879.8,0.3733,14657.7,21.84,4.7572,0.025187,33.0,True,physics_simulated_synthetic
