well_id,cycle_num,time_since_injection_end_days,phase,steam_volume_bbl,injection_pressure_psi,steam_quality_frac,soak_duration_days,prior_cycle_count,thermal_conductivity_W_mK,porosity_frac,formation_thickness_m,baseline_reservoir_temp_C,crude_api_gravity,cum_production_bbl,physics_temp_C,temperature_C,viscosity_cP,is_synthetic,data_source
BGW-001,4,2.628,soak,1302.2,407.6,0.759,4.75,3,2.373,0.291,17.0,46.26,17.9,0.0,174.296,174.092,7.55,True,physics_simulated_synthetic
BGW-001,4,3.829,soak,1302.2,407.6,0.759,4.75,3,2.373,0.291,17.0,46.26,17.9,0.0,167.412,167.06,10.72,True,physics_simulated_synthetic
BGW-001,4,9.257,production,1302.2,407.6,0.759,4.75,3,2.373,0.291,17.0,46.26,17.9,76.28,136.389,135.615,59.4,True,physics_simulated_synthetic
BGW-001,4,11.678,production,1302.2,407.6,0.759,4.75,3,2.373,0.291,17.0,46.26,17.9,117.29,122.815,124.042,119.44,True,physics_simulated_synthetic
BGW-001,4,13.634,production,1302.2,407.6,0.759,4.75,3,2.373,0.291,17.0,46.26,17.9,150.42,111.853,113.799,229.52,True,physics_simulated_synthetic
BGW-001,4,21.272,production,1302.2,407.6,0.759,4.75,3,2.373,0.291,17.0,46.26,17.9,279.77,70.685,70.89,5402.88,True,physics_simulated_synthetic
BGW-001,4,22.248,production,1302.2,407.6,0.759,4.75,3,2.373,0.291,17.0,46.26,17.9,296.31,67.097,66.286,7950.97,True,physics_simulated_synthetic
BGW-001,4,26.605,production,1302.2,407.6,0.759,4.75,3,2.373,0.291,17.0,46.26,17.9,370.1,54.78,53.991,23532.36,True,physics_simulated_synthetic
BGW-001,4,28.003,production,1302.2,407.6,0.759,4.75,3,2.373,0.291,17.0,46.26,17.9,393.79,52.361,53.637,24309.01,True,physics_simulated_synthetic
BGW-001,4,33.275,production,1302.2,407.6,0.759,4.75,3,2.373,0.291,17.0,46.26,17.9,483.08,47.473,48.879,37861.71,True,physics_simulated_synthetic
BGW-001,4,37.9,production,1302.2,407.6,0.759,4.75,3,2.373,0.291,17.0,46.26,17.9,561.41,46.449,47.574,42852.19,True,physics_simulated_synthetic
BGW-001,4,38.632,production,1302.2,407.6,0.759,4.75,3,2.373,0.291,17.0,46.26,17.9,573.8,46.396,45.829,50649.67,True,physics_simulated_synthetic
BGW-001,4,40.983,production,1302.2,407.6,0.759,4.75,3,2.373,0.291,17.0,46.26,17.9,613.62,46.301,46.991,45303.69,True,physics_simulated_synthetic
BGW-001,4,45.485,production,1302.2,407.6,0.759,4.75,3,2.373,0.291,17.0,46.26,17.9,689.88,46.26,46.788,46193.05,True,physics_simulated_synthetic
BGW-001,4,46.703,production,1302.2,407.6,0.759,4.75,3,2.373,0.291,17.0,46.26,17.9,710.51,46.258,46.929,45574.02,True,physics_simulated_synthetic
BGW-001,4,49.366,production,1302.2,407.6,0.759,4.75,3,2.373,0.291,17.0,46.26,17.9,755.6,46.256,47.841,41775.02,True,physics_simulated_synthetic
BGW-001,4,49.658,production,1302.2,407.6,0.759,4.75,3,2.373,0.291,17.0,46.26,17.9,760.55,46.256,46.934,45550.05,True,physics_simulated_synthetic
BGW-001,4,53.587,production,1302.2,407.6,0.759,4.75,3,2.373,0.291,17.0,46.26,17.9,827.11,46.256,47.572,42861.67,True,physics_simulated_synthetic
BGW-001,4,55.606,production,1302.2,407.6,0.759,4.75,3,2.373,0.291,17.0,46.26,17.9,861.3,46.256,46.716,46513.28,True,physics_simulated_synthetic
BGW-001,4,58.242,production,1302.2,407.6,0.759,4.75,3,2.373,0.291,17.0,46.26,17.9,905.94,46.256,47.026,45153.1,True,physics_simulated_synthetic
BGW-001,4,1.849,soak,1728.3,384.2,0.688,8.55,3,1.454,0.214,15.36,46.94,18.13,0.0,183.236,183.093,5.0,True,physics_simulated_synthetic
BGW-001,4,3.498,soak,1728.3,384.2,0.688,8.55,3,1.454,0.214,15.36,46.94,18.13,0.0,176.312,176.142,6.83,True,physics_simulated_synthetic
BGW-001,4,12.875,production,1728.3,384.2,0.688,8.55,3,1.454,0.214,15.36,46.94,18.13,43.27,137.276,135.966,58.19,True,physics_simulated_synthetic
BGW-001,4,14.036,production,1728.3,384.2,0.688,8.55,3,1.454,0.214,15.36,46.94,18.13,54.88,132.603,133.65,66.69,True,physics_simulated_synthetic
BGW-001,4,16.883,production,1728.3,384.2,0.688,8.55,3,1.454,0.214,15.36,46.94,18.13,83.36,120.368,120.076,153.19,True,physics_simulated_synthetic
BGW-001,4,17.616,production,1728.3,384.2,0.688,8.55,3,1.454,0.214,15.36,46.94,18.13,90.69,117.248,117.631,179.04,True,physics_simulated_synthetic
BGW-001,4,18.237,production,1728.3,384.2,0.688,8.55,3,1.454,0.214,15.36,46.94,18.13,96.91,114.587,115.625,203.78,True,physics_simulated_synthetic
BGW-001,4,24.383,production,1728.3,384.2,0.688,8.55,3,1.454,0.214,15.36,46.94,18.13,158.39,86.337,87.327,1474.19,True,physics_simulated_synthetic
BGW-001,4,24.512,production,1728.3,384.2,0.688,8.55,3,1.454,0.214,15.36,46.94,18.13,159.68,85.832,87.129,1496.38,True,physics_simulated_synthetic
BGW-001,4,26.203,production,1728.3,384.2,0.688,8.55,3,1.454,0.214,15.36,46.94,18.13,176.6,79.281,79.508,2693.59,True,physics_simulated_synthetic
BGW-001,4,33.215,production,1728.3,384.2,0.688,8.55,3,1.454,0.214,15.36,46.94,18.13,246.74,57.813,57.586,16993.18,True,physics_simulated_synthetic
BGW-001,4,33.422,production,1728.3,384.2,0.688,8.55,3,1.454,0.214,15.36,46.94,18.13,248.81,57.42,57.674,16859.57,True,physics_simulated_synthetic
BGW-001,4,33.552,production,1728.3,384.2,0.688,8.55,3,1.454,0.214,15.36,46.94,18.13,250.12,57.178,55.181,21111.83,True,physics_simulated_synthetic
BGW-001,4,38.083,production,1728.3,384.2,0.688,8.55,3,1.454,0.214,15.36,46.94,18.13,295.44,50.826,49.165,36854.04,True,physics_simulated_synthetic
BGW-001,4,39.715,production,1728.3,384.2,0.688,8.55,3,1.454,0.214,15.36,46.94,18.13,311.77,49.552,48.065,40896.06,True,physics_simulated_synthetic
BGW-001,4,39.859,production,1728.3,384.2,0.688,8.55,3,1.454,0.214,15.36,46.94,18.13,313.2,49.46,48.428,39511.07,True,physics_simulated_synthetic
BGW-001,4,45.9,production,1728.3,384.2,0.688,8.55,3,1.454,0.214,15.36,46.94,18.13,373.64,47.335,48.26,40147.25,True,physics_simulated_synthetic
BGW-001,4,47.034,production,1728.3,384.2,0.688,8.55,3,1.454,0.214,15.36,46.94,18.13,384.98,47.208,46.305,48382.62,True,physics_simulated_synthetic
BGW-001,4,48.841,production,1728.3,384.2,0.688,8.55,3,1.454,0.214,15.36,46.94,18.13,403.06,47.078,46.914,45640.42,True,physics_simulated_synthetic
BGW-001,4,51.204,production,1728.3,384.2,0.688,8.55,3,1.454,0.214,15.36,46.94,18.13,426.7,46.994,49.178,36806.41,True,physics_simulated_synthetic
BGW-002,4,2.497,soak,1747.0,284.8,0.632,4.77,3,2.293,0.255,8.83,46.61,18.16,0.0,171.503,173.474,7.78,True,physics_simulated_synthetic
BGW-002,4,5.067,production,1747.0,284.8,0.632,4.77,3,2.293,0.255,8.83,46.61,18.16,4.46,154.021,154.244,20.89,True,physics_simulated_synthetic
BGW-002,4,6.204,production,1747.0,284.8,0.632,4.77,3,2.293,0.255,8.83,46.61,18.16,21.63,146.917,147.777,29.71,True,physics_simulated_synthetic
BGW-002,4,8.671,production,1747.0,284.8,0.632,4.77,3,2.293,0.255,8.83,46.61,18.16,58.86,132.061,134.783,62.38,True,physics_simulated_synthetic
BGW-002,4,10.236,production,1747.0,284.8,0.632,4.77,3,2.293,0.255,8.83,46.61,18.16,82.46,123.114,126.57,102.19,True,physics_simulated_synthetic
BGW-002,4,10.606,production,1747.0,284.8,0.632,4.77,3,2.293,0.255,8.83,46.61,18.16,88.06,121.062,126.14,104.92,True,physics_simulated_synthetic
BGW-002,4,19.792,production,1747.0,284.8,0.632,4.77,3,2.293,0.255,8.83,46.61,18.16,226.67,72.18,78.541,2907.3,True,physics_simulated_synthetic
BGW-002,4,20.812,production,1747.0,284.8,0.632,4.77,3,2.293,0.255,8.83,46.61,18.16,242.08,68.596,71.459,5154.82,True,physics_simulated_synthetic
BGW-002,4,24.948,production,1747.0,284.8,0.632,4.77,3,2.293,0.255,8.83,46.61,18.16,304.5,56.983,57.88,16550.67,True,physics_simulated_synthetic
BGW-002,4,25.926,production,1747.0,284.8,0.632,4.77,3,2.293,0.255,8.83,46.61,18.16,319.24,55.101,54.399,22670.88,True,physics_simulated_synthetic
BGW-002,4,29.639,production,1747.0,284.8,0.632,4.77,3,2.293,0.255,8.83,46.61,18.16,375.29,50.057,52.715,26462.41,True,physics_simulated_synthetic
BGW-002,4,34.864,production,1747.0,284.8,0.632,4.77,3,2.293,0.255,8.83,46.61,18.16,454.13,47.273,48.417,39552.49,True,physics_simulated_synthetic
BGW-002,4,35.046,production,1747.0,284.8,0.632,4.77,3,2.293,0.255,8.83,46.61,18.16,456.88,47.232,48.933,37667.19,True,physics_simulated_synthetic
BGW-002,4,35.259,production,1747.0,284.8,0.632,4.77,3,2.293,0.255,8.83,46.61,18.16,460.09,47.188,48.613,38824.41,True,physics_simulated_synthetic
BGW-002,4,37.639,production,1747.0,284.8,0.632,4.77,3,2.293,0.255,8.83,46.61,18.16,496.0,46.845,48.93,37679.2,True,physics_simulated_synthetic
BGW-002,4,38.991,production,1747.0,284.8,0.632,4.77,3,2.293,0.255,8.83,46.61,18.16,516.41,46.745,50.52,32448.03,True,physics_simulated_synthetic
BGW-002,4,43.168,production,1747.0,284.8,0.632,4.77,3,2.293,0.255,8.83,46.61,18.16,579.44,46.63,49.132,36966.68,True,physics_simulated_synthetic
BGW-002,4,45.511,production,1747.0,284.8,0.632,4.77,3,2.293,0.255,8.83,46.61,18.16,614.81,46.617,48.677,38590.27,True,physics_simulated_synthetic
BGW-002,4,51.397,production,1747.0,284.8,0.632,4.77,3,2.293,0.255,8.83,46.61,18.16,703.63,46.612,47.445,43384.0,True,physics_simulated_synthetic
BGW-002,4,55.507,production,1747.0,284.8,0.632,4.77,3,2.293,0.255,8.83,46.61,18.16,765.66,46.612,46.55,47258.93,True,physics_simulated_synthetic
BGW-003,4,2.695,soak,1050.0,347.8,0.768,10.15,3,1.419,0.31,9.22,46.07,18.11,0.0,176.907,176.656,6.66,True,physics_simulated_synthetic
BGW-003,4,9.876,soak,1050.0,347.8,0.768,10.15,3,1.419,0.31,9.22,46.07,18.11,0.0,146.468,145.268,34.16,True,physics_simulated_synthetic
BGW-003,4,15.358,production,1050.0,347.8,0.768,10.15,3,1.419,0.31,9.22,46.07,18.11,83.03,121.497,121.847,137.0,True,physics_simulated_synthetic
BGW-003,4,17.455,production,1050.0,347.8,0.768,10.15,3,1.419,0.31,9.22,46.07,18.11,116.46,111.648,110.104,292.99,True,physics_simulated_synthetic
BGW-003,4,18.956,production,1050.0,347.8,0.768,10.15,3,1.419,0.31,9.22,46.07,18.11,140.38,104.475,100.96,547.37,True,physics_simulated_synthetic
BGW-003,4,19.028,production,1050.0,347.8,0.768,10.15,3,1.419,0.31,9.22,46.07,18.11,141.53,104.136,100.421,568.48,True,physics_simulated_synthetic
BGW-003,4,22.255,production,1050.0,347.8,0.768,10.15,3,1.419,0.31,9.22,46.07,18.11,192.97,88.197,88.708,1328.89,True,physics_simulated_synthetic
BGW-003,4,26.106,production,1050.0,347.8,0.768,10.15,3,1.419,0.31,9.22,46.07,18.11,254.35,71.115,71.728,5041.59,True,physics_simulated_synthetic
BGW-003,4,30.903,production,1050.0,347.8,0.768,10.15,3,1.419,0.31,9.22,46.07,18.11,330.82,56.147,54.096,23308.17,True,physics_simulated_synthetic
BGW-003,4,31.132,production,1050.0,347.8,0.768,10.15,3,1.419,0.31,9.22,46.07,18.11,334.46,55.674,53.337,24987.91,True,physics_simulated_synthetic
BGW-003,4,44.916,production,1050.0,347.8,0.768,10.15,3,1.419,0.31,9.22,46.07,18.11,554.19,46.122,46.368,48091.11,True,physics_simulated_synthetic
BGW-003,4,46.321,production,1050.0,347.8,0.768,10.15,3,1.419,0.31,9.22,46.07,18.11,576.57,46.098,45.075,54474.11,True,physics_simulated_synthetic
BGW-003,4,48.495,production,1050.0,347.8,0.768,10.15,3,1.419,0.31,9.22,46.07,18.11,611.23,46.082,45.075,54474.11,True,physics_simulated_synthetic
BGW-003,4,49.787,production,1050.0,347.8,0.768,10.15,3,1.419,0.31,9.22,46.07,18.11,631.83,46.078,45.179,53928.64,True,physics_simulated_synthetic
BGW-003,4,53.448,production,1050.0,347.8,0.768,10.15,3,1.419,0.31,9.22,46.07,18.11,690.17,46.075,45.075,54474.11,True,physics_simulated_synthetic
BGW-003,4,53.501,production,1050.0,347.8,0.768,10.15,3,1.419,0.31,9.22,46.07,18.11,691.02,46.075,45.075,54474.11,True,physics_simulated_synthetic
BGW-003,4,53.607,production,1050.0,347.8,0.768,10.15,3,1.419,0.31,9.22,46.07,18.11,692.71,46.075,45.075,54474.11,True,physics_simulated_synthetic
BGW-003,4,56.163,production,1050.0,347.8,0.768,10.15,3,1.419,0.31,9.22,46.07,18.11,733.45,46.075,45.075,54474.11,True,physics_simulated_synthetic
BGW-003,4,57.174,production,1050.0,347.8,0.768,10.15,3,1.419,0.31,9.22,46.07,18.11,749.57,46.075,46.245,48660.49,True,physics_simulated_synthetic
BGW-003,4,59.543,production,1050.0,347.8,0.768,10.15,3,1.419,0.31,9.22,46.07,18.11,787.33,46.075,45.075,54474.11,True,physics_simulated_synthetic
BGW-004,4,1.492,soak,794.9,301.9,0.758,8.65,3,1.52,0.296,16.02,47.48,17.26,0.0,158.34,158.9,16.32,True,physics_simulated_synthetic
BGW-004,4,6.354,soak,794.9,301.9,0.758,8.65,3,1.52,0.296,16.02,47.48,17.26,0.0,142.554,144.36,35.95,True,physics_simulated_synthetic
BGW-004,4,7.425,soak,794.9,301.9,0.758,8.65,3,1.52,0.296,16.02,47.48,17.26,0.0,139.39,138.486,50.25,True,physics_simulated_synthetic
BGW-004,4,8.42,soak,794.9,301.9,0.758,8.65,3,1.52,0.296,16.02,47.48,17.26,0.0,136.545,135.747,58.94,True,physics_simulated_synthetic
BGW-004,4,17.187,production,794.9,301.9,0.758,8.65,3,1.52,0.296,16.02,47.48,17.26,148.7,99.081,96.192,767.63,True,physics_simulated_synthetic
BGW-004,4,18.057,production,794.9,301.9,0.758,8.65,3,1.52,0.296,16.02,47.48,17.26,163.86,95.496,95.386,813.51,True,physics_simulated_synthetic
BGW-004,4,23.855,production,794.9,301.9,0.758,8.65,3,1.52,0.296,16.02,47.48,17.26,264.84,70.773,69.403,6113.91,True,physics_simulated_synthetic
BGW-004,4,25.147,production,794.9,301.9,0.758,8.65,3,1.52,0.296,16.02,47.48,17.26,287.35,66.568,65.944,8186.04,True,physics_simulated_synthetic
BGW-004,4,28.043,production,794.9,301.9,0.758,8.65,3,1.52,0.296,16.02,47.48,17.26,337.79,58.634,57.523,17088.02,True,physics_simulated_synthetic
BGW-004,4,29.315,production,794.9,301.9,0.758,8.65,3,1.52,0.296,16.02,47.48,17.26,359.94,56.016,56.002,19597.36,True,physics_simulated_synthetic
BGW-004,4,33.312,production,794.9,301.9,0.758,8.65,3,1.52,0.296,16.02,47.48,17.26,429.56,50.489,48.146,40584.61,True,physics_simulated_synthetic
BGW-004,4,35.763,production,794.9,301.9,0.758,8.65,3,1.52,0.296,16.02,47.48,17.26,472.24,48.879,46.942,45516.27,True,physics_simulated_synthetic
BGW-004,4,38.039,production,794.9,301.9,0.758,8.65,3,1.52,0.296,16.02,47.48,17.26,511.88,48.099,51.198,30459.09,True,physics_simulated_synthetic
BGW-004,4,39.772,production,794.9,301.9,0.758,8.65,3,1.52,0.296,16.02,47.48,17.26,542.07,47.791,46.478,47585.78,True,physics_simulated_synthetic
BGW-004,4,48.262,production,794.9,301.9,0.758,8.65,3,1.52,0.296,16.02,47.48,17.26,689.94,47.481,46.478,47585.78,True,physics_simulated_synthetic
BGW-004,4,55.489,production,794.9,301.9,0.758,8.65,3,1.52,0.296,16.02,47.48,17.26,815.81,47.478,50.167,33538.04,True,physics_simulated_synthetic
BGW-004,4,55.654,production,794.9,301.9,0.758,8.65,3,1.52,0.296,16.02,47.48,17.26,818.69,47.478,51.663,29169.73,True,physics_simulated_synthetic
BGW-004,4,55.981,production,794.9,301.9,0.758,8.65,3,1.52,0.296,16.02,47.48,17.26,824.4,47.478,46.478,47585.78,True,physics_simulated_synthetic
BGW-004,4,57.337,production,794.9,301.9,0.758,8.65,3,1.52,0.296,16.02,47.48,17.26,848.01,47.478,47.08,44920.63,True,physics_simulated_synthetic
BGW-004,4,57.974,production,794.9,301.9,0.758,8.65,3,1.52,0.296,16.02,47.48,17.26,859.1,47.478,48.074,40862.99,True,physics_simulated_synthetic
BGW-004,5,2.609,soak,1096.5,193.2,0.826,5.32,4,1.613,0.218,7.62,46.04,17.11,0.0,153.014,154.265,20.87,True,physics_simulated_synthetic
BGW-004,5,2.955,soak,1096.5,193.2,0.826,5.32,4,1.613,0.218,7.62,46.04,17.11,0.0,151.363,149.5,27.02,True,physics_simulated_synthetic
BGW-004,5,3.203,soak,1096.5,193.2,0.826,5.32,4,1.613,0.218,7.62,46.04,17.11,0.0,150.199,152.077,23.48,True,physics_simulated_synthetic
BGW-004,5,6.1,production,1096.5,193.2,0.826,5.32,4,1.613,0.218,7.62,46.04,17.11,6.69,137.374,138.589,49.95,True,physics_simulated_synthetic
BGW-004,5,10.478,production,1096.5,193.2,0.826,5.32,4,1.613,0.218,7.62,46.04,17.11,44.45,119.199,118.224,172.37,True,physics_simulated_synthetic
BGW-004,5,10.89,production,1096.5,193.2,0.826,5.32,4,1.613,0.218,7.62,46.04,17.11,48.0,117.6,117.52,180.33,True,physics_simulated_synthetic
BGW-004,5,14.205,production,1096.5,193.2,0.826,5.32,4,1.613,0.218,7.62,46.04,17.11,76.58,104.555,105.503,399.75,True,physics_simulated_synthetic
BGW-004,5,14.963,production,1096.5,193.2,0.826,5.32,4,1.613,0.218,7.62,46.04,17.11,83.12,101.713,102.365,496.26,True,physics_simulated_synthetic
BGW-004,5,19.079,production,1096.5,193.2,0.826,5.32,4,1.613,0.218,7.62,46.04,17.11,118.62,86.32,86.491,1570.38,True,physics_simulated_synthetic
BGW-004,5,22.417,production,1096.5,193.2,0.826,5.32,4,1.613,0.218,7.62,46.04,17.11,147.4,75.183,75.618,3672.23,True,physics_simulated_synthetic
BGW-004,5,23.618,production,1096.5,193.2,0.826,5.32,4,1.613,0.218,7.62,46.04,17.11,157.76,71.64,71.867,4984.27,True,physics_simulated_synthetic
BGW-004,5,24.976,production,1096.5,193.2,0.826,5.32,4,1.613,0.218,7.62,46.04,17.11,169.47,67.901,68.694,6487.89,True,physics_simulated_synthetic
BGW-004,5,30.272,production,1096.5,193.2,0.826,5.32,4,1.613,0.218,7.62,46.04,17.11,215.13,56.109,58.748,15317.72,True,physics_simulated_synthetic
BGW-004,5,31.425,production,1096.5,193.2,0.826,5.32,4,1.613,0.218,7.62,46.04,17.11,225.08,54.347,51.333,30078.55,True,physics_simulated_synthetic
BGW-004,5,34.274,production,1096.5,193.2,0.826,5.32,4,1.613,0.218,7.62,46.04,17.11,249.65,50.907,51.155,30581.4,True,physics_simulated_synthetic
BGW-004,5,35.469,production,1096.5,193.2,0.826,5.32,4,1.613,0.218,7.62,46.04,17.11,259.95,49.854,50.68,31965.82,True,physics_simulated_synthetic
BGW-004,5,40.843,production,1096.5,193.2,0.826,5.32,4,1.613,0.218,7.62,46.04,17.11,306.3,47.051,48.044,40977.11,True,physics_simulated_synthetic
BGW-004,5,50.008,production,1096.5,193.2,0.826,5.32,4,1.613,0.218,7.62,46.04,17.11,385.33,46.084,46.142,49144.03,True,physics_simulated_synthetic
BGW-004,5,51.068,production,1096.5,193.2,0.826,5.32,4,1.613,0.218,7.62,46.04,17.11,394.47,46.069,45.042,54645.88,True,physics_simulated_synthetic
BGW-004,5,52.5,production,1096.5,193.2,0.826,5.32,4,1.613,0.218,7.62,46.04,17.11,406.82,46.057,47.096,44853.11,True,physics_simulated_synthetic
BGW-005,2,5.07,soak,1188.0,259.9,0.648,7.04,1,2.054,0.236,19.28,47.83,17.96,0.0,149.952,153.179,22.12,True,physics_simulated_synthetic
BGW-005,2,5.706,soak,1188.0,259.9,0.648,7.04,1,2.054,0.236,19.28,47.83,17.96,0.0,147.486,149.49,27.04,True,physics_simulated_synthetic
BGW-005,2,7.926,production,1188.0,259.9,0.648,7.04,1,2.054,0.236,19.28,47.83,17.96,15.68,139.035,139.168,48.31,True,physics_simulated_synthetic
BGW-005,2,8.244,production,1188.0,259.9,0.648,7.04,1,2.054,0.236,19.28,47.83,17.96,21.29,137.854,137.546,53.07,True,physics_simulated_synthetic
BGW-005,2,12.144,production,1188.0,259.9,0.648,7.04,1,2.054,0.236,19.28,47.83,17.96,89.96,121.322,122.479,131.67,True,physics_simulated_synthetic
BGW-005,2,17.289,production,1188.0,259.9,0.648,7.04,1,2.054,0.236,19.28,47.83,17.96,180.57,96.377,95.785,790.41,True,physics_simulated_synthetic
BGW-005,2,19.702,production,1188.0,259.9,0.648,7.04,1,2.054,0.236,19.28,47.83,17.96,223.06,85.332,85.504,1692.6,True,physics_simulated_synthetic
BGW-005,2,31.963,production,1188.0,259.9,0.648,7.04,1,2.054,0.236,19.28,47.83,17.96,438.99,50.092,51.64,29230.91,True,physics_simulated_synthetic
BGW-005,2,32.126,production,1188.0,259.9,0.648,7.04,1,2.054,0.236,19.28,47.83,17.96,441.86,49.986,52.715,26462.67,True,physics_simulated_synthetic
BGW-005,2,36.863,production,1188.0,259.9,0.648,7.04,1,2.054,0.236,19.28,47.83,17.96,525.27,48.227,50.19,33465.48,True,physics_simulated_synthetic
BGW-005,2,37.975,production,1188.0,259.9,0.648,7.04,1,2.054,0.236,19.28,47.83,17.96,544.86,48.084,46.833,45995.53,True,physics_simulated_synthetic
BGW-005,2,39.155,production,1188.0,259.9,0.648,7.04,1,2.054,0.236,19.28,47.83,17.96,565.64,47.984,49.522,35634.91,True,physics_simulated_synthetic
BGW-005,2,41.688,production,1188.0,259.9,0.648,7.04,1,2.054,0.236,19.28,47.83,17.96,610.25,47.878,49.09,37113.73,True,physics_simulated_synthetic
BGW-005,2,43.543,production,1188.0,259.9,0.648,7.04,1,2.054,0.236,19.28,47.83,17.96,642.91,47.85,49.541,35571.33,True,physics_simulated_synthetic
BGW-005,2,44.094,production,1188.0,259.9,0.648,7.04,1,2.054,0.236,19.28,47.83,17.96,652.61,47.845,51.219,30397.51,True,physics_simulated_synthetic
BGW-005,2,48.264,production,1188.0,259.9,0.648,7.04,1,2.054,0.236,19.28,47.83,17.96,726.05,47.834,46.833,45995.53,True,physics_simulated_synthetic
BGW-005,2,50.914,production,1188.0,259.9,0.648,7.04,1,2.054,0.236,19.28,47.83,17.96,772.72,47.833,48.117,40696.64,True,physics_simulated_synthetic
BGW-005,2,51.643,production,1188.0,259.9,0.648,7.04,1,2.054,0.236,19.28,47.83,17.96,785.56,47.833,49.771,34807.46,True,physics_simulated_synthetic
BGW-005,2,56.156,production,1188.0,259.9,0.648,7.04,1,2.054,0.236,19.28,47.83,17.96,865.05,47.833,46.833,45995.53,True,physics_simulated_synthetic
BGW-005,2,57.533,production,1188.0,259.9,0.648,7.04,1,2.054,0.236,19.28,47.83,17.96,889.28,47.833,51.01,30995.38,True,physics_simulated_synthetic
BGW-005,4,7.109,production,1269.8,382.3,0.751,6.67,3,2.288,0.292,9.79,46.73,17.63,3.58,143.689,147.558,30.08,True,physics_simulated_synthetic
BGW-005,4,7.315,production,1269.8,382.3,0.751,6.67,3,2.288,0.292,9.79,46.73,17.63,5.26,142.562,142.354,40.26,True,physics_simulated_synthetic
BGW-005,4,8.867,production,1269.8,382.3,0.751,6.67,3,2.288,0.292,9.79,46.73,17.63,17.91,134.308,134.591,63.09,True,physics_simulated_synthetic
BGW-005,4,9.457,production,1269.8,382.3,0.751,6.67,3,2.288,0.292,9.79,46.73,17.63,22.71,131.311,131.104,77.62,True,physics_simulated_synthetic
BGW-005,4,22.582,production,1269.8,382.3,0.751,6.67,3,2.288,0.292,9.79,46.73,17.63,129.65,72.093,73.016,4535.82,True,physics_simulated_synthetic
BGW-005,4,22.999,production,1269.8,382.3,0.751,6.67,3,2.288,0.292,9.79,46.73,17.63,133.05,70.916,73.566,4336.52,True,physics_simulated_synthetic
BGW-005,4,26.274,production,1269.8,382.3,0.751,6.67,3,2.288,0.292,9.79,46.73,17.63,159.74,62.629,65.398,8576.66,True,physics_simulated_synthetic
BGW-005,4,28.762,production,1269.8,382.3,0.751,6.67,3,2.288,0.292,9.79,46.73,17.63,180.01,57.783,60.204,13464.1,True,physics_simulated_synthetic
BGW-005,4,33.18,production,1269.8,382.3,0.751,6.67,3,2.288,0.292,9.79,46.73,17.63,216.0,51.823,51.88,28587.23,True,physics_simulated_synthetic
BGW-005,4,35.295,production,1269.8,382.3,0.751,6.67,3,2.288,0.292,9.79,46.73,17.63,233.24,50.068,48.869,37898.31,True,physics_simulated_synthetic
BGW-005,4,38.224,production,1269.8,382.3,0.751,6.67,3,2.288,0.292,9.79,46.73,17.63,257.1,48.458,50.569,32300.12,True,physics_simulated_synthetic
BGW-005,4,41.166,production,1269.8,382.3,0.751,6.67,3,2.288,0.292,9.79,46.73,17.63,281.07,47.546,48.921,37712.44,True,physics_simulated_synthetic
BGW-005,4,43.066,production,1269.8,382.3,0.751,6.67,3,2.288,0.292,9.79,46.73,17.63,296.55,47.21,49.888,34428.45,True,physics_simulated_synthetic
BGW-005,4,43.781,production,1269.8,382.3,0.751,6.67,3,2.288,0.292,9.79,46.73,17.63,302.38,47.119,50.137,33633.24,True,physics_simulated_synthetic
BGW-005,4,46.818,production,1269.8,382.3,0.751,6.67,3,2.288,0.292,9.79,46.73,17.63,327.12,46.877,49.105,37060.55,True,physics_simulated_synthetic
BGW-005,4,51.032,production,1269.8,382.3,0.751,6.67,3,2.288,0.292,9.79,46.73,17.63,361.45,46.76,49.859,34521.94,True,physics_simulated_synthetic
BGW-005,4,56.168,production,1269.8,382.3,0.751,6.67,3,2.288,0.292,9.79,46.73,17.63,403.3,46.732,49.088,37122.52,True,physics_simulated_synthetic
BGW-005,4,56.168,production,1269.8,382.3,0.751,6.67,3,2.288,0.292,9.79,46.73,17.63,403.3,46.732,49.509,35677.64,True,physics_simulated_synthetic
BGW-005,4,57.072,production,1269.8,382.3,0.751,6.67,3,2.288,0.292,9.79,46.73,17.63,410.66,46.731,47.779,42023.57,True,physics_simulated_synthetic
BGW-005,4,59.198,production,1269.8,382.3,0.751,6.67,3,2.288,0.292,9.79,46.73,17.63,427.99,46.729,48.513,39196.28,True,physics_simulated_synthetic
BGW-005,4,2.409,soak,917.1,423.2,0.747,4.29,3,1.306,0.206,14.48,47.6,17.48,0.0,180.344,182.929,5.0,True,physics_simulated_synthetic
BGW-005,4,3.434,soak,917.1,423.2,0.747,4.29,3,1.306,0.206,14.48,47.6,17.48,0.0,176.377,176.955,6.57,True,physics_simulated_synthetic
BGW-005,4,7.495,production,917.1,423.2,0.747,4.29,3,1.306,0.206,14.48,47.6,17.48,49.18,159.752,162.452,13.56,True,physics_simulated_synthetic
BGW-005,4,9.313,production,917.1,423.2,0.747,4.29,3,1.306,0.206,14.48,47.6,17.48,77.05,151.772,153.624,21.6,True,physics_simulated_synthetic
BGW-005,4,11.582,production,917.1,423.2,0.747,4.29,3,1.306,0.206,14.48,47.6,17.48,111.87,140.758,140.23,45.45,True,physics_simulated_synthetic
BGW-005,4,12.107,production,917.1,423.2,0.747,4.29,3,1.306,0.206,14.48,47.6,17.48,119.91,138.15,141.484,42.31,True,physics_simulated_synthetic
BGW-005,4,16.246,production,917.1,423.2,0.747,4.29,3,1.306,0.206,14.48,47.6,17.48,183.39,114.473,115.661,203.3,True,physics_simulated_synthetic
BGW-005,4,30.272,production,917.1,423.2,0.747,4.29,3,1.306,0.206,14.48,47.6,17.48,398.53,52.169,53.456,24715.79,True,physics_simulated_synthetic
BGW-005,4,37.801,production,917.1,423.2,0.747,4.29,3,1.306,0.206,14.48,47.6,17.48,514.02,47.938,48.476,39334.16,True,physics_simulated_synthetic
BGW-005,4,41.887,production,917.1,423.2,0.747,4.29,3,1.306,0.206,14.48,47.6,17.48,576.7,47.656,48.775,38234.19,True,physics_simulated_synthetic
BGW-005,4,42.594,production,917.1,423.2,0.747,4.29,3,1.306,0.206,14.48,47.6,17.48,587.54,47.641,50.275,33201.5,True,physics_simulated_synthetic
BGW-005,4,44.077,production,917.1,423.2,0.747,4.29,3,1.306,0.206,14.48,47.6,17.48,610.29,47.621,49.391,36077.07,True,physics_simulated_synthetic
BGW-005,4,44.711,production,917.1,423.2,0.747,4.29,3,1.306,0.206,14.48,47.6,17.48,620.01,47.615,50.111,33716.36,True,physics_simulated_synthetic
BGW-005,4,46.327,production,917.1,423.2,0.747,4.29,3,1.306,0.206,14.48,47.6,17.48,644.79,47.608,50.15,33593.06,True,physics_simulated_synthetic
BGW-005,4,48.058,production,917.1,423.2,0.747,4.29,3,1.306,0.206,14.48,47.6,17.48,671.34,47.605,51.489,29645.04,True,physics_simulated_synthetic
BGW-005,4,50.279,production,917.1,423.2,0.747,4.29,3,1.306,0.206,14.48,47.6,17.48,705.41,47.603,49.159,36875.16,True,physics_simulated_synthetic
BGW-005,4,50.965,production,917.1,423.2,0.747,4.29,3,1.306,0.206,14.48,47.6,17.48,715.93,47.603,47.571,42865.75,True,physics_simulated_synthetic
BGW-005,4,51.068,production,917.1,423.2,0.747,4.29,3,1.306,0.206,14.48,47.6,17.48,717.51,47.603,51.132,30644.86,True,physics_simulated_synthetic
BGW-005,4,55.668,production,917.1,423.2,0.747,4.29,3,1.306,0.206,14.48,47.6,17.48,788.07,47.603,49.174,36821.56,True,physics_simulated_synthetic
BGW-005,4,58.812,production,917.1,423.2,0.747,4.29,3,1.306,0.206,14.48,47.6,17.48,836.3,47.603,51.198,30456.75,True,physics_simulated_synthetic
BGW-005,1,2.164,soak,1413.4,271.2,0.692,4.95,0,1.448,0.233,10.27,46.86,18.22,0.0,175.523,176.485,6.72,True,physics_simulated_synthetic
BGW-005,1,13.058,production,1413.4,271.2,0.692,4.95,0,1.448,0.233,10.27,46.86,18.22,99.9,119.452,122.108,134.77,True,physics_simulated_synthetic
BGW-005,1,13.536,production,1413.4,271.2,0.692,4.95,0,1.448,0.233,10.27,46.86,18.22,105.8,117.161,117.938,175.55,True,physics_simulated_synthetic
BGW-005,1,18.973,production,1413.4,271.2,0.692,4.95,0,1.448,0.233,10.27,46.86,18.22,172.83,89.979,91.441,1084.69,True,physics_simulated_synthetic
BGW-005,1,19.022,production,1413.4,271.2,0.692,4.95,0,1.448,0.233,10.27,46.86,18.22,173.44,89.762,90.332,1177.39,True,physics_simulated_synthetic
BGW-005,1,24.527,production,1413.4,271.2,0.692,4.95,0,1.448,0.233,10.27,46.86,18.22,241.3,67.496,67.907,6931.87,True,physics_simulated_synthetic
BGW-005,1,24.709,production,1413.4,271.2,0.692,4.95,0,1.448,0.233,10.27,46.86,18.22,243.54,66.94,66.499,7808.64,True,physics_simulated_synthetic
BGW-005,1,25.104,production,1413.4,271.2,0.692,4.95,0,1.448,0.233,10.27,46.86,18.22,248.41,65.76,67.012,7476.07,True,physics_simulated_synthetic
BGW-005,1,25.885,production,1413.4,271.2,0.692,4.95,0,1.448,0.233,10.27,46.86,18.22,258.04,63.543,63.0,10543.89,True,physics_simulated_synthetic
BGW-005,1,28.448,production,1413.4,271.2,0.692,4.95,0,1.448,0.233,10.27,46.86,18.22,289.63,57.353,58.934,15066.82,True,physics_simulated_synthetic
BGW-005,1,32.949,production,1413.4,271.2,0.692,4.95,0,1.448,0.233,10.27,46.86,18.22,345.12,50.629,52.798,26260.86,True,physics_simulated_synthetic
BGW-005,1,33.946,production,1413.4,271.2,0.692,4.95,0,1.448,0.233,10.27,46.86,18.22,357.42,49.781,50.943,31189.6,True,physics_simulated_synthetic
BGW-005,1,34.347,production,1413.4,271.2,0.692,4.95,0,1.448,0.233,10.27,46.86,18.22,362.36,49.488,49.736,34921.95,True,physics_simulated_synthetic
BGW-005,1,35.298,production,1413.4,271.2,0.692,4.95,0,1.448,0.233,10.27,46.86,18.22,374.09,48.884,50.169,33532.23,True,physics_simulated_synthetic
BGW-005,1,37.561,production,1413.4,271.2,0.692,4.95,0,1.448,0.233,10.27,46.86,18.22,401.98,47.882,48.1,40762.39,True,physics_simulated_synthetic
BGW-005,1,38.078,production,1413.4,271.2,0.692,4.95,0,1.448,0.233,10.27,46.86,18.22,408.35,47.727,49.686,35087.23,True,physics_simulated_synthetic
BGW-005,1,38.877,production,1413.4,271.2,0.692,4.95,0,1.448,0.233,10.27,46.86,18.22,418.2,47.526,45.856,50518.11,True,physics_simulated_synthetic
BGW-005,1,39.146,production,1413.4,271.2,0.692,4.95,0,1.448,0.233,10.27,46.86,18.22,421.52,47.468,47.648,42552.3,True,physics_simulated_synthetic
BGW-005,1,42.12,production,1413.4,271.2,0.692,4.95,0,1.448,0.233,10.27,46.86,18.22,458.18,47.059,45.856,50518.11,True,physics_simulated_synthetic
BGW-005,1,47.246,production,1413.4,271.2,0.692,4.95,0,1.448,0.233,10.27,46.86,18.22,521.37,46.876,45.856,50518.11,True,physics_simulated_synthetic
BGW-006,2,0.644,soak,845.8,330.3,0.586,6.92,1,2.354,0.319,16.81,46.62,18.38,0.0,153.961,155.673,19.35,True,physics_simulated_synthetic
BGW-006,2,4.803,soak,845.8,330.3,0.586,6.92,1,2.354,0.319,16.81,46.62,18.38,0.0,135.415,137.816,52.24,True,physics_simulated_synthetic
BGW-006,2,8.496,production,845.8,330.3,0.586,6.92,1,2.354,0.319,16.81,46.62,18.38,15.46,121.218,124.88,113.4,True,physics_simulated_synthetic
BGW-006,2,9.825,production,845.8,330.3,0.586,6.92,1,2.354,0.319,16.81,46.62,18.38,28.5,116.453,117.29,183.01,True,physics_simulated_synthetic
BGW-006,2,9.954,production,845.8,330.3,0.586,6.92,1,2.354,0.319,16.81,46.62,18.38,29.77,116.001,119.922,154.7,True,physics_simulated_synthetic
BGW-006,2,12.543,production,845.8,330.3,0.586,6.92,1,2.354,0.319,16.81,46.62,18.38,55.16,106.778,109.052,314.35,True,physics_simulated_synthetic
BGW-006,2,23.271,production,845.8,330.3,0.586,6.92,1,2.354,0.319,16.81,46.62,18.38,160.37,68.737,73.372,4405.66,True,physics_simulated_synthetic
BGW-006,2,23.554,production,845.8,330.3,0.586,6.92,1,2.354,0.319,16.81,46.62,18.38,163.16,68.025,67.702,7052.64,True,physics_simulated_synthetic
BGW-006,2,26.027,production,845.8,330.3,0.586,6.92,1,2.354,0.319,16.81,46.62,18.38,187.41,62.21,64.137,9556.72,True,physics_simulated_synthetic
BGW-006,2,26.895,production,845.8,330.3,0.586,6.92,1,2.354,0.319,16.81,46.62,18.38,195.92,60.444,61.112,12431.43,True,physics_simulated_synthetic
BGW-006,2,28.16,production,845.8,330.3,0.586,6.92,1,2.354,0.319,16.81,46.62,18.38,208.33,58.089,59.961,13756.88,True,physics_simulated_synthetic
BGW-006,2,31.505,production,845.8,330.3,0.586,6.92,1,2.354,0.319,16.81,46.62,18.38,241.14,53.079,56.455,18811.41,True,physics_simulated_synthetic
BGW-006,2,33.358,production,845.8,330.3,0.586,6.92,1,2.354,0.319,16.81,46.62,18.38,259.31,51.13,53.908,23712.63,True,physics_simulated_synthetic
BGW-006,2,38.453,production,845.8,330.3,0.586,6.92,1,2.354,0.319,16.81,46.62,18.38,309.29,47.958,50.632,32108.58,True,physics_simulated_synthetic
BGW-006,2,42.324,production,845.8,330.3,0.586,6.92,1,2.354,0.319,16.81,46.62,18.38,347.26,47.055,49.861,34516.16,True,physics_simulated_synthetic
BGW-006,2,45.32,production,845.8,330.3,0.586,6.92,1,2.354,0.319,16.81,46.62,18.38,376.63,46.78,50.094,33769.41,True,physics_simulated_synthetic
BGW-006,2,50.178,production,845.8,330.3,0.586,6.92,1,2.354,0.319,16.81,46.62,18.38,424.29,46.645,48.262,40140.85,True,physics_simulated_synthetic
BGW-006,2,50.344,production,845.8,330.3,0.586,6.92,1,2.354,0.319,16.81,46.62,18.38,425.91,46.643,50.662,32021.53,True,physics_simulated_synthetic
BGW-006,2,59.348,production,845.8,330.3,0.586,6.92,1,2.354,0.319,16.81,46.62,18.38,514.22,46.622,50.579,32270.41,True,physics_simulated_synthetic
BGW-006,2,59.419,production,845.8,330.3,0.586,6.92,1,2.354,0.319,16.81,46.62,18.38,514.92,46.622,50.19,33466.37,True,physics_simulated_synthetic
BGW-006,3,0.439,soak,1829.8,405.6,0.701,11.28,2,1.946,0.302,10.77,47.0,18.06,0.0,187.115,187.232,5.0,True,physics_simulated_synthetic
BGW-006,3,1.489,soak,1829.8,405.6,0.701,11.28,2,1.946,0.302,10.77,47.0,18.06,0.0,180.448,182.32,5.08,True,physics_simulated_synthetic
BGW-006,3,6.299,soak,1829.8,405.6,0.701,11.28,2,1.946,0.302,10.77,47.0,18.06,0.0,153.754,156.833,18.2,True,physics_simulated_synthetic
BGW-006,3,10.65,soak,1829.8,405.6,0.701,11.28,2,1.946,0.302,10.77,47.0,18.06,0.0,134.233,136.223,57.32,True,physics_simulated_synthetic
BGW-006,3,11.496,production,1829.8,405.6,0.701,11.28,2,1.946,0.302,10.77,47.0,18.06,4.14,130.835,135.326,60.42,True,physics_simulated_synthetic
BGW-006,3,16.681,production,1829.8,405.6,0.701,11.28,2,1.946,0.302,10.77,47.0,18.06,101.83,106.282,112.569,248.82,True,physics_simulated_synthetic
BGW-006,3,18.452,production,1829.8,405.6,0.701,11.28,2,1.946,0.302,10.77,47.0,18.06,135.19,98.204,100.048,583.57,True,physics_simulated_synthetic
BGW-006,3,20.331,production,1829.8,405.6,0.701,11.28,2,1.946,0.302,10.77,47.0,18.06,170.59,89.649,91.968,1043.47,True,physics_simulated_synthetic
BGW-006,3,23.913,production,1829.8,405.6,0.701,11.28,2,1.946,0.302,10.77,47.0,18.06,238.08,73.981,77.802,3083.15,True,physics_simulated_synthetic
BGW-006,3,26.892,production,1829.8,405.6,0.701,11.28,2,1.946,0.302,10.77,47.0,18.06,294.2,63.518,69.265,6185.23,True,physics_simulated_synthetic
BGW-006,3,28.65,production,1829.8,405.6,0.701,11.28,2,1.946,0.302,10.77,47.0,18.06,327.32,58.769,60.549,13061.76,True,physics_simulated_synthetic
BGW-006,3,35.909,production,1829.8,405.6,0.701,11.28,2,1.946,0.302,10.77,47.0,18.06,464.07,48.462,52.302,27491.67,True,physics_simulated_synthetic
BGW-006,3,37.221,production,1829.8,405.6,0.701,11.28,2,1.946,0.302,10.77,47.0,18.06,488.8,47.928,53.968,23581.72,True,physics_simulated_synthetic
BGW-006,3,37.85,production,1829.8,405.6,0.701,11.28,2,1.946,0.302,10.77,47.0,18.06,500.64,47.738,48.916,37727.69,True,physics_simulated_synthetic
BGW-006,3,38.026,production,1829.8,405.6,0.701,11.28,2,1.946,0.302,10.77,47.0,18.06,503.96,47.692,49.389,36083.44,True,physics_simulated_synthetic
BGW-006,3,42.182,production,1829.8,405.6,0.701,11.28,2,1.946,0.302,10.77,47.0,18.06,582.26,47.112,50.009,34038.75,True,physics_simulated_synthetic
BGW-006,3,45.686,production,1829.8,405.6,0.701,11.28,2,1.946,0.302,10.77,47.0,18.06,648.27,47.016,49.778,34786.96,True,physics_simulated_synthetic
BGW-006,3,55.04,production,1829.8,405.6,0.701,11.28,2,1.946,0.302,10.77,47.0,18.06,824.51,46.998,51.626,29269.03,True,physics_simulated_synthetic
BGW-006,3,55.648,production,1829.8,405.6,0.701,11.28,2,1.946,0.302,10.77,47.0,18.06,835.95,46.998,50.827,31531.21,True,physics_simulated_synthetic
BGW-006,3,58.908,production,1829.8,405.6,0.701,11.28,2,1.946,0.302,10.77,47.0,18.06,897.38,46.998,48.003,41136.66,True,physics_simulated_synthetic
BGW-007,3,0.27,soak,1869.9,175.4,0.717,10.42,2,2.317,0.299,6.52,46.75,17.1,0.0,174.095,177.072,6.53,True,physics_simulated_synthetic
BGW-007,3,1.776,soak,1869.9,175.4,0.717,10.42,2,2.317,0.299,6.52,46.75,17.1,0.0,162.44,161.281,14.41,True,physics_simulated_synthetic
BGW-007,3,2.938,soak,1869.9,175.4,0.717,10.42,2,2.317,0.299,6.52,46.75,17.1,0.0,154.189,150.885,25.05,True,physics_simulated_synthetic
BGW-007,3,6.557,soak,1869.9,175.4,0.717,10.42,2,2.317,0.299,6.52,46.75,17.1,0.0,132.063,131.037,77.93,True,physics_simulated_synthetic
BGW-007,3,14.072,production,1869.9,175.4,0.717,10.42,2,2.317,0.299,6.52,46.75,17.1,44.51,96.698,95.706,794.95,True,physics_simulated_synthetic
BGW-007,3,14.26,production,1869.9,175.4,0.717,10.42,2,2.317,0.299,6.52,46.75,17.1,46.79,95.995,95.137,828.26,True,physics_simulated_synthetic
BGW-007,3,24.081,production,1869.9,175.4,0.717,10.42,2,2.317,0.299,6.52,46.75,17.1,166.39,62.52,60.37,13269.54,True,physics_simulated_synthetic
BGW-007,3,30.878,production,1869.9,175.4,0.717,10.42,2,2.317,0.299,6.52,46.75,17.1,249.14,51.395,51.614,29301.17,True,physics_simulated_synthetic
BGW-007,3,37.314,production,1869.9,175.4,0.717,10.42,2,2.317,0.299,6.52,46.75,17.1,327.51,47.65,47.792,41971.34,True,physics_simulated_synthetic
BGW-007,3,40.297,production,1869.9,175.4,0.717,10.42,2,2.317,0.299,6.52,46.75,17.1,363.83,47.105,45.745,51058.26,True,physics_simulated_synthetic
BGW-007,3,40.518,production,1869.9,175.4,0.717,10.42,2,2.317,0.299,6.52,46.75,17.1,366.53,47.08,47.467,43290.07,True,physics_simulated_synthetic
BGW-007,3,40.637,production,1869.9,175.4,0.717,10.42,2,2.317,0.299,6.52,46.75,17.1,367.98,47.067,49.349,36217.31,True,physics_simulated_synthetic
BGW-007,3,42.795,production,1869.9,175.4,0.717,10.42,2,2.317,0.299,6.52,46.75,17.1,394.26,46.897,46.546,47277.76,True,physics_simulated_synthetic
BGW-007,3,44.366,production,1869.9,175.4,0.717,10.42,2,2.317,0.299,6.52,46.75,17.1,413.38,46.829,45.765,50962.08,True,physics_simulated_synthetic
BGW-007,3,46.423,production,1869.9,175.4,0.717,10.42,2,2.317,0.299,6.52,46.75,17.1,438.43,46.781,45.991,49865.83,True,physics_simulated_synthetic
BGW-007,3,48.052,production,1869.9,175.4,0.717,10.42,2,2.317,0.299,6.52,46.75,17.1,458.27,46.763,47.033,45124.56,True,physics_simulated_synthetic
BGW-007,3,51.167,production,1869.9,175.4,0.717,10.42,2,2.317,0.299,6.52,46.75,17.1,496.19,46.749,45.745,51058.26,True,physics_simulated_synthetic
BGW-007,3,51.488,production,1869.9,175.4,0.717,10.42,2,2.317,0.299,6.52,46.75,17.1,500.1,46.749,46.387,48002.81,True,physics_simulated_synthetic
BGW-007,3,51.927,production,1869.9,175.4,0.717,10.42,2,2.317,0.299,6.52,46.75,17.1,505.45,46.748,45.745,51058.26,True,physics_simulated_synthetic
BGW-007,3,53.738,production,1869.9,175.4,0.717,10.42,2,2.317,0.299,6.52,46.75,17.1,527.5,46.746,48.742,38356.49,True,physics_simulated_synthetic
BGW-007,1,9.326,production,1184.6,170.2,0.611,4.14,0,1.799,0.276,10.81,46.84,18.92,68.76,107.326,106.686,368.8,True,physics_simulated_synthetic
BGW-007,1,14.106,production,1184.6,170.2,0.611,4.14,0,1.799,0.276,10.81,46.84,18.92,132.14,89.407,89.644,1239.16,True,physics_simulated_synthetic
BGW-007,1,14.482,production,1184.6,170.2,0.611,4.14,0,1.799,0.276,10.81,46.84,18.92,137.13,88.105,85.859,1647.43,True,physics_simulated_synthetic
BGW-007,1,16.995,production,1184.6,170.2,0.611,4.14,0,1.799,0.276,10.81,46.84,18.92,170.45,79.416,77.291,3211.16,True,physics_simulated_synthetic
BGW-007,1,17.072,production,1184.6,170.2,0.611,4.14,0,1.799,0.276,10.81,46.84,18.92,171.47,79.165,76.979,3292.22,True,physics_simulated_synthetic
BGW-007,1,17.963,production,1184.6,170.2,0.611,4.14,0,1.799,0.276,10.81,46.84,18.92,183.28,76.302,75.894,3591.6,True,physics_simulated_synthetic
BGW-007,1,19.35,production,1184.6,170.2,0.611,4.14,0,1.799,0.276,10.81,46.84,18.92,201.67,72.015,72.597,4694.16,True,physics_simulated_synthetic
BGW-007,1,19.521,production,1184.6,170.2,0.611,4.14,0,1.799,0.276,10.81,46.84,18.92,203.94,71.513,69.355,6138.65,True,physics_simulated_synthetic
BGW-007,1,31.773,production,1184.6,170.2,0.611,4.14,0,1.799,0.276,10.81,46.84,18.92,366.41,48.722,46.612,46979.35,True,physics_simulated_synthetic
BGW-007,1,32.451,production,1184.6,170.2,0.611,4.14,0,1.799,0.276,10.81,46.84,18.92,375.41,48.406,47.331,43858.16,True,physics_simulated_synthetic
BGW-007,1,33.689,production,1184.6,170.2,0.611,4.14,0,1.799,0.276,10.81,46.84,18.92,391.83,47.94,46.08,49437.83,True,physics_simulated_synthetic
BGW-007,1,35.445,production,1184.6,170.2,0.611,4.14,0,1.799,0.276,10.81,46.84,18.92,415.1,47.479,47.296,44001.45,True,physics_simulated_synthetic
BGW-007,1,39.206,production,1184.6,170.2,0.611,4.14,0,1.799,0.276,10.81,46.84,18.92,464.98,47.005,45.841,50591.35,True,physics_simulated_synthetic
BGW-007,1,44.539,production,1184.6,170.2,0.611,4.14,0,1.799,0.276,10.81,46.84,18.92,535.7,46.856,45.841,50591.35,True,physics_simulated_synthetic
BGW-007,1,45.118,production,1184.6,170.2,0.611,4.14,0,1.799,0.276,10.81,46.84,18.92,543.37,46.852,45.841,50591.35,True,physics_simulated_synthetic
BGW-007,1,47.029,production,1184.6,170.2,0.611,4.14,0,1.799,0.276,10.81,46.84,18.92,568.72,46.845,45.841,50591.35,True,physics_simulated_synthetic
BGW-007,1,47.518,production,1184.6,170.2,0.611,4.14,0,1.799,0.276,10.81,46.84,18.92,575.21,46.844,45.841,50591.35,True,physics_simulated_synthetic
BGW-007,1,52.459,production,1184.6,170.2,0.611,4.14,0,1.799,0.276,10.81,46.84,18.92,640.72,46.841,45.841,50591.35,True,physics_simulated_synthetic
BGW-007,1,53.82,production,1184.6,170.2,0.611,4.14,0,1.799,0.276,10.81,46.84,18.92,658.77,46.841,45.841,50591.35,True,physics_simulated_synthetic
BGW-007,1,54.544,production,1184.6,170.2,0.611,4.14,0,1.799,0.276,10.81,46.84,18.92,668.37,46.841,46.883,45772.5,True,physics_simulated_synthetic
BGW-008,1,0.074,soak,778.6,265.4,0.568,9.59,0,1.528,0.236,11.52,46.83,17.0,0.0,139.879,141.05,43.37,True,physics_simulated_synthetic
BGW-008,1,2.914,soak,778.6,265.4,0.568,9.59,0,1.528,0.236,11.52,46.83,17.0,0.0,130.588,130.728,79.39,True,physics_simulated_synthetic
BGW-008,1,6.724,soak,778.6,265.4,0.568,9.59,0,1.528,0.236,11.52,46.83,17.0,0.0,119.565,120.356,150.5,True,physics_simulated_synthetic
BGW-008,1,13.695,production,778.6,265.4,0.568,9.59,0,1.528,0.236,11.52,46.83,17.0,40.3,100.479,101.103,541.95,True,physics_simulated_synthetic
BGW-008,1,14.549,production,778.6,265.4,0.568,9.59,0,1.528,0.236,11.52,46.83,17.0,48.67,98.285,99.776,594.85,True,physics_simulated_synthetic
BGW-008,1,15.621,production,778.6,265.4,0.568,9.59,0,1.528,0.236,11.52,46.83,17.0,59.18,95.496,97.027,723.02,True,physics_simulated_synthetic
BGW-008,1,19.349,production,778.6,265.4,0.568,9.59,0,1.528,0.236,11.52,46.83,17.0,95.74,85.179,83.313,2002.08,True,physics_simulated_synthetic
BGW-008,1,19.844,production,778.6,265.4,0.568,9.59,0,1.528,0.236,11.52,46.83,17.0,100.59,83.876,81.132,2371.45,True,physics_simulated_synthetic
BGW-008,1,19.986,production,778.6,265.4,0.568,9.59,0,1.528,0.236,11.52,46.83,17.0,101.98,83.505,85.31,1717.85,True,physics_simulated_synthetic
BGW-008,1,25.88,production,778.6,265.4,0.568,9.59,0,1.528,0.236,11.52,46.83,17.0,159.77,67.617,69.682,5973.41,True,physics_simulated_synthetic
BGW-008,1,27.646,production,778.6,265.4,0.568,9.59,0,1.528,0.236,11.52,46.83,17.0,177.09,63.743,62.716,10806.86,True,physics_simulated_synthetic
BGW-008,1,28.792,production,778.6,265.4,0.568,9.59,0,1.528,0.236,11.52,46.83,17.0,188.33,61.456,59.254,14644.61,True,physics_simulated_synthetic
BGW-008,1,29.37,production,778.6,265.4,0.568,9.59,0,1.528,0.236,11.52,46.83,17.0,194.0,60.375,60.916,12646.82,True,physics_simulated_synthetic
BGW-008,1,30.49,production,778.6,265.4,0.568,9.59,0,1.528,0.236,11.52,46.83,17.0,204.98,58.401,60.106,13581.33,True,physics_simulated_synthetic
BGW-008,1,40.996,production,778.6,265.4,0.568,9.59,0,1.528,0.236,11.52,46.83,17.0,307.99,47.98,50.899,31319.19,True,physics_simulated_synthetic
BGW-008,1,42.693,production,778.6,265.4,0.568,9.59,0,1.528,0.236,11.52,46.83,17.0,324.64,47.554,48.679,38584.54,True,physics_simulated_synthetic
BGW-008,1,46.835,production,778.6,265.4,0.568,9.59,0,1.528,0.236,11.52,46.83,17.0,365.25,47.025,46.907,45669.35,True,physics_simulated_synthetic
BGW-008,1,50.472,production,778.6,265.4,0.568,9.59,0,1.528,0.236,11.52,46.83,17.0,400.91,46.882,46.034,49658.85,True,physics_simulated_synthetic
BGW-008,1,51.766,production,778.6,265.4,0.568,9.59,0,1.528,0.236,11.52,46.83,17.0,413.6,46.862,47.28,44068.98,True,physics_simulated_synthetic
BGW-008,1,55.823,production,778.6,265.4,0.568,9.59,0,1.528,0.236,11.52,46.83,17.0,453.38,46.838,46.821,46047.88,True,physics_simulated_synthetic
BGW-009,3,0.24,soak,1565.5,445.4,0.658,10.51,2,1.65,0.296,14.41,46.43,17.83,0.0,188.212,192.707,5.0,True,physics_simulated_synthetic
BGW-009,3,0.995,soak,1565.5,445.4,0.658,10.51,2,1.65,0.296,14.41,46.43,17.83,0.0,184.45,187.71,5.0,True,physics_simulated_synthetic
BGW-009,3,1.142,soak,1565.5,445.4,0.658,10.51,2,1.65,0.296,14.41,46.43,17.83,0.0,183.728,187.319,5.0,True,physics_simulated_synthetic
BGW-009,3,1.79,soak,1565.5,445.4,0.658,10.51,2,1.65,0.296,14.41,46.43,17.83,0.0,180.592,183.897,5.0,True,physics_simulated_synthetic
BGW-009,3,4.687,soak,1565.5,445.4,0.658,10.51,2,1.65,0.296,14.41,46.43,17.83,0.0,167.43,170.39,9.07,True,physics_simulated_synthetic
BGW-009,3,7.562,soak,1565.5,445.4,0.658,10.51,2,1.65,0.296,14.41,46.43,17.83,0.0,155.643,157.371,17.69,True,physics_simulated_synthetic
BGW-009,3,8.623,soak,1565.5,445.4,0.658,10.51,2,1.65,0.296,14.41,46.43,17.83,0.0,151.587,154.619,20.47,True,physics_simulated_synthetic
BGW-009,3,9.929,soak,1565.5,445.4,0.658,10.51,2,1.65,0.296,14.41,46.43,17.83,0.0,146.803,149.002,27.77,True,physics_simulated_synthetic
BGW-009,3,10.377,soak,1565.5,445.4,0.658,10.51,2,1.65,0.296,14.41,46.43,17.83,0.0,145.215,146.708,31.53,True,physics_simulated_synthetic
BGW-009,3,19.029,production,1565.5,445.4,0.658,10.51,2,1.65,0.296,14.41,46.43,17.83,169.77,98.317,102.276,499.34,True,physics_simulated_synthetic
BGW-009,3,19.058,production,1565.5,445.4,0.658,10.51,2,1.65,0.296,14.41,46.43,17.83,170.35,98.179,101.97,510.1,True,physics_simulated_synthetic
BGW-009,3,20.789,production,1565.5,445.4,0.658,10.51,2,1.65,0.296,14.41,46.43,17.83,204.82,89.624,90.365,1174.51,True,physics_simulated_synthetic
BGW-009,3,30.438,production,1565.5,445.4,0.658,10.51,2,1.65,0.296,14.41,46.43,17.83,396.99,52.548,55.62,20286.71,True,physics_simulated_synthetic
BGW-009,3,35.63,production,1565.5,445.4,0.658,10.51,2,1.65,0.296,14.41,46.43,17.83,500.41,47.609,52.246,27633.32,True,physics_simulated_synthetic
BGW-009,3,41.586,production,1565.5,445.4,0.658,10.51,2,1.65,0.296,14.41,46.43,17.83,619.03,46.516,51.243,30331.57,True,physics_simulated_synthetic
BGW-009,3,42.485,production,1565.5,445.4,0.658,10.51,2,1.65,0.296,14.41,46.43,17.83,636.95,46.486,51.165,30550.64,True,physics_simulated_synthetic
BGW-009,3,43.511,production,1565.5,445.4,0.658,10.51,2,1.65,0.296,14.41,46.43,17.83,657.38,46.464,49.761,34840.06,True,physics_simulated_synthetic
BGW-009,3,44.315,production,1565.5,445.4,0.658,10.51,2,1.65,0.296,14.41,46.43,17.83,673.39,46.453,48.513,39196.05,True,physics_simulated_synthetic
BGW-009,3,53.401,production,1565.5,445.4,0.658,10.51,2,1.65,0.296,14.41,46.43,17.83,854.36,46.433,48.159,40533.83,True,physics_simulated_synthetic
BGW-009,3,59.506,production,1565.5,445.4,0.658,10.51,2,1.65,0.296,14.41,46.43,17.83,975.96,46.433,50.158,33565.49,True,physics_simulated_synthetic
BGW-009,4,5.644,soak,1761.2,320.1,0.778,11.87,3,1.761,0.262,6.17,47.59,18.04,0.0,156.071,158.197,16.93,True,physics_simulated_synthetic
BGW-009,4,8.962,soak,1761.2,320.1,0.778,11.87,3,1.761,0.262,6.17,47.59,18.04,0.0,139.244,142.417,40.12,True,physics_simulated_synthetic
BGW-009,4,10.707,soak,1761.2,320.1,0.778,11.87,3,1.761,0.262,6.17,47.59,18.04,0.0,131.473,134.124,64.85,True,physics_simulated_synthetic
BGW-009,4,11.973,production,1761.2,320.1,0.778,11.87,3,1.761,0.262,6.17,47.59,18.04,1.56,126.226,128.679,89.85,True,physics_simulated_synthetic
BGW-009,4,12.729,production,1761.2,320.1,0.778,11.87,3,1.761,0.262,6.17,47.59,18.04,12.78,123.149,126.398,103.27,True,physics_simulated_synthetic
BGW-009,4,22.743,production,1761.2,320.1,0.778,11.87,3,1.761,0.262,6.17,47.59,18.04,161.39,76.778,82.482,2135.06,True,physics_simulated_synthetic
BGW-009,4,23.7,production,1761.2,320.1,0.778,11.87,3,1.761,0.262,6.17,47.59,18.04,175.59,73.604,79.881,2615.5,True,physics_simulated_synthetic
BGW-009,4,24.478,production,1761.2,320.1,0.778,11.87,3,1.761,0.262,6.17,47.59,18.04,187.13,71.153,74.388,4056.19,True,physics_simulated_synthetic
BGW-009,4,28.188,production,1761.2,320.1,0.778,11.87,3,1.761,0.262,6.17,47.59,18.04,242.19,60.799,67.171,7376.04,True,physics_simulated_synthetic
BGW-009,4,31.021,production,1761.2,320.1,0.778,11.87,3,1.761,0.262,6.17,47.59,18.04,284.23,55.286,59.041,14923.74,True,physics_simulated_synthetic
BGW-009,4,40.955,production,1761.2,320.1,0.778,11.87,3,1.761,0.262,6.17,47.59,18.04,431.64,47.958,54.118,23260.51,True,physics_simulated_synthetic
BGW-009,4,43.868,production,1761.2,320.1,0.778,11.87,3,1.761,0.262,6.17,47.59,18.04,474.87,47.707,51.282,30220.73,True,physics_simulated_synthetic
BGW-009,4,44.01,production,1761.2,320.1,0.778,11.87,3,1.761,0.262,6.17,47.59,18.04,476.97,47.701,51.59,29368.5,True,physics_simulated_synthetic
BGW-009,4,44.503,production,1761.2,320.1,0.778,11.87,3,1.761,0.262,6.17,47.59,18.04,484.29,47.68,51.897,28541.3,True,physics_simulated_synthetic
BGW-009,4,46.978,production,1761.2,320.1,0.778,11.87,3,1.761,0.262,6.17,47.59,18.04,521.01,47.62,55.776,20001.98,True,physics_simulated_synthetic
BGW-009,4,51.539,production,1761.2,320.1,0.778,11.87,3,1.761,0.262,6.17,47.59,18.04,588.7,47.594,52.491,27013.73,True,physics_simulated_synthetic
BGW-009,4,52.702,production,1761.2,320.1,0.778,11.87,3,1.761,0.262,6.17,47.59,18.04,605.95,47.593,50.308,33097.73,True,physics_simulated_synthetic
BGW-009,4,53.379,production,1761.2,320.1,0.778,11.87,3,1.761,0.262,6.17,47.59,18.04,616.01,47.593,52.655,26609.51,True,physics_simulated_synthetic
BGW-009,4,54.755,production,1761.2,320.1,0.778,11.87,3,1.761,0.262,6.17,47.59,18.04,636.42,47.592,50.791,31636.58,True,physics_simulated_synthetic
BGW-009,4,57.693,production,1761.2,320.1,0.778,11.87,3,1.761,0.262,6.17,47.59,18.04,680.02,47.592,50.612,32171.26,True,physics_simulated_synthetic
BGW-009,1,2.71,soak,1203.5,268.2,0.589,5.3,0,2.053,0.241,19.37,46.49,17.2,0.0,155.932,156.61,18.41,True,physics_simulated_synthetic
BGW-009,1,6.642,production,1203.5,268.2,0.589,5.3,0,2.053,0.241,19.37,46.49,17.2,26.49,139.869,140.658,44.35,True,physics_simulated_synthetic
BGW-009,1,11.146,production,1203.5,268.2,0.589,5.3,0,2.053,0.241,19.37,46.49,17.2,115.62,119.385,122.109,134.76,True,physics_simulated_synthetic
BGW-009,1,12.125,production,1203.5,268.2,0.589,5.3,0,2.053,0.241,19.37,46.49,17.2,135.0,114.862,118.924,164.83,True,physics_simulated_synthetic
BGW-009,1,15.146,production,1203.5,268.2,0.589,5.3,0,2.053,0.241,19.37,46.49,17.2,194.78,99.738,101.454,528.8,True,physics_simulated_synthetic
BGW-009,1,15.566,production,1203.5,268.2,0.589,5.3,0,2.053,0.241,19.37,46.49,17.2,203.1,97.711,96.528,749.32,True,physics_simulated_synthetic
BGW-009,1,16.687,production,1203.5,268.2,0.589,5.3,0,2.053,0.241,19.37,46.49,17.2,225.27,92.254,92.188,1026.71,True,physics_simulated_synthetic
BGW-009,1,17.686,production,1203.5,268.2,0.589,5.3,0,2.053,0.241,19.37,46.49,17.2,245.05,87.469,88.622,1337.42,True,physics_simulated_synthetic
BGW-009,1,28.105,production,1203.5,268.2,0.589,5.3,0,2.053,0.241,19.37,46.49,17.2,451.22,50.915,52.454,27107.42,True,physics_simulated_synthetic
BGW-009,1,28.889,production,1203.5,268.2,0.589,5.3,0,2.053,0.241,19.37,46.49,17.2,466.74,50.043,51.791,28824.49,True,physics_simulated_synthetic
BGW-009,1,29.73,production,1203.5,268.2,0.589,5.3,0,2.053,0.241,19.37,46.49,17.2,483.38,49.263,51.636,29241.39,True,physics_simulated_synthetic
BGW-009,1,31.321,production,1203.5,268.2,0.589,5.3,0,2.053,0.241,19.37,46.49,17.2,514.85,48.154,50.037,33949.42,True,physics_simulated_synthetic
BGW-009,1,39.151,production,1203.5,268.2,0.589,5.3,0,2.053,0.241,19.37,46.49,17.2,669.8,46.536,50.324,33047.58,True,physics_simulated_synthetic
BGW-009,1,45.21,production,1203.5,268.2,0.589,5.3,0,2.053,0.241,19.37,46.49,17.2,789.7,46.488,47.861,41695.59,True,physics_simulated_synthetic
BGW-009,1,45.888,production,1203.5,268.2,0.589,5.3,0,2.053,0.241,19.37,46.49,17.2,803.12,46.488,47.6,42745.28,True,physics_simulated_synthetic
BGW-009,1,52.603,production,1203.5,268.2,0.589,5.3,0,2.053,0.241,19.37,46.49,17.2,935.98,46.487,49.477,35784.09,True,physics_simulated_synthetic
BGW-009,1,52.862,production,1203.5,268.2,0.589,5.3,0,2.053,0.241,19.37,46.49,17.2,941.12,46.487,46.657,46776.5,True,physics_simulated_synthetic
BGW-009,1,54.099,production,1203.5,268.2,0.589,5.3,0,2.053,0.241,19.37,46.49,17.2,965.59,46.487,49.352,36207.4,True,physics_simulated_synthetic
BGW-009,1,57.56,production,1203.5,268.2,0.589,5.3,0,2.053,0.241,19.37,46.49,17.2,1034.08,46.487,48.95,37606.92,True,physics_simulated_synthetic
BGW-009,1,59.074,production,1203.5,268.2,0.589,5.3,0,2.053,0.241,19.37,46.49,17.2,1064.04,46.487,48.6,38872.39,True,physics_simulated_synthetic
BGW-010,2,7.54,production,2106.5,186.2,0.819,4.8,1,1.591,0.302,8.51,46.83,17.9,37.72,147.329,148.335,28.81,True,physics_simulated_synthetic
BGW-010,2,7.905,production,2106.5,186.2,0.819,4.8,1,1.591,0.302,8.51,46.83,17.9,42.76,145.53,144.663,35.34,True,physics_simulated_synthetic
BGW-010,2,9.675,production,2106.5,186.2,0.819,4.8,1,1.591,0.302,8.51,46.83,17.9,67.16,136.635,136.159,57.54,True,physics_simulated_synthetic
BGW-010,2,14.688,production,2106.5,186.2,0.819,4.8,1,1.591,0.302,8.51,46.83,17.9,136.25,109.741,106.828,365.25,True,physics_simulated_synthetic
BGW-010,2,14.716,production,2106.5,186.2,0.819,4.8,1,1.591,0.302,8.51,46.83,17.9,136.64,109.602,108.178,333.38,True,physics_simulated_synthetic
BGW-010,2,14.904,production,2106.5,186.2,0.819,4.8,1,1.591,0.302,8.51,46.83,17.9,139.24,108.659,108.675,322.42,True,physics_simulated_synthetic
BGW-010,2,20.359,production,2106.5,186.2,0.819,4.8,1,1.591,0.302,8.51,46.83,17.9,214.43,81.145,81.056,2385.51,True,physics_simulated_synthetic
BGW-010,2,26.074,production,2106.5,186.2,0.819,4.8,1,1.591,0.302,8.51,46.83,17.9,293.2,60.478,59.473,14363.16,True,physics_simulated_synthetic
BGW-010,2,29.436,production,2106.5,186.2,0.819,4.8,1,1.591,0.302,8.51,46.83,17.9,339.55,53.573,53.512,24588.32,True,physics_simulated_synthetic
BGW-010,2,31.06,production,2106.5,186.2,0.819,4.8,1,1.591,0.302,8.51,46.83,17.9,361.93,51.409,50.795,31624.95,True,physics_simulated_synthetic
BGW-010,2,31.785,production,2106.5,186.2,0.819,4.8,1,1.591,0.302,8.51,46.83,17.9,371.92,50.643,51.022,30960.84,True,physics_simulated_synthetic
BGW-010,2,31.851,production,2106.5,186.2,0.819,4.8,1,1.591,0.302,8.51,46.83,17.9,372.84,50.579,49.683,35098.7,True,physics_simulated_synthetic
BGW-010,2,32.194,production,2106.5,186.2,0.819,4.8,1,1.591,0.302,8.51,46.83,17.9,377.57,50.259,48.46,39393.59,True,physics_simulated_synthetic
BGW-010,2,42.615,production,2106.5,186.2,0.819,4.8,1,1.591,0.302,8.51,46.83,17.9,521.21,46.891,46.06,49533.53,True,physics_simulated_synthetic
BGW-010,2,46.642,production,2106.5,186.2,0.819,4.8,1,1.591,0.302,8.51,46.83,17.9,576.72,46.836,45.827,50657.8,True,physics_simulated_synthetic
BGW-010,2,51.08,production,2106.5,186.2,0.819,4.8,1,1.591,0.302,8.51,46.83,17.9,637.9,46.828,46.063,49522.03,True,physics_simulated_synthetic
BGW-010,2,52.475,production,2106.5,186.2,0.819,4.8,1,1.591,0.302,8.51,46.83,17.9,657.12,46.827,45.827,50657.8,True,physics_simulated_synthetic
BGW-010,2,53.279,production,2106.5,186.2,0.819,4.8,1,1.591,0.302,8.51,46.83,17.9,668.21,46.827,45.827,50657.8,True,physics_simulated_synthetic
BGW-010,2,56.401,production,2106.5,186.2,0.819,4.8,1,1.591,0.302,8.51,46.83,17.9,711.25,46.827,46.159,49067.7,True,physics_simulated_synthetic
BGW-010,2,57.135,production,2106.5,186.2,0.819,4.8,1,1.591,0.302,8.51,46.83,17.9,721.36,46.827,46.195,48897.95,True,physics_simulated_synthetic
BGW-010,2,0.139,soak,680.2,252.7,0.788,8.98,1,2.126,0.295,8.97,47.85,17.88,0.0,143.478,142.701,39.48,True,physics_simulated_synthetic
BGW-010,2,3.724,soak,680.2,252.7,0.788,8.98,1,2.126,0.295,8.97,47.85,17.88,0.0,126.736,126.319,103.77,True,physics_simulated_synthetic
BGW-010,2,7.742,soak,680.2,252.7,0.788,8.98,1,2.126,0.295,8.97,47.85,17.88,0.0,111.43,108.163,333.72,True,physics_simulated_synthetic
BGW-010,2,9.14,production,680.2,252.7,0.788,8.98,1,2.126,0.295,8.97,47.85,17.88,2.55,106.811,105.973,387.13,True,physics_simulated_synthetic
BGW-010,2,10.634,production,680.2,252.7,0.788,8.98,1,2.126,0.295,8.97,47.85,17.88,26.67,101.985,100.261,574.91,True,physics_simulated_synthetic
BGW-010,2,16.854,production,680.2,252.7,0.788,8.98,1,2.126,0.295,8.97,47.85,17.88,127.03,80.785,78.808,2846.52,True,physics_simulated_synthetic
BGW-010,2,19.149,production,680.2,252.7,0.788,8.98,1,2.126,0.295,8.97,47.85,17.88,164.08,73.946,73.864,4232.76,True,physics_simulated_synthetic
BGW-010,2,20.563,production,680.2,252.7,0.788,8.98,1,2.126,0.295,8.97,47.85,17.88,186.89,70.052,70.822,5433.53,True,physics_simulated_synthetic
BGW-010,2,23.576,production,680.2,252.7,0.788,8.98,1,2.126,0.295,8.97,47.85,17.88,235.5,62.499,63.71,9915.58,True,physics_simulated_synthetic
BGW-010,2,27.496,production,680.2,252.7,0.788,8.98,1,2.126,0.295,8.97,47.85,17.88,298.76,55.126,55.666,20202.61,True,physics_simulated_synthetic
BGW-010,2,27.666,production,680.2,252.7,0.788,8.98,1,2.126,0.295,8.97,47.85,17.88,301.51,54.89,53.435,24764.21,True,physics_simulated_synthetic
BGW-010,2,28.367,production,680.2,252.7,0.788,8.98,1,2.126,0.295,8.97,47.85,17.88,312.82,53.964,53.157,25406.26,True,physics_simulated_synthetic
BGW-010,2,35.982,production,680.2,252.7,0.788,8.98,1,2.126,0.295,8.97,47.85,17.88,435.7,48.544,48.317,39931.67,True,physics_simulated_synthetic
BGW-010,2,37.937,production,680.2,252.7,0.788,8.98,1,2.126,0.295,8.97,47.85,17.88,467.26,48.199,47.068,44973.15,True,physics_simulated_synthetic
BGW-010,2,38.341,production,680.2,252.7,0.788,8.98,1,2.126,0.295,8.97,47.85,17.88,473.77,48.151,47.033,45123.32,True,physics_simulated_synthetic
BGW-010,2,39.597,production,680.2,252.7,0.788,8.98,1,2.126,0.295,8.97,47.85,17.88,494.04,48.035,47.887,41595.38,True,physics_simulated_synthetic
BGW-010,2,43.571,production,680.2,252.7,0.788,8.98,1,2.126,0.295,8.97,47.85,17.88,558.17,47.879,46.848,45930.11,True,physics_simulated_synthetic
BGW-010,2,55.311,production,680.2,252.7,0.788,8.98,1,2.126,0.295,8.97,47.85,17.88,747.62,47.848,46.848,45930.11,True,physics_simulated_synthetic
BGW-010,2,57.004,production,680.2,252.7,0.788,8.98,1,2.126,0.295,8.97,47.85,17.88,774.94,47.848,46.848,45930.11,True,physics_simulated_synthetic
BGW-010,2,59.602,production,680.2,252.7,0.788,8.98,1,2.126,0.295,8.97,47.85,17.88,816.87,47.848,47.434,43427.73,True,physics_simulated_synthetic
BGW-011,1,1.394,soak,746.8,350.2,0.747,9.3,0,1.322,0.239,8.77,47.56,18.72,0.0,155.295,155.448,19.59,True,physics_simulated_synthetic
BGW-011,1,7.762,soak,746.8,350.2,0.747,9.3,0,1.322,0.239,8.77,47.56,18.72,0.0,133.29,134.825,62.22,True,physics_simulated_synthetic
BGW-011,1,8.319,soak,746.8,350.2,0.747,9.3,0,1.322,0.239,8.77,47.56,18.72,0.0,131.592,130.966,78.27,True,physics_simulated_synthetic
BGW-011,1,12.151,production,746.8,350.2,0.747,9.3,0,1.322,0.239,8.77,47.56,18.72,36.46,119.32,120.603,148.17,True,physics_simulated_synthetic
BGW-011,1,14.801,production,746.8,350.2,0.747,9.3,0,1.322,0.239,8.77,47.56,18.72,70.37,110.408,111.511,266.84,True,physics_simulated_synthetic
BGW-011,1,15.306,production,746.8,350.2,0.747,9.3,0,1.322,0.239,8.77,47.56,18.72,76.84,108.718,107.536,348.16,True,physics_simulated_synthetic
BGW-011,1,16.509,production,746.8,350.2,0.747,9.3,0,1.322,0.239,8.77,47.56,18.72,92.24,104.56,106.078,384.37,True,physics_simulated_synthetic
BGW-011,1,17.011,production,746.8,350.2,0.747,9.3,0,1.322,0.239,8.77,47.56,18.72,98.67,102.821,103.953,444.62,True,physics_simulated_synthetic
BGW-011,1,19.229,production,746.8,350.2,0.747,9.3,0,1.322,0.239,8.77,47.56,18.72,127.06,94.715,95.012,835.76,True,physics_simulated_synthetic
BGW-011,1,23.981,production,746.8,350.2,0.747,9.3,0,1.322,0.239,8.77,47.56,18.72,187.88,76.932,76.019,3555.56,True,physics_simulated_synthetic
BGW-011,1,32.525,production,746.8,350.2,0.747,9.3,0,1.322,0.239,8.77,47.56,18.72,297.25,54.296,53.248,25193.34,True,physics_simulated_synthetic
BGW-011,1,36.604,production,746.8,350.2,0.747,9.3,0,1.322,0.239,8.77,47.56,18.72,349.46,50.086,49.488,35748.17,True,physics_simulated_synthetic
BGW-011,1,37.529,production,746.8,350.2,0.747,9.3,0,1.322,0.239,8.77,47.56,18.72,361.31,49.533,50.447,32669.22,True,physics_simulated_synthetic
BGW-011,1,40.071,production,746.8,350.2,0.747,9.3,0,1.322,0.239,8.77,47.56,18.72,393.85,48.485,47.302,43979.97,True,physics_simulated_synthetic
BGW-011,1,40.484,production,746.8,350.2,0.747,9.3,0,1.322,0.239,8.77,47.56,18.72,399.14,48.372,49.139,36943.04,True,physics_simulated_synthetic
BGW-011,1,41.126,production,746.8,350.2,0.747,9.3,0,1.322,0.239,8.77,47.56,18.72,407.35,48.219,46.635,46872.59,True,physics_simulated_synthetic
BGW-011,1,42.083,production,746.8,350.2,0.747,9.3,0,1.322,0.239,8.77,47.56,18.72,419.61,48.036,47.905,41521.73,True,physics_simulated_synthetic
BGW-011,1,54.62,production,746.8,350.2,0.747,9.3,0,1.322,0.239,8.77,47.56,18.72,580.08,47.557,47.865,41680.46,True,physics_simulated_synthetic
BGW-011,1,57.175,production,746.8,350.2,0.747,9.3,0,1.322,0.239,8.77,47.56,18.72,612.8,47.556,51.134,30639.37,True,physics_simulated_synthetic
BGW-011,1,58.568,production,746.8,350.2,0.747,9.3,0,1.322,0.239,8.77,47.56,18.72,630.62,47.556,46.556,47229.64,True,physics_simulated_synthetic
BGW-012,2,0.45,soak,1631.7,236.8,0.627,8.69,1,1.751,0.226,17.42,47.72,17.34,0.0,179.782,180.358,5.58,True,physics_simulated_synthetic
BGW-012,2,4.178,soak,1631.7,236.8,0.627,8.69,1,1.751,0.226,17.42,47.72,17.34,0.0,163.606,163.979,12.54,True,physics_simulated_synthetic
BGW-012,2,6.942,soak,1631.7,236.8,0.627,8.69,1,1.751,0.226,17.42,47.72,17.34,0.0,152.907,156.355,18.66,True,physics_simulated_synthetic
BGW-012,2,8.28,soak,1631.7,236.8,0.627,8.69,1,1.751,0.226,17.42,47.72,17.34,0.0,148.089,150.236,25.96,True,physics_simulated_synthetic
BGW-012,2,8.3,soak,1631.7,236.8,0.627,8.69,1,1.751,0.226,17.42,47.72,17.34,0.0,148.019,149.719,26.7,True,physics_simulated_synthetic
BGW-012,2,9.238,production,1631.7,236.8,0.627,8.69,1,1.751,0.226,17.42,47.72,17.34,8.78,144.687,147.233,30.62,True,physics_simulated_synthetic
BGW-012,2,11.555,production,1631.7,236.8,0.627,8.69,1,1.751,0.226,17.42,47.72,17.34,45.77,135.796,139.443,47.55,True,physics_simulated_synthetic
BGW-012,2,16.238,production,1631.7,236.8,0.627,8.69,1,1.751,0.226,17.42,47.72,17.34,120.51,114.253,117.04,185.98,True,physics_simulated_synthetic
BGW-012,2,20.168,production,1631.7,236.8,0.627,8.69,1,1.751,0.226,17.42,47.72,17.34,183.24,94.887,96.502,750.72,True,physics_simulated_synthetic
BGW-012,2,23.404,production,1631.7,236.8,0.627,8.69,1,1.751,0.226,17.42,47.72,17.34,234.89,79.937,84.188,1871.79,True,physics_simulated_synthetic
BGW-012,2,25.368,production,1631.7,236.8,0.627,8.69,1,1.751,0.226,17.42,47.72,17.34,266.24,72.096,76.84,3328.93,True,physics_simulated_synthetic
BGW-012,2,37.18,production,1631.7,236.8,0.627,8.69,1,1.751,0.226,17.42,47.72,17.34,454.78,48.724,51.95,28401.44,True,physics_simulated_synthetic
BGW-012,2,46.46,production,1631.7,236.8,0.627,8.69,1,1.751,0.226,17.42,47.72,17.34,602.9,47.734,51.631,29254.55,True,physics_simulated_synthetic
BGW-012,2,47.444,production,1631.7,236.8,0.627,8.69,1,1.751,0.226,17.42,47.72,17.34,618.61,47.729,52.001,28266.72,True,physics_simulated_synthetic
BGW-012,2,47.851,production,1631.7,236.8,0.627,8.69,1,1.751,0.226,17.42,47.72,17.34,625.1,47.727,51.843,28684.38,True,physics_simulated_synthetic
BGW-012,2,50.35,production,1631.7,236.8,0.627,8.69,1,1.751,0.226,17.42,47.72,17.34,665.0,47.722,51.116,30691.02,True,physics_simulated_synthetic
BGW-012,2,53.091,production,1631.7,236.8,0.627,8.69,1,1.751,0.226,17.42,47.72,17.34,708.74,47.721,51.093,30757.34,True,physics_simulated_synthetic
BGW-012,2,55.974,production,1631.7,236.8,0.627,8.69,1,1.751,0.226,17.42,47.72,17.34,754.76,47.721,50.983,31075.44,True,physics_simulated_synthetic
BGW-012,2,58.849,production,1631.7,236.8,0.627,8.69,1,1.751,0.226,17.42,47.72,17.34,800.65,47.721,48.719,38438.82,True,physics_simulated_synthetic
BGW-012,2,59.917,production,1631.7,236.8,0.627,8.69,1,1.751,0.226,17.42,47.72,17.34,817.69,47.721,51.236,30349.91,True,physics_simulated_synthetic
BGW-012,5,0.031,soak,1914.0,275.0,0.646,9.99,4,2.182,0.259,18.5,46.29,18.76,0.0,192.101,196.072,5.0,True,physics_simulated_synthetic
BGW-012,5,2.09,soak,1914.0,275.0,0.646,9.99,4,2.182,0.259,18.5,46.29,18.76,0.0,180.24,184.035,5.0,True,physics_simulated_synthetic
BGW-012,5,3.168,soak,1914.0,275.0,0.646,9.99,4,2.182,0.259,18.5,46.29,18.76,0.0,174.419,178.344,6.14,True,physics_simulated_synthetic
BGW-012,5,4.051,soak,1914.0,275.0,0.646,9.99,4,2.182,0.259,18.5,46.29,18.76,0.0,169.843,176.169,6.82,True,physics_simulated_synthetic
BGW-012,5,5.565,soak,1914.0,275.0,0.646,9.99,4,2.182,0.259,18.5,46.29,18.76,0.0,162.37,163.042,13.16,True,physics_simulated_synthetic
BGW-012,5,5.766,soak,1914.0,275.0,0.646,9.99,4,2.182,0.259,18.5,46.29,18.76,0.0,161.415,162.533,13.51,True,physics_simulated_synthetic
BGW-012,5,8.812,soak,1914.0,275.0,0.646,9.99,4,2.182,0.259,18.5,46.29,18.76,0.0,147.836,150.995,24.9,True,physics_simulated_synthetic
BGW-012,5,9.212,soak,1914.0,275.0,0.646,9.99,4,2.182,0.259,18.5,46.29,18.76,0.0,146.177,150.117,26.12,True,physics_simulated_synthetic
BGW-012,5,10.08,production,1914.0,275.0,0.646,9.99,4,2.182,0.259,18.5,46.29,18.76,0.99,142.656,147.541,30.1,True,physics_simulated_synthetic
BGW-012,5,23.669,production,1914.0,275.0,0.646,9.99,4,2.182,0.259,18.5,46.29,18.76,151.68,76.94,81.521,2300.42,True,physics_simulated_synthetic
BGW-012,5,26.179,production,1914.0,275.0,0.646,9.99,4,2.182,0.259,18.5,46.29,18.76,179.52,68.835,72.216,4843.13,True,physics_simulated_synthetic
BGW-012,5,32.03,production,1914.0,275.0,0.646,9.99,4,2.182,0.259,18.5,46.29,18.76,244.41,54.859,60.205,13463.5,True,physics_simulated_synthetic
BGW-012,5,32.337,production,1914.0,275.0,0.646,9.99,4,2.182,0.259,18.5,46.29,18.76,247.8,54.388,59.749,14016.05,True,physics_simulated_synthetic
BGW-012,5,39.135,production,1914.0,275.0,0.646,9.99,4,2.182,0.259,18.5,46.29,18.76,323.2,47.859,52.036,28175.61,True,physics_simulated_synthetic
BGW-012,5,44.268,production,1914.0,275.0,0.646,9.99,4,2.182,0.259,18.5,46.29,18.76,380.12,46.595,51.863,28632.69,True,physics_simulated_synthetic
BGW-012,5,46.477,production,1914.0,275.0,0.646,9.99,4,2.182,0.259,18.5,46.29,18.76,404.62,46.425,50.726,31827.69,True,physics_simulated_synthetic
BGW-012,5,49.152,production,1914.0,275.0,0.646,9.99,4,2.182,0.259,18.5,46.29,18.76,434.28,46.334,49.468,35816.15,True,physics_simulated_synthetic
BGW-012,5,49.387,production,1914.0,275.0,0.646,9.99,4,2.182,0.259,18.5,46.29,18.76,436.89,46.33,51.226,30377.76,True,physics_simulated_synthetic
BGW-012,5,49.388,production,1914.0,275.0,0.646,9.99,4,2.182,0.259,18.5,46.29,18.76,436.89,46.33,50.404,32801.46,True,physics_simulated_synthetic
BGW-012,5,51.648,production,1914.0,275.0,0.646,9.99,4,2.182,0.259,18.5,46.29,18.76,461.96,46.303,50.224,33358.62,True,physics_simulated_synthetic
BGW-012,5,0.064,soak,1996.6,207.7,0.616,9.25,4,1.618,0.288,13.93,47.1,18.66,0.0,185.048,189.826,5.0,True,physics_simulated_synthetic
BGW-012,5,1.595,soak,1996.6,207.7,0.616,9.25,4,1.618,0.288,13.93,47.1,18.66,0.0,177.729,181.452,5.3,True,physics_simulated_synthetic
BGW-012,5,2.968,soak,1996.6,207.7,0.616,9.25,4,1.618,0.288,13.93,47.1,18.66,0.0,171.496,177.56,6.38,True,physics_simulated_synthetic
BGW-012,5,3.965,soak,1996.6,207.7,0.616,9.25,4,1.618,0.288,13.93,47.1,18.66,0.0,167.155,172.485,8.17,True,physics_simulated_synthetic
BGW-012,5,12.737,production,1996.6,207.7,0.616,9.25,4,1.618,0.288,13.93,47.1,18.66,54.96,128.703,132.263,72.42,True,physics_simulated_synthetic
BGW-012,5,15.611,production,1996.6,207.7,0.616,9.25,4,1.618,0.288,13.93,47.1,18.66,100.24,115.741,120.71,147.16,True,physics_simulated_synthetic
BGW-012,5,16.242,production,1996.6,207.7,0.616,9.25,4,1.618,0.288,13.93,47.1,18.66,110.18,112.928,119.555,158.34,True,physics_simulated_synthetic
BGW-012,5,18.885,production,1996.6,207.7,0.616,9.25,4,1.618,0.288,13.93,47.1,18.66,151.83,100.368,107.033,360.23,True,physics_simulated_synthetic
BGW-012,5,23.122,production,1996.6,207.7,0.616,9.25,4,1.618,0.288,13.93,47.1,18.66,218.59,80.36,82.561,2122.02,True,physics_simulated_synthetic
BGW-012,5,25.119,production,1996.6,207.7,0.616,9.25,4,1.618,0.288,13.93,47.1,18.66,250.05,72.399,75.022,3853.27,True,physics_simulated_synthetic
BGW-012,5,29.172,production,1996.6,207.7,0.616,9.25,4,1.618,0.288,13.93,47.1,18.66,313.9,59.425,65.423,8558.17,True,physics_simulated_synthetic
BGW-012,5,31.315,production,1996.6,207.7,0.616,9.25,4,1.618,0.288,13.93,47.1,18.66,347.67,54.899,57.337,17376.31,True,physics_simulated_synthetic
BGW-012,5,33.673,production,1996.6,207.7,0.616,9.25,4,1.618,0.288,13.93,47.1,18.66,384.82,51.453,53.521,24568.58,True,physics_simulated_synthetic
BGW-012,5,33.846,production,1996.6,207.7,0.616,9.25,4,1.618,0.288,13.93,47.1,18.66,387.54,51.262,54.501,22459.79,True,physics_simulated_synthetic
BGW-012,5,36.094,production,1996.6,207.7,0.616,9.25,4,1.618,0.288,13.93,47.1,18.66,422.95,49.286,53.794,23961.62,True,physics_simulated_synthetic
BGW-012,5,40.599,production,1996.6,207.7,0.616,9.25,4,1.618,0.288,13.93,47.1,18.66,493.94,47.542,51.318,30119.23,True,physics_simulated_synthetic
BGW-012,5,42.632,production,1996.6,207.7,0.616,9.25,4,1.618,0.288,13.93,47.1,18.66,525.97,47.293,50.302,33118.33,True,physics_simulated_synthetic
BGW-012,5,45.475,production,1996.6,207.7,0.616,9.25,4,1.618,0.288,13.93,47.1,18.66,570.76,47.153,50.128,33660.56,True,physics_simulated_synthetic
BGW-012,5,49.597,production,1996.6,207.7,0.616,9.25,4,1.618,0.288,13.93,47.1,18.66,635.7,47.107,50.029,33974.42,True,physics_simulated_synthetic
BGW-012,5,53.671,production,1996.6,207.7,0.616,9.25,4,1.618,0.288,13.93,47.1,18.66,699.89,47.102,49.79,34745.15,True,physics_simulated_synthetic
BGW-013,2,2.651,soak,1023.7,333.1,0.612,11.11,1,2.323,0.212,7.5,46.23,18.24,0.0,152.728,151.978,23.61,True,physics_simulated_synthetic
BGW-013,2,7.318,soak,1023.7,333.1,0.612,11.11,1,2.323,0.212,7.5,46.23,18.24,0.0,125.676,124.993,112.61,True,physics_simulated_synthetic
BGW-013,2,10.22,soak,1023.7,333.1,0.612,11.11,1,2.323,0.212,7.5,46.23,18.24,0.0,112.442,113.066,240.82,True,physics_simulated_synthetic
BGW-013,2,19.436,production,1023.7,333.1,0.612,11.11,1,2.323,0.212,7.5,46.23,18.24,79.43,77.527,77.766,3091.84,True,physics_simulated_synthetic
BGW-013,2,22.844,production,1023.7,333.1,0.612,11.11,1,2.323,0.212,7.5,46.23,18.24,111.93,68.319,65.369,8598.01,True,physics_simulated_synthetic
BGW-013,2,23.852,production,1023.7,333.1,0.612,11.11,1,2.323,0.212,7.5,46.23,18.24,121.54,65.983,66.792,7616.77,True,physics_simulated_synthetic
BGW-013,2,24.076,production,1023.7,333.1,0.612,11.11,1,2.323,0.212,7.5,46.23,18.24,123.68,65.487,63.195,10366.8,True,physics_simulated_synthetic
BGW-013,2,29.62,production,1023.7,333.1,0.612,11.11,1,2.323,0.212,7.5,46.23,18.24,176.56,55.057,54.971,21518.18,True,physics_simulated_synthetic
BGW-013,2,29.918,production,1023.7,333.1,0.612,11.11,1,2.323,0.212,7.5,46.23,18.24,179.4,54.661,53.207,25287.75,True,physics_simulated_synthetic
BGW-013,2,31.564,production,1023.7,333.1,0.612,11.11,1,2.323,0.212,7.5,46.23,18.24,195.09,52.665,50.539,32389.87,True,physics_simulated_synthetic
BGW-013,2,34.612,production,1023.7,333.1,0.612,11.11,1,2.323,0.212,7.5,46.23,18.24,224.16,49.866,45.787,50854.67,True,physics_simulated_synthetic
BGW-013,2,35.085,production,1023.7,333.1,0.612,11.11,1,2.323,0.212,7.5,46.23,18.24,228.67,49.54,47.751,42135.69,True,physics_simulated_synthetic
BGW-013,2,45.256,production,1023.7,333.1,0.612,11.11,1,2.323,0.212,7.5,46.23,18.24,325.67,46.421,45.231,53659.19,True,physics_simulated_synthetic
BGW-013,2,48.371,production,1023.7,333.1,0.612,11.11,1,2.323,0.212,7.5,46.23,18.24,355.38,46.295,46.101,49342.1,True,physics_simulated_synthetic
BGW-013,2,49.189,production,1023.7,333.1,0.612,11.11,1,2.323,0.212,7.5,46.23,18.24,363.17,46.278,46.853,45905.83,True,physics_simulated_synthetic
BGW-013,2,51.143,production,1023.7,333.1,0.612,11.11,1,2.323,0.212,7.5,46.23,18.24,381.81,46.253,45.231,53659.19,True,physics_simulated_synthetic
BGW-013,2,56.919,production,1023.7,333.1,0.612,11.11,1,2.323,0.212,7.5,46.23,18.24,436.89,46.232,45.231,53659.19,True,physics_simulated_synthetic
BGW-013,2,58.253,production,1023.7,333.1,0.612,11.11,1,2.323,0.212,7.5,46.23,18.24,449.62,46.231,45.231,53659.19,True,physics_simulated_synthetic
BGW-013,2,58.718,production,1023.7,333.1,0.612,11.11,1,2.323,0.212,7.5,46.23,18.24,454.05,46.231,45.231,53659.19,True,physics_simulated_synthetic
BGW-013,2,59.801,production,1023.7,333.1,0.612,11.11,1,2.323,0.212,7.5,46.23,18.24,464.37,46.231,45.767,50953.04,True,physics_simulated_synthetic
BGW-013,2,0.277,soak,751.4,199.8,0.767,7.11,1,1.536,0.268,16.58,46.51,18.65,0.0,137.255,138.512,50.18,True,physics_simulated_synthetic
BGW-013,2,0.328,soak,751.4,199.8,0.767,7.11,1,1.536,0.268,16.58,46.51,18.65,0.0,137.108,136.714,55.7,True,physics_simulated_synthetic
BGW-013,2,1.592,soak,751.4,199.8,0.767,7.11,1,1.536,0.268,16.58,46.51,18.65,0.0,133.561,132.25,72.48,True,physics_simulated_synthetic
BGW-013,2,2.313,soak,751.4,199.8,0.767,7.11,1,1.536,0.268,16.58,46.51,18.65,0.0,131.601,129.437,85.81,True,physics_simulated_synthetic
BGW-013,2,3.155,soak,751.4,199.8,0.767,7.11,1,1.536,0.268,16.58,46.51,18.65,0.0,129.366,127.265,97.93,True,physics_simulated_synthetic
BGW-013,2,19.843,production,751.4,199.8,0.767,7.11,1,1.536,0.268,16.58,46.51,18.65,236.08,65.647,61.117,12425.28,True,physics_simulated_synthetic
BGW-013,2,23.549,production,751.4,199.8,0.767,7.11,1,1.536,0.268,16.58,46.51,18.65,304.81,56.893,55.706,20129.61,True,physics_simulated_synthetic
BGW-013,2,27.945,production,751.4,199.8,0.767,7.11,1,1.536,0.268,16.58,46.51,18.65,386.35,50.426,50.061,33874.2,True,physics_simulated_synthetic
BGW-013,2,29.785,production,751.4,199.8,0.767,7.11,1,1.536,0.268,16.58,46.51,18.65,420.46,48.925,45.515,52206.23,True,physics_simulated_synthetic
BGW-013,2,33.76,production,751.4,199.8,0.767,7.11,1,1.536,0.268,16.58,46.51,18.65,494.18,47.184,45.515,52206.23,True,physics_simulated_synthetic
BGW-013,2,34.739,production,751.4,199.8,0.767,7.11,1,1.536,0.268,16.58,46.51,18.65,512.33,46.986,45.515,52206.23,True,physics_simulated_synthetic
BGW-013,2,35.844,production,751.4,199.8,0.767,7.11,1,1.536,0.268,16.58,46.51,18.65,532.82,46.824,45.515,52206.23,True,physics_simulated_synthetic
BGW-013,2,40.137,production,751.4,199.8,0.767,7.11,1,1.536,0.268,16.58,46.51,18.65,612.44,46.559,45.515,52206.23,True,physics_simulated_synthetic
BGW-013,2,40.825,production,751.4,199.8,0.767,7.11,1,1.536,0.268,16.58,46.51,18.65,625.2,46.546,45.515,52206.23,True,physics_simulated_synthetic
BGW-013,2,44.608,production,751.4,199.8,0.767,7.11,1,1.536,0.268,16.58,46.51,18.65,695.35,46.519,45.83,50643.69,True,physics_simulated_synthetic
BGW-013,2,47.199,production,751.4,199.8,0.767,7.11,1,1.536,0.268,16.58,46.51,18.65,743.41,46.516,46.022,49714.2,True,physics_simulated_synthetic
BGW-013,2,51.129,production,751.4,199.8,0.767,7.11,1,1.536,0.268,16.58,46.51,18.65,816.28,46.515,45.515,52206.23,True,physics_simulated_synthetic
BGW-013,2,55.434,production,751.4,199.8,0.767,7.11,1,1.536,0.268,16.58,46.51,18.65,896.13,46.515,45.515,52206.23,True,physics_simulated_synthetic
BGW-013,2,55.65,production,751.4,199.8,0.767,7.11,1,1.536,0.268,16.58,46.51,18.65,900.14,46.515,45.515,52206.23,True,physics_simulated_synthetic
BGW-013,2,56.731,production,751.4,199.8,0.767,7.11,1,1.536,0.268,16.58,46.51,18.65,920.18,46.515,46.692,46617.36,True,physics_simulated_synthetic
BGW-013,2,2.406,soak,1268.2,185.5,0.788,10.7,1,1.613,0.236,18.24,46.05,18.04,0.0,156.403,154.555,20.55,True,physics_simulated_synthetic
BGW-013,2,4.844,soak,1268.2,185.5,0.788,10.7,1,1.613,0.236,18.24,46.05,18.04,0.0,148.178,145.512,33.7,True,physics_simulated_synthetic
BGW-013,2,5.809,soak,1268.2,185.5,0.788,10.7,1,1.613,0.236,18.24,46.05,18.04,0.0,145.096,144.147,36.38,True,physics_simulated_synthetic
BGW-013,2,8.377,soak,1268.2,185.5,0.788,10.7,1,1.613,0.236,18.24,46.05,18.04,0.0,137.335,136.401,56.73,True,physics_simulated_synthetic
BGW-013,2,9.804,soak,1268.2,185.5,0.788,10.7,1,1.613,0.236,18.24,46.05,18.04,0.0,133.292,131.006,78.08,True,physics_simulated_synthetic
BGW-013,2,11.308,production,1268.2,185.5,0.788,10.7,1,1.613,0.236,18.24,46.05,18.04,11.2,129.029,126.035,105.6,True,physics_simulated_synthetic
BGW-013,2,12.86,production,1268.2,185.5,0.788,10.7,1,1.613,0.236,18.24,46.05,18.04,39.83,124.266,125.951,106.15,True,physics_simulated_synthetic
BGW-013,2,20.648,production,1268.2,185.5,0.788,10.7,1,1.613,0.236,18.24,46.05,18.04,183.59,88.587,87.496,1455.48,True,physics_simulated_synthetic
BGW-013,2,22.604,production,1268.2,185.5,0.788,10.7,1,1.613,0.236,18.24,46.05,18.04,219.68,80.39,77.816,3079.55,True,physics_simulated_synthetic
BGW-013,2,24.3,production,1268.2,185.5,0.788,10.7,1,1.613,0.236,18.24,46.05,18.04,250.98,73.68,73.414,4390.67,True,physics_simulated_synthetic
BGW-013,2,27.704,production,1268.2,185.5,0.788,10.7,1,1.613,0.236,18.24,46.05,18.04,313.8,61.835,60.134,13548.2,True,physics_simulated_synthetic
BGW-013,2,27.821,production,1268.2,185.5,0.788,10.7,1,1.613,0.236,18.24,46.05,18.04,315.96,61.509,59.607,14194.23,True,physics_simulated_synthetic
BGW-013,2,31.335,production,1268.2,185.5,0.788,10.7,1,1.613,0.236,18.24,46.05,18.04,380.83,53.27,52.509,26970.62,True,physics_simulated_synthetic
BGW-013,2,37.123,production,1268.2,185.5,0.788,10.7,1,1.613,0.236,18.24,46.05,18.04,487.65,47.272,45.048,54616.03,True,physics_simulated_synthetic
BGW-013,2,39.1,production,1268.2,185.5,0.788,10.7,1,1.613,0.236,18.24,46.05,18.04,524.15,46.638,45.583,51864.46,True,physics_simulated_synthetic
BGW-013,2,40.1,production,1268.2,185.5,0.788,10.7,1,1.613,0.236,18.24,46.05,18.04,542.6,46.445,47.574,42851.14,True,physics_simulated_synthetic
BGW-013,2,41.408,production,1268.2,185.5,0.788,10.7,1,1.613,0.236,18.24,46.05,18.04,566.74,46.276,45.38,52890.46,True,physics_simulated_synthetic
BGW-013,2,48.538,production,1268.2,185.5,0.788,10.7,1,1.613,0.236,18.24,46.05,18.04,698.34,46.052,45.048,54616.03,True,physics_simulated_synthetic
BGW-013,2,56.839,production,1268.2,185.5,0.788,10.7,1,1.613,0.236,18.24,46.05,18.04,851.55,46.048,45.048,54616.03,True,physics_simulated_synthetic
BGW-013,2,58.465,production,1268.2,185.5,0.788,10.7,1,1.613,0.236,18.24,46.05,18.04,881.56,46.048,45.048,54616.03,True,physics_simulated_synthetic
BGW-014,2,4.646,soak,1312.0,168.9,0.841,6.49,1,1.508,0.234,19.5,46.19,18.73,0.0,149.602,149.031,27.73,True,physics_simulated_synthetic
BGW-014,2,5.385,soak,1312.0,168.9,0.841,6.49,1,1.508,0.234,19.5,46.19,18.73,0.0,147.413,149.85,26.51,True,physics_simulated_synthetic
BGW-014,2,7.616,production,1312.0,168.9,0.841,6.49,1,1.508,0.234,19.5,46.19,18.73,15.1,140.788,140.398,45.02,True,physics_simulated_synthetic
BGW-014,2,21.696,production,1312.0,168.9,0.841,6.49,1,1.508,0.234,19.5,46.19,18.73,203.11,75.905,76.922,3307.38,True,physics_simulated_synthetic
BGW-014,2,23.18,production,1312.0,168.9,0.841,6.49,1,1.508,0.234,19.5,46.19,18.73,222.93,70.847,68.596,6541.17,True,physics_simulated_synthetic
BGW-014,2,23.49,production,1312.0,168.9,0.841,6.49,1,1.508,0.234,19.5,46.19,18.73,227.07,69.861,72.838,4602.54,True,physics_simulated_synthetic
BGW-014,2,27.384,production,1312.0,168.9,0.841,6.49,1,1.508,0.234,19.5,46.19,18.73,279.06,58.875,60.088,13603.23,True,physics_simulated_synthetic
BGW-014,2,28.976,production,1312.0,168.9,0.841,6.49,1,1.508,0.234,19.5,46.19,18.73,300.32,55.624,55.738,20071.42,True,physics_simulated_synthetic
BGW-014,2,32.61,production,1312.0,168.9,0.841,6.49,1,1.508,0.234,19.5,46.19,18.73,348.84,50.373,51.548,29482.09,True,physics_simulated_synthetic
BGW-014,2,32.741,production,1312.0,168.9,0.841,6.49,1,1.508,0.234,19.5,46.19,18.73,350.58,50.244,48.639,38730.44,True,physics_simulated_synthetic
BGW-014,2,42.29,production,1312.0,168.9,0.841,6.49,1,1.508,0.234,19.5,46.19,18.73,478.1,46.338,48.363,39757.87,True,physics_simulated_synthetic
BGW-014,2,42.471,production,1312.0,168.9,0.841,6.49,1,1.508,0.234,19.5,46.19,18.73,480.51,46.328,46.243,48671.24,True,physics_simulated_synthetic
BGW-014,2,46.792,production,1312.0,168.9,0.841,6.49,1,1.508,0.234,19.5,46.19,18.73,538.21,46.208,46.291,48447.95,True,physics_simulated_synthetic
BGW-014,2,47.747,production,1312.0,168.9,0.841,6.49,1,1.508,0.234,19.5,46.19,18.73,550.97,46.2,45.881,50395.46,True,physics_simulated_synthetic
BGW-014,2,49.801,production,1312.0,168.9,0.841,6.49,1,1.508,0.234,19.5,46.19,18.73,578.39,46.192,45.749,51042.5,True,physics_simulated_synthetic
BGW-014,2,50.529,production,1312.0,168.9,0.841,6.49,1,1.508,0.234,19.5,46.19,18.73,588.11,46.191,47.533,43020.87,True,physics_simulated_synthetic
BGW-014,2,53.935,production,1312.0,168.9,0.841,6.49,1,1.508,0.234,19.5,46.19,18.73,633.59,46.189,46.916,45629.37,True,physics_simulated_synthetic
BGW-014,2,56.603,production,1312.0,168.9,0.841,6.49,1,1.508,0.234,19.5,46.19,18.73,669.22,46.189,47.47,43278.39,True,physics_simulated_synthetic
BGW-014,2,58.308,production,1312.0,168.9,0.841,6.49,1,1.508,0.234,19.5,46.19,18.73,691.99,46.189,46.545,47279.28,True,physics_simulated_synthetic
BGW-014,2,58.554,production,1312.0,168.9,0.841,6.49,1,1.508,0.234,19.5,46.19,18.73,695.27,46.189,47.276,44086.77,True,physics_simulated_synthetic
BGW-014,5,6.439,soak,1588.5,409.2,0.835,6.78,4,1.4,0.227,12.13,47.89,17.76,0.0,165.423,167.682,10.38,True,physics_simulated_synthetic
BGW-014,5,10.132,production,1588.5,409.2,0.835,6.78,4,1.4,0.227,12.13,47.89,17.76,43.74,149.653,149.461,27.08,True,physics_simulated_synthetic
BGW-014,5,10.969,production,1588.5,409.2,0.835,6.78,4,1.4,0.227,12.13,47.89,17.76,54.67,146.074,149.843,26.52,True,physics_simulated_synthetic
BGW-014,5,11.274,production,1588.5,409.2,0.835,6.78,4,1.4,0.227,12.13,47.89,17.76,58.66,144.759,146.312,32.23,True,physics_simulated_synthetic
BGW-014,5,13.719,production,1588.5,409.2,0.835,6.78,4,1.4,0.227,12.13,47.89,17.76,90.59,133.342,135.503,59.79,True,physics_simulated_synthetic
BGW-014,5,19.244,production,1588.5,409.2,0.835,6.78,4,1.4,0.227,12.13,47.89,17.76,162.75,103.845,108.856,318.52,True,physics_simulated_synthetic
BGW-014,5,26.086,production,1588.5,409.2,0.835,6.78,4,1.4,0.227,12.13,47.89,17.76,252.11,71.08,74.957,3873.42,True,physics_simulated_synthetic
BGW-014,5,26.2,production,1588.5,409.2,0.835,6.78,4,1.4,0.227,12.13,47.89,17.76,253.61,70.684,72.01,4926.14,True,physics_simulated_synthetic
BGW-014,5,28.677,production,1588.5,409.2,0.835,6.78,4,1.4,0.227,12.13,47.89,17.76,285.96,62.878,63.802,9836.87,True,physics_simulated_synthetic
BGW-014,5,29.177,production,1588.5,409.2,0.835,6.78,4,1.4,0.227,12.13,47.89,17.76,292.49,61.576,62.875,10659.11,True,physics_simulated_synthetic
BGW-014,5,29.859,production,1588.5,409.2,0.835,6.78,4,1.4,0.227,12.13,47.89,17.76,301.4,59.92,62.388,11119.46,True,physics_simulated_synthetic
BGW-014,5,30.492,production,1588.5,409.2,0.835,6.78,4,1.4,0.227,12.13,47.89,17.76,309.66,58.511,60.118,13567.09,True,physics_simulated_synthetic
BGW-014,5,31.173,production,1588.5,409.2,0.835,6.78,4,1.4,0.227,12.13,47.89,17.76,318.56,57.126,58.327,15903.66,True,physics_simulated_synthetic
BGW-014,5,32.429,production,1588.5,409.2,0.835,6.78,4,1.4,0.227,12.13,47.89,17.76,334.96,54.906,58.715,15363.08,True,physics_simulated_synthetic
BGW-014,5,39.192,production,1588.5,409.2,0.835,6.78,4,1.4,0.227,12.13,47.89,17.76,423.29,48.861,50.455,32645.11,True,physics_simulated_synthetic
BGW-014,5,40.371,production,1588.5,409.2,0.835,6.78,4,1.4,0.227,12.13,47.89,17.76,438.7,48.54,53.514,24584.89,True,physics_simulated_synthetic
BGW-014,5,43.314,production,1588.5,409.2,0.835,6.78,4,1.4,0.227,12.13,47.89,17.76,477.14,48.102,49.984,34120.4,True,physics_simulated_synthetic
BGW-014,5,46.246,production,1588.5,409.2,0.835,6.78,4,1.4,0.227,12.13,47.89,17.76,515.44,47.95,52.204,27741.54,True,physics_simulated_synthetic
BGW-014,5,56.2,production,1588.5,409.2,0.835,6.78,4,1.4,0.227,12.13,47.89,17.76,645.44,47.892,50.146,33603.4,True,physics_simulated_synthetic
BGW-014,5,59.689,production,1588.5,409.2,0.835,6.78,4,1.4,0.227,12.13,47.89,17.76,691.01,47.891,50.994,31042.2,True,physics_simulated_synthetic
BGW-014,5,6.643,soak,1193.5,277.5,0.794,8.05,4,2.11,0.255,9.02,47.49,17.26,0.0,148.13,149.013,27.76,True,physics_simulated_synthetic
BGW-014,5,8.846,production,1193.5,277.5,0.794,8.05,4,2.11,0.255,9.02,47.49,17.26,7.62,136.734,136.989,54.82,True,physics_simulated_synthetic
BGW-014,5,9.265,production,1193.5,277.5,0.794,8.05,4,2.11,0.255,9.02,47.49,17.26,11.62,134.688,135.948,58.25,True,physics_simulated_synthetic
BGW-014,5,10.511,production,1193.5,277.5,0.794,8.05,4,2.11,0.255,9.02,47.49,17.26,23.48,128.714,128.923,88.53,True,physics_simulated_synthetic
BGW-014,5,11.86,production,1193.5,277.5,0.794,8.05,4,2.11,0.255,9.02,47.49,17.26,36.34,122.444,124.65,115.02,True,physics_simulated_synthetic
BGW-014,5,11.915,production,1193.5,277.5,0.794,8.05,4,2.11,0.255,9.02,47.49,17.26,36.86,122.196,122.341,132.82,True,physics_simulated_synthetic
BGW-014,5,16.355,production,1193.5,277.5,0.794,8.05,4,2.11,0.255,9.02,47.49,17.26,79.16,102.112,104.863,417.67,True,physics_simulated_synthetic
BGW-014,5,16.406,production,1193.5,277.5,0.794,8.05,4,2.11,0.255,9.02,47.49,17.26,79.65,101.905,102.006,508.84,True,physics_simulated_synthetic
BGW-014,5,17.48,production,1193.5,277.5,0.794,8.05,4,2.11,0.255,9.02,47.49,17.26,89.88,97.527,98.489,651.55,True,physics_simulated_synthetic
BGW-014,5,18.5,production,1193.5,277.5,0.794,8.05,4,2.11,0.255,9.02,47.49,17.26,99.6,93.487,94.367,875.76,True,physics_simulated_synthetic
BGW-014,5,21.461,production,1193.5,277.5,0.794,8.05,4,2.11,0.255,9.02,47.49,17.26,127.81,82.256,85.865,1646.7,True,physics_simulated_synthetic
BGW-014,5,28.704,production,1193.5,277.5,0.794,8.05,4,2.11,0.255,9.02,47.49,17.26,196.82,60.665,62.882,10652.68,True,physics_simulated_synthetic
BGW-014,5,31.763,production,1193.5,277.5,0.794,8.05,4,2.11,0.255,9.02,47.49,17.26,225.96,55.336,56.795,18244.05,True,physics_simulated_synthetic
BGW-014,5,37.609,production,1193.5,277.5,0.794,8.05,4,2.11,0.255,9.02,47.49,17.26,281.66,49.675,52.128,27937.1,True,physics_simulated_synthetic
BGW-014,5,42.489,production,1193.5,277.5,0.794,8.05,4,2.11,0.255,9.02,47.49,17.26,328.15,48.051,46.856,45893.71,True,physics_simulated_synthetic
BGW-014,5,44.836,production,1193.5,277.5,0.794,8.05,4,2.11,0.255,9.02,47.49,17.26,350.51,47.756,49.45,35876.28,True,physics_simulated_synthetic
BGW-014,5,45.633,production,1193.5,277.5,0.794,8.05,4,2.11,0.255,9.02,47.49,17.26,358.1,47.693,52.244,27637.77,True,physics_simulated_synthetic
BGW-014,5,52.97,production,1193.5,277.5,0.794,8.05,4,2.11,0.255,9.02,47.49,17.26,428.0,47.5,49.44,35909.93,True,physics_simulated_synthetic
BGW-014,5,53.681,production,1193.5,277.5,0.794,8.05,4,2.11,0.255,9.02,47.49,17.26,434.78,47.497,49.347,36225.54,True,physics_simulated_synthetic
BGW-014,5,57.363,production,1193.5,277.5,0.794,8.05,4,2.11,0.255,9.02,47.49,17.26,469.86,47.491,50.013,34025.02,True,physics_simulated_synthetic
BGW-015,2,0.948,soak,1190.8,220.8,0.779,11.44,1,1.848,0.277,18.14,48.0,18.23,0.0,168.025,170.165,9.17,True,physics_simulated_synthetic
BGW-015,2,4.869,soak,1190.8,220.8,0.779,11.44,1,1.848,0.277,18.14,48.0,18.23,0.0,152.382,156.578,18.44,True,physics_simulated_synthetic
BGW-015,2,6.519,soak,1190.8,220.8,0.779,11.44,1,1.848,0.277,18.14,48.0,18.23,0.0,146.424,148.38,28.74,True,physics_simulated_synthetic
BGW-015,2,13.511,production,1190.8,220.8,0.779,11.44,1,1.848,0.277,18.14,48.0,18.23,26.55,122.456,122.249,133.58,True,physics_simulated_synthetic
BGW-015,2,18.861,production,1190.8,220.8,0.779,11.44,1,1.848,0.277,18.14,48.0,18.23,95.13,102.192,103.354,463.39,True,physics_simulated_synthetic
BGW-015,2,24.442,production,1190.8,220.8,0.779,11.44,1,1.848,0.277,18.14,48.0,18.23,166.68,80.278,83.337,1998.51,True,physics_simulated_synthetic
BGW-015,2,27.656,production,1190.8,220.8,0.779,11.44,1,1.848,0.277,18.14,48.0,18.23,207.89,69.66,72.501,4731.42,True,physics_simulated_synthetic
BGW-015,2,28.632,production,1190.8,220.8,0.779,11.44,1,1.848,0.277,18.14,48.0,18.23,220.4,66.914,67.007,7479.12,True,physics_simulated_synthetic
BGW-015,2,29.659,production,1190.8,220.8,0.779,11.44,1,1.848,0.277,18.14,48.0,18.23,233.56,64.233,65.506,8497.94,True,physics_simulated_synthetic
BGW-015,2,33.13,production,1190.8,220.8,0.779,11.44,1,1.848,0.277,18.14,48.0,18.23,278.06,56.716,58.188,16101.34,True,physics_simulated_synthetic
BGW-015,2,34.09,production,1190.8,220.8,0.779,11.44,1,1.848,0.277,18.14,48.0,18.23,290.37,55.2,56.975,17950.61,True,physics_simulated_synthetic
BGW-015,2,47.487,production,1190.8,220.8,0.779,11.44,1,1.848,0.277,18.14,48.0,18.23,462.12,48.067,48.427,39515.71,True,physics_simulated_synthetic
BGW-015,2,47.58,production,1190.8,220.8,0.779,11.44,1,1.848,0.277,18.14,48.0,18.23,463.32,48.064,49.471,35805.17,True,physics_simulated_synthetic
BGW-015,2,50.197,production,1190.8,220.8,0.779,11.44,1,1.848,0.277,18.14,48.0,18.23,496.86,48.018,49.284,36440.49,True,physics_simulated_synthetic
BGW-015,2,50.87,production,1190.8,220.8,0.779,11.44,1,1.848,0.277,18.14,48.0,18.23,505.49,48.012,51.379,29949.33,True,physics_simulated_synthetic
BGW-015,2,52.375,production,1190.8,220.8,0.779,11.44,1,1.848,0.277,18.14,48.0,18.23,524.78,48.004,51.424,29824.54,True,physics_simulated_synthetic
BGW-015,2,53.387,production,1190.8,220.8,0.779,11.44,1,1.848,0.277,18.14,48.0,18.23,537.75,48.002,50.084,33800.47,True,physics_simulated_synthetic
BGW-015,2,53.394,production,1190.8,220.8,0.779,11.44,1,1.848,0.277,18.14,48.0,18.23,537.85,48.002,49.739,34912.5,True,physics_simulated_synthetic
BGW-015,2,54.516,production,1190.8,220.8,0.779,11.44,1,1.848,0.277,18.14,48.0,18.23,552.24,48.0,50.482,32562.82,True,physics_simulated_synthetic
BGW-015,2,59.689,production,1190.8,220.8,0.779,11.44,1,1.848,0.277,18.14,48.0,18.23,618.55,47.998,49.141,36935.71,True,physics_simulated_synthetic
BGW-015,5,0.258,soak,976.4,232.9,0.839,6.12,4,1.773,0.252,9.54,47.55,18.54,0.0,169.686,173.887,7.63,True,physics_simulated_synthetic
BGW-015,5,2.319,soak,976.4,232.9,0.839,6.12,4,1.773,0.252,9.54,47.55,18.54,0.0,158.85,163.156,13.08,True,physics_simulated_synthetic
BGW-015,5,5.343,soak,976.4,232.9,0.839,6.12,4,1.773,0.252,9.54,47.55,18.54,0.0,144.664,148.785,28.11,True,physics_simulated_synthetic
BGW-015,5,11.33,production,976.4,232.9,0.839,6.12,4,1.773,0.252,9.54,47.55,18.54,84.9,116.734,120.741,146.89,True,physics_simulated_synthetic
BGW-015,5,11.73,production,976.4,232.9,0.839,6.12,4,1.773,0.252,9.54,47.55,18.54,91.41,114.986,120.867,145.72,True,physics_simulated_synthetic
BGW-015,5,12.48,production,976.4,232.9,0.839,6.12,4,1.773,0.252,9.54,47.55,18.54,103.62,111.673,113.851,228.74,True,physics_simulated_synthetic
BGW-015,5,12.784,production,976.4,232.9,0.839,6.12,4,1.773,0.252,9.54,47.55,18.54,108.58,110.336,113.931,227.55,True,physics_simulated_synthetic
BGW-015,5,22.293,production,976.4,232.9,0.839,6.12,4,1.773,0.252,9.54,47.55,18.54,263.42,66.968,72.226,4839.19,True,physics_simulated_synthetic
BGW-015,5,22.699,production,976.4,232.9,0.839,6.12,4,1.773,0.252,9.54,47.55,18.54,270.04,65.771,71.213,5260.31,True,physics_simulated_synthetic
BGW-015,5,23.714,production,976.4,232.9,0.839,6.12,4,1.773,0.252,9.54,47.55,18.54,286.57,62.948,64.629,9160.55,True,physics_simulated_synthetic
BGW-015,5,24.603,production,976.4,232.9,0.839,6.12,4,1.773,0.252,9.54,47.55,18.54,301.04,60.71,63.945,9716.55,True,physics_simulated_synthetic
BGW-015,5,28.765,production,976.4,232.9,0.839,6.12,4,1.773,0.252,9.54,47.55,18.54,368.82,52.855,58.428,15760.6,True,physics_simulated_synthetic
BGW-015,5,31.135,production,976.4,232.9,0.839,6.12,4,1.773,0.252,9.54,47.55,18.54,407.42,50.404,54.787,21881.4,True,physics_simulated_synthetic
BGW-015,5,34.27,production,976.4,232.9,0.839,6.12,4,1.773,0.252,9.54,47.55,18.54,458.47,48.632,52.578,26798.95,True,physics_simulated_synthetic
BGW-015,5,38.535,production,976.4,232.9,0.839,6.12,4,1.773,0.252,9.54,47.55,18.54,527.93,47.763,51.13,30650.17,True,physics_simulated_synthetic
BGW-015,5,44.825,production,976.4,232.9,0.839,6.12,4,1.773,0.252,9.54,47.55,18.54,630.35,47.56,50.695,31920.59,True,physics_simulated_synthetic
BGW-015,5,48.596,production,976.4,232.9,0.839,6.12,4,1.773,0.252,9.54,47.55,18.54,691.77,47.552,51.628,29263.31,True,physics_simulated_synthetic
BGW-015,5,50.108,production,976.4,232.9,0.839,6.12,4,1.773,0.252,9.54,47.55,18.54,716.38,47.552,50.871,31401.82,True,physics_simulated_synthetic
BGW-015,5,51.709,production,976.4,232.9,0.839,6.12,4,1.773,0.252,9.54,47.55,18.54,742.46,47.552,51.164,30553.97,True,physics_simulated_synthetic
BGW-015,5,59.645,production,976.4,232.9,0.839,6.12,4,1.773,0.252,9.54,47.55,18.54,871.69,47.552,51.334,30075.33,True,physics_simulated_synthetic
BGW-016,5,3.032,soak,1243.3,217.4,0.804,7.19,4,1.339,0.219,14.95,47.57,17.42,0.0,168.453,165.954,11.33,True,physics_simulated_synthetic
BGW-016,5,7.698,production,1243.3,217.4,0.804,7.19,4,1.339,0.219,14.95,47.57,17.42,4.75,152.58,152.245,23.27,True,physics_simulated_synthetic
BGW-016,5,13.66,production,1243.3,217.4,0.804,7.19,4,1.339,0.219,14.95,47.57,17.42,60.87,130.31,129.733,84.3,True,physics_simulated_synthetic
BGW-016,5,17.271,production,1243.3,217.4,0.804,7.19,4,1.339,0.219,14.95,47.57,17.42,94.87,115.645,116.872,188.0,True,physics_simulated_synthetic
BGW-016,5,18.348,production,1243.3,217.4,0.804,7.19,4,1.339,0.219,14.95,47.57,17.42,105.01,111.277,110.616,283.16,True,physics_simulated_synthetic
BGW-016,5,26.473,production,1243.3,217.4,0.804,7.19,4,1.339,0.219,14.95,47.57,17.42,181.5,76.421,75.039,3848.02,True,physics_simulated_synthetic
BGW-016,5,31.647,production,1243.3,217.4,0.804,7.19,4,1.339,0.219,14.95,47.57,17.42,230.21,61.196,60.077,13616.64,True,physics_simulated_synthetic
BGW-016,5,37.135,production,1243.3,217.4,0.804,7.19,4,1.339,0.219,14.95,47.57,17.42,281.87,52.179,53.551,24501.77,True,physics_simulated_synthetic
BGW-016,5,43.702,production,1243.3,217.4,0.804,7.19,4,1.339,0.219,14.95,47.57,17.42,343.7,48.346,48.686,38557.15,True,physics_simulated_synthetic
BGW-016,5,44.686,production,1243.3,217.4,0.804,7.19,4,1.339,0.219,14.95,47.57,17.42,352.96,48.143,47.193,44440.17,True,physics_simulated_synthetic
BGW-016,5,44.961,production,1243.3,217.4,0.804,7.19,4,1.339,0.219,14.95,47.57,17.42,355.55,48.095,47.354,43761.51,True,physics_simulated_synthetic
BGW-016,5,45.598,production,1243.3,217.4,0.804,7.19,4,1.339,0.219,14.95,47.57,17.42,361.54,47.997,46.566,47186.6,True,physics_simulated_synthetic
BGW-016,5,46.85,production,1243.3,217.4,0.804,7.19,4,1.339,0.219,14.95,47.57,17.42,373.33,47.849,47.983,41217.05,True,physics_simulated_synthetic
BGW-016,5,49.23,production,1243.3,217.4,0.804,7.19,4,1.339,0.219,14.95,47.57,17.42,395.74,47.685,46.566,47186.6,True,physics_simulated_synthetic
BGW-016,5,50.903,production,1243.3,217.4,0.804,7.19,4,1.339,0.219,14.95,47.57,17.42,411.48,47.627,48.27,40110.21,True,physics_simulated_synthetic
BGW-016,5,51.06,production,1243.3,217.4,0.804,7.19,4,1.339,0.219,14.95,47.57,17.42,412.96,47.624,47.393,43596.48,True,physics_simulated_synthetic
BGW-016,5,52.045,production,1243.3,217.4,0.804,7.19,4,1.339,0.219,14.95,47.57,17.42,422.24,47.604,50.536,32400.71,True,physics_simulated_synthetic
BGW-016,5,52.601,production,1243.3,217.4,0.804,7.19,4,1.339,0.219,14.95,47.57,17.42,427.47,47.596,46.566,47186.6,True,physics_simulated_synthetic
BGW-016,5,55.044,production,1243.3,217.4,0.804,7.19,4,1.339,0.219,14.95,47.57,17.42,450.47,47.576,47.022,45171.45,True,physics_simulated_synthetic
BGW-016,5,56.311,production,1243.3,217.4,0.804,7.19,4,1.339,0.219,14.95,47.57,17.42,462.39,47.571,49.678,35112.82,True,physics_simulated_synthetic
BGW-016,5,1.467,soak,750.1,273.7,0.813,6.27,4,2.167,0.246,19.72,47.77,17.6,0.0,153.689,153.529,21.71,True,physics_simulated_synthetic
BGW-016,5,1.854,soak,750.1,273.7,0.813,6.27,4,2.167,0.246,19.72,47.77,17.6,0.0,152.073,149.914,26.42,True,physics_simulated_synthetic
BGW-016,5,3.053,soak,750.1,273.7,0.813,6.27,4,2.167,0.246,19.72,47.77,17.6,0.0,147.215,147.379,30.38,True,physics_simulated_synthetic
BGW-016,5,3.313,soak,750.1,273.7,0.813,6.27,4,2.167,0.246,19.72,47.77,17.6,0.0,146.193,145.131,34.43,True,physics_simulated_synthetic
BGW-016,5,13.209,production,750.1,273.7,0.813,6.27,4,2.167,0.246,19.72,47.77,17.6,117.6,102.98,105.894,389.23,True,physics_simulated_synthetic
BGW-016,5,15.457,production,750.1,273.7,0.813,6.27,4,2.167,0.246,19.72,47.77,17.6,155.7,93.624,90.781,1138.92,True,physics_simulated_synthetic
BGW-016,5,20.211,production,750.1,273.7,0.813,6.27,4,2.167,0.246,19.72,47.77,17.6,236.3,74.278,74.153,4134.45,True,physics_simulated_synthetic
BGW-016,5,20.897,production,750.1,273.7,0.813,6.27,4,2.167,0.246,19.72,47.77,17.6,247.92,71.959,69.97,5831.97,True,physics_simulated_synthetic
BGW-016,5,23.786,production,750.1,273.7,0.813,6.27,4,2.167,0.246,19.72,47.77,17.6,296.91,63.083,61.982,11520.64,True,physics_simulated_synthetic
BGW-016,5,29.736,production,750.1,273.7,0.813,6.27,4,2.167,0.246,19.72,47.77,17.6,397.78,51.766,51.553,29467.34,True,physics_simulated_synthetic
BGW-016,5,33.811,production,750.1,273.7,0.813,6.27,4,2.167,0.246,19.72,47.77,17.6,466.86,48.937,46.767,46285.45,True,physics_simulated_synthetic
BGW-016,5,36.382,production,750.1,273.7,0.813,6.27,4,2.167,0.246,19.72,47.77,17.6,510.44,48.233,48.155,40549.92,True,physics_simulated_synthetic
BGW-016,5,39.509,production,750.1,273.7,0.813,6.27,4,2.167,0.246,19.72,47.77,17.6,563.45,47.893,50.147,33601.34,True,physics_simulated_synthetic
BGW-016,5,42.715,production,750.1,273.7,0.813,6.27,4,2.167,0.246,19.72,47.77,17.6,617.81,47.793,46.767,46285.45,True,physics_simulated_synthetic
BGW-016,5,44.982,production,750.1,273.7,0.813,6.27,4,2.167,0.246,19.72,47.77,17.6,656.24,47.775,47.728,42228.06,True,physics_simulated_synthetic
BGW-016,5,46.212,production,750.1,273.7,0.813,6.27,4,2.167,0.246,19.72,47.77,17.6,677.08,47.771,48.795,38162.0,True,physics_simulated_synthetic
BGW-016,5,49.776,production,750.1,273.7,0.813,6.27,4,2.167,0.246,19.72,47.77,17.6,737.5,47.767,47.128,44716.73,True,physics_simulated_synthetic
BGW-016,5,51.906,production,750.1,273.7,0.813,6.27,4,2.167,0.246,19.72,47.77,17.6,773.62,47.767,46.767,46285.45,True,physics_simulated_synthetic
BGW-016,5,51.997,production,750.1,273.7,0.813,6.27,4,2.167,0.246,19.72,47.77,17.6,775.15,47.767,46.767,46285.45,True,physics_simulated_synthetic
BGW-016,5,56.709,production,750.1,273.7,0.813,6.27,4,2.167,0.246,19.72,47.77,17.6,855.04,47.767,48.254,40168.96,True,physics_simulated_synthetic
BGW-017,1,4.443,soak,2155.8,420.9,0.827,6.66,0,1.486,0.225,7.26,46.24,17.14,0.0,162.293,162.893,13.26,True,physics_simulated_synthetic
BGW-017,1,7.953,production,2155.8,420.9,0.827,6.66,0,1.486,0.225,7.26,46.24,17.14,15.49,145.796,144.371,35.93,True,physics_simulated_synthetic
BGW-017,1,9.212,production,2155.8,420.9,0.827,6.66,0,1.486,0.225,7.26,46.24,17.14,30.56,140.163,139.015,48.74,True,physics_simulated_synthetic
BGW-017,1,10.183,production,2155.8,420.9,0.827,6.66,0,1.486,0.225,7.26,46.24,17.14,42.17,135.844,135.943,58.27,True,physics_simulated_synthetic
BGW-017,1,14.781,production,2155.8,420.9,0.827,6.66,0,1.486,0.225,7.26,46.24,17.14,97.18,113.909,112.88,243.78,True,physics_simulated_synthetic
BGW-017,1,15.642,production,2155.8,420.9,0.827,6.66,0,1.486,0.225,7.26,46.24,17.14,107.48,109.985,110.895,277.96,True,physics_simulated_synthetic
BGW-017,1,20.764,production,2155.8,420.9,0.827,6.66,0,1.486,0.225,7.26,46.24,17.14,168.75,85.964,84.539,1822.04,True,physics_simulated_synthetic
BGW-017,1,26.844,production,2155.8,420.9,0.827,6.66,0,1.486,0.225,7.26,46.24,17.14,241.48,63.359,62.153,11350.06,True,physics_simulated_synthetic
BGW-017,1,28.059,production,2155.8,420.9,0.827,6.66,0,1.486,0.225,7.26,46.24,17.14,256.02,60.257,58.998,14981.77,True,physics_simulated_synthetic
BGW-017,1,31.328,production,2155.8,420.9,0.827,6.66,0,1.486,0.225,7.26,46.24,17.14,295.12,53.7,52.568,26822.5,True,physics_simulated_synthetic
BGW-017,1,34.814,production,2155.8,420.9,0.827,6.66,0,1.486,0.225,7.26,46.24,17.14,336.83,49.536,50.734,31804.28,True,physics_simulated_synthetic
BGW-017,1,37.855,production,2155.8,420.9,0.827,6.66,0,1.486,0.225,7.26,46.24,17.14,373.2,47.659,48.199,40379.6,True,physics_simulated_synthetic
BGW-017,1,38.308,production,2155.8,420.9,0.827,6.66,0,1.486,0.225,7.26,46.24,17.14,378.62,47.481,49.535,35590.48,True,physics_simulated_synthetic
BGW-017,1,42.765,production,2155.8,420.9,0.827,6.66,0,1.486,0.225,7.26,46.24,17.14,431.94,46.507,49.341,36244.97,True,physics_simulated_synthetic
BGW-017,1,46.465,production,2155.8,420.9,0.827,6.66,0,1.486,0.225,7.26,46.24,17.14,476.2,46.298,45.24,53609.58,True,physics_simulated_synthetic
BGW-017,1,47.794,production,2155.8,420.9,0.827,6.66,0,1.486,0.225,7.26,46.24,17.14,492.1,46.272,46.031,49675.66,True,physics_simulated_synthetic
BGW-017,1,49.635,production,2155.8,420.9,0.827,6.66,0,1.486,0.225,7.26,46.24,17.14,514.12,46.253,45.24,53609.58,True,physics_simulated_synthetic
BGW-017,1,50.524,production,2155.8,420.9,0.827,6.66,0,1.486,0.225,7.26,46.24,17.14,524.75,46.249,45.24,53609.58,True,physics_simulated_synthetic
BGW-017,1,52.931,production,2155.8,420.9,0.827,6.66,0,1.486,0.225,7.26,46.24,17.14,553.54,46.242,45.24,53609.58,True,physics_simulated_synthetic
BGW-017,1,59.389,production,2155.8,420.9,0.827,6.66,0,1.486,0.225,7.26,46.24,17.14,630.8,46.24,45.24,53609.58,True,physics_simulated_synthetic
BGW-017,3,0.034,soak,1254.5,176.0,0.617,7.53,2,2.117,0.228,17.62,47.09,18.52,0.0,152.192,152.355,23.13,True,physics_simulated_synthetic
BGW-017,3,4.311,soak,1254.5,176.0,0.617,7.53,2,2.117,0.228,17.62,47.09,18.52,0.0,135.142,133.133,68.77,True,physics_simulated_synthetic
BGW-017,3,5.711,soak,1254.5,176.0,0.617,7.53,2,2.117,0.228,17.62,47.09,18.52,0.0,130.185,130.313,81.4,True,physics_simulated_synthetic
BGW-017,3,10.853,production,1254.5,176.0,0.617,7.53,2,2.117,0.228,17.62,47.09,18.52,43.84,112.315,112.44,250.95,True,physics_simulated_synthetic
BGW-017,3,13.015,production,1254.5,176.0,0.617,7.53,2,2.117,0.228,17.62,47.09,18.52,72.34,104.954,105.33,404.51,True,physics_simulated_synthetic
BGW-017,3,27.035,production,1254.5,176.0,0.617,7.53,2,2.117,0.228,17.62,47.09,18.52,257.17,56.522,56.317,19046.62,True,physics_simulated_synthetic
BGW-017,3,28.099,production,1254.5,176.0,0.617,7.53,2,2.117,0.228,17.62,47.09,18.52,271.2,54.872,54.835,21785.85,True,physics_simulated_synthetic
BGW-017,3,28.353,production,1254.5,176.0,0.617,7.53,2,2.117,0.228,17.62,47.09,18.52,274.55,54.513,55.041,21382.61,True,physics_simulated_synthetic
BGW-017,3,28.895,production,1254.5,176.0,0.617,7.53,2,2.117,0.228,17.62,47.09,18.52,281.7,53.782,54.985,21491.35,True,physics_simulated_synthetic
BGW-017,3,29.509,production,1254.5,176.0,0.617,7.53,2,2.117,0.228,17.62,47.09,18.52,289.78,53.017,53.174,25364.64,True,physics_simulated_synthetic
BGW-017,3,29.61,production,1254.5,176.0,0.617,7.53,2,2.117,0.228,17.62,47.09,18.52,291.12,52.897,52.907,25996.39,True,physics_simulated_synthetic
BGW-017,3,29.952,production,1254.5,176.0,0.617,7.53,2,2.117,0.228,17.62,47.09,18.52,295.62,52.507,53.219,25259.65,True,physics_simulated_synthetic
BGW-017,3,30.941,production,1254.5,176.0,0.617,7.53,2,2.117,0.228,17.62,47.09,18.52,308.67,51.475,49.369,36151.24,True,physics_simulated_synthetic
BGW-017,3,31.719,production,1254.5,176.0,0.617,7.53,2,2.117,0.228,17.62,47.09,18.52,318.93,50.773,52.024,28206.64,True,physics_simulated_synthetic
BGW-017,3,36.12,production,1254.5,176.0,0.617,7.53,2,2.117,0.228,17.62,47.09,18.52,376.94,48.218,48.801,38141.69,True,physics_simulated_synthetic
BGW-017,3,37.183,production,1254.5,176.0,0.617,7.53,2,2.117,0.228,17.62,47.09,18.52,390.96,47.91,48.55,39059.88,True,physics_simulated_synthetic
BGW-017,3,44.251,production,1254.5,176.0,0.617,7.53,2,2.117,0.228,17.62,47.09,18.52,484.13,47.144,49.073,37173.92,True,physics_simulated_synthetic
BGW-017,3,55.301,production,1254.5,176.0,0.617,7.53,2,2.117,0.228,17.62,47.09,18.52,629.81,47.092,46.092,49384.77,True,physics_simulated_synthetic
BGW-017,3,55.678,production,1254.5,176.0,0.617,7.53,2,2.117,0.228,17.62,47.09,18.52,634.79,47.092,46.092,49384.77,True,physics_simulated_synthetic
BGW-017,3,57.732,production,1254.5,176.0,0.617,7.53,2,2.117,0.228,17.62,47.09,18.52,661.86,47.092,48.058,40922.15,True,physics_simulated_synthetic
BGW-018,2,7.634,soak,1020.6,324.7,0.848,11.92,1,1.879,0.277,18.04,47.87,17.41,0.0,154.994,155.199,19.85,True,physics_simulated_synthetic
BGW-018,2,11.323,soak,1020.6,324.7,0.848,11.92,1,1.879,0.277,18.04,47.87,17.41,0.0,141.577,140.764,44.08,True,physics_simulated_synthetic
BGW-018,2,16.148,production,1020.6,324.7,0.848,11.92,1,1.879,0.277,18.04,47.87,17.41,76.93,121.072,123.157,126.21,True,physics_simulated_synthetic
BGW-018,2,18.192,production,1020.6,324.7,0.848,11.92,1,1.879,0.277,18.04,47.87,17.41,114.15,111.879,112.353,252.4,True,physics_simulated_synthetic
BGW-018,2,19.251,production,1020.6,324.7,0.848,11.92,1,1.879,0.277,18.04,47.87,17.41,133.43,107.033,108.534,325.5,True,physics_simulated_synthetic
BGW-018,2,19.841,production,1020.6,324.7,0.848,11.92,1,1.879,0.277,18.04,47.87,17.41,144.16,104.322,107.287,354.07,True,physics_simulated_synthetic
BGW-018,2,20.013,production,1020.6,324.7,0.848,11.92,1,1.879,0.277,18.04,47.87,17.41,147.3,103.533,104.674,423.11,True,physics_simulated_synthetic
BGW-018,2,24.499,production,1020.6,324.7,0.848,11.92,1,1.879,0.277,18.04,47.87,17.41,228.98,81.266,83.629,1954.01,True,physics_simulated_synthetic
BGW-018,2,26.389,production,1020.6,324.7,0.848,11.92,1,1.879,0.277,18.04,47.87,17.41,263.38,73.394,75.014,3855.65,True,physics_simulated_synthetic
BGW-018,2,30.33,production,1020.6,324.7,0.848,11.92,1,1.879,0.277,18.04,47.87,17.41,335.14,60.09,63.07,10480.03,True,physics_simulated_synthetic
BGW-018,2,31.713,production,1020.6,324.7,0.848,11.92,1,1.879,0.277,18.04,47.87,17.41,360.31,56.912,59.616,14182.38,True,physics_simulated_synthetic
BGW-018,2,32.837,production,1020.6,324.7,0.848,11.92,1,1.879,0.277,18.04,47.87,17.41,380.78,54.798,55.868,19835.45,True,physics_simulated_synthetic
BGW-018,2,33.647,production,1020.6,324.7,0.848,11.92,1,1.879,0.277,18.04,47.87,17.41,395.52,53.521,55.324,20839.49,True,physics_simulated_synthetic
BGW-018,2,38.2,production,1020.6,324.7,0.848,11.92,1,1.879,0.277,18.04,47.87,17.41,478.42,49.213,52.714,26464.37,True,physics_simulated_synthetic
BGW-018,2,44.95,production,1020.6,324.7,0.848,11.92,1,1.879,0.277,18.04,47.87,17.41,601.32,47.932,50.522,32441.71,True,physics_simulated_synthetic
BGW-018,2,47.907,production,1020.6,324.7,0.848,11.92,1,1.879,0.277,18.04,47.87,17.41,655.15,47.879,47.962,41297.08,True,physics_simulated_synthetic
BGW-018,2,49.97,production,1020.6,324.7,0.848,11.92,1,1.879,0.277,18.04,47.87,17.41,692.71,47.87,50.827,31531.32,True,physics_simulated_synthetic
BGW-018,2,54.366,production,1020.6,324.7,0.848,11.92,1,1.879,0.277,18.04,47.87,17.41,772.75,47.866,48.387,39666.99,True,physics_simulated_synthetic
BGW-018,2,59.103,production,1020.6,324.7,0.848,11.92,1,1.879,0.277,18.04,47.87,17.41,858.98,47.866,51.883,28580.17,True,physics_simulated_synthetic
BGW-018,2,59.137,production,1020.6,324.7,0.848,11.92,1,1.879,0.277,18.04,47.87,17.41,859.61,47.866,51.339,30061.34,True,physics_simulated_synthetic
BGW-018,5,1.106,soak,617.6,203.6,0.821,8.4,4,1.465,0.224,15.24,47.45,18.2,0.0,132.114,134.725,62.59,True,physics_simulated_synthetic
BGW-018,5,2.758,soak,617.6,203.6,0.821,8.4,4,1.465,0.224,15.24,47.45,18.2,0.0,127.775,129.028,87.97,True,physics_simulated_synthetic
BGW-018,5,6.168,soak,617.6,203.6,0.821,8.4,4,1.465,0.224,15.24,47.45,18.2,0.0,119.505,123.564,123.05,True,physics_simulated_synthetic
BGW-018,5,13.465,production,617.6,203.6,0.821,8.4,4,1.465,0.224,15.24,47.45,18.2,43.14,101.725,104.52,427.61,True,physics_simulated_synthetic
BGW-018,5,14.734,production,617.6,203.6,0.821,8.4,4,1.465,0.224,15.24,47.45,18.2,53.94,98.701,100.62,560.58,True,physics_simulated_synthetic
BGW-018,5,18.016,production,617.6,203.6,0.821,8.4,4,1.465,0.224,15.24,47.45,18.2,81.88,90.354,93.002,967.25,True,physics_simulated_synthetic
BGW-018,5,21.133,production,617.6,203.6,0.821,8.4,4,1.465,0.224,15.24,47.45,18.2,108.4,82.25,87.175,1491.2,True,physics_simulated_synthetic
BGW-018,5,21.58,production,617.6,203.6,0.821,8.4,4,1.465,0.224,15.24,47.45,18.2,112.2,81.135,85.404,1705.53,True,physics_simulated_synthetic
BGW-018,5,26.351,production,617.6,203.6,0.821,8.4,4,1.465,0.224,15.24,47.45,18.2,152.81,69.1,72.343,4793.1,True,physics_simulated_synthetic
BGW-018,5,28.501,production,617.6,203.6,0.821,8.4,4,1.465,0.224,15.24,47.45,18.2,171.11,64.48,68.771,6445.96,True,physics_simulated_synthetic
BGW-018,5,28.634,production,617.6,203.6,0.821,8.4,4,1.465,0.224,15.24,47.45,18.2,172.24,64.218,66.018,8134.74,True,physics_simulated_synthetic
BGW-018,5,29.644,production,617.6,203.6,0.821,8.4,4,1.465,0.224,15.24,47.45,18.2,180.83,62.273,65.743,8327.52,True,physics_simulated_synthetic
BGW-018,5,36.204,production,617.6,203.6,0.821,8.4,4,1.465,0.224,15.24,47.45,18.2,236.67,52.544,56.175,19292.03,True,physics_simulated_synthetic
BGW-018,5,36.624,production,617.6,203.6,0.821,8.4,4,1.465,0.224,15.24,47.45,18.2,240.24,52.165,54.932,21594.79,True,physics_simulated_synthetic
BGW-018,5,38.641,production,617.6,203.6,0.821,8.4,4,1.465,0.224,15.24,47.45,18.2,257.4,50.606,54.64,22177.55,True,physics_simulated_synthetic
BGW-018,5,42.685,production,617.6,203.6,0.821,8.4,4,1.465,0.224,15.24,47.45,18.2,291.82,48.667,50.999,31027.21,True,physics_simulated_synthetic
BGW-018,5,42.702,production,617.6,203.6,0.821,8.4,4,1.465,0.224,15.24,47.45,18.2,291.97,48.662,52.8,26254.04,True,physics_simulated_synthetic
BGW-018,5,46.599,production,617.6,203.6,0.821,8.4,4,1.465,0.224,15.24,47.45,18.2,325.13,47.853,52.051,28137.73,True,physics_simulated_synthetic
BGW-018,5,48.631,production,617.6,203.6,0.821,8.4,4,1.465,0.224,15.24,47.45,18.2,342.43,47.662,47.003,45251.64,True,physics_simulated_synthetic
BGW-018,5,57.189,production,617.6,203.6,0.821,8.4,4,1.465,0.224,15.24,47.45,18.2,415.26,47.456,52.547,26874.61,True,physics_simulated_synthetic
BGW-018,4,9.036,soak,1267.6,321.6,0.596,9.92,3,1.383,0.288,17.89,46.94,18.02,0.0,155.307,157.217,17.83,True,physics_simulated_synthetic
BGW-018,4,10.488,production,1267.6,321.6,0.596,9.92,3,1.383,0.288,17.89,46.94,18.02,5.17,150.944,152.634,22.78,True,physics_simulated_synthetic
BGW-018,4,12.915,production,1267.6,321.6,0.596,9.92,3,1.383,0.288,17.89,46.94,18.02,27.15,143.189,144.932,34.81,True,physics_simulated_synthetic
BGW-018,4,13.175,production,1267.6,321.6,0.596,9.92,3,1.383,0.288,17.89,46.94,18.02,29.51,142.362,148.126,29.15,True,physics_simulated_synthetic
BGW-018,4,14.502,production,1267.6,321.6,0.596,9.92,3,1.383,0.288,17.89,46.94,18.02,41.53,137.929,140.971,43.56,True,physics_simulated_synthetic
BGW-018,4,15.474,production,1267.6,321.6,0.596,9.92,3,1.383,0.288,17.89,46.94,18.02,50.34,134.578,137.884,52.04,True,physics_simulated_synthetic
BGW-018,4,18.733,production,1267.6,321.6,0.596,9.92,3,1.383,0.288,17.89,46.94,18.02,79.87,121.931,122.407,132.27,True,physics_simulated_synthetic
BGW-018,4,22.139,production,1267.6,321.6,0.596,9.92,3,1.383,0.288,17.89,46.94,18.02,110.73,107.571,109.618,302.66,True,physics_simulated_synthetic
BGW-018,4,22.692,production,1267.6,321.6,0.596,9.92,3,1.383,0.288,17.89,46.94,18.02,115.74,105.301,108.566,324.8,True,physics_simulated_synthetic
BGW-018,4,27.835,production,1267.6,321.6,0.596,9.92,3,1.383,0.288,17.89,46.94,18.02,162.34,83.207,84.735,1794.91,True,physics_simulated_synthetic
BGW-018,4,37.12,production,1267.6,321.6,0.596,9.92,3,1.383,0.288,17.89,46.94,18.02,246.47,55.301,59.536,14283.84,True,physics_simulated_synthetic
BGW-018,4,41.576,production,1267.6,321.6,0.596,9.92,3,1.383,0.288,17.89,46.94,18.02,286.84,50.096,51.375,29959.63,True,physics_simulated_synthetic
BGW-018,4,43.987,production,1267.6,321.6,0.596,9.92,3,1.383,0.288,17.89,46.94,18.02,308.7,48.652,51.214,30411.41,True,physics_simulated_synthetic
BGW-018,4,44.049,production,1267.6,321.6,0.596,9.92,3,1.383,0.288,17.89,46.94,18.02,309.25,48.625,50.768,31705.94,True,physics_simulated_synthetic
BGW-018,4,51.103,production,1267.6,321.6,0.596,9.92,3,1.383,0.288,17.89,46.94,18.02,373.17,47.11,50.303,33114.79,True,physics_simulated_synthetic
BGW-018,4,51.574,production,1267.6,321.6,0.596,9.92,3,1.383,0.288,17.89,46.94,18.02,377.43,47.084,49.15,36904.99,True,physics_simulated_synthetic
BGW-018,4,55.6,production,1267.6,321.6,0.596,9.92,3,1.383,0.288,17.89,46.94,18.02,413.92,46.972,49.555,35522.38,True,physics_simulated_synthetic
BGW-018,4,56.554,production,1267.6,321.6,0.596,9.92,3,1.383,0.288,17.89,46.94,18.02,422.56,46.962,49.595,35390.49,True,physics_simulated_synthetic
BGW-018,4,58.168,production,1267.6,321.6,0.596,9.92,3,1.383,0.288,17.89,46.94,18.02,437.18,46.953,48.888,37829.3,True,physics_simulated_synthetic
BGW-018,4,59.239,production,1267.6,321.6,0.596,9.92,3,1.383,0.288,17.89,46.94,18.02,446.89,46.95,50.592,32230.66,True,physics_simulated_synthetic
BGW-019,2,0.827,soak,823.7,282.3,0.674,8.18,1,1.608,0.204,14.6,46.75,18.3,0.0,151.192,149.02,27.74,True,physics_simulated_synthetic
BGW-019,2,1.31,soak,823.7,282.3,0.674,8.18,1,1.608,0.204,14.6,46.75,18.3,0.0,149.418,146.632,31.66,True,physics_simulated_synthetic
BGW-019,2,1.336,soak,823.7,282.3,0.674,8.18,1,1.608,0.204,14.6,46.75,18.3,0.0,149.323,150.379,25.75,True,physics_simulated_synthetic
BGW-019,2,6.017,soak,823.7,282.3,0.674,8.18,1,1.608,0.204,14.6,46.75,18.3,0.0,133.645,130.969,78.25,True,physics_simulated_synthetic
BGW-019,2,6.52,soak,823.7,282.3,0.674,8.18,1,1.608,0.204,14.6,46.75,18.3,0.0,132.111,129.135,87.4,True,physics_simulated_synthetic
BGW-019,2,14.898,production,823.7,282.3,0.674,8.18,1,1.608,0.204,14.6,46.75,18.3,117.31,99.964,98.528,649.73,True,physics_simulated_synthetic
BGW-019,2,17.088,production,823.7,282.3,0.674,8.18,1,1.608,0.204,14.6,46.75,18.3,155.55,91.494,89.803,1224.57,True,physics_simulated_synthetic
BGW-019,2,20.69,production,823.7,282.3,0.674,8.18,1,1.608,0.204,14.6,46.75,18.3,218.39,77.345,73.335,4419.03,True,physics_simulated_synthetic
BGW-019,2,22.67,production,823.7,282.3,0.674,8.18,1,1.608,0.204,14.6,46.75,18.3,252.95,70.42,69.949,5842.08,True,physics_simulated_synthetic
BGW-019,2,23.644,production,823.7,282.3,0.674,8.18,1,1.608,0.204,14.6,46.75,18.3,269.95,67.335,65.16,8753.11,True,physics_simulated_synthetic
BGW-019,2,25.277,production,823.7,282.3,0.674,8.18,1,1.608,0.204,14.6,46.75,18.3,298.44,62.591,58.992,14988.73,True,physics_simulated_synthetic
BGW-019,2,27.393,production,823.7,282.3,0.674,8.18,1,1.608,0.204,14.6,46.75,18.3,335.36,57.436,57.057,17818.62,True,physics_simulated_synthetic
BGW-019,2,30.908,production,823.7,282.3,0.674,8.18,1,1.608,0.204,14.6,46.75,18.3,396.71,51.486,50.318,33066.03,True,physics_simulated_synthetic
BGW-019,2,31.826,production,823.7,282.3,0.674,8.18,1,1.608,0.204,14.6,46.75,18.3,412.73,50.484,46.67,46716.81,True,physics_simulated_synthetic
BGW-019,2,35.611,production,823.7,282.3,0.674,8.18,1,1.608,0.204,14.6,46.75,18.3,478.78,47.903,48.347,39815.0,True,physics_simulated_synthetic
BGW-019,2,36.082,production,823.7,282.3,0.674,8.18,1,1.608,0.204,14.6,46.75,18.3,487.0,47.732,46.611,46980.5,True,physics_simulated_synthetic
BGW-019,2,45.831,production,823.7,282.3,0.674,8.18,1,1.608,0.204,14.6,46.75,18.3,657.12,46.756,45.747,51048.27,True,physics_simulated_synthetic
BGW-019,2,46.969,production,823.7,282.3,0.674,8.18,1,1.608,0.204,14.6,46.75,18.3,676.99,46.752,46.935,45549.1,True,physics_simulated_synthetic
BGW-019,2,48.618,production,823.7,282.3,0.674,8.18,1,1.608,0.204,14.6,46.75,18.3,705.76,46.749,45.747,51048.27,True,physics_simulated_synthetic
BGW-019,2,56.544,production,823.7,282.3,0.674,8.18,1,1.608,0.204,14.6,46.75,18.3,844.08,46.747,45.747,51048.27,True,physics_simulated_synthetic
BGW-020,1,1.864,soak,1277.8,429.0,0.701,11.77,0,1.585,0.261,18.03,46.9,17.56,0.0,178.971,178.527,6.09,True,physics_simulated_synthetic
BGW-020,1,10.879,soak,1277.8,429.0,0.701,11.77,0,1.585,0.261,18.03,46.9,17.56,0.0,146.535,144.375,35.92,True,physics_simulated_synthetic
BGW-020,1,11.189,soak,1277.8,429.0,0.701,11.77,0,1.585,0.261,18.03,46.9,17.56,0.0,145.575,146.061,32.68,True,physics_simulated_synthetic
BGW-020,1,12.011,production,1277.8,429.0,0.701,11.77,0,1.585,0.261,18.03,46.9,17.56,2.56,143.042,140.74,44.14,True,physics_simulated_synthetic
BGW-020,1,15.809,production,1277.8,429.0,0.701,11.77,0,1.585,0.261,18.03,46.9,17.56,42.68,129.687,130.722,79.42,True,physics_simulated_synthetic
BGW-020,1,18.084,production,1277.8,429.0,0.701,11.77,0,1.585,0.261,18.03,46.9,17.56,66.72,121.169,124.582,115.51,True,physics_simulated_synthetic
BGW-020,1,20.932,production,1277.8,429.0,0.701,11.77,0,1.585,0.261,18.03,46.9,17.56,96.81,109.617,109.542,304.2,True,physics_simulated_synthetic
BGW-020,1,21.313,production,1277.8,429.0,0.701,11.77,0,1.585,0.261,18.03,46.9,17.56,100.84,108.101,108.329,330.01,True,physics_simulated_synthetic
BGW-020,1,21.678,production,1277.8,429.0,0.701,11.77,0,1.585,0.261,18.03,46.9,17.56,104.7,106.643,105.365,403.54,True,physics_simulated_synthetic
BGW-020,1,23.393,production,1277.8,429.0,0.701,11.77,0,1.585,0.261,18.03,46.9,17.56,122.82,99.542,96.42,755.17,True,physics_simulated_synthetic
BGW-020,1,23.51,production,1277.8,429.0,0.701,11.77,0,1.585,0.261,18.03,46.9,17.56,124.06,99.071,97.64,692.08,True,physics_simulated_synthetic
BGW-020,1,27.991,production,1277.8,429.0,0.701,11.77,0,1.585,0.261,18.03,46.9,17.56,171.4,80.297,78.18,2991.96,True,physics_simulated_synthetic
BGW-020,1,31.843,production,1277.8,429.0,0.701,11.77,0,1.585,0.261,18.03,46.9,17.56,212.1,66.963,64.349,9383.66,True,physics_simulated_synthetic
BGW-020,1,34.317,production,1277.8,429.0,0.701,11.77,0,1.585,0.261,18.03,46.9,17.56,238.24,60.434,62.258,11246.63,True,physics_simulated_synthetic
BGW-020,1,40.489,production,1277.8,429.0,0.701,11.77,0,1.585,0.261,18.03,46.9,17.56,303.45,50.477,50.271,33213.58,True,physics_simulated_synthetic
BGW-020,1,40.802,production,1277.8,429.0,0.701,11.77,0,1.585,0.261,18.03,46.9,17.56,306.76,50.216,50.16,33559.54,True,physics_simulated_synthetic
BGW-020,1,43.005,production,1277.8,429.0,0.701,11.77,0,1.585,0.261,18.03,46.9,17.56,330.04,48.76,47.74,42179.33,True,physics_simulated_synthetic
BGW-020,1,51.157,production,1277.8,429.0,0.701,11.77,0,1.585,0.261,18.03,46.9,17.56,416.18,46.999,46.169,49017.41,True,physics_simulated_synthetic
BGW-020,1,51.329,production,1277.8,429.0,0.701,11.77,0,1.585,0.261,18.03,46.9,17.56,417.98,46.992,47.755,42120.33,True,physics_simulated_synthetic
BGW-020,1,58.592,production,1277.8,429.0,0.701,11.77,0,1.585,0.261,18.03,46.9,17.56,494.73,46.899,46.266,48562.38,True,physics_simulated_synthetic
BGW-020,5,1.512,soak,1023.3,161.9,0.582,5.92,4,1.601,0.204,9.91,46.39,17.76,0.0,133.424,132.152,72.9,True,physics_simulated_synthetic
BGW-020,5,5.384,soak,1023.3,161.9,0.582,5.92,4,1.601,0.204,9.91,46.39,17.76,0.0,120.613,124.033,119.51,True,physics_simulated_synthetic
BGW-020,5,12.127,production,1023.3,161.9,0.582,5.92,4,1.601,0.204,9.91,46.39,17.76,118.83,96.446,98.065,671.44,True,physics_simulated_synthetic
BGW-020,5,18.508,production,1023.3,161.9,0.582,5.92,4,1.601,0.204,9.91,46.39,17.76,241.03,72.123,70.982,5361.94,True,physics_simulated_synthetic
BGW-020,5,18.875,production,1023.3,161.9,0.582,5.92,4,1.601,0.204,9.91,46.39,17.76,248.06,70.964,71.225,5255.47,True,physics_simulated_synthetic
BGW-020,5,19.675,production,1023.3,161.9,0.582,5.92,4,1.601,0.204,9.91,46.39,17.76,263.39,68.491,70.831,5429.22,True,physics_simulated_synthetic
BGW-020,5,20.34,production,1023.3,161.9,0.582,5.92,4,1.601,0.204,9.91,46.39,17.76,276.13,66.523,67.391,7239.91,True,physics_simulated_synthetic
BGW-020,5,23.11,production,1023.3,161.9,0.582,5.92,4,1.601,0.204,9.91,46.39,17.76,329.17,59.09,59.633,14160.78,True,physics_simulated_synthetic
BGW-020,5,26.061,production,1023.3,161.9,0.582,5.92,4,1.601,0.204,9.91,46.39,17.76,385.68,53.292,56.513,18713.22,True,physics_simulated_synthetic
BGW-020,5,30.253,production,1023.3,161.9,0.582,5.92,4,1.601,0.204,9.91,46.39,17.76,465.96,48.624,48.418,39551.54,True,physics_simulated_synthetic
BGW-020,5,31.909,production,1023.3,161.9,0.582,5.92,4,1.601,0.204,9.91,46.39,17.76,497.68,47.717,47.86,41703.11,True,physics_simulated_synthetic
BGW-020,5,45.399,production,1023.3,161.9,0.582,5.92,4,1.601,0.204,9.91,46.39,17.76,756.02,46.387,47.942,41375.57,True,physics_simulated_synthetic
BGW-020,5,45.885,production,1023.3,161.9,0.582,5.92,4,1.601,0.204,9.91,46.39,17.76,765.34,46.386,48.193,40402.94,True,physics_simulated_synthetic
BGW-020,5,46.013,production,1023.3,161.9,0.582,5.92,4,1.601,0.204,9.91,46.39,17.76,767.77,46.386,48.341,39838.94,True,physics_simulated_synthetic
BGW-020,5,46.436,production,1023.3,161.9,0.582,5.92,4,1.601,0.204,9.91,46.39,17.76,775.89,46.386,48.922,37708.4,True,physics_simulated_synthetic
BGW-020,5,48.384,production,1023.3,161.9,0.582,5.92,4,1.601,0.204,9.91,46.39,17.76,813.18,46.386,47.924,41449.13,True,physics_simulated_synthetic
BGW-020,5,50.656,production,1023.3,161.9,0.582,5.92,4,1.601,0.204,9.91,46.39,17.76,856.7,46.386,48.331,39877.84,True,physics_simulated_synthetic
BGW-020,5,53.73,production,1023.3,161.9,0.582,5.92,4,1.601,0.204,9.91,46.39,17.76,915.57,46.386,47.283,44058.8,True,physics_simulated_synthetic
BGW-020,5,55.712,production,1023.3,161.9,0.582,5.92,4,1.601,0.204,9.91,46.39,17.76,953.52,46.386,47.733,42206.38,True,physics_simulated_synthetic
BGW-020,5,59.449,production,1023.3,161.9,0.582,5.92,4,1.601,0.204,9.91,46.39,17.76,1025.08,46.386,47.796,41955.03,True,physics_simulated_synthetic
BGW-021,5,3.531,soak,1281.6,248.3,0.701,7.34,4,1.583,0.26,8.13,46.7,18.13,0.0,162.861,166.217,11.18,True,physics_simulated_synthetic
BGW-021,5,6.911,soak,1281.6,248.3,0.701,7.34,4,1.583,0.26,8.13,46.7,18.13,0.0,147.206,150.294,25.87,True,physics_simulated_synthetic
BGW-021,5,8.526,production,1281.6,248.3,0.701,7.34,4,1.583,0.26,8.13,46.7,18.13,10.43,140.328,144.529,35.61,True,physics_simulated_synthetic
BGW-021,5,10.199,production,1281.6,248.3,0.701,7.34,4,1.583,0.26,8.13,46.7,18.13,25.17,133.379,135.371,60.26,True,physics_simulated_synthetic
BGW-021,5,15.403,production,1281.6,248.3,0.701,7.34,4,1.583,0.26,8.13,46.7,18.13,71.02,111.243,112.914,243.23,True,physics_simulated_synthetic
BGW-021,5,15.807,production,1281.6,248.3,0.701,7.34,4,1.583,0.26,8.13,46.7,18.13,74.58,109.645,113.136,239.71,True,physics_simulated_synthetic
BGW-021,5,24.804,production,1281.6,248.3,0.701,7.34,4,1.583,0.26,8.13,46.7,18.13,153.85,73.689,77.708,3106.24,True,physics_simulated_synthetic
BGW-021,5,31.588,production,1281.6,248.3,0.701,7.34,4,1.583,0.26,8.13,46.7,18.13,213.61,56.734,60.377,13261.41,True,physics_simulated_synthetic
BGW-021,5,33.832,production,1281.6,248.3,0.701,7.34,4,1.583,0.26,8.13,46.7,18.13,233.38,53.445,55.489,20529.66,True,physics_simulated_synthetic
BGW-021,5,35.05,production,1281.6,248.3,0.701,7.34,4,1.583,0.26,8.13,46.7,18.13,244.11,52.044,56.169,19302.39,True,physics_simulated_synthetic
BGW-021,5,35.871,production,1281.6,248.3,0.701,7.34,4,1.583,0.26,8.13,46.7,18.13,251.35,51.233,53.369,24914.69,True,physics_simulated_synthetic
BGW-021,5,43.262,production,1281.6,248.3,0.701,7.34,4,1.583,0.26,8.13,46.7,18.13,316.47,47.372,49.819,34651.89,True,physics_simulated_synthetic
BGW-021,5,47.083,production,1281.6,248.3,0.701,7.34,4,1.583,0.26,8.13,46.7,18.13,350.13,46.9,48.756,38304.42,True,physics_simulated_synthetic
BGW-021,5,48.954,production,1281.6,248.3,0.701,7.34,4,1.583,0.26,8.13,46.7,18.13,366.62,46.805,51.804,28789.29,True,physics_simulated_synthetic
BGW-021,5,49.094,production,1281.6,248.3,0.701,7.34,4,1.583,0.26,8.13,46.7,18.13,367.85,46.8,50.864,31421.13,True,physics_simulated_synthetic
BGW-021,5,49.435,production,1281.6,248.3,0.701,7.34,4,1.583,0.26,8.13,46.7,18.13,370.85,46.789,50.813,31571.49,True,physics_simulated_synthetic
BGW-021,5,50.288,production,1281.6,248.3,0.701,7.34,4,1.583,0.26,8.13,46.7,18.13,378.37,46.765,51.689,29098.95,True,physics_simulated_synthetic
BGW-021,5,55.776,production,1281.6,248.3,0.701,7.34,4,1.583,0.26,8.13,46.7,18.13,426.72,46.709,53.824,23894.56,True,physics_simulated_synthetic
BGW-021,5,58.056,production,1281.6,248.3,0.701,7.34,4,1.583,0.26,8.13,46.7,18.13,446.8,46.706,47.49,43196.27,True,physics_simulated_synthetic
BGW-021,5,58.186,production,1281.6,248.3,0.701,7.34,4,1.583,0.26,8.13,46.7,18.13,447.96,46.706,48.849,37968.31,True,physics_simulated_synthetic
BGW-021,2,3.638,soak,1168.3,285.7,0.675,5.52,1,2.288,0.23,15.87,46.13,17.08,0.0,156.95,157.987,17.12,True,physics_simulated_synthetic
BGW-021,2,5.641,production,1168.3,285.7,0.675,5.52,1,2.288,0.23,15.87,46.13,17.08,1.47,147.039,148.583,28.42,True,physics_simulated_synthetic
BGW-021,2,8.188,production,1168.3,285.7,0.675,5.52,1,2.288,0.23,15.87,46.13,17.08,32.4,135.0,136.919,55.04,True,physics_simulated_synthetic
BGW-021,2,11.818,production,1168.3,285.7,0.675,5.52,1,2.288,0.23,15.87,46.13,17.08,76.48,117.991,120.63,147.92,True,physics_simulated_synthetic
BGW-021,2,15.273,production,1168.3,285.7,0.675,5.52,1,2.288,0.23,15.87,46.13,17.08,118.44,102.023,105.328,404.56,True,physics_simulated_synthetic
BGW-021,2,15.714,production,1168.3,285.7,0.675,5.52,1,2.288,0.23,15.87,46.13,17.08,123.8,100.104,101.484,527.7,True,physics_simulated_synthetic
BGW-021,2,17.812,production,1168.3,285.7,0.675,5.52,1,2.288,0.23,15.87,46.13,17.08,149.28,90.958,92.111,1032.54,True,physics_simulated_synthetic
BGW-021,2,19.21,production,1168.3,285.7,0.675,5.52,1,2.288,0.23,15.87,46.13,17.08,166.25,85.184,87.588,1445.4,True,physics_simulated_synthetic
BGW-021,2,20.341,production,1168.3,285.7,0.675,5.52,1,2.288,0.23,15.87,46.13,17.08,179.99,80.729,83.376,1992.41,True,physics_simulated_synthetic
BGW-021,2,22.101,production,1168.3,285.7,0.675,5.52,1,2.288,0.23,15.87,46.13,17.08,201.36,74.194,75.378,3743.97,True,physics_simulated_synthetic
BGW-021,2,22.133,production,1168.3,285.7,0.675,5.52,1,2.288,0.23,15.87,46.13,17.08,201.75,74.083,76.982,3291.55,True,physics_simulated_synthetic
BGW-021,2,23.155,production,1168.3,285.7,0.675,5.52,1,2.288,0.23,15.87,46.13,17.08,214.17,70.619,73.782,4260.95,True,physics_simulated_synthetic
BGW-021,2,23.289,production,1168.3,285.7,0.675,5.52,1,2.288,0.23,15.87,46.13,17.08,215.8,70.187,73.787,4259.19,True,physics_simulated_synthetic
BGW-021,2,32.23,production,1168.3,285.7,0.675,5.52,1,2.288,0.23,15.87,46.13,17.08,324.38,50.217,54.499,22465.15,True,physics_simulated_synthetic
BGW-021,2,37.617,production,1168.3,285.7,0.675,5.52,1,2.288,0.23,15.87,46.13,17.08,389.8,47.02,47.599,42750.06,True,physics_simulated_synthetic
BGW-021,2,39.224,production,1168.3,285.7,0.675,5.52,1,2.288,0.23,15.87,46.13,17.08,409.32,46.659,48.471,39352.9,True,physics_simulated_synthetic
BGW-021,2,39.328,production,1168.3,285.7,0.675,5.52,1,2.288,0.23,15.87,46.13,17.08,410.57,46.642,48.449,39433.44,True,physics_simulated_synthetic
BGW-021,2,44.911,production,1168.3,285.7,0.675,5.52,1,2.288,0.23,15.87,46.13,17.08,478.38,46.189,47.843,41767.21,True,physics_simulated_synthetic
BGW-021,2,52.576,production,1168.3,285.7,0.675,5.52,1,2.288,0.23,15.87,46.13,17.08,571.47,46.135,47.018,45187.37,True,physics_simulated_synthetic
BGW-021,2,56.991,production,1168.3,285.7,0.675,5.52,1,2.288,0.23,15.87,46.13,17.08,625.09,46.134,45.846,50564.25,True,physics_simulated_synthetic
BGW-021,4,0.291,soak,1579.9,376.4,0.803,10.95,3,1.34,0.267,9.03,47.72,18.3,0.0,190.724,193.321,5.0,True,physics_simulated_synthetic
BGW-021,4,2.371,soak,1579.9,376.4,0.803,10.95,3,1.34,0.267,9.03,47.72,18.3,0.0,180.484,184.145,5.0,True,physics_simulated_synthetic
BGW-021,4,2.591,soak,1579.9,376.4,0.803,10.95,3,1.34,0.267,9.03,47.72,18.3,0.0,179.449,178.831,6.0,True,physics_simulated_synthetic
BGW-021,4,5.615,soak,1579.9,376.4,0.803,10.95,3,1.34,0.267,9.03,47.72,18.3,0.0,165.959,170.122,9.19,True,physics_simulated_synthetic
BGW-021,4,11.286,production,1579.9,376.4,0.803,10.95,3,1.34,0.267,9.03,47.72,18.3,6.47,143.797,144.857,34.96,True,physics_simulated_synthetic
BGW-021,4,11.988,production,1579.9,376.4,0.803,10.95,3,1.34,0.267,9.03,47.72,18.3,20.07,141.201,144.381,35.91,True,physics_simulated_synthetic
BGW-021,4,12.262,production,1579.9,376.4,0.803,10.95,3,1.34,0.267,9.03,47.72,18.3,25.38,140.181,143.241,38.29,True,physics_simulated_synthetic
BGW-021,4,17.539,production,1579.9,376.4,0.803,10.95,3,1.34,0.267,9.03,47.72,18.3,127.68,113.928,118.162,173.05,True,physics_simulated_synthetic
BGW-021,4,17.948,production,1579.9,376.4,0.803,10.95,3,1.34,0.267,9.03,47.72,18.3,135.61,111.963,115.45,206.1,True,physics_simulated_synthetic
BGW-021,4,18.458,production,1579.9,376.4,0.803,10.95,3,1.34,0.267,9.03,47.72,18.3,145.5,109.476,108.863,318.37,True,physics_simulated_synthetic
BGW-021,4,20.341,production,1579.9,376.4,0.803,10.95,3,1.34,0.267,9.03,47.72,18.3,182.02,99.798,101.415,530.25,True,physics_simulated_synthetic
BGW-021,4,25.213,production,1579.9,376.4,0.803,10.95,3,1.34,0.267,9.03,47.72,18.3,276.47,74.854,77.763,3092.66,True,physics_simulated_synthetic
BGW-021,4,36.631,production,1579.9,376.4,0.803,10.95,3,1.34,0.267,9.03,47.72,18.3,497.82,48.766,51.209,30426.95,True,physics_simulated_synthetic
BGW-021,4,42.227,production,1579.9,376.4,0.803,10.95,3,1.34,0.267,9.03,47.72,18.3,606.3,47.809,51.193,30471.9,True,physics_simulated_synthetic
BGW-021,4,42.491,production,1579.9,376.4,0.803,10.95,3,1.34,0.267,9.03,47.72,18.3,611.42,47.798,51.619,29288.4,True,physics_simulated_synthetic
BGW-021,4,43.709,production,1579.9,376.4,0.803,10.95,3,1.34,0.267,9.03,47.72,18.3,635.03,47.762,51.33,30086.81,True,physics_simulated_synthetic
BGW-021,4,43.77,production,1579.9,376.4,0.803,10.95,3,1.34,0.267,9.03,47.72,18.3,636.21,47.761,50.177,33508.54,True,physics_simulated_synthetic
BGW-021,4,45.853,production,1579.9,376.4,0.803,10.95,3,1.34,0.267,9.03,47.72,18.3,676.59,47.733,47.864,41685.87,True,physics_simulated_synthetic
BGW-021,4,53.282,production,1579.9,376.4,0.803,10.95,3,1.34,0.267,9.03,47.72,18.3,820.62,47.721,49.799,34718.76,True,physics_simulated_synthetic
BGW-021,4,58.324,production,1579.9,376.4,0.803,10.95,3,1.34,0.267,9.03,47.72,18.3,918.37,47.721,51.019,30970.22,True,physics_simulated_synthetic
BGW-022,1,1.425,soak,1245.2,174.1,0.629,11.89,0,1.53,0.224,14.03,47.0,18.16,0.0,144.226,137.606,52.88,True,physics_simulated_synthetic
BGW-022,1,3.377,soak,1245.2,174.1,0.629,11.89,0,1.53,0.224,14.03,47.0,18.16,0.0,137.924,134.563,63.19,True,physics_simulated_synthetic
BGW-022,1,3.984,soak,1245.2,174.1,0.629,11.89,0,1.53,0.224,14.03,47.0,18.16,0.0,136.05,133.814,66.05,True,physics_simulated_synthetic
BGW-022,1,4.148,soak,1245.2,174.1,0.629,11.89,0,1.53,0.224,14.03,47.0,18.16,0.0,135.549,132.106,73.11,True,physics_simulated_synthetic
BGW-022,1,4.148,soak,1245.2,174.1,0.629,11.89,0,1.53,0.224,14.03,47.0,18.16,0.0,135.548,135.505,59.78,True,physics_simulated_synthetic
BGW-022,1,5.336,soak,1245.2,174.1,0.629,11.89,0,1.53,0.224,14.03,47.0,18.16,0.0,132.011,129.277,86.65,True,physics_simulated_synthetic
BGW-022,1,8.315,soak,1245.2,174.1,0.629,11.89,0,1.53,0.224,14.03,47.0,18.16,0.0,123.745,122.8,129.05,True,physics_simulated_synthetic
BGW-022,1,10.219,soak,1245.2,174.1,0.629,11.89,0,1.53,0.224,14.03,47.0,18.16,0.0,118.888,116.501,192.54,True,physics_simulated_synthetic
BGW-022,1,17.284,production,1245.2,174.1,0.629,11.89,0,1.53,0.224,14.03,47.0,18.16,98.43,95.829,94.233,884.3,True,physics_simulated_synthetic
BGW-022,1,22.174,production,1245.2,174.1,0.629,11.89,0,1.53,0.224,14.03,47.0,18.16,187.65,78.042,75.68,3653.81,True,physics_simulated_synthetic
BGW-022,1,22.604,production,1245.2,174.1,0.629,11.89,0,1.53,0.224,14.03,47.0,18.16,195.5,76.65,75.814,3614.77,True,physics_simulated_synthetic
BGW-022,1,25.704,production,1245.2,174.1,0.629,11.89,0,1.53,0.224,14.03,47.0,18.16,252.04,66.666,63.992,9676.96,True,physics_simulated_synthetic
BGW-022,1,34.065,production,1245.2,174.1,0.629,11.89,0,1.53,0.224,14.03,47.0,18.16,404.58,49.884,47.826,41836.02,True,physics_simulated_synthetic
BGW-022,1,41.386,production,1245.2,174.1,0.629,11.89,0,1.53,0.224,14.03,47.0,18.16,538.14,47.186,45.996,49840.98,True,physics_simulated_synthetic
BGW-022,1,43.425,production,1245.2,174.1,0.629,11.89,0,1.53,0.224,14.03,47.0,18.16,575.34,47.072,45.996,49840.98,True,physics_simulated_synthetic
BGW-022,1,43.673,production,1245.2,174.1,0.629,11.89,0,1.53,0.224,14.03,47.0,18.16,579.86,47.063,45.996,49840.98,True,physics_simulated_synthetic
BGW-022,1,49.606,production,1245.2,174.1,0.629,11.89,0,1.53,0.224,14.03,47.0,18.16,688.1,46.998,47.374,43678.05,True,physics_simulated_synthetic
BGW-022,1,50.132,production,1245.2,174.1,0.629,11.89,0,1.53,0.224,14.03,47.0,18.16,697.7,46.998,45.996,49840.98,True,physics_simulated_synthetic
BGW-022,1,51.753,production,1245.2,174.1,0.629,11.89,0,1.53,0.224,14.03,47.0,18.16,727.27,46.997,45.996,49840.98,True,physics_simulated_synthetic
BGW-022,1,52.094,production,1245.2,174.1,0.629,11.89,0,1.53,0.224,14.03,47.0,18.16,733.5,46.996,46.005,49799.14,True,physics_simulated_synthetic
BGW-022,2,0.517,soak,1001.4,259.5,0.595,10.98,1,1.962,0.216,15.71,47.7,17.48,0.0,155.474,153.46,21.79,True,physics_simulated_synthetic
BGW-022,2,0.656,soak,1001.4,259.5,0.595,10.98,1,1.962,0.216,15.71,47.7,17.48,0.0,154.863,150.913,25.01,True,physics_simulated_synthetic
BGW-022,2,2.693,soak,1001.4,259.5,0.595,10.98,1,1.962,0.216,15.71,47.7,17.48,0.0,146.299,140.948,43.62,True,physics_simulated_synthetic
BGW-022,2,2.835,soak,1001.4,259.5,0.595,10.98,1,1.962,0.216,15.71,47.7,17.48,0.0,145.728,143.647,37.42,True,physics_simulated_synthetic
BGW-022,2,4.312,soak,1001.4,259.5,0.595,10.98,1,1.962,0.216,15.71,47.7,17.48,0.0,139.984,138.147,51.25,True,physics_simulated_synthetic
BGW-022,2,7.436,soak,1001.4,259.5,0.595,10.98,1,1.962,0.216,15.71,47.7,17.48,0.0,128.918,128.32,91.83,True,physics_simulated_synthetic
BGW-022,2,9.036,soak,1001.4,259.5,0.595,10.98,1,1.962,0.216,15.71,47.7,17.48,0.0,123.773,123.682,122.15,True,physics_simulated_synthetic
BGW-022,2,11.369,production,1001.4,259.5,0.595,10.98,1,1.962,0.216,15.71,47.7,17.48,6.69,116.703,116.61,191.2,True,physics_simulated_synthetic
BGW-022,2,15.457,production,1001.4,259.5,0.595,10.98,1,1.962,0.216,15.71,47.7,17.48,76.33,102.756,99.068,625.33,True,physics_simulated_synthetic
BGW-022,2,21.552,production,1001.4,259.5,0.595,10.98,1,1.962,0.216,15.71,47.7,17.48,180.17,79.235,76.451,3434.46,True,physics_simulated_synthetic
BGW-022,2,33.315,production,1001.4,259.5,0.595,10.98,1,1.962,0.216,15.71,47.7,17.48,380.58,50.358,48.74,38363.69,True,physics_simulated_synthetic
BGW-022,2,35.528,production,1001.4,259.5,0.595,10.98,1,1.962,0.216,15.71,47.7,17.48,418.27,49.097,50.351,32966.23,True,physics_simulated_synthetic
BGW-022,2,35.711,production,1001.4,259.5,0.595,10.98,1,1.962,0.216,15.71,47.7,17.48,421.4,49.021,48.802,38136.65,True,physics_simulated_synthetic
BGW-022,2,35.787,production,1001.4,259.5,0.595,10.98,1,1.962,0.216,15.71,47.7,17.48,422.68,48.991,48.267,40119.15,True,physics_simulated_synthetic
BGW-022,2,44.884,production,1001.4,259.5,0.595,10.98,1,1.962,0.216,15.71,47.7,17.48,577.68,47.72,46.695,46604.51,True,physics_simulated_synthetic
BGW-022,2,45.365,production,1001.4,259.5,0.595,10.98,1,1.962,0.216,15.71,47.7,17.48,585.86,47.715,46.695,46604.51,True,physics_simulated_synthetic
BGW-022,2,45.735,production,1001.4,259.5,0.595,10.98,1,1.962,0.216,15.71,47.7,17.48,592.17,47.711,46.695,46604.51,True,physics_simulated_synthetic
BGW-022,2,47.536,production,1001.4,259.5,0.595,10.98,1,1.962,0.216,15.71,47.7,17.48,622.86,47.701,46.695,46604.51,True,physics_simulated_synthetic
BGW-022,2,59.231,production,1001.4,259.5,0.595,10.98,1,1.962,0.216,15.71,47.7,17.48,822.1,47.695,46.695,46604.51,True,physics_simulated_synthetic
BGW-022,2,59.475,production,1001.4,259.5,0.595,10.98,1,1.962,0.216,15.71,47.7,17.48,826.25,47.695,46.695,46604.51,True,physics_simulated_synthetic
BGW-022,1,2.944,soak,2040.4,367.7,0.571,9.53,0,1.995,0.291,17.59,47.44,18.17,0.0,172.391,168.426,10.0,True,physics_simulated_synthetic
BGW-022,1,9.623,production,2040.4,367.7,0.571,9.53,0,1.995,0.291,17.59,47.44,18.17,1.55,143.87,138.811,49.32,True,physics_simulated_synthetic
BGW-022,1,12.144,production,2040.4,367.7,0.571,9.53,0,1.995,0.291,17.59,47.44,18.17,45.62,133.444,131.099,77.64,True,physics_simulated_synthetic
BGW-022,1,19.348,production,2040.4,367.7,0.571,9.53,0,1.995,0.291,17.59,47.44,18.17,171.56,95.789,92.54,1000.53,True,physics_simulated_synthetic
BGW-022,1,24.257,production,2040.4,367.7,0.571,9.53,0,1.995,0.291,17.59,47.44,18.17,257.38,72.997,66.923,7532.43,True,physics_simulated_synthetic
BGW-022,1,26.228,production,2040.4,367.7,0.571,9.53,0,1.995,0.291,17.59,47.44,18.17,291.84,66.011,62.509,11003.51,True,physics_simulated_synthetic
BGW-022,1,28.883,production,2040.4,367.7,0.571,9.53,0,1.995,0.291,17.59,47.44,18.17,338.26,58.527,54.513,22435.51,True,physics_simulated_synthetic
BGW-022,1,32.366,production,2040.4,367.7,0.571,9.53,0,1.995,0.291,17.59,47.44,18.17,399.16,52.196,51.65,29204.69,True,physics_simulated_synthetic
BGW-022,1,34.294,production,2040.4,367.7,0.571,9.53,0,1.995,0.291,17.59,47.44,18.17,432.87,50.197,46.437,47774.55,True,physics_simulated_synthetic
BGW-022,1,34.979,production,2040.4,367.7,0.571,9.53,0,1.995,0.291,17.59,47.44,18.17,444.83,49.683,46.437,47774.55,True,physics_simulated_synthetic
BGW-022,1,35.111,production,2040.4,367.7,0.571,9.53,0,1.995,0.291,17.59,47.44,18.17,447.16,49.593,48.394,39638.0,True,physics_simulated_synthetic
BGW-022,1,35.251,production,2040.4,367.7,0.571,9.53,0,1.995,0.291,17.59,47.44,18.17,449.6,49.502,48.649,38694.67,True,physics_simulated_synthetic
BGW-022,1,38.493,production,2040.4,367.7,0.571,9.53,0,1.995,0.291,17.59,47.44,18.17,506.27,48.093,46.437,47774.55,True,physics_simulated_synthetic
BGW-022,1,39.44,production,2040.4,367.7,0.571,9.53,0,1.995,0.291,17.59,47.44,18.17,522.83,47.892,46.437,47774.55,True,physics_simulated_synthetic
BGW-022,1,39.861,production,2040.4,367.7,0.571,9.53,0,1.995,0.291,17.59,47.44,18.17,530.19,47.822,46.437,47774.55,True,physics_simulated_synthetic
BGW-022,1,41.836,production,2040.4,367.7,0.571,9.53,0,1.995,0.291,17.59,47.44,18.17,564.73,47.601,46.437,47774.55,True,physics_simulated_synthetic
BGW-022,1,43.213,production,2040.4,367.7,0.571,9.53,0,1.995,0.291,17.59,47.44,18.17,588.79,47.523,46.437,47774.55,True,physics_simulated_synthetic
BGW-022,1,45.367,production,2040.4,367.7,0.571,9.53,0,1.995,0.291,17.59,47.44,18.17,626.46,47.465,46.437,47774.55,True,physics_simulated_synthetic
BGW-022,1,57.418,production,2040.4,367.7,0.571,9.53,0,1.995,0.291,17.59,47.44,18.17,837.14,47.437,46.854,45901.96,True,physics_simulated_synthetic
BGW-022,1,59.86,production,2040.4,367.7,0.571,9.53,0,1.995,0.291,17.59,47.44,18.17,879.83,47.437,46.437,47774.55,True,physics_simulated_synthetic
BGW-023,1,2.033,soak,908.8,262.0,0.833,8.04,0,1.558,0.213,10.74,47.63,17.77,0.0,157.292,155.298,19.74,True,physics_simulated_synthetic
BGW-023,1,3.057,soak,908.8,262.0,0.833,8.04,0,1.558,0.213,10.74,47.63,17.77,0.0,153.006,151.597,24.1,True,physics_simulated_synthetic
BGW-023,1,3.2,soak,908.8,262.0,0.833,8.04,0,1.558,0.213,10.74,47.63,17.77,0.0,152.422,151.712,23.95,True,physics_simulated_synthetic
BGW-023,1,6.649,soak,908.8,262.0,0.833,8.04,0,1.558,0.213,10.74,47.63,17.77,0.0,139.254,139.813,46.55,True,physics_simulated_synthetic
BGW-023,1,12.704,production,908.8,262.0,0.833,8.04,0,1.558,0.213,10.74,47.63,17.77,89.93,114.247,112.566,248.88,True,physics_simulated_synthetic
BGW-023,1,16.632,production,908.8,262.0,0.833,8.04,0,1.558,0.213,10.74,47.63,17.77,165.66,96.568,93.154,956.59,True,physics_simulated_synthetic
BGW-023,1,24.128,production,908.8,262.0,0.833,8.04,0,1.558,0.213,10.74,47.63,17.77,310.23,64.372,60.854,12715.86,True,physics_simulated_synthetic
BGW-023,1,29.916,production,908.8,262.0,0.833,8.04,0,1.558,0.213,10.74,47.63,17.77,421.84,51.987,49.389,36081.84,True,physics_simulated_synthetic
BGW-023,1,31.328,production,908.8,262.0,0.833,8.04,0,1.558,0.213,10.74,47.63,17.77,449.08,50.567,47.894,41566.84,True,physics_simulated_synthetic
BGW-023,1,33.135,production,908.8,262.0,0.833,8.04,0,1.558,0.213,10.74,47.63,17.77,483.92,49.307,48.255,40164.3,True,physics_simulated_synthetic
BGW-023,1,36.52,production,908.8,262.0,0.833,8.04,0,1.558,0.213,10.74,47.63,17.77,549.18,48.112,46.631,46890.6,True,physics_simulated_synthetic
BGW-023,1,40.981,production,908.8,262.0,0.833,8.04,0,1.558,0.213,10.74,47.63,17.77,635.22,47.692,46.631,46890.6,True,physics_simulated_synthetic
BGW-023,1,46.35,production,908.8,262.0,0.833,8.04,0,1.558,0.213,10.74,47.63,17.77,738.76,47.634,46.631,46890.6,True,physics_simulated_synthetic
BGW-023,1,48.162,production,908.8,262.0,0.833,8.04,0,1.558,0.213,10.74,47.63,17.77,773.7,47.632,46.631,46890.6,True,physics_simulated_synthetic
BGW-023,1,49.167,production,908.8,262.0,0.833,8.04,0,1.558,0.213,10.74,47.63,17.77,793.08,47.632,48.648,38696.53,True,physics_simulated_synthetic
BGW-023,1,49.749,production,908.8,262.0,0.833,8.04,0,1.558,0.213,10.74,47.63,17.77,804.3,47.632,47.723,42246.93,True,physics_simulated_synthetic
BGW-023,1,53.02,production,908.8,262.0,0.833,8.04,0,1.558,0.213,10.74,47.63,17.77,867.38,47.631,46.819,46055.83,True,physics_simulated_synthetic
BGW-023,1,55.398,production,908.8,262.0,0.833,8.04,0,1.558,0.213,10.74,47.63,17.77,913.24,47.631,46.631,46890.6,True,physics_simulated_synthetic
BGW-023,1,57.03,production,908.8,262.0,0.833,8.04,0,1.558,0.213,10.74,47.63,17.77,944.71,47.631,46.631,46890.6,True,physics_simulated_synthetic
BGW-023,1,57.546,production,908.8,262.0,0.833,8.04,0,1.558,0.213,10.74,47.63,17.77,954.66,47.631,47.255,44174.73,True,physics_simulated_synthetic
BGW-023,5,0.744,soak,1926.5,339.4,0.736,9.11,4,2.06,0.202,19.41,47.17,18.56,0.0,189.028,191.453,5.0,True,physics_simulated_synthetic
BGW-023,5,1.502,soak,1926.5,339.4,0.736,9.11,4,2.06,0.202,19.41,47.17,18.56,0.0,184.924,186.615,5.0,True,physics_simulated_synthetic
BGW-023,5,10.376,production,1926.5,339.4,0.736,9.11,4,2.06,0.202,19.41,47.17,18.56,14.07,143.381,146.098,32.62,True,physics_simulated_synthetic
BGW-023,5,14.99,production,1926.5,339.4,0.736,9.11,4,2.06,0.202,19.41,47.17,18.56,65.51,122.865,125.164,111.42,True,physics_simulated_synthetic
BGW-023,5,17.113,production,1926.5,339.4,0.736,9.11,4,2.06,0.202,19.41,47.17,18.56,89.18,113.507,116.649,190.71,True,physics_simulated_synthetic
BGW-023,5,17.638,production,1926.5,339.4,0.736,9.11,4,2.06,0.202,19.41,47.17,18.56,95.03,111.243,112.758,245.75,True,physics_simulated_synthetic
BGW-023,5,19.18,production,1926.5,339.4,0.736,9.11,4,2.06,0.202,19.41,47.17,18.56,112.23,104.463,106.742,367.39,True,physics_simulated_synthetic
BGW-023,5,20.383,production,1926.5,339.4,0.736,9.11,4,2.06,0.202,19.41,47.17,18.56,125.64,99.237,99.819,593.06,True,physics_simulated_synthetic
BGW-023,5,22.517,production,1926.5,339.4,0.736,9.11,4,2.06,0.202,19.41,47.17,18.56,149.43,90.052,90.222,1187.07,True,physics_simulated_synthetic
BGW-023,5,22.637,production,1926.5,339.4,0.736,9.11,4,2.06,0.202,19.41,47.17,18.56,150.77,89.563,92.965,969.91,True,physics_simulated_synthetic
BGW-023,5,26.219,production,1926.5,339.4,0.736,9.11,4,2.06,0.202,19.41,47.17,18.56,190.71,75.286,76.601,3393.39,True,physics_simulated_synthetic
BGW-023,5,29.957,production,1926.5,339.4,0.736,9.11,4,2.06,0.202,19.41,47.17,18.56,232.37,63.44,65.58,8444.58,True,physics_simulated_synthetic
BGW-023,5,30.431,production,1926.5,339.4,0.736,9.11,4,2.06,0.202,19.41,47.17,18.56,237.66,62.25,63.436,10153.05,True,physics_simulated_synthetic
BGW-023,5,30.584,production,1926.5,339.4,0.736,9.11,4,2.06,0.202,19.41,47.17,18.56,239.37,61.881,62.072,11429.8,True,physics_simulated_synthetic
BGW-023,5,31.653,production,1926.5,339.4,0.736,9.11,4,2.06,0.202,19.41,47.17,18.56,251.28,59.431,60.459,13165.65,True,physics_simulated_synthetic
BGW-023,5,32.599,production,1926.5,339.4,0.736,9.11,4,2.06,0.202,19.41,47.17,18.56,261.82,57.505,60.528,13085.88,True,physics_simulated_synthetic
BGW-023,5,38.624,production,1926.5,339.4,0.736,9.11,4,2.06,0.202,19.41,47.17,18.56,329.01,49.698,51.488,29647.3,True,physics_simulated_synthetic
BGW-023,5,41.566,production,1926.5,339.4,0.736,9.11,4,2.06,0.202,19.41,47.17,18.56,361.8,48.262,46.879,45794.1,True,physics_simulated_synthetic
BGW-023,5,57.0,production,1926.5,339.4,0.736,9.11,4,2.06,0.202,19.41,47.17,18.56,533.87,47.172,47.883,41610.7,True,physics_simulated_synthetic
BGW-023,5,58.196,production,1926.5,339.4,0.736,9.11,4,2.06,0.202,19.41,47.17,18.56,547.2,47.172,50.679,31968.93,True,physics_simulated_synthetic
BGW-023,1,1.895,soak,2081.9,157.8,0.801,4.61,0,1.514,0.2,12.23,46.67,17.33,0.0,167.144,163.958,12.55,True,physics_simulated_synthetic
BGW-023,1,5.324,production,2081.9,157.8,0.801,4.61,0,1.514,0.2,12.23,46.67,17.33,11.36,152.81,151.823,23.81,True,physics_simulated_synthetic
BGW-023,1,7.465,production,2081.9,157.8,0.801,4.61,0,1.514,0.2,12.23,46.67,17.33,45.59,143.941,142.499,39.94,True,physics_simulated_synthetic
BGW-023,1,8.649,production,2081.9,157.8,0.801,4.61,0,1.514,0.2,12.23,46.67,17.33,64.54,138.939,135.185,60.92,True,physics_simulated_synthetic
BGW-023,1,13.953,production,2081.9,157.8,0.801,4.61,0,1.514,0.2,12.23,46.67,17.33,149.36,112.459,112.168,255.48,True,physics_simulated_synthetic
BGW-023,1,17.723,production,2081.9,157.8,0.801,4.61,0,1.514,0.2,12.23,46.67,17.33,209.66,93.024,91.657,1067.6,True,physics_simulated_synthetic
BGW-023,1,24.142,production,2081.9,157.8,0.801,4.61,0,1.514,0.2,12.23,46.67,17.33,312.31,64.569,60.795,12781.9,True,physics_simulated_synthetic
BGW-023,1,24.411,production,2081.9,157.8,0.801,4.61,0,1.514,0.2,12.23,46.67,17.33,316.61,63.748,64.088,9597.36,True,physics_simulated_synthetic
BGW-023,1,24.672,production,2081.9,157.8,0.801,4.61,0,1.514,0.2,12.23,46.67,17.33,320.78,62.974,64.148,9548.23,True,physics_simulated_synthetic
BGW-023,1,27.065,production,2081.9,157.8,0.801,4.61,0,1.514,0.2,12.23,46.67,17.33,359.06,56.76,58.012,16357.6,True,physics_simulated_synthetic
BGW-023,1,27.405,production,2081.9,157.8,0.801,4.61,0,1.514,0.2,12.23,46.67,17.33,364.48,56.054,55.721,20101.65,True,physics_simulated_synthetic
BGW-023,1,36.852,production,2081.9,157.8,0.801,4.61,0,1.514,0.2,12.23,46.67,17.33,515.57,47.11,46.339,48223.26,True,physics_simulated_synthetic
BGW-023,1,39.154,production,2081.9,157.8,0.801,4.61,0,1.514,0.2,12.23,46.67,17.33,552.39,46.839,47.863,41688.11,True,physics_simulated_synthetic
BGW-023,1,40.044,production,2081.9,157.8,0.801,4.61,0,1.514,0.2,12.23,46.67,17.33,566.62,46.784,48.304,39979.72,True,physics_simulated_synthetic
BGW-023,1,45.208,production,2081.9,157.8,0.801,4.61,0,1.514,0.2,12.23,46.67,17.33,649.2,46.676,47.428,43451.8,True,physics_simulated_synthetic
BGW-023,1,46.06,production,2081.9,157.8,0.801,4.61,0,1.514,0.2,12.23,46.67,17.33,662.83,46.673,45.669,51437.08,True,physics_simulated_synthetic
BGW-023,1,53.588,production,2081.9,157.8,0.801,4.61,0,1.514,0.2,12.23,46.67,17.33,783.22,46.669,46.116,49271.07,True,physics_simulated_synthetic
BGW-023,1,54.799,production,2081.9,157.8,0.801,4.61,0,1.514,0.2,12.23,46.67,17.33,802.59,46.669,46.449,47718.23,True,physics_simulated_synthetic
BGW-023,1,56.55,production,2081.9,157.8,0.801,4.61,0,1.514,0.2,12.23,46.67,17.33,830.6,46.669,45.669,51437.08,True,physics_simulated_synthetic
BGW-023,1,57.04,production,2081.9,157.8,0.801,4.61,0,1.514,0.2,12.23,46.67,17.33,838.43,46.669,46.491,47527.37,True,physics_simulated_synthetic
BGW-024,2,6.357,soak,731.9,299.0,0.816,9.04,1,1.873,0.251,12.5,46.42,18.65,0.0,130.981,134.501,63.42,True,physics_simulated_synthetic
BGW-024,2,11.903,production,731.9,299.0,0.816,9.04,1,1.873,0.251,12.5,46.42,18.65,30.65,111.485,112.906,243.36,True,physics_simulated_synthetic
BGW-024,2,17.463,production,731.9,299.0,0.816,9.04,1,1.873,0.251,12.5,46.42,18.65,90.19,92.05,93.881,907.21,True,physics_simulated_synthetic
BGW-024,2,23.666,production,731.9,299.0,0.816,9.04,1,1.873,0.251,12.5,46.42,18.65,156.62,71.669,74.864,3902.86,True,physics_simulated_synthetic
BGW-024,2,25.21,production,731.9,299.0,0.816,9.04,1,1.873,0.251,12.5,46.42,18.65,173.15,67.561,67.849,6965.5,True,physics_simulated_synthetic
BGW-024,2,27.172,production,731.9,299.0,0.816,9.04,1,1.873,0.251,12.5,46.42,18.65,194.17,62.829,62.983,10558.96,True,physics_simulated_synthetic
BGW-024,2,33.928,production,731.9,299.0,0.816,9.04,1,1.873,0.251,12.5,46.42,18.65,266.52,51.32,52.589,26771.36,True,physics_simulated_synthetic
BGW-024,2,34.492,production,731.9,299.0,0.816,9.04,1,1.873,0.251,12.5,46.42,18.65,272.56,50.785,53.487,24645.36,True,physics_simulated_synthetic
BGW-024,2,39.875,production,731.9,299.0,0.816,9.04,1,1.873,0.251,12.5,46.42,18.65,330.21,47.544,47.225,44300.8,True,physics_simulated_synthetic
BGW-024,2,42.997,production,731.9,299.0,0.816,9.04,1,1.873,0.251,12.5,46.42,18.65,363.65,46.856,46.065,49511.28,True,physics_simulated_synthetic
BGW-024,2,43.765,production,731.9,299.0,0.816,9.04,1,1.873,0.251,12.5,46.42,18.65,371.86,46.76,49.457,35851.67,True,physics_simulated_synthetic
BGW-024,2,44.675,production,731.9,299.0,0.816,9.04,1,1.873,0.251,12.5,46.42,18.65,381.61,46.67,47.37,43694.72,True,physics_simulated_synthetic
BGW-024,2,45.599,production,731.9,299.0,0.816,9.04,1,1.873,0.251,12.5,46.42,18.65,391.51,46.6,47.595,42765.2,True,physics_simulated_synthetic
BGW-024,2,47.925,production,731.9,299.0,0.816,9.04,1,1.873,0.251,12.5,46.42,18.65,416.42,46.494,45.438,52593.25,True,physics_simulated_synthetic
BGW-024,2,48.835,production,731.9,299.0,0.816,9.04,1,1.873,0.251,12.5,46.42,18.65,426.16,46.471,47.064,44987.77,True,physics_simulated_synthetic
BGW-024,2,50.781,production,731.9,299.0,0.816,9.04,1,1.873,0.251,12.5,46.42,18.65,447.0,46.441,47.975,41248.46,True,physics_simulated_synthetic
BGW-024,2,51.776,production,731.9,299.0,0.816,9.04,1,1.873,0.251,12.5,46.42,18.65,457.66,46.433,49.28,36455.81,True,physics_simulated_synthetic
BGW-024,2,52.897,production,731.9,299.0,0.816,9.04,1,1.873,0.251,12.5,46.42,18.65,469.67,46.427,46.892,45736.78,True,physics_simulated_synthetic
BGW-024,2,55.617,production,731.9,299.0,0.816,9.04,1,1.873,0.251,12.5,46.42,18.65,498.79,46.421,50.285,33168.79,True,physics_simulated_synthetic
BGW-024,2,59.586,production,731.9,299.0,0.816,9.04,1,1.873,0.251,12.5,46.42,18.65,541.3,46.419,47.005,45244.83,True,physics_simulated_synthetic
BGW-024,5,1.929,soak,1965.8,196.0,0.725,6.28,4,2.113,0.229,15.4,46.51,18.02,0.0,177.837,179.286,5.87,True,physics_simulated_synthetic
BGW-024,5,9.952,production,1965.8,196.0,0.725,6.28,4,2.113,0.229,15.4,46.51,18.02,72.16,132.609,132.882,69.8,True,physics_simulated_synthetic
BGW-024,5,10.223,production,1965.8,196.0,0.725,6.28,4,2.113,0.229,15.4,46.51,18.02,77.5,131.207,135.938,58.29,True,physics_simulated_synthetic
BGW-024,5,13.797,production,1965.8,196.0,0.725,6.28,4,2.113,0.229,15.4,46.51,18.02,147.76,111.14,112.913,243.26,True,physics_simulated_synthetic
BGW-024,5,22.878,production,1965.8,196.0,0.725,6.28,4,2.113,0.229,15.4,46.51,18.02,326.34,63.497,66.398,7875.5,True,physics_simulated_synthetic
BGW-024,5,23.272,production,1965.8,196.0,0.725,6.28,4,2.113,0.229,15.4,46.51,18.02,334.08,62.296,64.406,9338.15,True,physics_simulated_synthetic
BGW-024,5,23.598,production,1965.8,196.0,0.725,6.28,4,2.113,0.229,15.4,46.51,18.02,340.49,61.342,64.647,9146.34,True,physics_simulated_synthetic
BGW-024,5,28.104,production,1965.8,196.0,0.725,6.28,4,2.113,0.229,15.4,46.51,18.02,429.1,51.523,53.122,25486.75,True,physics_simulated_synthetic
BGW-024,5,31.964,production,1965.8,196.0,0.725,6.28,4,2.113,0.229,15.4,46.51,18.02,505.01,48.008,50.686,31947.93,True,physics_simulated_synthetic
BGW-024,5,38.568,production,1965.8,196.0,0.725,6.28,4,2.113,0.229,15.4,46.51,18.02,634.86,46.594,50.154,33580.18,True,physics_simulated_synthetic
BGW-024,5,41.325,production,1965.8,196.0,0.725,6.28,4,2.113,0.229,15.4,46.51,18.02,689.08,46.529,48.048,40963.81,True,physics_simulated_synthetic
BGW-024,5,42.574,production,1965.8,196.0,0.725,6.28,4,2.113,0.229,15.4,46.51,18.02,713.62,46.52,48.469,39357.73,True,physics_simulated_synthetic
BGW-024,5,48.738,production,1965.8,196.0,0.725,6.28,4,2.113,0.229,15.4,46.51,18.02,834.84,46.51,48.954,37594.25,True,physics_simulated_synthetic
BGW-024,5,49.179,production,1965.8,196.0,0.725,6.28,4,2.113,0.229,15.4,46.51,18.02,843.52,46.51,47.44,43403.41,True,physics_simulated_synthetic
BGW-024,5,52.244,production,1965.8,196.0,0.725,6.28,4,2.113,0.229,15.4,46.51,18.02,903.78,46.51,48.849,37970.37,True,physics_simulated_synthetic
BGW-024,5,52.491,production,1965.8,196.0,0.725,6.28,4,2.113,0.229,15.4,46.51,18.02,908.64,46.51,49.606,35351.42,True,physics_simulated_synthetic
BGW-024,5,52.544,production,1965.8,196.0,0.725,6.28,4,2.113,0.229,15.4,46.51,18.02,909.69,46.51,48.881,37854.94,True,physics_simulated_synthetic
BGW-024,5,53.549,production,1965.8,196.0,0.725,6.28,4,2.113,0.229,15.4,46.51,18.02,929.45,46.51,49.06,37218.8,True,physics_simulated_synthetic
BGW-024,5,56.919,production,1965.8,196.0,0.725,6.28,4,2.113,0.229,15.4,46.51,18.02,995.71,46.51,49.412,36003.54,True,physics_simulated_synthetic
BGW-024,5,59.217,production,1965.8,196.0,0.725,6.28,4,2.113,0.229,15.4,46.51,18.02,1040.89,46.51,48.522,39161.5,True,physics_simulated_synthetic
BGW-024,3,1.976,soak,1134.6,231.6,0.688,5.45,2,1.883,0.285,14.05,46.19,18.69,0.0,157.246,157.695,17.39,True,physics_simulated_synthetic
BGW-024,3,4.847,soak,1134.6,231.6,0.688,5.45,2,1.883,0.285,14.05,46.19,18.69,0.0,145.005,148.18,29.06,True,physics_simulated_synthetic
BGW-024,3,10.499,production,1134.6,231.6,0.688,5.45,2,1.883,0.285,14.05,46.19,18.69,46.46,122.154,125.821,107.0,True,physics_simulated_synthetic
BGW-024,3,11.2,production,1134.6,231.6,0.688,5.45,2,1.883,0.285,14.05,46.19,18.69,52.91,119.489,121.79,137.49,True,physics_simulated_synthetic
BGW-024,3,12.376,production,1134.6,231.6,0.688,5.45,2,1.883,0.285,14.05,46.19,18.69,63.75,114.997,116.757,189.4,True,physics_simulated_synthetic
BGW-024,3,13.518,production,1134.6,231.6,0.688,5.45,2,1.883,0.285,14.05,46.19,18.69,74.25,110.646,113.213,238.51,True,physics_simulated_synthetic
BGW-024,3,21.634,production,1134.6,231.6,0.688,5.45,2,1.883,0.285,14.05,46.19,18.69,148.97,78.557,76.557,3405.23,True,physics_simulated_synthetic
BGW-024,3,29.822,production,1134.6,231.6,0.688,5.45,2,1.883,0.285,14.05,46.19,18.69,224.35,56.392,58.821,15218.9,True,physics_simulated_synthetic
BGW-024,3,31.506,production,1134.6,231.6,0.688,5.45,2,1.883,0.285,14.05,46.19,18.69,239.85,53.807,55.654,20223.43,True,physics_simulated_synthetic
BGW-024,3,39.167,production,1134.6,231.6,0.688,5.45,2,1.883,0.285,14.05,46.19,18.69,310.39,47.46,49.395,36060.86,True,physics_simulated_synthetic
BGW-024,3,40.449,production,1134.6,231.6,0.688,5.45,2,1.883,0.285,14.05,46.19,18.69,322.19,47.084,50.08,33813.95,True,physics_simulated_synthetic
BGW-024,3,41.906,production,1134.6,231.6,0.688,5.45,2,1.883,0.285,14.05,46.19,18.69,335.6,46.775,48.677,38592.74,True,physics_simulated_synthetic
BGW-024,3,43.441,production,1134.6,231.6,0.688,5.45,2,1.883,0.285,14.05,46.19,18.69,349.73,46.553,46.962,45428.03,True,physics_simulated_synthetic
BGW-024,3,45.889,production,1134.6,231.6,0.688,5.45,2,1.883,0.285,14.05,46.19,18.69,372.27,46.346,48.154,40550.79,True,physics_simulated_synthetic
BGW-024,3,46.966,production,1134.6,231.6,0.688,5.45,2,1.883,0.285,14.05,46.19,18.69,382.18,46.295,48.396,39633.74,True,physics_simulated_synthetic
BGW-024,3,47.851,production,1134.6,231.6,0.688,5.45,2,1.883,0.285,14.05,46.19,18.69,390.33,46.264,48.431,39499.66,True,physics_simulated_synthetic
BGW-024,3,50.243,production,1134.6,231.6,0.688,5.45,2,1.883,0.285,14.05,46.19,18.69,412.36,46.216,48.449,39433.94,True,physics_simulated_synthetic
BGW-024,3,52.181,production,1134.6,231.6,0.688,5.45,2,1.883,0.285,14.05,46.19,18.69,430.2,46.199,49.66,35172.64,True,physics_simulated_synthetic
BGW-024,3,52.925,production,1134.6,231.6,0.688,5.45,2,1.883,0.285,14.05,46.19,18.69,437.04,46.195,46.681,46667.96,True,physics_simulated_synthetic
BGW-024,3,55.147,production,1134.6,231.6,0.688,5.45,2,1.883,0.285,14.05,46.19,18.69,457.5,46.189,48.442,39461.58,True,physics_simulated_synthetic
BGW-025,2,2.698,soak,946.6,357.6,0.756,8.31,1,2.328,0.246,17.7,46.15,18.48,0.0,165.666,162.577,13.47,True,physics_simulated_synthetic
BGW-025,2,3.678,soak,946.6,357.6,0.756,8.31,1,2.328,0.246,17.7,46.15,18.48,0.0,160.525,155.72,19.31,True,physics_simulated_synthetic
BGW-025,2,7.141,soak,946.6,357.6,0.756,8.31,1,2.328,0.246,17.7,46.15,18.48,0.0,144.069,141.691,41.81,True,physics_simulated_synthetic
BGW-025,2,9.945,production,946.6,357.6,0.756,8.31,1,2.328,0.246,17.7,46.15,18.48,13.84,132.1,131.072,77.77,True,physics_simulated_synthetic
BGW-025,2,11.028,production,946.6,357.6,0.756,8.31,1,2.328,0.246,17.7,46.15,18.48,23.02,127.712,123.498,123.56,True,physics_simulated_synthetic
BGW-025,2,14.686,production,946.6,357.6,0.756,8.31,1,2.328,0.246,17.7,46.15,18.48,54.04,112.816,111.172,272.89,True,physics_simulated_synthetic
BGW-025,2,19.727,production,946.6,357.6,0.756,8.31,1,2.328,0.246,17.7,46.15,18.48,96.78,92.783,90.709,1144.99,True,physics_simulated_synthetic
BGW-025,2,21.197,production,946.6,357.6,0.756,8.31,1,2.328,0.246,17.7,46.15,18.48,109.25,87.508,86.02,1627.46,True,physics_simulated_synthetic
BGW-025,2,29.548,production,946.6,357.6,0.756,8.31,1,2.328,0.246,17.7,46.15,18.48,180.05,61.383,60.065,13630.2,True,physics_simulated_synthetic
BGW-025,2,34.78,production,946.6,357.6,0.756,8.31,1,2.328,0.246,17.7,46.15,18.48,224.42,52.492,48.982,37495.43,True,physics_simulated_synthetic
BGW-025,2,35.751,production,946.6,357.6,0.756,8.31,1,2.328,0.246,17.7,46.15,18.48,232.66,51.435,46.633,46883.78,True,physics_simulated_synthetic
BGW-025,2,37.606,production,946.6,357.6,0.756,8.31,1,2.328,0.246,17.7,46.15,18.48,248.38,49.779,46.494,47512.96,True,physics_simulated_synthetic
BGW-025,2,40.769,production,946.6,357.6,0.756,8.31,1,2.328,0.246,17.7,46.15,18.48,275.2,47.899,46.606,47006.8,True,physics_simulated_synthetic
BGW-025,2,41.61,production,946.6,357.6,0.756,8.31,1,2.328,0.246,17.7,46.15,18.48,282.34,47.57,45.15,54077.88,True,physics_simulated_synthetic
BGW-025,2,43.862,production,946.6,357.6,0.756,8.31,1,2.328,0.246,17.7,46.15,18.48,301.43,46.927,45.15,54077.88,True,physics_simulated_synthetic
BGW-025,2,46.224,production,946.6,357.6,0.756,8.31,1,2.328,0.246,17.7,46.15,18.48,321.46,46.536,45.15,54077.88,True,physics_simulated_synthetic
BGW-025,2,50.796,production,946.6,357.6,0.756,8.31,1,2.328,0.246,17.7,46.15,18.48,360.22,46.23,46.145,49131.39,True,physics_simulated_synthetic
BGW-025,2,52.394,production,946.6,357.6,0.756,8.31,1,2.328,0.246,17.7,46.15,18.48,373.78,46.193,45.15,54077.88,True,physics_simulated_synthetic
BGW-025,2,59.307,production,946.6,357.6,0.756,8.31,1,2.328,0.246,17.7,46.15,18.48,432.39,46.152,45.15,54077.88,True,physics_simulated_synthetic
BGW-025,2,59.894,production,946.6,357.6,0.756,8.31,1,2.328,0.246,17.7,46.15,18.48,437.37,46.152,45.15,54077.88,True,physics_simulated_synthetic
BGW-025,4,3.853,soak,1629.1,344.9,0.631,6.97,3,1.35,0.294,12.06,46.88,17.49,0.0,174.533,174.276,7.48,True,physics_simulated_synthetic
BGW-025,4,6.255,soak,1629.1,344.9,0.631,6.97,3,1.35,0.294,12.06,46.88,17.49,0.0,165.038,164.647,12.11,True,physics_simulated_synthetic
BGW-025,4,12.566,production,1629.1,344.9,0.631,6.97,3,1.35,0.294,12.06,46.88,17.49,72.57,136.891,133.902,65.71,True,physics_simulated_synthetic
BGW-025,4,13.953,production,1629.1,344.9,0.631,6.97,3,1.35,0.294,12.06,46.88,17.49,90.58,130.528,127.716,95.27,True,physics_simulated_synthetic
BGW-025,4,19.063,production,1629.1,344.9,0.631,6.97,3,1.35,0.294,12.06,46.88,17.49,156.9,103.877,102.414,494.58,True,physics_simulated_synthetic
BGW-025,4,19.25,production,1629.1,344.9,0.631,6.97,3,1.35,0.294,12.06,46.88,17.49,159.33,102.972,103.774,450.14,True,physics_simulated_synthetic
BGW-025,4,22.588,production,1629.1,344.9,0.631,6.97,3,1.35,0.294,12.06,46.88,17.49,202.65,86.508,82.212,2180.15,True,physics_simulated_synthetic
BGW-025,4,22.814,production,1629.1,344.9,0.631,6.97,3,1.35,0.294,12.06,46.88,17.49,205.58,85.504,84.28,1858.7,True,physics_simulated_synthetic
BGW-025,4,24.866,production,1629.1,344.9,0.631,6.97,3,1.35,0.294,12.06,46.88,17.49,232.21,76.637,73.096,4506.06,True,physics_simulated_synthetic
BGW-025,4,25.879,production,1629.1,344.9,0.631,6.97,3,1.35,0.294,12.06,46.88,17.49,245.36,72.707,70.205,5718.92,True,physics_simulated_synthetic
BGW-025,4,25.901,production,1629.1,344.9,0.631,6.97,3,1.35,0.294,12.06,46.88,17.49,245.64,72.627,70.503,5579.28,True,physics_simulated_synthetic
BGW-025,4,27.474,production,1629.1,344.9,0.631,6.97,3,1.35,0.294,12.06,46.88,17.49,266.06,67.078,64.875,8969.84,True,physics_simulated_synthetic
BGW-025,4,31.517,production,1629.1,344.9,0.631,6.97,3,1.35,0.294,12.06,46.88,17.49,318.53,56.168,53.806,23934.07,True,physics_simulated_synthetic
BGW-025,4,35.269,production,1629.1,344.9,0.631,6.97,3,1.35,0.294,12.06,46.88,17.49,367.23,50.617,49.013,37386.48,True,physics_simulated_synthetic
BGW-025,4,39.652,production,1629.1,344.9,0.631,6.97,3,1.35,0.294,12.06,46.88,17.49,424.11,47.857,45.876,50417.66,True,physics_simulated_synthetic
BGW-025,4,44.867,production,1629.1,344.9,0.631,6.97,3,1.35,0.294,12.06,46.88,17.49,491.79,47.004,45.876,50417.66,True,physics_simulated_synthetic
BGW-025,4,45.482,production,1629.1,344.9,0.631,6.97,3,1.35,0.294,12.06,46.88,17.49,499.77,46.975,46.452,47704.28,True,physics_simulated_synthetic
BGW-025,4,46.05,production,1629.1,344.9,0.631,6.97,3,1.35,0.294,12.06,46.88,17.49,507.15,46.953,46.392,47977.64,True,physics_simulated_synthetic
BGW-025,4,48.903,production,1629.1,344.9,0.631,6.97,3,1.35,0.294,12.06,46.88,17.49,544.16,46.896,46.462,47659.86,True,physics_simulated_synthetic
BGW-025,4,56.373,production,1629.1,344.9,0.631,6.97,3,1.35,0.294,12.06,46.88,17.49,641.11,46.877,45.876,50417.66,True,physics_simulated_synthetic
BGW-026,1,3.456,soak,2106.2,182.5,0.588,5.17,0,2.379,0.274,14.54,47.97,17.18,0.0,151.29,152.123,23.42,True,physics_simulated_synthetic
BGW-026,1,8.951,production,2106.2,182.5,0.588,5.17,0,2.379,0.274,14.54,47.97,17.18,41.3,124.676,123.934,120.25,True,physics_simulated_synthetic
BGW-026,1,8.954,production,2106.2,182.5,0.588,5.17,0,2.379,0.274,14.54,47.97,17.18,41.33,124.664,122.431,132.07,True,physics_simulated_synthetic
BGW-026,1,9.299,production,2106.2,182.5,0.588,5.17,0,2.379,0.274,14.54,47.97,17.18,45.1,123.155,124.278,117.71,True,physics_simulated_synthetic
BGW-026,1,12.241,production,2106.2,182.5,0.588,5.17,0,2.379,0.274,14.54,47.97,17.18,77.25,110.248,109.08,313.77,True,physics_simulated_synthetic
BGW-026,1,22.748,production,2106.2,182.5,0.588,5.17,0,2.379,0.274,14.54,47.97,17.18,192.09,68.028,67.122,7406.37,True,physics_simulated_synthetic
BGW-026,1,23.037,production,2106.2,182.5,0.588,5.17,0,2.379,0.274,14.54,47.97,17.18,195.25,67.267,65.709,8351.61,True,physics_simulated_synthetic
BGW-026,1,25.205,production,2106.2,182.5,0.588,5.17,0,2.379,0.274,14.54,47.97,17.18,218.95,62.016,59.688,14092.29,True,physics_simulated_synthetic
BGW-026,1,27.375,production,2106.2,182.5,0.588,5.17,0,2.379,0.274,14.54,47.97,17.18,242.66,57.775,54.636,22184.72,True,physics_simulated_synthetic
BGW-026,1,32.003,production,2106.2,182.5,0.588,5.17,0,2.379,0.274,14.54,47.97,17.18,293.25,51.77,51.573,29413.14,True,physics_simulated_synthetic
BGW-026,1,34.069,production,2106.2,182.5,0.588,5.17,0,2.379,0.274,14.54,47.97,17.18,315.82,50.297,48.118,40693.27,True,physics_simulated_synthetic
BGW-026,1,37.384,production,2106.2,182.5,0.588,5.17,0,2.379,0.274,14.54,47.97,17.18,352.06,48.909,52.11,27984.61,True,physics_simulated_synthetic
BGW-026,1,38.926,production,2106.2,182.5,0.588,5.17,0,2.379,0.274,14.54,47.97,17.18,368.91,48.56,46.973,45380.53,True,physics_simulated_synthetic
BGW-026,1,40.411,production,2106.2,182.5,0.588,5.17,0,2.379,0.274,14.54,47.97,17.18,385.14,48.336,46.973,45380.53,True,physics_simulated_synthetic
BGW-026,1,42.264,production,2106.2,182.5,0.588,5.17,0,2.379,0.274,14.54,47.97,17.18,405.39,48.163,47.795,41960.91,True,physics_simulated_synthetic
BGW-026,1,55.372,production,2106.2,182.5,0.588,5.17,0,2.379,0.274,14.54,47.97,17.18,548.65,47.974,49.032,37317.47,True,physics_simulated_synthetic
BGW-026,1,55.875,production,2106.2,182.5,0.588,5.17,0,2.379,0.274,14.54,47.97,17.18,554.15,47.974,46.982,45345.35,True,physics_simulated_synthetic
BGW-026,1,58.074,production,2106.2,182.5,0.588,5.17,0,2.379,0.274,14.54,47.97,17.18,578.19,47.973,47.692,42372.86,True,physics_simulated_synthetic
BGW-026,1,58.47,production,2106.2,182.5,0.588,5.17,0,2.379,0.274,14.54,47.97,17.18,582.51,47.973,46.973,45380.53,True,physics_simulated_synthetic
BGW-026,1,59.824,production,2106.2,182.5,0.588,5.17,0,2.379,0.274,14.54,47.97,17.18,597.31,47.973,46.973,45380.53,True,physics_simulated_synthetic
BGW-027,1,0.709,soak,991.4,153.4,0.846,5.78,0,2.196,0.22,9.97,46.84,17.65,0.0,139.216,138.082,51.44,True,physics_simulated_synthetic
BGW-027,1,6.046,production,991.4,153.4,0.846,5.78,0,2.196,0.22,9.97,46.84,17.65,3.03,115.865,118.13,173.41,True,physics_simulated_synthetic
BGW-027,1,8.877,production,991.4,153.4,0.846,5.78,0,2.196,0.22,9.97,46.84,17.65,35.31,105.357,105.44,401.48,True,physics_simulated_synthetic
BGW-027,1,9.215,production,991.4,153.4,0.846,5.78,0,2.196,0.22,9.97,46.84,17.65,39.16,104.181,104.443,429.88,True,physics_simulated_synthetic
BGW-027,1,9.422,production,991.4,153.4,0.846,5.78,0,2.196,0.22,9.97,46.84,17.65,41.52,103.466,104.359,432.38,True,physics_simulated_synthetic
BGW-027,1,14.877,production,991.4,153.4,0.846,5.78,0,2.196,0.22,9.97,46.84,17.65,103.72,84.544,86.978,1513.47,True,physics_simulated_synthetic
BGW-027,1,15.429,production,991.4,153.4,0.846,5.78,0,2.196,0.22,9.97,46.84,17.65,110.02,82.851,83.714,1941.27,True,physics_simulated_synthetic
BGW-027,1,19.227,production,991.4,153.4,0.846,5.78,0,2.196,0.22,9.97,46.84,17.65,153.32,71.57,70.727,5476.63,True,physics_simulated_synthetic
BGW-027,1,20.183,production,991.4,153.4,0.846,5.78,0,2.196,0.22,9.97,46.84,17.65,164.22,69.096,70.692,5492.21,True,physics_simulated_synthetic
BGW-027,1,31.073,production,991.4,153.4,0.846,5.78,0,2.196,0.22,9.97,46.84,17.65,288.38,49.973,50.129,33657.74,True,physics_simulated_synthetic
BGW-027,1,32.577,production,991.4,153.4,0.846,5.78,0,2.196,0.22,9.97,46.84,17.65,305.52,49.058,52.536,26903.34,True,physics_simulated_synthetic
BGW-027,1,35.531,production,991.4,153.4,0.846,5.78,0,2.196,0.22,9.97,46.84,17.65,339.21,47.866,48.7,38509.08,True,physics_simulated_synthetic
BGW-027,1,46.601,production,991.4,153.4,0.846,5.78,0,2.196,0.22,9.97,46.84,17.65,465.43,46.851,45.837,50611.87,True,physics_simulated_synthetic
BGW-027,1,47.836,production,991.4,153.4,0.846,5.78,0,2.196,0.22,9.97,46.84,17.65,479.5,46.844,48.18,40453.2,True,physics_simulated_synthetic
BGW-027,1,47.901,production,991.4,153.4,0.846,5.78,0,2.196,0.22,9.97,46.84,17.65,480.25,46.844,50.402,32809.2,True,physics_simulated_synthetic
BGW-027,1,52.518,production,991.4,153.4,0.846,5.78,0,2.196,0.22,9.97,46.84,17.65,532.89,46.837,49.879,34458.77,True,physics_simulated_synthetic
BGW-027,1,54.803,production,991.4,153.4,0.846,5.78,0,2.196,0.22,9.97,46.84,17.65,558.94,46.837,50.235,33325.19,True,physics_simulated_synthetic
BGW-027,1,54.841,production,991.4,153.4,0.846,5.78,0,2.196,0.22,9.97,46.84,17.65,559.38,46.837,46.244,48666.16,True,physics_simulated_synthetic
BGW-027,1,57.462,production,991.4,153.4,0.846,5.78,0,2.196,0.22,9.97,46.84,17.65,589.25,46.837,48.949,37612.98,True,physics_simulated_synthetic
BGW-027,1,58.188,production,991.4,153.4,0.846,5.78,0,2.196,0.22,9.97,46.84,17.65,597.53,46.837,46.661,46758.81,True,physics_simulated_synthetic
BGW-027,1,4.77,soak,1576.7,387.3,0.797,6.48,0,1.904,0.268,12.62,47.31,17.42,0.0,161.254,161.677,14.12,True,physics_simulated_synthetic
BGW-027,1,5.069,soak,1576.7,387.3,0.797,6.48,0,1.904,0.268,12.62,47.31,17.42,0.0,159.796,157.108,17.93,True,physics_simulated_synthetic
BGW-027,1,5.494,soak,1576.7,387.3,0.797,6.48,0,1.904,0.268,12.62,47.31,17.42,0.0,157.752,155.607,19.42,True,physics_simulated_synthetic
BGW-027,1,5.885,soak,1576.7,387.3,0.797,6.48,0,1.904,0.268,12.62,47.31,17.42,0.0,155.902,155.312,19.73,True,physics_simulated_synthetic
BGW-027,1,6.645,production,1576.7,387.3,0.797,6.48,0,1.904,0.268,12.62,47.31,17.42,2.01,152.384,153.962,21.21,True,physics_simulated_synthetic
BGW-027,1,14.691,production,1576.7,387.3,0.797,6.48,0,1.904,0.268,12.62,47.31,17.42,97.87,111.917,112.912,243.27,True,physics_simulated_synthetic
BGW-027,1,16.716,production,1576.7,387.3,0.797,6.48,0,1.904,0.268,12.62,47.31,17.42,122.0,102.577,103.67,453.39,True,physics_simulated_synthetic
BGW-027,1,17.576,production,1576.7,387.3,0.797,6.48,0,1.904,0.268,12.62,47.31,17.42,132.24,98.748,102.315,498.01,True,physics_simulated_synthetic
BGW-027,1,35.399,production,1576.7,387.3,0.797,6.48,0,1.904,0.268,12.62,47.31,17.42,344.58,48.682,47.74,42178.2,True,physics_simulated_synthetic
BGW-027,1,35.646,production,1576.7,387.3,0.797,6.48,0,1.904,0.268,12.62,47.31,17.42,347.52,48.591,49.387,36087.84,True,physics_simulated_synthetic
BGW-027,1,41.891,production,1576.7,387.3,0.797,6.48,0,1.904,0.268,12.62,47.31,17.42,421.93,47.46,48.721,38430.9,True,physics_simulated_synthetic
BGW-027,1,42.537,production,1576.7,387.3,0.797,6.48,0,1.904,0.268,12.62,47.31,17.42,429.62,47.427,47.231,44275.65,True,physics_simulated_synthetic
BGW-027,1,44.741,production,1576.7,387.3,0.797,6.48,0,1.904,0.268,12.62,47.31,17.42,455.88,47.357,48.232,40252.92,True,physics_simulated_synthetic
BGW-027,1,45.05,production,1576.7,387.3,0.797,6.48,0,1.904,0.268,12.62,47.31,17.42,459.57,47.352,46.31,48358.07,True,physics_simulated_synthetic
BGW-027,1,45.724,production,1576.7,387.3,0.797,6.48,0,1.904,0.268,12.62,47.31,17.42,467.6,47.341,50.15,33592.29,True,physics_simulated_synthetic
BGW-027,1,46.465,production,1576.7,387.3,0.797,6.48,0,1.904,0.268,12.62,47.31,17.42,476.42,47.332,47.213,44352.92,True,physics_simulated_synthetic
BGW-027,1,49.753,production,1576.7,387.3,0.797,6.48,0,1.904,0.268,12.62,47.31,17.42,515.6,47.315,50.994,31044.01,True,physics_simulated_synthetic
BGW-027,1,53.358,production,1576.7,387.3,0.797,6.48,0,1.904,0.268,12.62,47.31,17.42,558.55,47.311,48.1,40759.5,True,physics_simulated_synthetic
BGW-027,1,56.889,production,1576.7,387.3,0.797,6.48,0,1.904,0.268,12.62,47.31,17.42,600.61,47.31,49.585,35424.18,True,physics_simulated_synthetic
BGW-027,1,58.755,production,1576.7,387.3,0.797,6.48,0,1.904,0.268,12.62,47.31,17.42,622.84,47.31,48.071,40874.64,True,physics_simulated_synthetic
BGW-027,2,5.853,soak,2078.8,379.4,0.684,10.0,1,2.373,0.255,15.0,47.84,17.5,0.0,153.927,156.973,18.06,True,physics_simulated_synthetic
BGW-027,2,9.1,soak,2078.8,379.4,0.684,10.0,1,2.373,0.255,15.0,47.84,17.5,0.0,138.26,140.52,44.7,True,physics_simulated_synthetic
BGW-027,2,10.917,production,2078.8,379.4,0.684,10.0,1,2.373,0.255,15.0,47.84,17.5,7.54,130.378,134.428,63.7,True,physics_simulated_synthetic
BGW-027,2,12.934,production,2078.8,379.4,0.684,10.0,1,2.373,0.255,15.0,47.84,17.5,24.08,121.99,121.12,143.41,True,physics_simulated_synthetic
BGW-027,2,14.669,production,2078.8,379.4,0.684,10.0,1,2.373,0.255,15.0,47.84,17.5,38.29,115.046,115.971,199.26,True,physics_simulated_synthetic
BGW-027,2,16.194,production,2078.8,379.4,0.684,10.0,1,2.373,0.255,15.0,47.84,17.5,50.79,109.109,109.759,299.83,True,physics_simulated_synthetic
BGW-027,2,22.435,production,2078.8,379.4,0.684,10.0,1,2.373,0.255,15.0,47.84,17.5,101.94,85.229,83.763,1933.97,True,physics_simulated_synthetic
BGW-027,2,24.582,production,2078.8,379.4,0.684,10.0,1,2.373,0.255,15.0,47.84,17.5,119.53,78.358,81.14,2369.98,True,physics_simulated_synthetic
BGW-027,2,26.514,production,2078.8,379.4,0.684,10.0,1,2.373,0.255,15.0,47.84,17.5,135.37,72.732,73.65,4306.99,True,physics_simulated_synthetic
BGW-027,2,26.762,production,2078.8,379.4,0.684,10.0,1,2.373,0.255,15.0,47.84,17.5,137.4,72.064,74.397,4053.32,True,physics_simulated_synthetic
BGW-027,2,26.907,production,2078.8,379.4,0.684,10.0,1,2.373,0.255,15.0,47.84,17.5,138.59,71.677,76.278,3482.52,True,physics_simulated_synthetic
BGW-027,2,29.732,production,2078.8,379.4,0.684,10.0,1,2.373,0.255,15.0,47.84,17.5,161.74,64.638,65.44,8545.81,True,physics_simulated_synthetic
BGW-027,2,35.867,production,2078.8,379.4,0.684,10.0,1,2.373,0.255,15.0,47.84,17.5,212.01,54.021,54.728,21999.32,True,physics_simulated_synthetic
BGW-027,2,36.876,production,2078.8,379.4,0.684,10.0,1,2.373,0.255,15.0,47.84,17.5,220.29,52.969,54.432,22602.72,True,physics_simulated_synthetic
BGW-027,2,37.041,production,2078.8,379.4,0.684,10.0,1,2.373,0.255,15.0,47.84,17.5,221.63,52.812,55.491,20524.75,True,physics_simulated_synthetic
BGW-027,2,38.907,production,2078.8,379.4,0.684,10.0,1,2.373,0.255,15.0,47.84,17.5,236.93,51.256,51.76,28907.65,True,physics_simulated_synthetic
BGW-027,2,43.898,production,2078.8,379.4,0.684,10.0,1,2.373,0.255,15.0,47.84,17.5,277.83,48.859,49.272,36480.91,True,physics_simulated_synthetic
BGW-027,2,46.97,production,2078.8,379.4,0.684,10.0,1,2.373,0.255,15.0,47.84,17.5,303.01,48.265,51.042,30903.1,True,physics_simulated_synthetic
BGW-027,2,52.969,production,2078.8,379.4,0.684,10.0,1,2.373,0.255,15.0,47.84,17.5,352.16,47.891,49.718,34983.8,True,physics_simulated_synthetic
BGW-027,2,53.193,production,2078.8,379.4,0.684,10.0,1,2.373,0.255,15.0,47.84,17.5,354.01,47.886,46.837,45975.13,True,physics_simulated_synthetic
BGW-028,5,9.57,production,1344.8,164.2,0.575,7.12,4,1.583,0.22,19.34,46.39,18.92,32.92,122.311,122.305,133.11,True,physics_simulated_synthetic
BGW-028,5,9.731,production,1344.8,164.2,0.575,7.12,4,1.583,0.22,19.34,46.39,18.92,35.09,121.843,119.135,162.63,True,physics_simulated_synthetic
BGW-028,5,11.202,production,1344.8,164.2,0.575,7.12,4,1.583,0.22,19.34,46.39,18.92,54.87,117.356,114.692,216.52,True,physics_simulated_synthetic
BGW-028,5,15.311,production,1344.8,164.2,0.575,7.12,4,1.583,0.22,19.34,46.39,18.92,110.14,102.88,101.374,531.76,True,physics_simulated_synthetic
BGW-028,5,16.237,production,1344.8,164.2,0.575,7.12,4,1.583,0.22,19.34,46.39,18.92,122.59,99.602,97.57,695.52,True,physics_simulated_synthetic
BGW-028,5,16.37,production,1344.8,164.2,0.575,7.12,4,1.583,0.22,19.34,46.39,18.92,124.39,99.132,96.138,770.63,True,physics_simulated_synthetic
BGW-028,5,18.108,production,1344.8,164.2,0.575,7.12,4,1.583,0.22,19.34,46.39,18.92,147.76,92.738,90.72,1144.08,True,physics_simulated_synthetic
BGW-028,5,19.875,production,1344.8,164.2,0.575,7.12,4,1.583,0.22,19.34,46.39,18.92,171.53,86.184,84.12,1881.61,True,physics_simulated_synthetic
BGW-028,5,19.888,production,1344.8,164.2,0.575,7.12,4,1.583,0.22,19.34,46.39,18.92,171.71,86.136,83.796,1929.08,True,physics_simulated_synthetic
BGW-028,5,19.943,production,1344.8,164.2,0.575,7.12,4,1.583,0.22,19.34,46.39,18.92,172.44,85.942,84.1,1884.45,True,physics_simulated_synthetic
BGW-028,5,27.078,production,1344.8,164.2,0.575,7.12,4,1.583,0.22,19.34,46.39,18.92,268.41,61.341,61.591,11920.17,True,physics_simulated_synthetic
BGW-028,5,37.947,production,1344.8,164.2,0.575,7.12,4,1.583,0.22,19.34,46.39,18.92,414.59,47.268,46.147,49122.23,True,physics_simulated_synthetic
BGW-028,5,38.457,production,1344.8,164.2,0.575,7.12,4,1.583,0.22,19.34,46.39,18.92,421.45,47.136,49.196,36744.0,True,physics_simulated_synthetic
BGW-028,5,38.786,production,1344.8,164.2,0.575,7.12,4,1.583,0.22,19.34,46.39,18.92,425.88,47.06,45.899,50310.77,True,physics_simulated_synthetic
BGW-028,5,39.387,production,1344.8,164.2,0.575,7.12,4,1.583,0.22,19.34,46.39,18.92,433.97,46.938,45.391,52835.0,True,physics_simulated_synthetic
BGW-028,5,40.4,production,1344.8,164.2,0.575,7.12,4,1.583,0.22,19.34,46.39,18.92,447.59,46.774,45.391,52835.0,True,physics_simulated_synthetic
BGW-028,5,40.561,production,1344.8,164.2,0.575,7.12,4,1.583,0.22,19.34,46.39,18.92,449.76,46.753,45.712,51224.16,True,physics_simulated_synthetic
BGW-028,5,42.67,production,1344.8,164.2,0.575,7.12,4,1.583,0.22,19.34,46.39,18.92,478.12,46.552,45.761,50981.79,True,physics_simulated_synthetic
BGW-028,5,45.65,production,1344.8,164.2,0.575,7.12,4,1.583,0.22,19.34,46.39,18.92,518.21,46.435,47.942,41377.09,True,physics_simulated_synthetic
BGW-028,5,56.262,production,1344.8,164.2,0.575,7.12,4,1.583,0.22,19.34,46.39,18.92,660.94,46.391,45.391,52835.0,True,physics_simulated_synthetic
BGW-028,5,3.415,soak,1623.2,370.5,0.764,10.87,4,1.502,0.2,14.38,46.71,17.25,0.0,176.871,174.74,7.32,True,physics_simulated_synthetic
BGW-028,5,4.214,soak,1623.2,370.5,0.764,10.87,4,1.502,0.2,14.38,46.71,17.25,0.0,173.42,173.114,7.92,True,physics_simulated_synthetic
BGW-028,5,4.598,soak,1623.2,370.5,0.764,10.87,4,1.502,0.2,14.38,46.71,17.25,0.0,171.793,171.867,8.43,True,physics_simulated_synthetic
BGW-028,5,5.771,soak,1623.2,370.5,0.764,10.87,4,1.502,0.2,14.38,46.71,17.25,0.0,166.955,165.456,11.62,True,physics_simulated_synthetic
BGW-028,5,8.554,soak,1623.2,370.5,0.764,10.87,4,1.502,0.2,14.38,46.71,17.25,0.0,156.215,154.877,20.19,True,physics_simulated_synthetic
BGW-028,5,11.168,production,1623.2,370.5,0.764,10.87,4,1.502,0.2,14.38,46.71,17.25,4.85,146.83,146.492,31.91,True,physics_simulated_synthetic
BGW-028,5,11.314,production,1623.2,370.5,0.764,10.87,4,1.502,0.2,14.38,46.71,17.25,7.2,146.326,145.11,34.47,True,physics_simulated_synthetic
BGW-028,5,18.726,production,1623.2,370.5,0.764,10.87,4,1.502,0.2,14.38,46.71,17.25,126.81,109.489,106.279,379.16,True,physics_simulated_synthetic
BGW-028,5,19.905,production,1623.2,370.5,0.764,10.87,4,1.502,0.2,14.38,46.71,17.25,145.83,103.846,101.308,534.21,True,physics_simulated_synthetic
BGW-028,5,36.048,production,1623.2,370.5,0.764,10.87,4,1.502,0.2,14.38,46.71,17.25,406.32,48.272,47.201,44405.05,True,physics_simulated_synthetic
BGW-028,5,36.248,production,1623.2,370.5,0.764,10.87,4,1.502,0.2,14.38,46.71,17.25,409.54,48.179,48.481,39313.7,True,physics_simulated_synthetic
BGW-028,5,40.319,production,1623.2,370.5,0.764,10.87,4,1.502,0.2,14.38,46.71,17.25,475.24,47.052,47.915,41485.71,True,physics_simulated_synthetic
BGW-028,5,41.439,production,1623.2,370.5,0.764,10.87,4,1.502,0.2,14.38,46.71,17.25,493.3,46.929,46.62,46940.87,True,physics_simulated_synthetic
BGW-028,5,42.646,production,1623.2,370.5,0.764,10.87,4,1.502,0.2,14.38,46.71,17.25,512.78,46.841,45.843,50578.86,True,physics_simulated_synthetic
BGW-028,5,42.895,production,1623.2,370.5,0.764,10.87,4,1.502,0.2,14.38,46.71,17.25,516.81,46.828,46.476,47595.35,True,physics_simulated_synthetic
BGW-028,5,54.962,production,1623.2,370.5,0.764,10.87,4,1.502,0.2,14.38,46.71,17.25,711.51,46.708,45.708,51244.06,True,physics_simulated_synthetic
BGW-028,5,57.862,production,1623.2,370.5,0.764,10.87,4,1.502,0.2,14.38,46.71,17.25,758.31,46.708,45.708,51244.06,True,physics_simulated_synthetic
BGW-028,5,58.934,production,1623.2,370.5,0.764,10.87,4,1.502,0.2,14.38,46.71,17.25,775.61,46.708,45.708,51244.06,True,physics_simulated_synthetic
BGW-028,5,59.075,production,1623.2,370.5,0.764,10.87,4,1.502,0.2,14.38,46.71,17.25,777.88,46.708,45.708,51244.06,True,physics_simulated_synthetic
BGW-028,5,59.195,production,1623.2,370.5,0.764,10.87,4,1.502,0.2,14.38,46.71,17.25,779.83,46.708,45.775,50914.4,True,physics_simulated_synthetic
BGW-028,2,0.217,soak,1488.0,178.2,0.596,11.45,1,2.138,0.311,18.83,47.3,18.86,0.0,157.102,159.044,16.19,True,physics_simulated_synthetic
BGW-028,2,0.78,soak,1488.0,178.2,0.596,11.45,1,2.138,0.311,18.83,47.3,18.86,0.0,154.685,158.485,16.68,True,physics_simulated_synthetic
BGW-028,2,3.754,soak,1488.0,178.2,0.596,11.45,1,2.138,0.311,18.83,47.3,18.86,0.0,142.761,145.788,33.19,True,physics_simulated_synthetic
BGW-028,2,5.721,soak,1488.0,178.2,0.596,11.45,1,2.138,0.311,18.83,47.3,18.86,0.0,135.614,137.977,51.76,True,physics_simulated_synthetic
BGW-028,2,6.569,soak,1488.0,178.2,0.596,11.45,1,2.138,0.311,18.83,47.3,18.86,0.0,132.7,134.827,62.21,True,physics_simulated_synthetic
BGW-028,2,8.34,soak,1488.0,178.2,0.596,11.45,1,2.138,0.311,18.83,47.3,18.86,0.0,126.92,133.875,65.81,True,physics_simulated_synthetic
BGW-028,2,8.786,soak,1488.0,178.2,0.596,11.45,1,2.138,0.311,18.83,47.3,18.86,0.0,125.528,128.374,91.53,True,physics_simulated_synthetic
BGW-028,2,16.455,production,1488.0,178.2,0.596,11.45,1,2.138,0.311,18.83,47.3,18.86,88.48,97.813,98.988,628.9,True,physics_simulated_synthetic
BGW-028,2,16.835,production,1488.0,178.2,0.596,11.45,1,2.138,0.311,18.83,47.3,18.86,95.21,96.542,98.779,638.25,True,physics_simulated_synthetic
BGW-028,2,19.836,production,1488.0,178.2,0.596,11.45,1,2.138,0.311,18.83,47.3,18.86,148.31,85.635,88.777,1322.04,True,physics_simulated_synthetic
BGW-028,2,21.102,production,1488.0,178.2,0.596,11.45,1,2.138,0.311,18.83,47.3,18.86,170.71,81.217,85.196,1732.79,True,physics_simulated_synthetic
BGW-028,2,21.288,production,1488.0,178.2,0.596,11.45,1,2.138,0.311,18.83,47.3,18.86,174.0,80.588,84.58,1816.45,True,physics_simulated_synthetic
BGW-028,2,25.002,production,1488.0,178.2,0.596,11.45,1,2.138,0.311,18.83,47.3,18.86,239.72,67.963,72.125,4879.72,True,physics_simulated_synthetic
BGW-028,2,35.413,production,1488.0,178.2,0.596,11.45,1,2.138,0.311,18.83,47.3,18.86,423.92,48.873,51.185,30495.25,True,physics_simulated_synthetic
BGW-028,2,41.733,production,1488.0,178.2,0.596,11.45,1,2.138,0.311,18.83,47.3,18.86,535.75,47.434,51.125,30665.77,True,physics_simulated_synthetic
BGW-028,2,42.076,production,1488.0,178.2,0.596,11.45,1,2.138,0.311,18.83,47.3,18.86,541.82,47.415,49.403,36034.29,True,physics_simulated_synthetic
BGW-028,2,44.874,production,1488.0,178.2,0.596,11.45,1,2.138,0.311,18.83,47.3,18.86,591.33,47.329,49.676,35120.94,True,physics_simulated_synthetic
BGW-028,2,45.596,production,1488.0,178.2,0.596,11.45,1,2.138,0.311,18.83,47.3,18.86,604.1,47.32,49.249,36560.65,True,physics_simulated_synthetic
BGW-028,2,47.439,production,1488.0,178.2,0.596,11.45,1,2.138,0.311,18.83,47.3,18.86,636.71,47.306,48.857,37939.92,True,physics_simulated_synthetic
BGW-028,2,48.712,production,1488.0,178.2,0.596,11.45,1,2.138,0.311,18.83,47.3,18.86,659.24,47.302,52.007,28253.08,True,physics_simulated_synthetic
BGW-028,2,2.579,soak,1883.1,413.8,0.692,11.77,1,1.908,0.233,12.85,46.07,18.61,0.0,172.617,175.403,7.08,True,physics_simulated_synthetic
BGW-028,2,4.307,soak,1883.1,413.8,0.692,11.77,1,1.908,0.233,12.85,46.07,18.61,0.0,163.488,168.248,10.09,True,physics_simulated_synthetic
BGW-028,2,4.759,soak,1883.1,413.8,0.692,11.77,1,1.908,0.233,12.85,46.07,18.61,0.0,161.209,165.024,11.88,True,physics_simulated_synthetic
BGW-028,2,6.086,soak,1883.1,413.8,0.692,11.77,1,1.908,0.233,12.85,46.07,18.61,0.0,154.775,157.509,17.56,True,physics_simulated_synthetic
BGW-028,2,8.411,soak,1883.1,413.8,0.692,11.77,1,1.908,0.233,12.85,46.07,18.61,0.0,144.359,148.245,28.95,True,physics_simulated_synthetic
BGW-028,2,11.327,soak,1883.1,413.8,0.692,11.77,1,1.908,0.233,12.85,46.07,18.61,0.0,132.694,136.357,56.87,True,physics_simulated_synthetic
BGW-028,2,13.685,production,1883.1,413.8,0.692,11.77,1,1.908,0.233,12.85,46.07,18.61,26.41,123.485,128.129,92.9,True,physics_simulated_synthetic
BGW-028,2,18.525,production,1883.1,413.8,0.692,11.77,1,1.908,0.233,12.85,46.07,18.61,93.22,102.645,105.092,411.16,True,physics_simulated_synthetic
BGW-028,2,20.322,production,1883.1,413.8,0.692,11.77,1,1.908,0.233,12.85,46.07,18.61,118.02,95.223,98.496,651.23,True,physics_simulated_synthetic
BGW-028,2,28.625,production,1883.1,413.8,0.692,11.77,1,1.908,0.233,12.85,46.07,18.61,232.61,62.508,65.637,8403.45,True,physics_simulated_synthetic
BGW-028,2,33.919,production,1883.1,413.8,0.692,11.77,1,1.908,0.233,12.85,46.07,18.61,305.68,51.786,55.986,19624.58,True,physics_simulated_synthetic
BGW-028,2,35.686,production,1883.1,413.8,0.692,11.77,1,1.908,0.233,12.85,46.07,18.61,330.06,49.839,51.618,29290.5,True,physics_simulated_synthetic
BGW-028,2,38.5,production,1883.1,413.8,0.692,11.77,1,1.908,0.233,12.85,46.07,18.61,368.9,47.825,52.464,27083.28,True,physics_simulated_synthetic
BGW-028,2,41.767,production,1883.1,413.8,0.692,11.77,1,1.908,0.233,12.85,46.07,18.61,414.0,46.687,50.554,32344.67,True,physics_simulated_synthetic
BGW-028,2,42.247,production,1883.1,413.8,0.692,11.77,1,1.908,0.233,12.85,46.07,18.61,420.62,46.594,47.964,41289.2,True,physics_simulated_synthetic
BGW-028,2,42.596,production,1883.1,413.8,0.692,11.77,1,1.908,0.233,12.85,46.07,18.61,425.43,46.534,51.44,29779.32,True,physics_simulated_synthetic
BGW-028,2,45.805,production,1883.1,413.8,0.692,11.77,1,1.908,0.233,12.85,46.07,18.61,469.72,46.205,52.547,26875.0,True,physics_simulated_synthetic
BGW-028,2,49.189,production,1883.1,413.8,0.692,11.77,1,1.908,0.233,12.85,46.07,18.61,516.43,46.102,50.719,31848.96,True,physics_simulated_synthetic
BGW-028,2,57.093,production,1883.1,413.8,0.692,11.77,1,1.908,0.233,12.85,46.07,18.61,625.51,46.075,51.287,30206.41,True,physics_simulated_synthetic
BGW-028,2,57.581,production,1883.1,413.8,0.692,11.77,1,1.908,0.233,12.85,46.07,18.61,632.25,46.075,49.409,36015.55,True,physics_simulated_synthetic
BGW-028,3,0.748,soak,1366.8,157.9,0.833,6.55,2,1.582,0.32,16.06,46.09,17.12,0.0,160.372,163.986,12.53,True,physics_simulated_synthetic
BGW-028,3,1.53,soak,1366.8,157.9,0.833,6.55,2,1.582,0.32,16.06,46.09,17.12,0.0,157.504,159.213,16.05,True,physics_simulated_synthetic
BGW-028,3,3.838,soak,1366.8,157.9,0.833,6.55,2,1.582,0.32,16.06,46.09,17.12,0.0,149.455,154.484,20.62,True,physics_simulated_synthetic
BGW-028,3,4.294,soak,1366.8,157.9,0.833,6.55,2,1.582,0.32,16.06,46.09,17.12,0.0,147.936,151.094,24.77,True,physics_simulated_synthetic
BGW-028,3,5.133,soak,1366.8,157.9,0.833,6.55,2,1.582,0.32,16.06,46.09,17.12,0.0,145.196,149.351,27.24,True,physics_simulated_synthetic
BGW-028,3,6.107,soak,1366.8,157.9,0.833,6.55,2,1.582,0.32,16.06,46.09,17.12,0.0,142.11,144.879,34.92,True,physics_simulated_synthetic
BGW-028,3,17.514,production,1366.8,157.9,0.833,6.55,2,1.582,0.32,16.06,46.09,17.12,199.32,87.198,93.177,955.02,True,physics_simulated_synthetic
BGW-028,3,18.673,production,1366.8,157.9,0.833,6.55,2,1.582,0.32,16.06,46.09,17.12,220.41,82.311,84.76,1791.58,True,physics_simulated_synthetic
BGW-028,3,24.39,production,1366.8,157.9,0.833,6.55,2,1.582,0.32,16.06,46.09,17.12,324.37,60.79,63.994,9675.41,True,physics_simulated_synthetic
BGW-028,3,26.042,production,1366.8,157.9,0.833,6.55,2,1.582,0.32,16.06,46.09,17.12,354.41,56.728,60.555,13054.9,True,physics_simulated_synthetic
BGW-028,3,32.763,production,1366.8,157.9,0.833,6.55,2,1.582,0.32,16.06,46.09,17.12,476.63,47.72,49.867,34496.99,True,physics_simulated_synthetic
BGW-028,3,35.977,production,1366.8,157.9,0.833,6.55,2,1.582,0.32,16.06,46.09,17.12,535.08,46.603,50.742,31781.42,True,physics_simulated_synthetic
BGW-028,3,36.258,production,1366.8,157.9,0.833,6.55,2,1.582,0.32,16.06,46.09,17.12,540.19,46.551,52.484,27032.94,True,physics_simulated_synthetic
BGW-028,3,36.998,production,1366.8,157.9,0.833,6.55,2,1.582,0.32,16.06,46.09,17.12,553.65,46.434,49.424,35964.41,True,physics_simulated_synthetic
BGW-028,3,42.461,production,1366.8,157.9,0.833,6.55,2,1.582,0.32,16.06,46.09,17.12,652.99,46.118,50.347,32976.21,True,physics_simulated_synthetic
BGW-028,3,44.248,production,1366.8,157.9,0.833,6.55,2,1.582,0.32,16.06,46.09,17.12,685.48,46.103,45.93,50157.14,True,physics_simulated_synthetic
BGW-028,3,48.081,production,1366.8,157.9,0.833,6.55,2,1.582,0.32,16.06,46.09,17.12,755.19,46.095,49.717,34985.14,True,physics_simulated_synthetic
BGW-028,3,50.812,production,1366.8,157.9,0.833,6.55,2,1.582,0.32,16.06,46.09,17.12,804.86,46.095,49.333,36273.99,True,physics_simulated_synthetic
BGW-028,3,56.003,production,1366.8,157.9,0.833,6.55,2,1.582,0.32,16.06,46.09,17.12,899.26,46.095,48.625,38781.39,True,physics_simulated_synthetic
BGW-028,3,56.214,production,1366.8,157.9,0.833,6.55,2,1.582,0.32,16.06,46.09,17.12,903.1,46.095,51.285,30212.09,True,physics_simulated_synthetic
BGW-028,4,0.608,soak,1228.3,159.9,0.585,4.31,3,1.662,0.259,10.99,47.12,17.96,0.0,143.292,148.745,28.17,True,physics_simulated_synthetic
BGW-028,4,2.178,soak,1228.3,159.9,0.585,4.31,3,1.662,0.259,10.99,47.12,17.96,0.0,137.38,142.884,39.07,True,physics_simulated_synthetic
BGW-028,4,8.103,production,1228.3,159.9,0.585,4.31,3,1.662,0.259,10.99,47.12,17.96,51.05,116.11,124.572,115.58,True,physics_simulated_synthetic
BGW-028,4,9.791,production,1228.3,159.9,0.585,4.31,3,1.662,0.259,10.99,47.12,17.96,73.77,110.24,115.1,210.84,True,physics_simulated_synthetic
BGW-028,4,18.882,production,1228.3,159.9,0.585,4.31,3,1.662,0.259,10.99,47.12,17.96,196.13,74.981,79.797,2632.83,True,physics_simulated_synthetic
BGW-028,4,19.084,production,1228.3,159.9,0.585,4.31,3,1.662,0.259,10.99,47.12,17.96,198.85,74.356,79.479,2699.62,True,physics_simulated_synthetic
BGW-028,4,19.819,production,1228.3,159.9,0.585,4.31,3,1.662,0.259,10.99,47.12,17.96,208.74,72.11,74.836,3911.7,True,physics_simulated_synthetic
BGW-028,4,20.773,production,1228.3,159.9,0.585,4.31,3,1.662,0.259,10.99,47.12,17.96,221.58,69.313,72.829,4605.63,True,physics_simulated_synthetic
BGW-028,4,25.46,production,1228.3,159.9,0.585,4.31,3,1.662,0.259,10.99,47.12,17.96,284.67,57.666,61.095,12449.41,True,physics_simulated_synthetic
BGW-028,4,26.463,production,1228.3,159.9,0.585,4.31,3,1.662,0.259,10.99,47.12,17.96,298.16,55.903,60.948,12611.2,True,physics_simulated_synthetic
BGW-028,4,30.435,production,1228.3,159.9,0.585,4.31,3,1.662,0.259,10.99,47.12,17.96,351.62,50.789,54.683,22089.88,True,physics_simulated_synthetic
BGW-028,4,35.109,production,1228.3,159.9,0.585,4.31,3,1.662,0.259,10.99,47.12,17.96,414.53,48.099,52.431,27164.79,True,physics_simulated_synthetic
BGW-028,4,35.786,production,1228.3,159.9,0.585,4.31,3,1.662,0.259,10.99,47.12,17.96,423.64,47.912,53.573,24452.12,True,physics_simulated_synthetic
BGW-028,4,38.845,production,1228.3,159.9,0.585,4.31,3,1.662,0.259,10.99,47.12,17.96,464.81,47.391,52.738,26405.99,True,physics_simulated_synthetic
BGW-028,4,40.018,production,1228.3,159.9,0.585,4.31,3,1.662,0.259,10.99,47.12,17.96,480.6,47.294,51.205,30437.34,True,physics_simulated_synthetic
BGW-028,4,40.677,production,1228.3,159.9,0.585,4.31,3,1.662,0.259,10.99,47.12,17.96,489.46,47.254,50.454,32649.08,True,physics_simulated_synthetic
BGW-028,4,41.643,production,1228.3,159.9,0.585,4.31,3,1.662,0.259,10.99,47.12,17.96,502.47,47.21,52.938,25923.64,True,physics_simulated_synthetic
BGW-028,4,51.31,production,1228.3,159.9,0.585,4.31,3,1.662,0.259,10.99,47.12,17.96,632.58,47.122,52.343,27386.34,True,physics_simulated_synthetic
BGW-028,4,53.562,production,1228.3,159.9,0.585,4.31,3,1.662,0.259,10.99,47.12,17.96,662.9,47.121,49.011,37393.3,True,physics_simulated_synthetic
BGW-028,4,54.924,production,1228.3,159.9,0.585,4.31,3,1.662,0.259,10.99,47.12,17.96,681.22,47.121,50.821,31548.08,True,physics_simulated_synthetic
BGW-029,4,3.263,soak,710.1,400.3,0.707,11.26,3,2.266,0.298,13.22,46.5,18.01,0.0,146.781,145.709,33.33,True,physics_simulated_synthetic
BGW-029,4,3.438,soak,710.1,400.3,0.707,11.26,3,2.266,0.298,13.22,46.5,18.01,0.0,145.919,145.492,33.74,True,physics_simulated_synthetic
BGW-029,4,5.182,soak,710.1,400.3,0.707,11.26,3,2.266,0.298,13.22,46.5,18.01,0.0,137.737,134.007,65.3,True,physics_simulated_synthetic
BGW-029,4,6.049,soak,710.1,400.3,0.707,11.26,3,2.266,0.298,13.22,46.5,18.01,0.0,133.922,133.107,68.87,True,physics_simulated_synthetic
BGW-029,4,8.039,soak,710.1,400.3,0.707,11.26,3,2.266,0.298,13.22,46.5,18.01,0.0,125.758,125.08,112.01,True,physics_simulated_synthetic
BGW-029,4,9.251,soak,710.1,400.3,0.707,11.26,3,2.266,0.298,13.22,46.5,18.01,0.0,121.162,119.79,156.0,True,physics_simulated_synthetic
BGW-029,4,13.925,production,710.1,400.3,0.707,11.26,3,2.266,0.298,13.22,46.5,18.01,47.64,103.642,103.93,445.33,True,physics_simulated_synthetic
BGW-029,4,17.971,production,710.1,400.3,0.707,11.26,3,2.266,0.298,13.22,46.5,18.01,119.89,88.214,88.191,1381.36,True,physics_simulated_synthetic
BGW-029,4,20.536,production,710.1,400.3,0.707,11.26,3,2.266,0.298,13.22,46.5,18.01,165.71,78.892,75.785,3623.1,True,physics_simulated_synthetic
BGW-029,4,24.157,production,710.1,400.3,0.707,11.26,3,2.266,0.298,13.22,46.5,18.01,230.37,66.759,67.117,7409.98,True,physics_simulated_synthetic
BGW-029,4,30.67,production,710.1,400.3,0.707,11.26,3,2.266,0.298,13.22,46.5,18.01,346.7,51.992,50.748,31763.68,True,physics_simulated_synthetic
BGW-029,4,31.72,production,710.1,400.3,0.707,11.26,3,2.266,0.298,13.22,46.5,18.01,365.44,50.774,51.51,29586.71,True,physics_simulated_synthetic
BGW-029,4,37.202,production,710.1,400.3,0.707,11.26,3,2.266,0.298,13.22,46.5,18.01,463.35,47.278,45.539,52084.29,True,physics_simulated_synthetic
BGW-029,4,39.531,production,710.1,400.3,0.707,11.26,3,2.266,0.298,13.22,46.5,18.01,504.94,46.827,46.925,45591.73,True,physics_simulated_synthetic
BGW-029,4,39.54,production,710.1,400.3,0.707,11.26,3,2.266,0.298,13.22,46.5,18.01,505.11,46.826,46.485,47552.68,True,physics_simulated_synthetic
BGW-029,4,47.207,production,710.1,400.3,0.707,11.26,3,2.266,0.298,13.22,46.5,18.01,642.04,46.51,46.99,45309.6,True,physics_simulated_synthetic
BGW-029,4,51.017,production,710.1,400.3,0.707,11.26,3,2.266,0.298,13.22,46.5,18.01,710.08,46.504,46.734,46431.27,True,physics_simulated_synthetic
BGW-029,4,51.646,production,710.1,400.3,0.707,11.26,3,2.266,0.298,13.22,46.5,18.01,721.31,46.504,46.202,48862.43,True,physics_simulated_synthetic
BGW-029,4,52.708,production,710.1,400.3,0.707,11.26,3,2.266,0.298,13.22,46.5,18.01,740.28,46.504,45.503,52263.82,True,physics_simulated_synthetic
BGW-029,4,55.457,production,710.1,400.3,0.707,11.26,3,2.266,0.298,13.22,46.5,18.01,789.38,46.503,45.503,52263.82,True,physics_simulated_synthetic
BGW-029,3,0.403,soak,601.6,160.5,0.847,10.26,2,2.331,0.308,6.29,47.58,17.9,0.0,120.246,117.718,178.04,True,physics_simulated_synthetic
BGW-029,3,17.292,production,601.6,160.5,0.847,10.26,2,2.331,0.308,6.29,47.58,17.9,115.79,63.873,61.72,11786.63,True,physics_simulated_synthetic
BGW-029,3,18.075,production,601.6,160.5,0.847,10.26,2,2.331,0.308,6.29,47.58,17.9,128.69,62.459,63.047,10501.34,True,physics_simulated_synthetic
BGW-029,3,18.622,production,601.6,160.5,0.847,10.26,2,2.331,0.308,6.29,47.58,17.9,137.69,61.516,63.449,10141.75,True,physics_simulated_synthetic
BGW-029,3,24.57,production,601.6,160.5,0.847,10.26,2,2.331,0.308,6.29,47.58,17.9,235.61,52.976,53.261,25163.18,True,physics_simulated_synthetic
BGW-029,3,25.94,production,601.6,160.5,0.847,10.26,2,2.331,0.308,6.29,47.58,17.9,258.17,51.756,51.293,30188.52,True,physics_simulated_synthetic
BGW-029,3,26.353,production,601.6,160.5,0.847,10.26,2,2.331,0.308,6.29,47.58,17.9,264.96,51.434,47.954,41329.51,True,physics_simulated_synthetic
BGW-029,3,26.529,production,601.6,160.5,0.847,10.26,2,2.331,0.308,6.29,47.58,17.9,267.86,51.302,48.064,40899.74,True,physics_simulated_synthetic
BGW-029,3,26.828,production,601.6,160.5,0.847,10.26,2,2.331,0.308,6.29,47.58,17.9,272.78,51.085,50.86,31432.24,True,physics_simulated_synthetic
BGW-029,3,33.14,production,601.6,160.5,0.847,10.26,2,2.331,0.308,6.29,47.58,17.9,376.7,48.246,47.339,43825.16,True,physics_simulated_synthetic
BGW-029,3,33.16,production,601.6,160.5,0.847,10.26,2,2.331,0.308,6.29,47.58,17.9,377.03,48.242,46.584,47105.77,True,physics_simulated_synthetic
BGW-029,3,33.858,production,601.6,160.5,0.847,10.26,2,2.331,0.308,6.29,47.58,17.9,388.52,48.118,47.803,41927.49,True,physics_simulated_synthetic
BGW-029,3,37.183,production,601.6,160.5,0.847,10.26,2,2.331,0.308,6.29,47.58,17.9,443.26,47.754,47.509,43118.49,True,physics_simulated_synthetic
BGW-029,3,45.079,production,601.6,160.5,0.847,10.26,2,2.331,0.308,6.29,47.58,17.9,573.26,47.588,48.504,39229.7,True,physics_simulated_synthetic
BGW-029,3,47.373,production,601.6,160.5,0.847,10.26,2,2.331,0.308,6.29,47.58,17.9,611.02,47.585,47.37,43694.26,True,physics_simulated_synthetic
BGW-029,3,47.581,production,601.6,160.5,0.847,10.26,2,2.331,0.308,6.29,47.58,17.9,614.44,47.585,48.898,37792.54,True,physics_simulated_synthetic
BGW-029,3,49.603,production,601.6,160.5,0.847,10.26,2,2.331,0.308,6.29,47.58,17.9,647.73,47.584,47.189,44455.16,True,physics_simulated_synthetic
BGW-029,3,54.543,production,601.6,160.5,0.847,10.26,2,2.331,0.308,6.29,47.58,17.9,729.06,47.584,47.016,45195.84,True,physics_simulated_synthetic
BGW-029,3,55.927,production,601.6,160.5,0.847,10.26,2,2.331,0.308,6.29,47.58,17.9,751.83,47.584,48.668,38625.99,True,physics_simulated_synthetic
BGW-029,3,58.006,production,601.6,160.5,0.847,10.26,2,2.331,0.308,6.29,47.58,17.9,786.06,47.584,46.584,47105.77,True,physics_simulated_synthetic
BGW-029,3,0.989,soak,1895.9,354.4,0.633,11.67,2,2.078,0.319,19.6,47.84,18.51,0.0,185.6,184.01,5.0,True,physics_simulated_synthetic
BGW-029,3,2.923,soak,1895.9,354.4,0.633,11.67,2,2.078,0.319,19.6,47.84,18.51,0.0,175.912,175.836,6.94,True,physics_simulated_synthetic
BGW-029,3,6.515,soak,1895.9,354.4,0.633,11.67,2,2.078,0.319,19.6,47.84,18.51,0.0,159.688,157.962,17.14,True,physics_simulated_synthetic
BGW-029,3,6.579,soak,1895.9,354.4,0.633,11.67,2,2.078,0.319,19.6,47.84,18.51,0.0,159.418,158.693,16.5,True,physics_simulated_synthetic
BGW-029,3,9.212,soak,1895.9,354.4,0.633,11.67,2,2.078,0.319,19.6,47.84,18.51,0.0,148.874,149.549,26.95,True,physics_simulated_synthetic
BGW-029,3,9.863,soak,1895.9,354.4,0.633,11.67,2,2.078,0.319,19.6,47.84,18.51,0.0,146.424,146.16,32.5,True,physics_simulated_synthetic
BGW-029,3,10.33,soak,1895.9,354.4,0.633,11.67,2,2.078,0.319,19.6,47.84,18.51,0.0,144.701,142.317,40.35,True,physics_simulated_synthetic
BGW-029,3,22.856,production,1895.9,354.4,0.633,11.67,2,2.078,0.319,19.6,47.84,18.51,120.11,87.814,85.567,1684.49,True,physics_simulated_synthetic
BGW-029,3,25.94,production,1895.9,354.4,0.633,11.67,2,2.078,0.319,19.6,47.84,18.51,153.22,76.897,74.557,4001.0,True,physics_simulated_synthetic
BGW-029,3,28.409,production,1895.9,354.4,0.633,11.67,2,2.078,0.319,19.6,47.84,18.51,179.74,69.302,69.583,6022.72,True,physics_simulated_synthetic
BGW-029,3,29.063,production,1895.9,354.4,0.633,11.67,2,2.078,0.319,19.6,47.84,18.51,186.77,67.526,70.01,5812.58,True,physics_simulated_synthetic
BGW-029,3,30.358,production,1895.9,354.4,0.633,11.67,2,2.078,0.319,19.6,47.84,18.51,200.67,64.234,65.735,8333.1,True,physics_simulated_synthetic
BGW-029,3,31.251,production,1895.9,354.4,0.633,11.67,2,2.078,0.319,19.6,47.84,18.51,210.27,62.175,59.114,14827.67,True,physics_simulated_synthetic
BGW-029,3,32.601,production,1895.9,354.4,0.633,11.67,2,2.078,0.319,19.6,47.84,18.51,224.76,59.366,60.95,12609.46,True,physics_simulated_synthetic
BGW-029,3,36.566,production,1895.9,354.4,0.633,11.67,2,2.078,0.319,19.6,47.84,18.51,267.34,53.169,54.074,23355.56,True,physics_simulated_synthetic
BGW-029,3,42.308,production,1895.9,354.4,0.633,11.67,2,2.078,0.319,19.6,47.84,18.51,329.01,49.057,46.838,45972.98,True,physics_simulated_synthetic
BGW-029,3,45.923,production,1895.9,354.4,0.633,11.67,2,2.078,0.319,19.6,47.84,18.51,367.83,48.228,47.397,43581.24,True,physics_simulated_synthetic
BGW-029,3,47.719,production,1895.9,354.4,0.633,11.67,2,2.078,0.319,19.6,47.84,18.51,387.13,48.046,49.173,36824.35,True,physics_simulated_synthetic
BGW-029,3,50.257,production,1895.9,354.4,0.633,11.67,2,2.078,0.319,19.6,47.84,18.51,414.38,47.916,48.28,40070.19,True,physics_simulated_synthetic
BGW-029,3,52.094,production,1895.9,354.4,0.633,11.67,2,2.078,0.319,19.6,47.84,18.51,434.11,47.874,46.838,45972.98,True,physics_simulated_synthetic
BGW-030,5,4.423,soak,1596.3,304.3,0.763,8.03,4,2.295,0.222,19.63,47.62,18.72,0.0,168.723,170.905,8.84,True,physics_simulated_synthetic
BGW-030,5,8.427,production,1596.3,304.3,0.763,8.03,4,2.295,0.222,19.63,47.62,18.72,5.46,149.636,152.698,22.7,True,physics_simulated_synthetic
BGW-030,5,15.401,production,1596.3,304.3,0.763,8.03,4,2.295,0.222,19.63,47.62,18.72,101.77,114.128,117.327,182.58,True,physics_simulated_synthetic
BGW-030,5,18.406,production,1596.3,304.3,0.763,8.03,4,2.295,0.222,19.63,47.62,18.72,143.28,99.489,100.473,566.4,True,physics_simulated_synthetic
BGW-030,5,18.423,production,1596.3,304.3,0.763,8.03,4,2.295,0.222,19.63,47.62,18.72,143.51,99.413,102.563,489.5,True,physics_simulated_synthetic
BGW-030,5,19.339,production,1596.3,304.3,0.763,8.03,4,2.295,0.222,19.63,47.62,18.72,156.17,95.205,95.689,795.91,True,physics_simulated_synthetic
BGW-030,5,23.221,production,1596.3,304.3,0.763,8.03,4,2.295,0.222,19.63,47.62,18.72,209.78,77.904,79.463,2703.04,True,physics_simulated_synthetic
BGW-030,5,23.427,production,1596.3,304.3,0.763,8.03,4,2.295,0.222,19.63,47.62,18.72,212.62,77.12,81.061,2384.56,True,physics_simulated_synthetic
BGW-030,5,24.102,production,1596.3,304.3,0.763,8.03,4,2.295,0.222,19.63,47.62,18.72,221.94,74.597,77.531,3150.31,True,physics_simulated_synthetic
BGW-030,5,26.744,production,1596.3,304.3,0.763,8.03,4,2.295,0.222,19.63,47.62,18.72,258.43,65.628,67.637,7091.44,True,physics_simulated_synthetic
BGW-030,5,28.974,production,1596.3,304.3,0.763,8.03,4,2.295,0.222,19.63,47.62,18.72,289.23,59.706,62.766,10760.04,True,physics_simulated_synthetic
BGW-030,5,43.349,production,1596.3,304.3,0.763,8.03,4,2.295,0.222,19.63,47.62,18.72,487.75,47.716,50.067,33855.29,True,physics_simulated_synthetic
BGW-030,5,44.717,production,1596.3,304.3,0.763,8.03,4,2.295,0.222,19.63,47.62,18.72,506.65,47.674,50.127,33664.6,True,physics_simulated_synthetic
BGW-030,5,45.717,production,1596.3,304.3,0.763,8.03,4,2.295,0.222,19.63,47.62,18.72,520.46,47.656,51.01,30995.28,True,physics_simulated_synthetic
BGW-030,5,45.944,production,1596.3,304.3,0.763,8.03,4,2.295,0.222,19.63,47.62,18.72,523.6,47.653,49.069,37186.81,True,physics_simulated_synthetic
BGW-030,5,47.521,production,1596.3,304.3,0.763,8.03,4,2.295,0.222,19.63,47.62,18.72,545.38,47.637,50.129,33659.0,True,physics_simulated_synthetic
BGW-030,5,48.043,production,1596.3,304.3,0.763,8.03,4,2.295,0.222,19.63,47.62,18.72,552.58,47.634,49.632,35266.26,True,physics_simulated_synthetic
BGW-030,5,49.206,production,1596.3,304.3,0.763,8.03,4,2.295,0.222,19.63,47.62,18.72,568.65,47.63,47.845,41761.34,True,physics_simulated_synthetic
BGW-030,5,50.232,production,1596.3,304.3,0.763,8.03,4,2.295,0.222,19.63,47.62,18.72,582.81,47.627,48.774,38239.82,True,physics_simulated_synthetic
BGW-030,5,54.908,production,1596.3,304.3,0.763,8.03,4,2.295,0.222,19.63,47.62,18.72,647.4,47.625,52.255,27610.56,True,physics_simulated_synthetic
BGW-031,4,3.709,soak,1124.0,334.5,0.817,8.82,3,2.064,0.244,8.24,46.64,18.93,0.0,164.752,169.216,9.61,True,physics_simulated_synthetic
BGW-031,4,6.383,soak,1124.0,334.5,0.817,8.82,3,2.064,0.244,8.24,46.64,18.93,0.0,148.765,153.47,21.78,True,physics_simulated_synthetic
BGW-031,4,11.386,production,1124.0,334.5,0.817,8.82,3,2.064,0.244,8.24,46.64,18.93,29.04,122.914,125.648,108.15,True,physics_simulated_synthetic
BGW-031,4,12.999,production,1124.0,334.5,0.817,8.82,3,2.064,0.244,8.24,46.64,18.93,47.29,115.491,120.386,150.21,True,physics_simulated_synthetic
BGW-031,4,16.651,production,1124.0,334.5,0.817,8.82,3,2.064,0.244,8.24,46.64,18.93,88.63,99.045,103.094,471.8,True,physics_simulated_synthetic
BGW-031,4,24.941,production,1124.0,334.5,0.817,8.82,3,2.064,0.244,8.24,46.64,18.93,182.47,66.751,68.883,6385.77,True,physics_simulated_synthetic
BGW-031,4,27.055,production,1124.0,334.5,0.817,8.82,3,2.064,0.244,8.24,46.64,18.93,206.39,61.408,65.061,8827.3,True,physics_simulated_synthetic
BGW-031,4,32.063,production,1124.0,334.5,0.817,8.82,3,2.064,0.244,8.24,46.64,18.93,263.08,52.473,58.298,15945.13,True,physics_simulated_synthetic
BGW-031,4,33.639,production,1124.0,334.5,0.817,8.82,3,2.064,0.244,8.24,46.64,18.93,280.92,50.806,57.044,17838.95,True,physics_simulated_synthetic
BGW-031,4,35.341,production,1124.0,334.5,0.817,8.82,3,2.064,0.244,8.24,46.64,18.93,300.19,49.444,54.339,22795.4,True,physics_simulated_synthetic
BGW-031,4,35.932,production,1124.0,334.5,0.817,8.82,3,2.064,0.244,8.24,46.64,18.93,306.87,49.068,51.292,30191.27,True,physics_simulated_synthetic
BGW-031,4,37.309,production,1124.0,334.5,0.817,8.82,3,2.064,0.244,8.24,46.64,18.93,322.45,48.342,52.92,25966.48,True,physics_simulated_synthetic
BGW-031,4,38.564,production,1124.0,334.5,0.817,8.82,3,2.064,0.244,8.24,46.64,18.93,336.66,47.846,52.928,25947.19,True,physics_simulated_synthetic
BGW-031,4,40.107,production,1124.0,334.5,0.817,8.82,3,2.064,0.244,8.24,46.64,18.93,354.12,47.406,52.313,27463.89,True,physics_simulated_synthetic
BGW-031,4,40.346,production,1124.0,334.5,0.817,8.82,3,2.064,0.244,8.24,46.64,18.93,356.84,47.352,52.342,27389.6,True,physics_simulated_synthetic
BGW-031,4,48.273,production,1124.0,334.5,0.817,8.82,3,2.064,0.244,8.24,46.64,18.93,446.56,46.673,51.073,30815.83,True,physics_simulated_synthetic
BGW-031,4,49.328,production,1124.0,334.5,0.817,8.82,3,2.064,0.244,8.24,46.64,18.93,458.5,46.661,50.451,32659.29,True,physics_simulated_synthetic
BGW-031,4,50.131,production,1124.0,334.5,0.817,8.82,3,2.064,0.244,8.24,46.64,18.93,467.59,46.655,49.694,35061.34,True,physics_simulated_synthetic
BGW-031,4,53.11,production,1124.0,334.5,0.817,8.82,3,2.064,0.244,8.24,46.64,18.93,501.3,46.644,47.878,41630.45,True,physics_simulated_synthetic
BGW-031,4,57.909,production,1124.0,334.5,0.817,8.82,3,2.064,0.244,8.24,46.64,18.93,555.62,46.641,51.008,31003.45,True,physics_simulated_synthetic
BGW-031,5,2.335,soak,1687.1,222.1,0.676,5.69,4,1.441,0.246,14.06,46.72,18.22,0.0,177.279,182.733,5.0,True,physics_simulated_synthetic
BGW-031,5,3.2,soak,1687.1,222.1,0.676,5.69,4,1.441,0.246,14.06,46.72,18.22,0.0,173.672,177.971,6.25,True,physics_simulated_synthetic
BGW-031,5,5.673,soak,1687.1,222.1,0.676,5.69,4,1.441,0.246,14.06,46.72,18.22,0.0,163.905,169.16,9.64,True,physics_simulated_synthetic
BGW-031,5,10.26,production,1687.1,222.1,0.676,5.69,4,1.441,0.246,14.06,46.72,18.22,41.62,145.388,148.669,28.29,True,physics_simulated_synthetic
BGW-031,5,11.068,production,1687.1,222.1,0.676,5.69,4,1.441,0.246,14.06,46.72,18.22,48.98,142.159,145.701,33.35,True,physics_simulated_synthetic
BGW-031,5,16.69,production,1687.1,222.1,0.676,5.69,4,1.441,0.246,14.06,46.72,18.22,100.18,116.698,120.402,150.06,True,physics_simulated_synthetic
BGW-031,5,17.775,production,1687.1,222.1,0.676,5.69,4,1.441,0.246,14.06,46.72,18.22,110.06,111.904,113.663,231.57,True,physics_simulated_synthetic
BGW-031,5,19.322,production,1687.1,222.1,0.676,5.69,4,1.441,0.246,14.06,46.72,18.22,124.15,105.024,110.583,283.79,True,physics_simulated_synthetic
BGW-031,5,20.751,production,1687.1,222.1,0.676,5.69,4,1.441,0.246,14.06,46.72,18.22,137.16,98.741,104.762,420.56,True,physics_simulated_synthetic
BGW-031,5,20.881,production,1687.1,222.1,0.676,5.69,4,1.441,0.246,14.06,46.72,18.22,138.35,98.186,101.557,525.0,True,physics_simulated_synthetic
BGW-031,5,22.885,production,1687.1,222.1,0.676,5.69,4,1.441,0.246,14.06,46.72,18.22,156.6,89.59,94.43,871.75,True,physics_simulated_synthetic
BGW-031,5,25.543,production,1687.1,222.1,0.676,5.69,4,1.441,0.246,14.06,46.72,18.22,180.8,78.945,82.925,2062.99,True,physics_simulated_synthetic
BGW-031,5,29.223,production,1687.1,222.1,0.676,5.69,4,1.441,0.246,14.06,46.72,18.22,214.32,66.481,71.293,5225.91,True,physics_simulated_synthetic
BGW-031,5,34.291,production,1687.1,222.1,0.676,5.69,4,1.441,0.246,14.06,46.72,18.22,260.47,54.885,58.359,15857.75,True,physics_simulated_synthetic
BGW-031,5,36.016,production,1687.1,222.1,0.676,5.69,4,1.441,0.246,14.06,46.72,18.22,276.19,52.478,55.594,20334.35,True,physics_simulated_synthetic
BGW-031,5,36.908,production,1687.1,222.1,0.676,5.69,4,1.441,0.246,14.06,46.72,18.22,284.31,51.475,57.3,17433.13,True,physics_simulated_synthetic
BGW-031,5,44.271,production,1687.1,222.1,0.676,5.69,4,1.441,0.246,14.06,46.72,18.22,351.37,47.332,51.595,29353.74,True,physics_simulated_synthetic
BGW-031,5,47.44,production,1687.1,222.1,0.676,5.69,4,1.441,0.246,14.06,46.72,18.22,380.23,46.929,54.112,23273.09,True,physics_simulated_synthetic
BGW-031,5,52.699,production,1687.1,222.1,0.676,5.69,4,1.441,0.246,14.06,46.72,18.22,428.12,46.744,51.162,30561.18,True,physics_simulated_synthetic
BGW-031,5,57.137,production,1687.1,222.1,0.676,5.69,4,1.441,0.246,14.06,46.72,18.22,468.54,46.723,49.779,34783.33,True,physics_simulated_synthetic
BGW-032,5,5.408,soak,1768.4,390.5,0.83,7.8,4,2.002,0.262,17.91,46.86,18.64,0.0,165.3,165.577,11.55,True,physics_simulated_synthetic
BGW-032,5,10.037,production,1768.4,390.5,0.83,7.8,4,2.002,0.262,17.91,46.86,18.64,37.12,143.852,144.143,36.39,True,physics_simulated_synthetic
BGW-032,5,11.338,production,1768.4,390.5,0.83,7.8,4,2.002,0.262,17.91,46.86,18.64,58.71,137.897,138.731,49.55,True,physics_simulated_synthetic
BGW-032,5,12.672,production,1768.4,390.5,0.83,7.8,4,2.002,0.262,17.91,46.86,18.64,80.86,131.575,131.244,76.97,True,physics_simulated_synthetic
BGW-032,5,14.935,production,1768.4,390.5,0.83,7.8,4,2.002,0.262,17.91,46.86,18.64,118.45,120.119,120.83,146.06,True,physics_simulated_synthetic
BGW-032,5,15.301,production,1768.4,390.5,0.83,7.8,4,2.002,0.262,17.91,46.86,18.64,124.52,118.292,118.326,171.25,True,physics_simulated_synthetic
BGW-032,5,26.473,production,1768.4,390.5,0.83,7.8,4,2.002,0.262,17.91,46.86,18.64,310.02,60.967,59.022,14949.38,True,physics_simulated_synthetic
BGW-032,5,30.645,production,1768.4,390.5,0.83,7.8,4,2.002,0.262,17.91,46.86,18.64,379.3,52.315,52.599,26746.95,True,physics_simulated_synthetic
BGW-032,5,34.412,production,1768.4,390.5,0.83,7.8,4,2.002,0.262,17.91,46.86,18.64,441.84,48.694,47.423,43472.71,True,physics_simulated_synthetic
BGW-032,5,34.749,production,1768.4,390.5,0.83,7.8,4,2.002,0.262,17.91,46.86,18.64,447.44,48.51,46.352,48165.86,True,physics_simulated_synthetic
BGW-032,5,42.577,production,1768.4,390.5,0.83,7.8,4,2.002,0.262,17.91,46.86,18.64,577.42,46.922,47.384,43635.31,True,physics_simulated_synthetic
BGW-032,5,43.484,production,1768.4,390.5,0.83,7.8,4,2.002,0.262,17.91,46.86,18.64,592.48,46.901,47.854,41725.22,True,physics_simulated_synthetic
BGW-032,5,45.415,production,1768.4,390.5,0.83,7.8,4,2.002,0.262,17.91,46.86,18.64,624.54,46.876,47.884,41606.65,True,physics_simulated_synthetic
BGW-032,5,47.748,production,1768.4,390.5,0.83,7.8,4,2.002,0.262,17.91,46.86,18.64,663.27,46.866,47.93,41423.22,True,physics_simulated_synthetic
BGW-032,5,47.961,production,1768.4,390.5,0.83,7.8,4,2.002,0.262,17.91,46.86,18.64,666.82,46.866,45.863,50484.5,True,physics_simulated_synthetic
BGW-032,5,51.39,production,1768.4,390.5,0.83,7.8,4,2.002,0.262,17.91,46.86,18.64,723.75,46.863,45.863,50484.5,True,physics_simulated_synthetic
BGW-032,5,54.414,production,1768.4,390.5,0.83,7.8,4,2.002,0.262,17.91,46.86,18.64,773.96,46.863,49.896,34403.05,True,physics_simulated_synthetic
BGW-032,5,56.177,production,1768.4,390.5,0.83,7.8,4,2.002,0.262,17.91,46.86,18.64,803.23,46.863,45.863,50484.5,True,physics_simulated_synthetic
BGW-032,5,57.713,production,1768.4,390.5,0.83,7.8,4,2.002,0.262,17.91,46.86,18.64,828.74,46.863,47.988,41196.93,True,physics_simulated_synthetic
BGW-032,5,58.498,production,1768.4,390.5,0.83,7.8,4,2.002,0.262,17.91,46.86,18.64,841.77,46.863,46.171,49008.71,True,physics_simulated_synthetic
BGW-032,3,1.397,soak,1139.2,348.6,0.739,11.52,2,2.357,0.282,17.45,47.58,17.98,0.0,181.817,181.822,5.2,True,physics_simulated_synthetic
BGW-032,3,4.696,soak,1139.2,348.6,0.739,11.52,2,2.357,0.282,17.45,47.58,17.98,0.0,163.196,163.478,12.86,True,physics_simulated_synthetic
BGW-032,3,5.098,soak,1139.2,348.6,0.739,11.52,2,2.357,0.282,17.45,47.58,17.98,0.0,161.106,160.246,15.21,True,physics_simulated_synthetic
BGW-032,3,7.673,soak,1139.2,348.6,0.739,11.52,2,2.357,0.282,17.45,47.58,17.98,0.0,148.615,148.074,29.23,True,physics_simulated_synthetic
BGW-032,3,9.211,soak,1139.2,348.6,0.739,11.52,2,2.357,0.282,17.45,47.58,17.98,0.0,141.817,140.069,45.87,True,physics_simulated_synthetic
BGW-032,3,13.294,production,1139.2,348.6,0.739,11.52,2,2.357,0.282,17.45,47.58,17.98,28.01,124.498,122.639,130.36,True,physics_simulated_synthetic
BGW-032,3,13.571,production,1139.2,348.6,0.739,11.52,2,2.357,0.282,17.45,47.58,17.98,32.4,123.396,123.819,121.11,True,physics_simulated_synthetic
BGW-032,3,19.486,production,1139.2,348.6,0.739,11.52,2,2.357,0.282,17.45,47.58,17.98,125.78,95.898,95.867,785.77,True,physics_simulated_synthetic
BGW-032,3,20.94,production,1139.2,348.6,0.739,11.52,2,2.357,0.282,17.45,47.58,17.98,148.73,89.784,89.767,1227.87,True,physics_simulated_synthetic
BGW-032,3,31.489,production,1139.2,348.6,0.739,11.52,2,2.357,0.282,17.45,47.58,17.98,315.26,54.08,53.819,23905.8,True,physics_simulated_synthetic
BGW-032,3,33.74,production,1139.2,348.6,0.739,11.52,2,2.357,0.282,17.45,47.58,17.98,350.8,51.367,50.778,31675.1,True,physics_simulated_synthetic
BGW-032,3,39.185,production,1139.2,348.6,0.739,11.52,2,2.357,0.282,17.45,47.58,17.98,436.77,48.273,48.594,38896.28,True,physics_simulated_synthetic
BGW-032,3,41.889,production,1139.2,348.6,0.739,11.52,2,2.357,0.282,17.45,47.58,17.98,479.44,47.833,48.488,39286.6,True,physics_simulated_synthetic
BGW-032,3,42.267,production,1139.2,348.6,0.739,11.52,2,2.357,0.282,17.45,47.58,17.98,485.43,47.798,48.42,39541.08,True,physics_simulated_synthetic
BGW-032,3,45.481,production,1139.2,348.6,0.739,11.52,2,2.357,0.282,17.45,47.58,17.98,536.16,47.636,46.841,45959.26,True,physics_simulated_synthetic
BGW-032,3,50.167,production,1139.2,348.6,0.739,11.52,2,2.357,0.282,17.45,47.58,17.98,610.13,47.589,48.877,37868.33,True,physics_simulated_synthetic
BGW-032,3,55.671,production,1139.2,348.6,0.739,11.52,2,2.357,0.282,17.45,47.58,17.98,697.03,47.585,47.251,44191.9,True,physics_simulated_synthetic
BGW-032,3,55.979,production,1139.2,348.6,0.739,11.52,2,2.357,0.282,17.45,47.58,17.98,701.88,47.585,47.817,41873.6,True,physics_simulated_synthetic
BGW-032,3,57.614,production,1139.2,348.6,0.739,11.52,2,2.357,0.282,17.45,47.58,17.98,727.69,47.585,47.326,43876.68,True,physics_simulated_synthetic
BGW-032,3,57.71,production,1139.2,348.6,0.739,11.52,2,2.357,0.282,17.45,47.58,17.98,729.21,47.585,47.277,44082.83,True,physics_simulated_synthetic
BGW-033,2,2.397,soak,1697.3,402.3,0.781,9.02,1,1.892,0.204,16.12,47.09,17.54,0.0,175.897,174.198,7.51,True,physics_simulated_synthetic
BGW-033,2,16.979,production,1697.3,402.3,0.781,9.02,1,1.892,0.204,16.12,47.09,17.54,131.01,96.354,96.535,748.98,True,physics_simulated_synthetic
BGW-033,2,17.419,production,1697.3,402.3,0.781,9.02,1,1.892,0.204,16.12,47.09,17.54,138.25,94.421,96.286,762.46,True,physics_simulated_synthetic
BGW-033,2,19.671,production,1697.3,402.3,0.781,9.02,1,1.892,0.204,16.12,47.09,17.54,175.33,84.516,85.743,1662.11,True,physics_simulated_synthetic
BGW-033,2,24.825,production,1697.3,402.3,0.781,9.02,1,1.892,0.204,16.12,47.09,17.54,260.19,64.805,66.434,7851.85,True,physics_simulated_synthetic
BGW-033,2,26.391,production,1697.3,402.3,0.781,9.02,1,1.892,0.204,16.12,47.09,17.54,285.99,60.573,61.284,12245.62,True,physics_simulated_synthetic
BGW-033,2,28.211,production,1697.3,402.3,0.781,9.02,1,1.892,0.204,16.12,47.09,17.54,315.95,56.527,58.967,15022.86,True,physics_simulated_synthetic
BGW-033,2,28.555,production,1697.3,402.3,0.781,9.02,1,1.892,0.204,16.12,47.09,17.54,321.61,55.881,57.978,16406.78,True,physics_simulated_synthetic
BGW-033,2,30.501,production,1697.3,402.3,0.781,9.02,1,1.892,0.204,16.12,47.09,17.54,353.65,52.745,54.172,23146.77,True,physics_simulated_synthetic
BGW-033,2,36.488,production,1697.3,402.3,0.781,9.02,1,1.892,0.204,16.12,47.09,17.54,452.23,48.008,50.109,33721.13,True,physics_simulated_synthetic
BGW-033,2,37.255,production,1697.3,402.3,0.781,9.02,1,1.892,0.204,16.12,47.09,17.54,464.87,47.794,49.647,35216.97,True,physics_simulated_synthetic
BGW-033,2,37.462,production,1697.3,402.3,0.781,9.02,1,1.892,0.204,16.12,47.09,17.54,468.27,47.745,47.932,41418.14,True,physics_simulated_synthetic
BGW-033,2,38.564,production,1697.3,402.3,0.781,9.02,1,1.892,0.204,16.12,47.09,17.54,486.41,47.526,46.447,47727.95,True,physics_simulated_synthetic
BGW-033,2,39.158,production,1697.3,402.3,0.781,9.02,1,1.892,0.204,16.12,47.09,17.54,496.2,47.437,48.828,38044.18,True,physics_simulated_synthetic
BGW-033,2,40.954,production,1697.3,402.3,0.781,9.02,1,1.892,0.204,16.12,47.09,17.54,525.77,47.256,48.822,38064.39,True,physics_simulated_synthetic
BGW-033,2,41.136,production,1697.3,402.3,0.781,9.02,1,1.892,0.204,16.12,47.09,17.54,528.76,47.243,49.572,35465.66,True,physics_simulated_synthetic
BGW-033,2,43.939,production,1697.3,402.3,0.781,9.02,1,1.892,0.204,16.12,47.09,17.54,574.92,47.131,46.622,46931.43,True,physics_simulated_synthetic
BGW-033,2,47.702,production,1697.3,402.3,0.781,9.02,1,1.892,0.204,16.12,47.09,17.54,636.88,47.095,46.628,46905.12,True,physics_simulated_synthetic
BGW-033,2,56.136,production,1697.3,402.3,0.781,9.02,1,1.892,0.204,16.12,47.09,17.54,775.76,47.09,48.536,39110.38,True,physics_simulated_synthetic
BGW-033,2,57.546,production,1697.3,402.3,0.781,9.02,1,1.892,0.204,16.12,47.09,17.54,798.97,47.09,47.792,41970.31,True,physics_simulated_synthetic
BGW-033,4,1.199,soak,1347.3,261.2,0.611,4.89,3,1.432,0.32,11.77,46.0,18.91,0.0,173.58,175.871,6.92,True,physics_simulated_synthetic
BGW-033,4,2.359,soak,1347.3,261.2,0.611,4.89,3,1.432,0.32,11.77,46.0,18.91,0.0,168.649,170.75,8.91,True,physics_simulated_synthetic
BGW-033,4,8.547,production,1347.3,261.2,0.611,4.89,3,1.432,0.32,11.77,46.0,18.91,35.1,143.208,144.507,35.65,True,physics_simulated_synthetic
BGW-033,4,15.286,production,1347.3,261.2,0.611,4.89,3,1.432,0.32,11.77,46.0,18.91,99.8,113.156,114.145,224.39,True,physics_simulated_synthetic
BGW-033,4,18.664,production,1347.3,261.2,0.611,4.89,3,1.432,0.32,11.77,46.0,18.91,132.23,98.26,99.642,600.51,True,physics_simulated_synthetic
BGW-033,4,24.004,production,1347.3,261.2,0.611,4.89,3,1.432,0.32,11.77,46.0,18.91,183.51,76.173,79.507,2693.64,True,physics_simulated_synthetic
BGW-033,4,25.115,production,1347.3,261.2,0.611,4.89,3,1.432,0.32,11.77,46.0,18.91,194.18,72.399,73.1,4504.84,True,physics_simulated_synthetic
BGW-033,4,27.818,production,1347.3,261.2,0.611,4.89,3,1.432,0.32,11.77,46.0,18.91,220.13,64.191,65.828,8267.09,True,physics_simulated_synthetic
BGW-033,4,30.952,production,1347.3,261.2,0.611,4.89,3,1.432,0.32,11.77,46.0,18.91,250.22,56.867,58.849,15180.58,True,physics_simulated_synthetic
BGW-033,4,31.39,production,1347.3,261.2,0.611,4.89,3,1.432,0.32,11.77,46.0,18.91,254.43,56.057,59.967,13749.14,True,physics_simulated_synthetic
BGW-033,4,37.205,production,1347.3,261.2,0.611,4.89,3,1.432,0.32,11.77,46.0,18.91,310.26,48.789,50.094,33768.92,True,physics_simulated_synthetic
BGW-033,4,39.799,production,1347.3,261.2,0.611,4.89,3,1.432,0.32,11.77,46.0,18.91,335.17,47.408,50.476,32581.51,True,physics_simulated_synthetic
BGW-033,4,42.773,production,1347.3,261.2,0.611,4.89,3,1.432,0.32,11.77,46.0,18.91,363.73,46.577,50.028,33978.79,True,physics_simulated_synthetic
BGW-033,4,43.049,production,1347.3,261.2,0.611,4.89,3,1.432,0.32,11.77,46.0,18.91,366.38,46.53,48.166,40506.16,True,physics_simulated_synthetic
BGW-033,4,50.963,production,1347.3,261.2,0.611,4.89,3,1.432,0.32,11.77,46.0,18.91,442.37,46.026,47.457,43332.8,True,physics_simulated_synthetic
BGW-033,4,54.876,production,1347.3,261.2,0.611,4.89,3,1.432,0.32,11.77,46.0,18.91,479.94,46.007,47.272,44102.97,True,physics_simulated_synthetic
BGW-033,4,55.477,production,1347.3,261.2,0.611,4.89,3,1.432,0.32,11.77,46.0,18.91,485.71,46.006,47.374,43677.33,True,physics_simulated_synthetic
BGW-033,4,55.736,production,1347.3,261.2,0.611,4.89,3,1.432,0.32,11.77,46.0,18.91,488.2,46.006,48.928,37687.5,True,physics_simulated_synthetic
BGW-033,4,58.467,production,1347.3,261.2,0.611,4.89,3,1.432,0.32,11.77,46.0,18.91,514.42,46.004,48.054,40941.32,True,physics_simulated_synthetic
BGW-033,4,59.214,production,1347.3,261.2,0.611,4.89,3,1.432,0.32,11.77,46.0,18.91,521.59,46.004,48.059,40918.67,True,physics_simulated_synthetic
BGW-034,2,2.161,soak,1986.9,253.8,0.827,5.66,1,1.916,0.264,17.6,46.28,18.82,0.0,176.769,177.788,6.31,True,physics_simulated_synthetic
BGW-034,2,4.382,soak,1986.9,253.8,0.827,5.66,1,1.916,0.264,17.6,46.28,18.82,0.0,166.349,170.068,9.21,True,physics_simulated_synthetic
BGW-034,2,5.468,soak,1986.9,253.8,0.827,5.66,1,1.916,0.264,17.6,46.28,18.82,0.0,161.563,162.625,13.44,True,physics_simulated_synthetic
BGW-034,2,5.593,soak,1986.9,253.8,0.827,5.66,1,1.916,0.264,17.6,46.28,18.82,0.0,161.023,166.043,11.28,True,physics_simulated_synthetic
BGW-034,2,10.669,production,1986.9,253.8,0.827,5.66,1,1.916,0.264,17.6,46.28,18.82,65.66,137.187,137.504,53.2,True,physics_simulated_synthetic
BGW-034,2,11.139,production,1986.9,253.8,0.827,5.66,1,1.916,0.264,17.6,46.28,18.82,71.82,135.028,136.218,57.34,True,physics_simulated_synthetic
BGW-034,2,11.453,production,1986.9,253.8,0.827,5.66,1,1.916,0.264,17.6,46.28,18.82,75.93,133.583,136.887,55.14,True,physics_simulated_synthetic
BGW-034,2,12.586,production,1986.9,253.8,0.827,5.66,1,1.916,0.264,17.6,46.28,18.82,90.78,128.23,133.28,68.17,True,physics_simulated_synthetic
BGW-034,2,15.813,production,1986.9,253.8,0.827,5.66,1,1.916,0.264,17.6,46.28,18.82,133.07,111.945,115.105,210.77,True,physics_simulated_synthetic
BGW-034,2,17.72,production,1986.9,253.8,0.827,5.66,1,1.916,0.264,17.6,46.28,18.82,158.06,102.423,105.931,388.25,True,physics_simulated_synthetic
BGW-034,2,20.561,production,1986.9,253.8,0.827,5.66,1,1.916,0.264,17.6,46.28,18.82,195.3,88.493,91.237,1101.16,True,physics_simulated_synthetic
BGW-034,2,29.825,production,1986.9,253.8,0.827,5.66,1,1.916,0.264,17.6,46.28,18.82,316.71,54.843,56.126,19378.93,True,physics_simulated_synthetic
BGW-034,2,29.862,production,1986.9,253.8,0.827,5.66,1,1.916,0.264,17.6,46.28,18.82,317.18,54.779,56.812,18215.72,True,physics_simulated_synthetic
BGW-034,2,30.61,production,1986.9,253.8,0.827,5.66,1,1.916,0.264,17.6,46.28,18.82,326.99,53.519,54.542,22376.13,True,physics_simulated_synthetic
BGW-034,2,31.886,production,1986.9,253.8,0.827,5.66,1,1.916,0.264,17.6,46.28,18.82,343.7,51.687,52.617,26702.45,True,physics_simulated_synthetic
BGW-034,2,35.167,production,1986.9,253.8,0.827,5.66,1,1.916,0.264,17.6,46.28,18.82,386.7,48.541,51.823,28737.74,True,physics_simulated_synthetic
BGW-034,2,36.498,production,1986.9,253.8,0.827,5.66,1,1.916,0.264,17.6,46.28,18.82,404.15,47.807,48.954,37594.16,True,physics_simulated_synthetic
BGW-034,2,38.946,production,1986.9,253.8,0.827,5.66,1,1.916,0.264,17.6,46.28,18.82,436.23,46.963,50.13,33655.7,True,physics_simulated_synthetic
BGW-034,2,52.545,production,1986.9,253.8,0.827,5.66,1,1.916,0.264,17.6,46.28,18.82,614.44,46.278,47.175,44513.33,True,physics_simulated_synthetic
BGW-034,2,52.903,production,1986.9,253.8,0.827,5.66,1,1.916,0.264,17.6,46.28,18.82,619.14,46.278,49.413,36002.25,True,physics_simulated_synthetic
BGW-034,3,0.848,soak,915.2,172.9,0.611,4.44,2,1.453,0.259,15.13,46.17,17.88,0.0,132.843,139.416,47.63,True,physics_simulated_synthetic
BGW-034,3,4.31,soak,915.2,172.9,0.611,4.44,2,1.453,0.259,15.13,46.17,17.88,0.0,123.896,126.411,103.19,True,physics_simulated_synthetic
BGW-034,3,4.841,production,915.2,172.9,0.611,4.44,2,1.453,0.259,15.13,46.17,17.88,7.34,122.591,123.924,120.32,True,physics_simulated_synthetic
BGW-034,3,5.714,production,915.2,172.9,0.611,4.44,2,1.453,0.259,15.13,46.17,17.88,23.25,120.414,120.463,149.48,True,physics_simulated_synthetic
BGW-034,3,10.821,production,915.2,172.9,0.611,4.44,2,1.453,0.259,15.13,46.17,17.88,116.31,104.612,107.451,350.15,True,physics_simulated_synthetic
BGW-034,3,13.208,production,915.2,172.9,0.611,4.44,2,1.453,0.259,15.13,46.17,17.88,159.8,96.308,99.047,626.29,True,physics_simulated_synthetic
BGW-034,3,14.054,production,915.2,172.9,0.611,4.44,2,1.453,0.259,15.13,46.17,17.88,175.21,93.306,95.576,802.44,True,physics_simulated_synthetic
BGW-034,3,14.263,production,915.2,172.9,0.611,4.44,2,1.453,0.259,15.13,46.17,17.88,179.03,92.563,96.055,775.24,True,physics_simulated_synthetic
BGW-034,3,19.414,production,915.2,172.9,0.611,4.44,2,1.453,0.259,15.13,46.17,17.88,272.9,72.595,76.33,3467.94,True,physics_simulated_synthetic
BGW-034,3,20.38,production,915.2,172.9,0.611,4.44,2,1.453,0.259,15.13,46.17,17.88,290.49,69.398,73.032,4529.9,True,physics_simulated_synthetic
BGW-034,3,21.427,production,915.2,172.9,0.611,4.44,2,1.453,0.259,15.13,46.17,17.88,309.58,66.116,68.854,6401.22,True,physics_simulated_synthetic
BGW-034,3,22.325,production,915.2,172.9,0.611,4.44,2,1.453,0.259,15.13,46.17,17.88,325.94,63.492,65.131,8774.78,True,physics_simulated_synthetic
BGW-034,3,25.385,production,915.2,172.9,0.611,4.44,2,1.453,0.259,15.13,46.17,17.88,381.7,55.868,59.981,13731.71,True,physics_simulated_synthetic
BGW-034,3,27.192,production,915.2,172.9,0.611,4.44,2,1.453,0.259,15.13,46.17,17.88,414.62,52.658,55.857,19855.4,True,physics_simulated_synthetic
BGW-034,3,28.005,production,915.2,172.9,0.611,4.44,2,1.453,0.259,15.13,46.17,17.88,429.45,51.505,55.93,19724.28,True,physics_simulated_synthetic
BGW-034,3,34.875,production,915.2,172.9,0.611,4.44,2,1.453,0.259,15.13,46.17,17.88,554.63,46.717,51.005,31011.84,True,physics_simulated_synthetic
BGW-034,3,42.966,production,915.2,172.9,0.611,4.44,2,1.453,0.259,15.13,46.17,17.88,702.07,46.184,47.375,43674.76,True,physics_simulated_synthetic
BGW-034,3,58.777,production,915.2,172.9,0.611,4.44,2,1.453,0.259,15.13,46.17,17.88,990.19,46.175,47.348,43784.58,True,physics_simulated_synthetic
BGW-034,3,59.427,production,915.2,172.9,0.611,4.44,2,1.453,0.259,15.13,46.17,17.88,1002.02,46.175,48.298,40000.8,True,physics_simulated_synthetic
BGW-034,3,59.776,production,915.2,172.9,0.611,4.44,2,1.453,0.259,15.13,46.17,17.88,1008.39,46.175,47.877,41632.53,True,physics_simulated_synthetic
BGW-035,5,7.441,soak,1874.3,434.1,0.746,9.3,4,1.828,0.309,13.15,46.71,18.28,0.0,154.726,156.582,18.44,True,physics_simulated_synthetic
BGW-035,5,8.117,soak,1874.3,434.1,0.746,9.3,4,1.828,0.309,13.15,46.71,18.28,0.0,151.811,153.71,21.5,True,physics_simulated_synthetic
BGW-035,5,14.489,production,1874.3,434.1,0.746,9.3,4,1.828,0.309,13.15,46.71,18.28,69.41,121.896,122.643,130.33,True,physics_simulated_synthetic
BGW-035,5,15.588,production,1874.3,434.1,0.746,9.3,4,1.828,0.309,13.15,46.71,18.28,84.11,116.982,116.368,194.22,True,physics_simulated_synthetic
BGW-035,5,15.905,production,1874.3,434.1,0.746,9.3,4,1.828,0.309,13.15,46.71,18.28,88.35,115.577,115.264,208.6,True,physics_simulated_synthetic
BGW-035,5,18.8,production,1874.3,434.1,0.746,9.3,4,1.828,0.309,13.15,46.71,18.28,127.09,101.99,100.887,550.21,True,physics_simulated_synthetic
BGW-035,5,22.003,production,1874.3,434.1,0.746,9.3,4,1.828,0.309,13.15,46.71,18.28,169.97,87.283,85.913,1640.75,True,physics_simulated_synthetic
BGW-035,5,22.731,production,1874.3,434.1,0.746,9.3,4,1.828,0.309,13.15,46.71,18.28,179.7,84.24,82.801,2082.96,True,physics_simulated_synthetic
BGW-035,5,23.564,production,1874.3,434.1,0.746,9.3,4,1.828,0.309,13.15,46.71,18.28,190.85,80.848,80.006,2590.11,True,physics_simulated_synthetic
BGW-035,5,26.543,production,1874.3,434.1,0.746,9.3,4,1.828,0.309,13.15,46.71,18.28,230.73,69.53,68.104,6817.3,True,physics_simulated_synthetic
BGW-035,5,28.834,production,1874.3,434.1,0.746,9.3,4,1.828,0.309,13.15,46.71,18.28,261.38,62.516,60.35,13292.85,True,physics_simulated_synthetic
BGW-035,5,32.768,production,1874.3,434.1,0.746,9.3,4,1.828,0.309,13.15,46.71,18.28,314.04,53.889,54.219,23047.57,True,physics_simulated_synthetic
BGW-035,5,32.83,production,1874.3,434.1,0.746,9.3,4,1.828,0.309,13.15,46.71,18.28,314.86,53.794,54.145,23203.27,True,physics_simulated_synthetic
BGW-035,5,40.142,production,1874.3,434.1,0.746,9.3,4,1.828,0.309,13.15,46.71,18.28,412.72,47.554,49.958,34203.75,True,physics_simulated_synthetic
BGW-035,5,43.051,production,1874.3,434.1,0.746,9.3,4,1.828,0.309,13.15,46.71,18.28,451.65,47.005,46.092,49384.07,True,physics_simulated_synthetic
BGW-035,5,45.21,production,1874.3,434.1,0.746,9.3,4,1.828,0.309,13.15,46.71,18.28,480.55,46.833,47.27,44111.44,True,physics_simulated_synthetic
BGW-035,5,49.293,production,1874.3,434.1,0.746,9.3,4,1.828,0.309,13.15,46.71,18.28,535.19,46.728,47.188,44457.6,True,physics_simulated_synthetic
BGW-035,5,50.81,production,1874.3,434.1,0.746,9.3,4,1.828,0.309,13.15,46.71,18.28,555.49,46.718,46.386,48009.87,True,physics_simulated_synthetic
BGW-035,5,55.479,production,1874.3,434.1,0.746,9.3,4,1.828,0.309,13.15,46.71,18.28,617.98,46.711,47.775,42038.45,True,physics_simulated_synthetic
BGW-035,5,56.976,production,1874.3,434.1,0.746,9.3,4,1.828,0.309,13.15,46.71,18.28,638.01,46.71,47.818,41867.02,True,physics_simulated_synthetic
BGW-035,1,4.395,soak,1250.6,344.8,0.722,5.25,0,1.796,0.244,9.84,47.46,17.62,0.0,162.225,160.759,14.81,True,physics_simulated_synthetic
BGW-035,1,6.057,production,1250.6,344.8,0.722,5.25,0,1.796,0.244,9.84,47.46,17.62,15.25,153.718,152.855,22.51,True,physics_simulated_synthetic
BGW-035,1,10.688,production,1250.6,344.8,0.722,5.25,0,1.796,0.244,9.84,47.46,17.62,102.72,128.425,129.012,88.05,True,physics_simulated_synthetic
BGW-035,1,11.187,production,1250.6,344.8,0.722,5.25,0,1.796,0.244,9.84,47.46,17.62,112.15,125.789,124.203,118.25,True,physics_simulated_synthetic
BGW-035,1,13.156,production,1250.6,344.8,0.722,5.25,0,1.796,0.244,9.84,47.46,17.62,149.34,114.97,112.987,242.06,True,physics_simulated_synthetic
BGW-035,1,17.702,production,1250.6,344.8,0.722,5.25,0,1.796,0.244,9.84,47.46,17.62,235.21,89.268,89.556,1247.36,True,physics_simulated_synthetic
BGW-035,1,18.35,production,1250.6,344.8,0.722,5.25,0,1.796,0.244,9.84,47.46,17.62,247.45,86.072,85.602,1680.02,True,physics_simulated_synthetic
BGW-035,1,19.392,production,1250.6,344.8,0.722,5.25,0,1.796,0.244,9.84,47.46,17.62,267.14,81.097,78.823,2843.28,True,physics_simulated_synthetic
BGW-035,1,32.357,production,1250.6,344.8,0.722,5.25,0,1.796,0.244,9.84,47.46,17.62,512.02,48.444,46.626,46914.18,True,physics_simulated_synthetic
BGW-035,1,32.409,production,1250.6,344.8,0.722,5.25,0,1.796,0.244,9.84,47.46,17.62,513.0,48.426,46.875,45811.45,True,physics_simulated_synthetic
BGW-035,1,33.583,production,1250.6,344.8,0.722,5.25,0,1.796,0.244,9.84,47.46,17.62,535.19,48.085,46.767,46284.82,True,physics_simulated_synthetic
BGW-035,1,35.465,production,1250.6,344.8,0.722,5.25,0,1.796,0.244,9.84,47.46,17.62,570.73,47.752,46.459,47674.54,True,physics_simulated_synthetic
BGW-035,1,37.021,production,1250.6,344.8,0.722,5.25,0,1.796,0.244,9.84,47.46,17.62,600.13,47.606,46.459,47674.54,True,physics_simulated_synthetic
BGW-035,1,37.308,production,1250.6,344.8,0.722,5.25,0,1.796,0.244,9.84,47.46,17.62,605.54,47.588,46.459,47674.54,True,physics_simulated_synthetic
BGW-035,1,39.526,production,1250.6,344.8,0.722,5.25,0,1.796,0.244,9.84,47.46,17.62,647.43,47.502,46.459,47674.54,True,physics_simulated_synthetic
BGW-035,1,41.205,production,1250.6,344.8,0.722,5.25,0,1.796,0.244,9.84,47.46,17.62,679.16,47.476,46.459,47674.54,True,physics_simulated_synthetic
BGW-035,1,45.889,production,1250.6,344.8,0.722,5.25,0,1.796,0.244,9.84,47.46,17.62,767.63,47.459,46.523,47379.5,True,physics_simulated_synthetic
BGW-035,1,50.155,production,1250.6,344.8,0.722,5.25,0,1.796,0.244,9.84,47.46,17.62,848.22,47.459,46.459,47674.54,True,physics_simulated_synthetic
BGW-035,1,54.312,production,1250.6,344.8,0.722,5.25,0,1.796,0.244,9.84,47.46,17.62,926.72,47.459,46.459,47674.54,True,physics_simulated_synthetic
BGW-035,1,55.393,production,1250.6,344.8,0.722,5.25,0,1.796,0.244,9.84,47.46,17.62,947.16,47.459,46.459,47674.54,True,physics_simulated_synthetic
BGW-035,1,1.222,soak,1430.0,293.8,0.79,11.27,0,2.104,0.275,11.98,47.02,18.02,0.0,179.016,177.534,6.39,True,physics_simulated_synthetic
BGW-035,1,1.874,soak,1430.0,293.8,0.79,11.27,0,2.104,0.275,11.98,47.02,18.02,0.0,174.933,174.597,7.37,True,physics_simulated_synthetic
BGW-035,1,2.009,soak,1430.0,293.8,0.79,11.27,0,2.104,0.275,11.98,47.02,18.02,0.0,174.106,171.369,8.64,True,physics_simulated_synthetic
BGW-035,1,14.999,production,1430.0,293.8,0.79,11.27,0,2.104,0.275,11.98,47.02,18.02,30.13,110.368,107.664,345.16,True,physics_simulated_synthetic
BGW-035,1,15.313,production,1430.0,293.8,0.79,11.27,0,2.104,0.275,11.98,47.02,18.02,32.66,109.211,107.64,345.72,True,physics_simulated_synthetic
BGW-035,1,22.98,production,1430.0,293.8,0.79,11.27,0,2.104,0.275,11.98,47.02,18.02,94.58,80.938,79.694,2654.29,True,physics_simulated_synthetic
BGW-035,1,23.429,production,1430.0,293.8,0.79,11.27,0,2.104,0.275,11.98,47.02,18.02,98.2,79.604,76.625,3386.72,True,physics_simulated_synthetic
BGW-035,1,24.941,production,1430.0,293.8,0.79,11.27,0,2.104,0.275,11.98,47.02,18.02,110.41,75.234,73.305,4430.13,True,physics_simulated_synthetic
BGW-035,1,26.105,production,1430.0,293.8,0.79,11.27,0,2.104,0.275,11.98,47.02,18.02,119.82,72.081,70.125,5757.25,True,physics_simulated_synthetic
BGW-035,1,26.282,production,1430.0,293.8,0.79,11.27,0,2.104,0.275,11.98,47.02,18.02,121.24,71.625,66.699,7677.08,True,physics_simulated_synthetic
BGW-035,1,28.439,production,1430.0,293.8,0.79,11.27,0,2.104,0.275,11.98,47.02,18.02,138.66,66.282,64.15,9546.43,True,physics_simulated_synthetic
BGW-035,1,28.465,production,1430.0,293.8,0.79,11.27,0,2.104,0.275,11.98,47.02,18.02,138.87,66.224,64.179,9522.75,True,physics_simulated_synthetic
BGW-035,1,30.183,production,1430.0,293.8,0.79,11.27,0,2.104,0.275,11.98,47.02,18.02,152.75,62.51,60.461,13163.49,True,physics_simulated_synthetic
BGW-035,1,31.738,production,1430.0,293.8,0.79,11.27,0,2.104,0.275,11.98,47.02,18.02,165.31,59.558,59.716,14057.9,True,physics_simulated_synthetic
BGW-035,1,32.27,production,1430.0,293.8,0.79,11.27,0,2.104,0.275,11.98,47.02,18.02,169.6,58.649,55.122,21225.18,True,physics_simulated_synthetic
BGW-035,1,34.852,production,1430.0,293.8,0.79,11.27,0,2.104,0.275,11.98,47.02,18.02,190.46,54.778,51.798,28804.07,True,physics_simulated_synthetic
BGW-035,1,41.424,production,1430.0,293.8,0.79,11.27,0,2.104,0.275,11.98,47.02,18.02,243.53,49.049,46.021,49722.89,True,physics_simulated_synthetic
BGW-035,1,42.556,production,1430.0,293.8,0.79,11.27,0,2.104,0.275,11.98,47.02,18.02,252.67,48.582,46.084,49420.16,True,physics_simulated_synthetic
BGW-035,1,47.743,production,1430.0,293.8,0.79,11.27,0,2.104,0.275,11.98,47.02,18.02,294.56,47.397,46.021,49722.89,True,physics_simulated_synthetic
BGW-035,1,51.358,production,1430.0,293.8,0.79,11.27,0,2.104,0.275,11.98,47.02,18.02,323.76,47.137,46.021,49722.89,True,physics_simulated_synthetic
BGW-035,4,4.177,soak,2177.4,346.2,0.82,9.81,3,1.44,0.284,12.78,47.84,18.61,0.0,173.552,173.894,7.62,True,physics_simulated_synthetic
BGW-035,4,4.846,soak,2177.4,346.2,0.82,9.81,3,1.44,0.284,12.78,47.84,18.61,0.0,170.776,169.437,9.51,True,physics_simulated_synthetic
BGW-035,4,6.142,soak,2177.4,346.2,0.82,9.81,3,1.44,0.284,12.78,47.84,18.61,0.0,165.578,165.905,11.36,True,physics_simulated_synthetic
BGW-035,4,6.248,soak,2177.4,346.2,0.82,9.81,3,1.44,0.284,12.78,47.84,18.61,0.0,165.161,163.59,12.79,True,physics_simulated_synthetic
BGW-035,4,6.349,soak,2177.4,346.2,0.82,9.81,3,1.44,0.284,12.78,47.84,18.61,0.0,164.768,163.476,12.86,True,physics_simulated_synthetic
BGW-035,4,7.049,soak,2177.4,346.2,0.82,9.81,3,1.44,0.284,12.78,47.84,18.61,0.0,162.07,163.209,13.04,True,physics_simulated_synthetic
BGW-035,4,8.035,soak,2177.4,346.2,0.82,9.81,3,1.44,0.284,12.78,47.84,18.61,0.0,158.375,159.301,15.98,True,physics_simulated_synthetic
BGW-035,4,10.5,production,2177.4,346.2,0.82,9.81,3,1.44,0.284,12.78,47.84,18.61,7.14,149.426,147.998,29.35,True,physics_simulated_synthetic
BGW-035,4,12.303,production,2177.4,346.2,0.82,9.81,3,1.44,0.284,12.78,47.84,18.61,25.67,142.812,141.346,42.64,True,physics_simulated_synthetic
BGW-035,4,16.788,production,2177.4,346.2,0.82,9.81,3,1.44,0.284,12.78,47.84,18.61,71.78,124.222,122.879,128.42,True,physics_simulated_synthetic
BGW-035,4,29.595,production,2177.4,346.2,0.82,9.81,3,1.44,0.284,12.78,47.84,18.61,203.44,66.456,67.042,7456.68,True,physics_simulated_synthetic
BGW-035,4,31.148,production,2177.4,346.2,0.82,9.81,3,1.44,0.284,12.78,47.84,18.61,219.42,62.557,60.717,12869.47,True,physics_simulated_synthetic
BGW-035,4,33.142,production,2177.4,346.2,0.82,9.81,3,1.44,0.284,12.78,47.84,18.61,239.91,58.353,58.413,15781.85,True,physics_simulated_synthetic
BGW-035,4,36.866,production,2177.4,346.2,0.82,9.81,3,1.44,0.284,12.78,47.84,18.61,278.19,52.791,53.397,24850.1,True,physics_simulated_synthetic
BGW-035,4,43.421,production,2177.4,346.2,0.82,9.81,3,1.44,0.284,12.78,47.84,18.61,345.58,48.673,48.11,40722.01,True,physics_simulated_synthetic
BGW-035,4,44.771,production,2177.4,346.2,0.82,9.81,3,1.44,0.284,12.78,47.84,18.61,359.46,48.386,49.361,36178.85,True,physics_simulated_synthetic
BGW-035,4,45.065,production,2177.4,346.2,0.82,9.81,3,1.44,0.284,12.78,47.84,18.61,362.49,48.337,47.471,43273.62,True,physics_simulated_synthetic
BGW-035,4,48.374,production,2177.4,346.2,0.82,9.81,3,1.44,0.284,12.78,47.84,18.61,396.51,47.991,47.253,44185.69,True,physics_simulated_synthetic
BGW-035,4,50.153,production,2177.4,346.2,0.82,9.81,3,1.44,0.284,12.78,47.84,18.61,414.8,47.914,46.838,45973.96,True,physics_simulated_synthetic
BGW-035,4,53.077,production,2177.4,346.2,0.82,9.81,3,1.44,0.284,12.78,47.84,18.61,444.85,47.859,48.844,37986.68,True,physics_simulated_synthetic
BGW-035,1,1.247,soak,1490.7,226.7,0.843,4.26,0,2.106,0.293,6.94,46.34,17.77,0.0,176.659,172.975,7.98,True,physics_simulated_synthetic
BGW-035,1,1.829,soak,1490.7,226.7,0.843,4.26,0,2.106,0.293,6.94,46.34,17.77,0.0,172.375,171.297,8.67,True,physics_simulated_synthetic
BGW-035,1,4.239,soak,1490.7,226.7,0.843,4.26,0,2.106,0.293,6.94,46.34,17.77,0.0,156.071,152.363,23.12,True,physics_simulated_synthetic
BGW-035,1,8.99,production,1490.7,226.7,0.843,4.26,0,2.106,0.293,6.94,46.34,17.77,64.21,127.148,125.007,112.51,True,physics_simulated_synthetic
BGW-035,1,11.205,production,1490.7,226.7,0.843,4.26,0,2.106,0.293,6.94,46.34,17.77,94.3,114.958,113.559,233.15,True,physics_simulated_synthetic
BGW-035,1,11.746,production,1490.7,226.7,0.843,4.26,0,2.106,0.293,6.94,46.34,17.77,101.65,112.124,108.707,321.74,True,physics_simulated_synthetic
BGW-035,1,15.801,production,1490.7,226.7,0.843,4.26,0,2.106,0.293,6.94,46.34,17.77,156.72,91.276,88.017,1399.56,True,physics_simulated_synthetic
BGW-035,1,20.415,production,1490.7,226.7,0.843,4.26,0,2.106,0.293,6.94,46.34,17.77,219.4,71.501,69.545,6042.19,True,physics_simulated_synthetic
BGW-035,1,28.577,production,1490.7,226.7,0.843,4.26,0,2.106,0.293,6.94,46.34,17.77,330.25,51.37,50.25,33277.96,True,physics_simulated_synthetic
BGW-035,1,30.528,production,1490.7,226.7,0.843,4.26,0,2.106,0.293,6.94,46.34,17.77,356.74,49.448,49.109,37047.67,True,physics_simulated_synthetic
BGW-035,1,31.845,production,1490.7,226.7,0.843,4.26,0,2.106,0.293,6.94,46.34,17.77,374.64,48.524,47.549,42952.56,True,physics_simulated_synthetic
BGW-035,1,32.22,production,1490.7,226.7,0.843,4.26,0,2.106,0.293,6.94,46.34,17.77,379.73,48.309,46.587,47089.18,True,physics_simulated_synthetic
BGW-035,1,39.318,production,1490.7,226.7,0.843,4.26,0,2.106,0.293,6.94,46.34,17.77,476.14,46.5,45.344,53075.94,True,physics_simulated_synthetic
BGW-035,1,43.08,production,1490.7,226.7,0.843,4.26,0,2.106,0.293,6.94,46.34,17.77,527.23,46.373,45.344,53075.94,True,physics_simulated_synthetic
BGW-035,1,46.981,production,1490.7,226.7,0.843,4.26,0,2.106,0.293,6.94,46.34,17.77,580.21,46.348,45.344,53075.94,True,physics_simulated_synthetic
BGW-035,1,48.012,production,1490.7,226.7,0.843,4.26,0,2.106,0.293,6.94,46.34,17.77,594.21,46.346,45.344,53075.94,True,physics_simulated_synthetic
BGW-035,1,49.687,production,1490.7,226.7,0.843,4.26,0,2.106,0.293,6.94,46.34,17.77,616.97,46.345,45.344,53075.94,True,physics_simulated_synthetic
BGW-035,1,50.771,production,1490.7,226.7,0.843,4.26,0,2.106,0.293,6.94,46.34,17.77,631.68,46.344,45.344,53075.94,True,physics_simulated_synthetic
BGW-035,1,51.269,production,1490.7,226.7,0.843,4.26,0,2.106,0.293,6.94,46.34,17.77,638.45,46.344,45.344,53075.94,True,physics_simulated_synthetic
BGW-035,1,52.089,production,1490.7,226.7,0.843,4.26,0,2.106,0.293,6.94,46.34,17.77,649.59,46.344,46.205,48847.14,True,physics_simulated_synthetic
BGW-035,1,0.733,soak,1168.6,334.7,0.589,11.17,0,1.472,0.309,9.03,47.99,18.21,0.0,174.794,173.745,7.68,True,physics_simulated_synthetic
BGW-035,1,3.917,soak,1168.6,334.7,0.589,11.17,0,1.472,0.309,9.03,47.99,18.21,0.0,160.214,158.203,16.93,True,physics_simulated_synthetic
BGW-035,1,4.495,soak,1168.6,334.7,0.589,11.17,0,1.472,0.309,9.03,47.99,18.21,0.0,157.75,155.757,19.27,True,physics_simulated_synthetic
BGW-035,1,5.061,soak,1168.6,334.7,0.589,11.17,0,1.472,0.309,9.03,47.99,18.21,0.0,155.395,155.502,19.53,True,physics_simulated_synthetic
BGW-035,1,7.538,soak,1168.6,334.7,0.589,11.17,0,1.472,0.309,9.03,47.99,18.21,0.0,145.659,145.528,33.67,True,physics_simulated_synthetic
BGW-035,1,20.655,production,1168.6,334.7,0.589,11.17,0,1.472,0.309,9.03,47.99,18.21,135.07,86.048,84.892,1773.6,True,physics_simulated_synthetic
BGW-035,1,21.018,production,1168.6,334.7,0.589,11.17,0,1.472,0.309,9.03,47.99,18.21,140.23,84.76,85.342,1713.65,True,physics_simulated_synthetic
BGW-035,1,24.178,production,1168.6,334.7,0.589,11.17,0,1.472,0.309,9.03,47.99,18.21,185.25,73.639,71.273,5234.56,True,physics_simulated_synthetic
BGW-035,1,26.69,production,1168.6,334.7,0.589,11.17,0,1.472,0.309,9.03,47.99,18.21,221.03,66.121,66.568,7762.52,True,physics_simulated_synthetic
BGW-035,1,28.307,production,1168.6,334.7,0.589,11.17,0,1.472,0.309,9.03,47.99,18.21,244.07,62.059,60.994,12560.29,True,physics_simulated_synthetic
BGW-035,1,31.982,production,1168.6,334.7,0.589,11.17,0,1.472,0.309,9.03,47.99,18.21,296.42,54.926,57.68,16849.34,True,physics_simulated_synthetic
BGW-035,1,33.211,production,1168.6,334.7,0.589,11.17,0,1.472,0.309,9.03,47.99,18.21,313.91,53.304,49.809,34683.55,True,physics_simulated_synthetic
BGW-035,1,35.357,production,1168.6,334.7,0.589,11.17,0,1.472,0.309,9.03,47.99,18.21,344.49,51.147,48.357,39779.57,True,physics_simulated_synthetic
BGW-035,1,35.394,production,1168.6,334.7,0.589,11.17,0,1.472,0.309,9.03,47.99,18.21,345.01,51.118,49.88,34455.64,True,physics_simulated_synthetic
BGW-035,1,37.647,production,1168.6,334.7,0.589,11.17,0,1.472,0.309,9.03,47.99,18.21,377.1,49.67,48.401,39612.77,True,physics_simulated_synthetic
BGW-035,1,41.284,production,1168.6,334.7,0.589,11.17,0,1.472,0.309,9.03,47.99,18.21,428.91,48.498,49.404,36032.08,True,physics_simulated_synthetic
BGW-035,1,42.832,production,1168.6,334.7,0.589,11.17,0,1.472,0.309,9.03,47.99,18.21,450.96,48.278,46.989,45314.79,True,physics_simulated_synthetic
BGW-035,1,48.575,production,1168.6,334.7,0.589,11.17,0,1.472,0.309,9.03,47.99,18.21,532.76,48.01,47.452,43352.78,True,physics_simulated_synthetic
BGW-035,1,56.399,production,1168.6,334.7,0.589,11.17,0,1.472,0.309,9.03,47.99,18.21,644.21,47.989,47.791,41974.15,True,physics_simulated_synthetic
BGW-035,1,59.839,production,1168.6,334.7,0.589,11.17,0,1.472,0.309,9.03,47.99,18.21,693.21,47.989,47.15,44619.54,True,physics_simulated_synthetic
BGW-036,1,3.117,soak,1358.5,402.1,0.571,4.15,0,1.327,0.261,17.36,46.25,17.25,0.0,174.855,176.514,6.71,True,physics_simulated_synthetic
BGW-036,1,4.101,soak,1358.5,402.1,0.571,4.15,0,1.327,0.261,17.36,46.25,17.25,0.0,171.453,170.893,8.84,True,physics_simulated_synthetic
BGW-036,1,10.974,production,1358.5,402.1,0.571,4.15,0,1.327,0.261,17.36,46.25,17.25,108.66,140.345,141.653,41.9,True,physics_simulated_synthetic
BGW-036,1,14.058,production,1358.5,402.1,0.571,4.15,0,1.327,0.261,17.36,46.25,17.25,157.73,123.776,122.929,128.02,True,physics_simulated_synthetic
BGW-036,1,14.567,production,1358.5,402.1,0.571,4.15,0,1.327,0.261,17.36,46.25,17.25,165.83,121.023,120.447,149.64,True,physics_simulated_synthetic
BGW-036,1,18.833,production,1358.5,402.1,0.571,4.15,0,1.327,0.261,17.36,46.25,17.25,233.73,95.92,94.894,842.93,True,physics_simulated_synthetic
BGW-036,1,29.169,production,1358.5,402.1,0.571,4.15,0,1.327,0.261,17.36,46.25,17.25,398.22,52.913,53.485,24650.48,True,physics_simulated_synthetic
BGW-036,1,31.175,production,1358.5,402.1,0.571,4.15,0,1.327,0.261,17.36,46.25,17.25,430.13,50.165,51.879,28589.55,True,physics_simulated_synthetic
BGW-036,1,32.511,production,1358.5,402.1,0.571,4.15,0,1.327,0.261,17.36,46.25,17.25,451.39,48.906,48.741,38357.79,True,physics_simulated_synthetic
BGW-036,1,34.113,production,1358.5,402.1,0.571,4.15,0,1.327,0.261,17.36,46.25,17.25,476.88,47.85,46.163,49047.21,True,physics_simulated_synthetic
BGW-036,1,39.357,production,1358.5,402.1,0.571,4.15,0,1.327,0.261,17.36,46.25,17.25,560.34,46.455,45.255,53533.81,True,physics_simulated_synthetic
BGW-036,1,41.493,production,1358.5,402.1,0.571,4.15,0,1.327,0.261,17.36,46.25,17.25,594.33,46.329,46.975,45375.28,True,physics_simulated_synthetic
BGW-036,1,43.813,production,1358.5,402.1,0.571,4.15,0,1.327,0.261,17.36,46.25,17.25,631.24,46.277,48.952,37600.92,True,physics_simulated_synthetic
BGW-036,1,44.501,production,1358.5,402.1,0.571,4.15,0,1.327,0.261,17.36,46.25,17.25,642.2,46.27,46.914,45637.14,True,physics_simulated_synthetic
BGW-036,1,45.962,production,1358.5,402.1,0.571,4.15,0,1.327,0.261,17.36,46.25,17.25,665.45,46.262,45.813,50728.06,True,physics_simulated_synthetic
BGW-036,1,49.939,production,1358.5,402.1,0.571,4.15,0,1.327,0.261,17.36,46.25,17.25,728.74,46.255,47.421,43482.48,True,physics_simulated_synthetic
BGW-036,1,52.631,production,1358.5,402.1,0.571,4.15,0,1.327,0.261,17.36,46.25,17.25,771.57,46.255,46.012,49762.34,True,physics_simulated_synthetic
BGW-036,1,53.549,production,1358.5,402.1,0.571,4.15,0,1.327,0.261,17.36,46.25,17.25,786.18,46.255,45.818,50702.05,True,physics_simulated_synthetic
BGW-036,1,56.978,production,1358.5,402.1,0.571,4.15,0,1.327,0.261,17.36,46.25,17.25,840.75,46.255,45.255,53533.81,True,physics_simulated_synthetic
BGW-036,1,57.132,production,1358.5,402.1,0.571,4.15,0,1.327,0.261,17.36,46.25,17.25,843.2,46.255,48.319,39920.83,True,physics_simulated_synthetic
BGW-036,5,1.165,soak,2064.4,241.0,0.596,9.76,4,1.94,0.224,16.64,47.04,18.31,0.0,186.498,188.5,5.0,True,physics_simulated_synthetic
BGW-036,5,3.137,soak,2064.4,241.0,0.596,9.76,4,1.94,0.224,16.64,47.04,18.31,0.0,176.095,178.38,6.13,True,physics_simulated_synthetic
BGW-036,5,9.039,soak,2064.4,241.0,0.596,9.76,4,1.94,0.224,16.64,47.04,18.31,0.0,149.364,151.265,24.54,True,physics_simulated_synthetic
BGW-036,5,9.421,soak,2064.4,241.0,0.596,9.76,4,1.94,0.224,16.64,47.04,18.31,0.0,147.841,149.707,26.72,True,physics_simulated_synthetic
BGW-036,5,9.806,production,2064.4,241.0,0.596,9.76,4,1.94,0.224,16.64,47.04,18.31,0.49,146.324,149.122,27.59,True,physics_simulated_synthetic
BGW-036,5,10.821,production,2064.4,241.0,0.596,9.76,4,1.94,0.224,16.64,47.04,18.31,11.74,142.292,143.474,37.79,True,physics_simulated_synthetic
BGW-036,5,16.388,production,2064.4,241.0,0.596,9.76,4,1.94,0.224,16.64,47.04,18.31,73.45,117.593,118.207,172.56,True,physics_simulated_synthetic
BGW-036,5,21.56,production,2064.4,241.0,0.596,9.76,4,1.94,0.224,16.64,47.04,18.31,130.79,94.118,100.292,573.65,True,physics_simulated_synthetic
BGW-036,5,22.277,production,2064.4,241.0,0.596,9.76,4,1.94,0.224,16.64,47.04,18.31,138.73,91.192,92.13,1031.13,True,physics_simulated_synthetic
BGW-036,5,22.536,production,2064.4,241.0,0.596,9.76,4,1.94,0.224,16.64,47.04,18.31,141.6,90.15,92.23,1023.52,True,physics_simulated_synthetic
BGW-036,5,26.346,production,2064.4,241.0,0.596,9.76,4,1.94,0.224,16.64,47.04,18.31,183.83,75.15,74.997,3861.09,True,physics_simulated_synthetic
BGW-036,5,28.1,production,2064.4,241.0,0.596,9.76,4,1.94,0.224,16.64,47.04,18.31,203.28,69.375,71.478,5146.51,True,physics_simulated_synthetic
BGW-036,5,35.733,production,2064.4,241.0,0.596,9.76,4,1.94,0.224,16.64,47.04,18.31,287.87,52.267,52.9,26012.62,True,physics_simulated_synthetic
BGW-036,5,44.549,production,2064.4,241.0,0.596,9.76,4,1.94,0.224,16.64,47.04,18.31,385.6,47.411,48.732,38390.69,True,physics_simulated_synthetic
BGW-036,5,44.796,production,2064.4,241.0,0.596,9.76,4,1.94,0.224,16.64,47.04,18.31,388.34,47.381,50.784,31655.96,True,physics_simulated_synthetic
BGW-036,5,45.391,production,2064.4,241.0,0.596,9.76,4,1.94,0.224,16.64,47.04,18.31,394.93,47.317,49.918,34332.74,True,physics_simulated_synthetic
BGW-036,5,46.698,production,2064.4,241.0,0.596,9.76,4,1.94,0.224,16.64,47.04,18.31,409.42,47.21,49.946,34240.42,True,physics_simulated_synthetic
BGW-036,5,47.88,production,2064.4,241.0,0.596,9.76,4,1.94,0.224,16.64,47.04,18.31,422.52,47.147,46.607,46998.54,True,physics_simulated_synthetic
BGW-036,5,52.501,production,2064.4,241.0,0.596,9.76,4,1.94,0.224,16.64,47.04,18.31,473.74,47.052,51.563,29439.75,True,physics_simulated_synthetic
BGW-036,5,55.153,production,2064.4,241.0,0.596,9.76,4,1.94,0.224,16.64,47.04,18.31,503.14,47.041,47.313,43932.01,True,physics_simulated_synthetic
BGW-036,5,1.216,soak,978.1,238.9,0.641,4.33,4,1.646,0.305,18.77,46.22,17.92,0.0,154.943,156.049,18.97,True,physics_simulated_synthetic
BGW-036,5,2.696,soak,978.1,238.9,0.641,4.33,4,1.646,0.305,18.77,46.22,17.92,0.0,150.012,148.891,27.94,True,physics_simulated_synthetic
BGW-036,5,8.939,production,978.1,238.9,0.641,4.33,4,1.646,0.305,18.77,46.22,17.92,46.05,128.975,132.272,72.39,True,physics_simulated_synthetic
BGW-036,5,9.078,production,978.1,238.9,0.641,4.33,4,1.646,0.305,18.77,46.22,17.92,47.45,128.514,131.082,77.72,True,physics_simulated_synthetic
BGW-036,5,10.495,production,978.1,238.9,0.641,4.33,4,1.646,0.305,18.77,46.22,17.92,61.6,123.691,125.381,109.94,True,physics_simulated_synthetic
BGW-036,5,19.63,production,978.1,238.9,0.641,4.33,4,1.646,0.305,18.77,46.22,17.92,152.82,86.381,88.129,1387.86,True,physics_simulated_synthetic
BGW-036,5,20.056,production,978.1,238.9,0.641,4.33,4,1.646,0.305,18.77,46.22,17.92,157.08,84.861,87.832,1419.12,True,physics_simulated_synthetic
BGW-036,5,22.881,production,978.1,238.9,0.641,4.33,4,1.646,0.305,18.77,46.22,17.92,185.29,74.997,74.761,3935.54,True,physics_simulated_synthetic
BGW-036,5,24.885,production,978.1,238.9,0.641,4.33,4,1.646,0.305,18.77,46.22,17.92,205.3,68.797,69.911,5860.54,True,physics_simulated_synthetic
BGW-036,5,25.255,production,978.1,238.9,0.641,4.33,4,1.646,0.305,18.77,46.22,17.92,208.99,67.753,68.103,6818.19,True,physics_simulated_synthetic
BGW-036,5,29.362,production,978.1,238.9,0.641,4.33,4,1.646,0.305,18.77,46.22,17.92,250.0,57.674,62.094,11408.03,True,physics_simulated_synthetic
BGW-036,5,31.679,production,978.1,238.9,0.641,4.33,4,1.646,0.305,18.77,46.22,17.92,273.15,53.736,56.902,18068.08,True,physics_simulated_synthetic
BGW-036,5,33.283,production,978.1,238.9,0.641,4.33,4,1.646,0.305,18.77,46.22,17.92,289.17,51.664,50.52,32446.99,True,physics_simulated_synthetic
BGW-036,5,35.044,production,978.1,238.9,0.641,4.33,4,1.646,0.305,18.77,46.22,17.92,306.75,49.915,49.736,34924.39,True,physics_simulated_synthetic
BGW-036,5,39.204,production,978.1,238.9,0.641,4.33,4,1.646,0.305,18.77,46.22,17.92,348.3,47.465,49.219,36663.68,True,physics_simulated_synthetic
BGW-036,5,39.627,production,978.1,238.9,0.641,4.33,4,1.646,0.305,18.77,46.22,17.92,352.52,47.324,48.603,38862.32,True,physics_simulated_synthetic
BGW-036,5,49.47,production,978.1,238.9,0.641,4.33,4,1.646,0.305,18.77,46.22,17.92,450.82,46.244,46.33,48264.16,True,physics_simulated_synthetic
BGW-036,5,50.535,production,978.1,238.9,0.641,4.33,4,1.646,0.305,18.77,46.22,17.92,461.45,46.235,50.898,31322.85,True,physics_simulated_synthetic
BGW-036,5,58.161,production,978.1,238.9,0.641,4.33,4,1.646,0.305,18.77,46.22,17.92,537.61,46.22,48.597,38883.79,True,physics_simulated_synthetic
BGW-036,5,58.42,production,978.1,238.9,0.641,4.33,4,1.646,0.305,18.77,46.22,17.92,540.19,46.219,48.824,38057.14,True,physics_simulated_synthetic
BGW-036,1,1.131,soak,1061.4,310.1,0.707,10.8,0,2.396,0.213,9.8,46.72,17.96,0.0,168.362,168.224,10.1,True,physics_simulated_synthetic
BGW-036,1,6.856,soak,1061.4,310.1,0.707,10.8,0,2.396,0.213,9.8,46.72,17.96,0.0,133.314,132.194,72.72,True,physics_simulated_synthetic
BGW-036,1,7.321,soak,1061.4,310.1,0.707,10.8,0,2.396,0.213,9.8,46.72,17.96,0.0,130.956,132.779,70.23,True,physics_simulated_synthetic
BGW-036,1,7.839,soak,1061.4,310.1,0.707,10.8,0,2.396,0.213,9.8,46.72,17.96,0.0,128.406,128.935,88.47,True,physics_simulated_synthetic
BGW-036,1,11.263,production,1061.4,310.1,0.707,10.8,0,2.396,0.213,9.8,46.72,17.96,5.32,113.215,113.822,229.17,True,physics_simulated_synthetic
BGW-036,1,18.019,production,1061.4,310.1,0.707,10.8,0,2.396,0.213,9.8,46.72,17.96,83.58,86.068,88.062,1394.83,True,physics_simulated_synthetic
BGW-036,1,19.284,production,1061.4,310.1,0.707,10.8,0,2.396,0.213,9.8,46.72,17.96,98.23,81.874,83.586,1960.52,True,physics_simulated_synthetic
BGW-036,1,23.848,production,1061.4,310.1,0.707,10.8,0,2.396,0.213,9.8,46.72,17.96,151.09,67.89,69.054,6294.89,True,physics_simulated_synthetic
BGW-036,1,24.699,production,1061.4,310.1,0.707,10.8,0,2.396,0.213,9.8,46.72,17.96,160.95,65.773,63.875,9775.23,True,physics_simulated_synthetic
BGW-036,1,25.873,production,1061.4,310.1,0.707,10.8,0,2.396,0.213,9.8,46.72,17.96,174.54,63.039,62.157,11345.31,True,physics_simulated_synthetic
BGW-036,1,27.301,production,1061.4,310.1,0.707,10.8,0,2.396,0.213,9.8,46.72,17.96,191.09,60.026,58.713,15365.34,True,physics_simulated_synthetic
BGW-036,1,27.624,production,1061.4,310.1,0.707,10.8,0,2.396,0.213,9.8,46.72,17.96,194.82,59.405,60.517,13098.67,True,physics_simulated_synthetic
BGW-036,1,29.635,production,1061.4,310.1,0.707,10.8,0,2.396,0.213,9.8,46.72,17.96,218.11,55.881,56.212,19227.75,True,physics_simulated_synthetic
BGW-036,1,30.944,production,1061.4,310.1,0.707,10.8,0,2.396,0.213,9.8,46.72,17.96,233.28,53.993,52.139,27908.64,True,physics_simulated_synthetic
BGW-036,1,35.339,production,1061.4,310.1,0.707,10.8,0,2.396,0.213,9.8,46.72,17.96,284.19,49.56,49.389,36083.73,True,physics_simulated_synthetic
BGW-036,1,37.084,production,1061.4,310.1,0.707,10.8,0,2.396,0.213,9.8,46.72,17.96,304.4,48.575,46.576,47141.44,True,physics_simulated_synthetic
BGW-036,1,45.378,production,1061.4,310.1,0.707,10.8,0,2.396,0.213,9.8,46.72,17.96,400.46,46.833,46.851,45913.23,True,physics_simulated_synthetic
BGW-036,1,46.234,production,1061.4,310.1,0.707,10.8,0,2.396,0.213,9.8,46.72,17.96,410.37,46.8,45.715,51207.13,True,physics_simulated_synthetic
BGW-036,1,51.372,production,1061.4,310.1,0.707,10.8,0,2.396,0.213,9.8,46.72,17.96,469.88,46.724,47.557,42922.28,True,physics_simulated_synthetic
BGW-036,1,52.646,production,1061.4,310.1,0.707,10.8,0,2.396,0.213,9.8,46.72,17.96,484.64,46.72,47.342,43811.98,True,physics_simulated_synthetic
BGW-037,2,0.098,soak,677.9,158.9,0.847,7.95,1,1.691,0.233,19.72,46.5,18.45,0.0,125.527,128.753,89.44,True,physics_simulated_synthetic
BGW-037,2,1.469,soak,677.9,158.9,0.847,7.95,1,1.691,0.233,19.72,46.5,18.45,0.0,122.147,124.602,115.36,True,physics_simulated_synthetic
BGW-037,2,2.23,soak,677.9,158.9,0.847,7.95,1,1.691,0.233,19.72,46.5,18.45,0.0,120.335,122.366,132.61,True,physics_simulated_synthetic
BGW-037,2,4.229,soak,677.9,158.9,0.847,7.95,1,1.691,0.233,19.72,46.5,18.45,0.0,115.774,121.644,138.76,True,physics_simulated_synthetic
BGW-037,2,9.624,production,677.9,158.9,0.847,7.95,1,1.691,0.233,19.72,46.5,18.45,24.99,103.928,105.256,406.57,True,physics_simulated_synthetic
BGW-037,2,14.558,production,677.9,158.9,0.847,7.95,1,1.691,0.233,19.72,46.5,18.45,98.55,91.216,94.105,892.57,True,physics_simulated_synthetic
BGW-037,2,15.023,production,677.9,158.9,0.847,7.95,1,1.691,0.233,19.72,46.5,18.45,105.49,90.019,91.44,1084.76,True,physics_simulated_synthetic
BGW-037,2,16.454,production,677.9,158.9,0.847,7.95,1,1.691,0.233,19.72,46.5,18.45,126.84,86.154,91.126,1110.26,True,physics_simulated_synthetic
BGW-037,2,17.025,production,677.9,158.9,0.847,7.95,1,1.691,0.233,19.72,46.5,18.45,135.35,84.605,88.319,1368.21,True,physics_simulated_synthetic
BGW-037,2,33.226,production,677.9,158.9,0.847,7.95,1,1.691,0.233,19.72,46.5,18.45,376.91,48.167,49.69,35075.01,True,physics_simulated_synthetic
BGW-037,2,39.635,production,677.9,158.9,0.847,7.95,1,1.691,0.233,19.72,46.5,18.45,472.47,46.691,49.881,34450.16,True,physics_simulated_synthetic
BGW-037,2,40.545,production,677.9,158.9,0.847,7.95,1,1.691,0.233,19.72,46.5,18.45,486.04,46.636,49.469,35813.03,True,physics_simulated_synthetic
BGW-037,2,40.997,production,677.9,158.9,0.847,7.95,1,1.691,0.233,19.72,46.5,18.45,492.78,46.614,48.363,39756.87,True,physics_simulated_synthetic
BGW-037,2,42.224,production,677.9,158.9,0.847,7.95,1,1.691,0.233,19.72,46.5,18.45,511.08,46.57,50.104,33738.89,True,physics_simulated_synthetic
BGW-037,2,43.446,production,677.9,158.9,0.847,7.95,1,1.691,0.233,19.72,46.5,18.45,529.3,46.543,49.56,35507.3,True,physics_simulated_synthetic
BGW-037,2,44.766,production,677.9,158.9,0.847,7.95,1,1.691,0.233,19.72,46.5,18.45,548.98,46.525,49.299,36389.68,True,physics_simulated_synthetic
BGW-037,2,45.302,production,677.9,158.9,0.847,7.95,1,1.691,0.233,19.72,46.5,18.45,556.97,46.52,48.934,37666.11,True,physics_simulated_synthetic
BGW-037,2,46.185,production,677.9,158.9,0.847,7.95,1,1.691,0.233,19.72,46.5,18.45,570.14,46.515,49.59,35405.5,True,physics_simulated_synthetic
BGW-037,2,48.812,production,677.9,158.9,0.847,7.95,1,1.691,0.233,19.72,46.5,18.45,609.3,46.507,49.3,36385.85,True,physics_simulated_synthetic
BGW-037,2,59.409,production,677.9,158.9,0.847,7.95,1,1.691,0.233,19.72,46.5,18.45,767.31,46.505,49.059,37221.69,True,physics_simulated_synthetic
BGW-037,2,6.383,production,1394.8,368.9,0.611,5.69,1,2.376,0.252,8.55,46.66,17.79,7.33,142.166,145.771,33.22,True,physics_simulated_synthetic
BGW-037,2,8.162,production,1394.8,368.9,0.611,5.69,1,2.376,0.252,8.55,46.66,17.79,26.15,131.866,134.115,64.88,True,physics_simulated_synthetic
BGW-037,2,13.068,production,1394.8,368.9,0.611,5.69,1,2.376,0.252,8.55,46.66,17.79,78.08,105.81,107.878,340.2,True,physics_simulated_synthetic
BGW-037,2,17.206,production,1394.8,368.9,0.611,5.69,1,2.376,0.252,8.55,46.66,17.79,121.89,87.095,87.133,1495.88,True,physics_simulated_synthetic
BGW-037,2,18.219,production,1394.8,368.9,0.611,5.69,1,2.376,0.252,8.55,46.66,17.79,132.6,83.137,84.13,1880.14,True,physics_simulated_synthetic
BGW-037,2,19.31,production,1394.8,368.9,0.611,5.69,1,2.376,0.252,8.55,46.66,17.79,144.15,79.089,82.007,2215.17,True,physics_simulated_synthetic
BGW-037,2,19.388,production,1394.8,368.9,0.611,5.69,1,2.376,0.252,8.55,46.66,17.79,144.97,78.812,81.091,2378.93,True,physics_simulated_synthetic
BGW-037,2,26.796,production,1394.8,368.9,0.611,5.69,1,2.376,0.252,8.55,46.66,17.79,223.38,57.382,59.959,13758.77,True,physics_simulated_synthetic
BGW-037,2,28.021,production,1394.8,368.9,0.611,5.69,1,2.376,0.252,8.55,46.66,17.79,236.35,55.305,59.232,14673.01,True,physics_simulated_synthetic
BGW-037,2,30.731,production,1394.8,368.9,0.611,5.69,1,2.376,0.252,8.55,46.66,17.79,265.04,51.723,52.533,26909.95,True,physics_simulated_synthetic
BGW-037,2,32.959,production,1394.8,368.9,0.611,5.69,1,2.376,0.252,8.55,46.66,17.79,288.62,49.745,51.887,28569.66,True,physics_simulated_synthetic
BGW-037,2,37.385,production,1394.8,368.9,0.611,5.69,1,2.376,0.252,8.55,46.66,17.79,335.46,47.61,50.346,32979.67,True,physics_simulated_synthetic
BGW-037,2,39.102,production,1394.8,368.9,0.611,5.69,1,2.376,0.252,8.55,46.66,17.79,353.63,47.229,48.715,38452.0,True,physics_simulated_synthetic
BGW-037,2,40.51,production,1394.8,368.9,0.611,5.69,1,2.376,0.252,8.55,46.66,17.79,368.54,47.023,51.5,29614.87,True,physics_simulated_synthetic
BGW-037,2,41.995,production,1394.8,368.9,0.611,5.69,1,2.376,0.252,8.55,46.66,17.79,384.26,46.88,50.624,32133.01,True,physics_simulated_synthetic
BGW-037,2,51.43,production,1394.8,368.9,0.611,5.69,1,2.376,0.252,8.55,46.66,17.79,484.11,46.666,49.544,35558.8,True,physics_simulated_synthetic
BGW-037,2,51.848,production,1394.8,368.9,0.611,5.69,1,2.376,0.252,8.55,46.66,17.79,488.55,46.665,51.649,29205.36,True,physics_simulated_synthetic
BGW-037,2,55.381,production,1394.8,368.9,0.611,5.69,1,2.376,0.252,8.55,46.66,17.79,525.93,46.663,47.037,45105.51,True,physics_simulated_synthetic
BGW-037,2,58.395,production,1394.8,368.9,0.611,5.69,1,2.376,0.252,8.55,46.66,17.79,557.84,46.663,49.124,36994.3,True,physics_simulated_synthetic
BGW-037,2,59.195,production,1394.8,368.9,0.611,5.69,1,2.376,0.252,8.55,46.66,17.79,566.31,46.663,49.648,35213.6,True,physics_simulated_synthetic
BGW-038,1,2.095,soak,1036.7,448.4,0.826,5.72,0,1.641,0.256,17.82,47.61,17.25,0.0,178.398,177.027,6.55,True,physics_simulated_synthetic
BGW-038,1,4.985,soak,1036.7,448.4,0.826,5.72,0,1.641,0.256,17.82,47.61,17.25,0.0,166.681,164.774,12.04,True,physics_simulated_synthetic
BGW-038,1,6.442,production,1036.7,448.4,0.826,5.72,0,1.641,0.256,17.82,47.61,17.25,8.21,161.073,154.699,20.39,True,physics_simulated_synthetic
BGW-038,1,7.467,production,1036.7,448.4,0.826,5.72,0,1.641,0.256,17.82,47.61,17.25,19.86,157.143,155.321,19.72,True,physics_simulated_synthetic
BGW-038,1,9.341,production,1036.7,448.4,0.826,5.72,0,1.641,0.256,17.82,47.61,17.25,41.18,149.715,148.542,28.48,True,physics_simulated_synthetic
BGW-038,1,9.451,production,1036.7,448.4,0.826,5.72,0,1.641,0.256,17.82,47.61,17.25,42.43,149.28,147.833,29.62,True,physics_simulated_synthetic
BGW-038,1,16.422,production,1036.7,448.4,0.826,5.72,0,1.641,0.256,17.82,47.61,17.25,121.73,115.546,113.33,236.68,True,physics_simulated_synthetic
BGW-038,1,18.389,production,1036.7,448.4,0.826,5.72,0,1.641,0.256,17.82,47.61,17.25,144.1,106.133,106.36,377.06,True,physics_simulated_synthetic
BGW-038,1,20.421,production,1036.7,448.4,0.826,5.72,0,1.641,0.256,17.82,47.61,17.25,167.21,96.511,94.874,844.14,True,physics_simulated_synthetic
BGW-038,1,24.511,production,1036.7,448.4,0.826,5.72,0,1.641,0.256,17.82,47.61,17.25,213.74,78.238,76.778,3345.48,True,physics_simulated_synthetic
BGW-038,1,25.004,production,1036.7,448.4,0.826,5.72,0,1.641,0.256,17.82,47.61,17.25,219.35,76.368,75.758,3631.16,True,physics_simulated_synthetic
BGW-038,1,27.286,production,1036.7,448.4,0.826,5.72,0,1.641,0.256,17.82,47.61,17.25,245.31,68.329,66.765,7634.14,True,physics_simulated_synthetic
BGW-038,1,34.458,production,1036.7,448.4,0.826,5.72,0,1.641,0.256,17.82,47.61,17.25,326.88,52.363,49.034,37311.12,True,physics_simulated_synthetic
BGW-038,1,34.755,production,1036.7,448.4,0.826,5.72,0,1.641,0.256,17.82,47.61,17.25,330.27,52.041,46.605,47008.35,True,physics_simulated_synthetic
BGW-038,1,41.168,production,1036.7,448.4,0.826,5.72,0,1.641,0.256,17.82,47.61,17.25,403.21,48.259,46.605,47008.35,True,physics_simulated_synthetic
BGW-038,1,48.654,production,1036.7,448.4,0.826,5.72,0,1.641,0.256,17.82,47.61,17.25,488.36,47.634,46.628,46907.89,True,physics_simulated_synthetic
BGW-038,1,52.206,production,1036.7,448.4,0.826,5.72,0,1.641,0.256,17.82,47.61,17.25,528.77,47.61,46.605,47008.35,True,physics_simulated_synthetic
BGW-038,1,52.494,production,1036.7,448.4,0.826,5.72,0,1.641,0.256,17.82,47.61,17.25,532.04,47.609,46.659,46767.33,True,physics_simulated_synthetic
BGW-038,1,52.925,production,1036.7,448.4,0.826,5.72,0,1.641,0.256,17.82,47.61,17.25,536.95,47.609,46.605,47008.35,True,physics_simulated_synthetic
BGW-038,1,54.986,production,1036.7,448.4,0.826,5.72,0,1.641,0.256,17.82,47.61,17.25,560.39,47.606,47.337,43829.63,True,physics_simulated_synthetic
BGW-038,3,4.21,soak,1841.2,443.3,0.683,6.74,2,1.711,0.216,10.16,46.17,17.86,0.0,165.433,163.693,12.72,True,physics_simulated_synthetic
BGW-038,3,8.917,production,1841.2,443.3,0.683,6.74,2,1.711,0.216,10.16,46.17,17.86,33.25,141.905,139.824,46.52,True,physics_simulated_synthetic
BGW-038,3,10.041,production,1841.2,443.3,0.683,6.74,2,1.711,0.216,10.16,46.17,17.86,50.41,136.562,134.643,62.89,True,physics_simulated_synthetic
BGW-038,3,11.628,production,1841.2,443.3,0.683,6.74,2,1.711,0.216,10.16,46.17,17.86,74.62,128.868,130.042,82.74,True,physics_simulated_synthetic
BGW-038,3,14.756,production,1841.2,443.3,0.683,6.74,2,1.711,0.216,10.16,46.17,17.86,122.36,112.862,107.776,342.55,True,physics_simulated_synthetic
BGW-038,3,15.557,production,1841.2,443.3,0.683,6.74,2,1.711,0.216,10.16,46.17,17.86,134.59,108.88,106.328,377.89,True,physics_simulated_synthetic
BGW-038,3,16.04,production,1841.2,443.3,0.683,6.74,2,1.711,0.216,10.16,46.17,17.86,141.96,106.495,109.17,311.88,True,physics_simulated_synthetic
BGW-038,3,20.196,production,1841.2,443.3,0.683,6.74,2,1.711,0.216,10.16,46.17,17.86,205.4,85.39,85.069,1749.72,True,physics_simulated_synthetic
BGW-038,3,20.686,production,1841.2,443.3,0.683,6.74,2,1.711,0.216,10.16,46.17,17.86,212.87,83.209,80.512,2489.19,True,physics_simulated_synthetic
BGW-038,3,20.784,production,1841.2,443.3,0.683,6.74,2,1.711,0.216,10.16,46.17,17.86,214.37,82.778,81.571,2291.51,True,physics_simulated_synthetic
BGW-038,3,26.808,production,1841.2,443.3,0.683,6.74,2,1.711,0.216,10.16,46.17,17.86,306.3,59.796,58.742,15325.83,True,physics_simulated_synthetic
BGW-038,3,30.397,production,1841.2,443.3,0.683,6.74,2,1.711,0.216,10.16,46.17,17.86,361.07,52.372,52.408,27222.97,True,physics_simulated_synthetic
BGW-038,3,32.584,production,1841.2,443.3,0.683,6.74,2,1.711,0.216,10.16,46.17,17.86,394.46,49.702,51.129,30653.73,True,physics_simulated_synthetic
BGW-038,3,34.016,production,1841.2,443.3,0.683,6.74,2,1.711,0.216,10.16,46.17,17.86,416.31,48.525,47.92,41462.99,True,physics_simulated_synthetic
BGW-038,3,35.422,production,1841.2,443.3,0.683,6.74,2,1.711,0.216,10.16,46.17,17.86,437.77,47.7,45.796,50808.55,True,physics_simulated_synthetic
BGW-038,3,36.714,production,1841.2,443.3,0.683,6.74,2,1.711,0.216,10.16,46.17,17.86,457.48,47.171,47.124,44731.01,True,physics_simulated_synthetic
BGW-038,3,36.747,production,1841.2,443.3,0.683,6.74,2,1.711,0.216,10.16,46.17,17.86,457.99,47.16,45.173,53959.72,True,physics_simulated_synthetic
BGW-038,3,47.615,production,1841.2,443.3,0.683,6.74,2,1.711,0.216,10.16,46.17,17.86,623.86,46.178,45.173,53959.72,True,physics_simulated_synthetic
BGW-038,3,48.257,production,1841.2,443.3,0.683,6.74,2,1.711,0.216,10.16,46.17,17.86,633.65,46.176,45.173,53959.72,True,physics_simulated_synthetic
BGW-038,3,54.071,production,1841.2,443.3,0.683,6.74,2,1.711,0.216,10.16,46.17,17.86,722.39,46.173,45.173,53959.72,True,physics_simulated_synthetic
BGW-038,1,0.264,soak,914.7,308.9,0.659,7.86,0,2.317,0.265,11.81,47.98,17.13,0.0,161.946,158.902,16.32,True,physics_simulated_synthetic
BGW-038,1,0.363,soak,914.7,308.9,0.659,7.86,0,2.317,0.265,11.81,47.98,17.13,0.0,161.347,162.804,13.32,True,physics_simulated_synthetic
BGW-038,1,4.5,soak,914.7,308.9,0.659,7.86,0,2.317,0.265,11.81,47.98,17.13,0.0,139.013,138.181,51.15,True,physics_simulated_synthetic
BGW-038,1,4.915,soak,914.7,308.9,0.659,7.86,0,2.317,0.265,11.81,47.98,17.13,0.0,137.03,136.784,55.48,True,physics_simulated_synthetic
BGW-038,1,12.861,production,914.7,308.9,0.659,7.86,0,2.317,0.265,11.81,47.98,17.13,79.34,100.989,100.03,584.29,True,physics_simulated_synthetic
BGW-038,1,16.349,production,914.7,308.9,0.659,7.86,0,2.317,0.265,11.81,47.98,17.13,134.69,87.108,87.63,1440.86,True,physics_simulated_synthetic
BGW-038,1,16.54,production,914.7,308.9,0.659,7.86,0,2.317,0.265,11.81,47.98,17.13,137.71,86.417,83.243,2013.04,True,physics_simulated_synthetic
BGW-038,1,23.84,production,914.7,308.9,0.659,7.86,0,2.317,0.265,11.81,47.98,17.13,253.53,61.904,56.246,19168.48,True,physics_simulated_synthetic
BGW-038,1,25.837,production,914.7,308.9,0.659,7.86,0,2.317,0.265,11.81,47.98,17.13,285.21,57.755,55.058,21349.39,True,physics_simulated_synthetic
BGW-038,1,26.304,production,914.7,308.9,0.659,7.86,0,2.317,0.265,11.81,47.98,17.13,292.63,56.932,55.641,20248.2,True,physics_simulated_synthetic
BGW-038,1,26.795,production,914.7,308.9,0.659,7.86,0,2.317,0.265,11.81,47.98,17.13,300.41,56.12,54.26,22961.36,True,physics_simulated_synthetic
BGW-038,1,30.1,production,914.7,308.9,0.659,7.86,0,2.317,0.265,11.81,47.98,17.13,352.85,51.83,50.144,33611.32,True,physics_simulated_synthetic
BGW-038,1,30.225,production,914.7,308.9,0.659,7.86,0,2.317,0.265,11.81,47.98,17.13,354.84,51.715,51.492,29635.11,True,physics_simulated_synthetic
BGW-038,1,30.439,production,914.7,308.9,0.659,7.86,0,2.317,0.265,11.81,47.98,17.13,358.24,51.525,49.987,34108.26,True,physics_simulated_synthetic
BGW-038,1,34.179,production,914.7,308.9,0.659,7.86,0,2.317,0.265,11.81,47.98,17.13,417.57,49.197,48.243,40209.89,True,physics_simulated_synthetic
BGW-038,1,38.645,production,914.7,308.9,0.659,7.86,0,2.317,0.265,11.81,47.98,17.13,488.43,48.223,46.979,45356.74,True,physics_simulated_synthetic
BGW-038,1,39.529,production,914.7,308.9,0.659,7.86,0,2.317,0.265,11.81,47.98,17.13,502.45,48.151,46.979,45356.74,True,physics_simulated_synthetic
BGW-038,1,42.565,production,914.7,308.9,0.659,7.86,0,2.317,0.265,11.81,47.98,17.13,550.62,48.023,48.211,40334.2,True,physics_simulated_synthetic
BGW-038,1,55.318,production,914.7,308.9,0.659,7.86,0,2.317,0.265,11.81,47.98,17.13,752.96,47.979,46.979,45356.74,True,physics_simulated_synthetic
BGW-038,1,55.927,production,914.7,308.9,0.659,7.86,0,2.317,0.265,11.81,47.98,17.13,762.62,47.979,46.979,45356.74,True,physics_simulated_synthetic
BGW-038,2,0.955,soak,673.7,288.8,0.794,9.84,1,1.749,0.271,12.11,47.16,18.04,0.0,145.385,142.958,38.91,True,physics_simulated_synthetic
BGW-038,2,10.735,production,673.7,288.8,0.794,9.84,1,1.749,0.271,12.11,47.16,18.04,10.41,112.313,112.994,241.96,True,physics_simulated_synthetic
BGW-038,2,14.182,production,673.7,288.8,0.794,9.84,1,1.749,0.271,12.11,47.16,18.04,50.37,101.918,101.524,526.23,True,physics_simulated_synthetic
BGW-038,2,16.479,production,673.7,288.8,0.794,9.84,1,1.749,0.271,12.11,47.16,18.04,76.99,94.961,92.85,978.11,True,physics_simulated_synthetic
BGW-038,2,24.13,production,673.7,288.8,0.794,9.84,1,1.749,0.271,12.11,47.16,18.04,165.69,70.438,69.23,6202.97,True,physics_simulated_synthetic
BGW-038,2,24.677,production,673.7,288.8,0.794,9.84,1,1.749,0.271,12.11,47.16,18.04,172.02,69.053,67.659,7077.76,True,physics_simulated_synthetic
BGW-038,2,24.839,production,673.7,288.8,0.794,9.84,1,1.749,0.271,12.11,47.16,18.04,173.91,68.651,63.196,10365.79,True,physics_simulated_synthetic
BGW-038,2,25.682,production,673.7,288.8,0.794,9.84,1,1.749,0.271,12.11,47.16,18.04,183.67,66.595,63.715,9910.76,True,physics_simulated_synthetic
BGW-038,2,30.036,production,673.7,288.8,0.794,9.84,1,1.749,0.271,12.11,47.16,18.04,234.16,57.317,55.635,20258.36,True,physics_simulated_synthetic
BGW-038,2,30.463,production,673.7,288.8,0.794,9.84,1,1.749,0.271,12.11,47.16,18.04,239.1,56.63,54.521,22420.31,True,physics_simulated_synthetic
BGW-038,2,32.434,production,673.7,288.8,0.794,9.84,1,1.749,0.271,12.11,47.16,18.04,261.95,53.8,52.536,26903.22,True,physics_simulated_synthetic
BGW-038,2,33.143,production,673.7,288.8,0.794,9.84,1,1.749,0.271,12.11,47.16,18.04,270.17,52.956,52.927,25948.69,True,physics_simulated_synthetic
BGW-038,2,35.617,production,673.7,288.8,0.794,9.84,1,1.749,0.271,12.11,47.16,18.04,298.85,50.571,48.51,39205.6,True,physics_simulated_synthetic
BGW-038,2,39.894,production,673.7,288.8,0.794,9.84,1,1.749,0.271,12.11,47.16,18.04,348.43,48.27,46.158,49070.35,True,physics_simulated_synthetic
BGW-038,2,40.858,production,673.7,288.8,0.794,9.84,1,1.749,0.271,12.11,47.16,18.04,359.6,47.999,46.843,45948.39,True,physics_simulated_synthetic
BGW-038,2,42.242,production,673.7,288.8,0.794,9.84,1,1.749,0.271,12.11,47.16,18.04,375.65,47.707,46.158,49070.35,True,physics_simulated_synthetic
BGW-038,2,42.873,production,673.7,288.8,0.794,9.84,1,1.749,0.271,12.11,47.16,18.04,382.96,47.607,46.158,49070.35,True,physics_simulated_synthetic
BGW-038,2,47.209,production,673.7,288.8,0.794,9.84,1,1.749,0.271,12.11,47.16,18.04,433.23,47.247,46.158,49070.35,True,physics_simulated_synthetic
BGW-038,2,54.538,production,673.7,288.8,0.794,9.84,1,1.749,0.271,12.11,47.16,18.04,518.19,47.161,48.689,38548.43,True,physics_simulated_synthetic
BGW-038,2,56.437,production,673.7,288.8,0.794,9.84,1,1.749,0.271,12.11,47.16,18.04,540.2,47.159,46.158,49070.35,True,physics_simulated_synthetic
BGW-039,5,6.916,soak,800.5,176.0,0.835,7.7,4,1.993,0.203,9.9,47.01,18.77,0.0,115.481,117.689,178.37,True,physics_simulated_synthetic
BGW-039,5,8.984,production,800.5,176.0,0.835,7.7,4,1.993,0.203,9.9,47.01,18.77,19.49,108.475,108.783,320.09,True,physics_simulated_synthetic
BGW-039,5,13.314,production,800.5,176.0,0.835,7.7,4,1.993,0.203,9.9,47.01,18.77,85.45,93.55,96.727,738.74,True,physics_simulated_synthetic
BGW-039,5,14.272,production,800.5,176.0,0.835,7.7,4,1.993,0.203,9.9,47.01,18.77,100.04,90.443,90.038,1203.41,True,physics_simulated_synthetic
BGW-039,5,14.672,production,800.5,176.0,0.835,7.7,4,1.993,0.203,9.9,47.01,18.77,106.13,89.16,93.094,960.78,True,physics_simulated_synthetic
BGW-039,5,16.286,production,800.5,176.0,0.835,7.7,4,1.993,0.203,9.9,47.01,18.77,130.72,83.921,85.894,1643.17,True,physics_simulated_synthetic
BGW-039,5,17.603,production,800.5,176.0,0.835,7.7,4,1.993,0.203,9.9,47.01,18.77,150.77,79.752,77.734,3099.76,True,physics_simulated_synthetic
BGW-039,5,21.808,production,800.5,176.0,0.835,7.7,4,1.993,0.203,9.9,47.01,18.77,214.83,66.959,68.175,6776.95,True,physics_simulated_synthetic
BGW-039,5,23.25,production,800.5,176.0,0.835,7.7,4,1.993,0.203,9.9,47.01,18.77,236.79,63.348,65.956,8177.79,True,physics_simulated_synthetic
BGW-039,5,26.005,production,800.5,176.0,0.835,7.7,4,1.993,0.203,9.9,47.01,18.77,278.76,57.422,58.783,15270.66,True,physics_simulated_synthetic
BGW-039,5,26.552,production,800.5,176.0,0.835,7.7,4,1.993,0.203,9.9,47.01,18.77,287.08,56.461,59.155,14774.42,True,physics_simulated_synthetic
BGW-039,5,31.159,production,800.5,176.0,0.835,7.7,4,1.993,0.203,9.9,47.01,18.77,357.26,50.421,50.924,31246.22,True,physics_simulated_synthetic
BGW-039,5,33.265,production,800.5,176.0,0.835,7.7,4,1.993,0.203,9.9,47.01,18.77,389.34,48.971,48.836,38016.04,True,physics_simulated_synthetic
BGW-039,5,35.068,production,800.5,176.0,0.835,7.7,4,1.993,0.203,9.9,47.01,18.77,416.81,48.168,49.76,34843.63,True,physics_simulated_synthetic
BGW-039,5,35.81,production,800.5,176.0,0.835,7.7,4,1.993,0.203,9.9,47.01,18.77,428.11,47.93,49.667,35151.67,True,physics_simulated_synthetic
BGW-039,5,38.12,production,800.5,176.0,0.835,7.7,4,1.993,0.203,9.9,47.01,18.77,463.29,47.428,48.633,38752.75,True,physics_simulated_synthetic
BGW-039,5,39.733,production,800.5,176.0,0.835,7.7,4,1.993,0.203,9.9,47.01,18.77,487.86,47.238,50.649,32057.75,True,physics_simulated_synthetic
BGW-039,5,40.826,production,800.5,176.0,0.835,7.7,4,1.993,0.203,9.9,47.01,18.77,504.51,47.158,47.66,42501.04,True,physics_simulated_synthetic
BGW-039,5,41.753,production,800.5,176.0,0.835,7.7,4,1.993,0.203,9.9,47.01,18.77,518.62,47.111,49.242,36586.73,True,physics_simulated_synthetic
BGW-039,5,46.511,production,800.5,176.0,0.835,7.7,4,1.993,0.203,9.9,47.01,18.77,591.11,47.02,48.808,38115.48,True,physics_simulated_synthetic
BGW-039,4,9.657,production,1515.5,413.8,0.587,9.46,3,1.538,0.214,12.52,46.77,18.88,3.07,148.233,149.709,26.72,True,physics_simulated_synthetic
BGW-039,4,12.967,production,1515.5,413.8,0.587,9.46,3,1.538,0.214,12.52,46.77,18.88,54.61,134.159,132.09,73.18,True,physics_simulated_synthetic
BGW-039,4,15.055,production,1515.5,413.8,0.587,9.46,3,1.538,0.214,12.52,46.77,18.88,87.12,124.756,128.62,90.17,True,physics_simulated_synthetic
BGW-039,4,16.546,production,1515.5,413.8,0.587,9.46,3,1.538,0.214,12.52,46.77,18.88,110.34,117.777,118.801,166.13,True,physics_simulated_synthetic
BGW-039,4,17.202,production,1515.5,413.8,0.587,9.46,3,1.538,0.214,12.52,46.77,18.88,120.55,114.688,116.731,189.71,True,physics_simulated_synthetic
BGW-039,4,19.439,production,1515.5,413.8,0.587,9.46,3,1.538,0.214,12.52,46.77,18.88,155.39,103.54,102.842,480.13,True,physics_simulated_synthetic
BGW-039,4,20.481,production,1515.5,413.8,0.587,9.46,3,1.538,0.214,12.52,46.77,18.88,171.63,98.443,99.015,627.7,True,physics_simulated_synthetic
BGW-039,4,23.38,production,1515.5,413.8,0.587,9.46,3,1.538,0.214,12.52,46.77,18.88,216.77,84.223,84.513,1825.79,True,physics_simulated_synthetic
BGW-039,4,24.475,production,1515.5,413.8,0.587,9.46,3,1.538,0.214,12.52,46.77,18.88,233.83,79.381,82.669,2104.28,True,physics_simulated_synthetic
BGW-039,4,28.463,production,1515.5,413.8,0.587,9.46,3,1.538,0.214,12.52,46.77,18.88,295.92,63.872,64.283,9437.67,True,physics_simulated_synthetic
BGW-039,4,29.098,production,1515.5,413.8,0.587,9.46,3,1.538,0.214,12.52,46.77,18.88,305.8,62.009,64.301,9422.6,True,physics_simulated_synthetic
BGW-039,4,37.787,production,1515.5,413.8,0.587,9.46,3,1.538,0.214,12.52,46.77,18.88,441.12,48.143,48.463,39379.94,True,physics_simulated_synthetic
BGW-039,4,40.075,production,1515.5,413.8,0.587,9.46,3,1.538,0.214,12.52,46.77,18.88,476.76,47.385,47.983,41217.72,True,physics_simulated_synthetic
BGW-039,4,43.0,production,1515.5,413.8,0.587,9.46,3,1.538,0.214,12.52,46.77,18.88,522.3,46.961,47.848,41747.88,True,physics_simulated_synthetic
BGW-039,4,44.93,production,1515.5,413.8,0.587,9.46,3,1.538,0.214,12.52,46.77,18.88,552.35,46.853,49.881,34451.17,True,physics_simulated_synthetic
BGW-039,4,45.463,production,1515.5,413.8,0.587,9.46,3,1.538,0.214,12.52,46.77,18.88,560.65,46.835,45.775,50913.92,True,physics_simulated_synthetic
BGW-039,4,47.254,production,1515.5,413.8,0.587,9.46,3,1.538,0.214,12.52,46.77,18.88,588.54,46.799,46.188,48928.0,True,physics_simulated_synthetic
BGW-039,4,48.894,production,1515.5,413.8,0.587,9.46,3,1.538,0.214,12.52,46.77,18.88,614.08,46.785,45.775,50913.92,True,physics_simulated_synthetic
BGW-039,4,52.787,production,1515.5,413.8,0.587,9.46,3,1.538,0.214,12.52,46.77,18.88,674.7,46.776,46.484,47557.82,True,physics_simulated_synthetic
BGW-039,4,55.224,production,1515.5,413.8,0.587,9.46,3,1.538,0.214,12.52,46.77,18.88,712.65,46.775,46.87,45833.21,True,physics_simulated_synthetic
BGW-040,2,0.554,soak,1973.9,222.9,0.658,9.72,1,1.475,0.219,12.81,46.49,17.47,0.0,185.301,187.647,5.0,True,physics_simulated_synthetic
BGW-040,2,1.869,soak,1973.9,222.9,0.658,9.72,1,1.475,0.219,12.81,46.49,17.47,0.0,179.132,180.098,5.65,True,physics_simulated_synthetic
BGW-040,2,4.248,soak,1973.9,222.9,0.658,9.72,1,1.475,0.219,12.81,46.49,17.47,0.0,168.661,170.42,9.05,True,physics_simulated_synthetic
BGW-040,2,9.637,soak,1973.9,222.9,0.658,9.72,1,1.475,0.219,12.81,46.49,17.47,0.0,147.892,153.132,22.18,True,physics_simulated_synthetic
BGW-040,2,12.497,production,1973.9,222.9,0.658,9.72,1,1.475,0.219,12.81,46.49,17.47,33.34,137.044,139.403,47.66,True,physics_simulated_synthetic
BGW-040,2,13.436,production,1973.9,222.9,0.658,9.72,1,1.475,0.219,12.81,46.49,17.47,44.6,133.467,134.029,65.21,True,physics_simulated_synthetic
BGW-040,2,18.432,production,1973.9,222.9,0.658,9.72,1,1.475,0.219,12.81,46.49,17.47,104.52,111.153,113.63,232.07,True,physics_simulated_synthetic
BGW-040,2,18.644,production,1973.9,222.9,0.658,9.72,1,1.475,0.219,12.81,46.49,17.47,107.07,110.247,110.579,283.87,True,physics_simulated_synthetic
BGW-040,2,19.022,production,1973.9,222.9,0.658,9.72,1,1.475,0.219,12.81,46.49,17.47,111.61,108.623,109.169,311.9,True,physics_simulated_synthetic
BGW-040,2,19.095,production,1973.9,222.9,0.658,9.72,1,1.475,0.219,12.81,46.49,17.47,112.48,108.313,109.08,313.78,True,physics_simulated_synthetic
BGW-040,2,22.227,production,1973.9,222.9,0.658,9.72,1,1.475,0.219,12.81,46.49,17.47,150.04,94.103,95.706,794.95,True,physics_simulated_synthetic
BGW-040,2,24.718,production,1973.9,222.9,0.658,9.72,1,1.475,0.219,12.81,46.49,17.47,179.92,83.384,86.92,1520.13,True,physics_simulated_synthetic
BGW-040,2,27.906,production,1973.9,222.9,0.658,9.72,1,1.475,0.219,12.81,46.49,17.47,218.15,71.067,74.101,4151.77,True,physics_simulated_synthetic
BGW-040,2,34.93,production,1973.9,222.9,0.658,9.72,1,1.475,0.219,12.81,46.49,17.47,302.4,52.982,55.939,19708.17,True,physics_simulated_synthetic
BGW-040,2,37.274,production,1973.9,222.9,0.658,9.72,1,1.475,0.219,12.81,46.49,17.47,330.51,50.222,50.909,31290.82,True,physics_simulated_synthetic
BGW-040,2,37.599,production,1973.9,222.9,0.658,9.72,1,1.475,0.219,12.81,46.49,17.47,334.41,49.932,51.399,29892.29,True,physics_simulated_synthetic
BGW-040,2,48.713,production,1973.9,222.9,0.658,9.72,1,1.475,0.219,12.81,46.49,17.47,467.7,46.542,49.148,36911.84,True,physics_simulated_synthetic
BGW-040,2,52.368,production,1973.9,222.9,0.658,9.72,1,1.475,0.219,12.81,46.49,17.47,511.54,46.497,47.842,41773.07,True,physics_simulated_synthetic
BGW-040,2,54.64,production,1973.9,222.9,0.658,9.72,1,1.475,0.219,12.81,46.49,17.47,538.79,46.49,48.325,39899.1,True,physics_simulated_synthetic
BGW-040,2,54.84,production,1973.9,222.9,0.658,9.72,1,1.475,0.219,12.81,46.49,17.47,541.19,46.49,49.333,36275.08,True,physics_simulated_synthetic
BGW-040,4,0.447,soak,1641.2,360.6,0.671,5.88,3,1.885,0.225,16.17,46.39,17.58,0.0,188.405,189.133,5.0,True,physics_simulated_synthetic
BGW-040,4,1.532,soak,1641.2,360.6,0.671,5.88,3,1.885,0.225,16.17,46.39,17.58,0.0,182.549,185.626,5.0,True,physics_simulated_synthetic
BGW-040,4,2.785,soak,1641.2,360.6,0.671,5.88,3,1.885,0.225,16.17,46.39,17.58,0.0,176.081,179.623,5.78,True,physics_simulated_synthetic
BGW-040,4,11.89,production,1641.2,360.6,0.671,5.88,3,1.885,0.225,16.17,46.39,17.58,112.69,125.058,129.569,85.14,True,physics_simulated_synthetic
BGW-040,4,19.326,production,1641.2,360.6,0.671,5.88,3,1.885,0.225,16.17,46.39,17.58,252.11,81.211,83.887,1915.53,True,physics_simulated_synthetic
BGW-040,4,26.093,production,1641.2,360.6,0.671,5.88,3,1.885,0.225,16.17,46.39,17.58,378.98,55.871,60.179,13494.93,True,physics_simulated_synthetic
BGW-040,4,26.247,production,1641.2,360.6,0.671,5.88,3,1.885,0.225,16.17,46.39,17.58,381.86,55.549,58.96,15032.23,True,physics_simulated_synthetic
BGW-040,4,29.203,production,1641.2,360.6,0.671,5.88,3,1.885,0.225,16.17,46.39,17.58,437.28,50.66,51.967,28356.33,True,physics_simulated_synthetic
BGW-040,4,30.393,production,1641.2,360.6,0.671,5.88,3,1.885,0.225,16.17,46.39,17.58,459.59,49.421,50.588,32241.17,True,physics_simulated_synthetic
BGW-040,4,31.488,production,1641.2,360.6,0.671,5.88,3,1.885,0.225,16.17,46.39,17.58,480.12,48.553,53.273,25135.22,True,physics_simulated_synthetic
BGW-040,4,35.52,production,1641.2,360.6,0.671,5.88,3,1.885,0.225,16.17,46.39,17.58,555.72,46.879,51.702,29064.06,True,physics_simulated_synthetic
BGW-040,4,36.051,production,1641.2,360.6,0.671,5.88,3,1.885,0.225,16.17,46.39,17.58,565.68,46.785,50.386,32858.89,True,physics_simulated_synthetic
BGW-040,4,36.552,production,1641.2,360.6,0.671,5.88,3,1.885,0.225,16.17,46.39,17.58,575.07,46.711,51.954,28391.82,True,physics_simulated_synthetic
BGW-040,4,36.899,production,1641.2,360.6,0.671,5.88,3,1.885,0.225,16.17,46.39,17.58,581.58,46.668,51.296,30182.56,True,physics_simulated_synthetic
BGW-040,4,37.771,production,1641.2,360.6,0.671,5.88,3,1.885,0.225,16.17,46.39,17.58,597.93,46.58,50.686,31948.39,True,physics_simulated_synthetic
BGW-040,4,38.1,production,1641.2,360.6,0.671,5.88,3,1.885,0.225,16.17,46.39,17.58,604.1,46.555,48.427,39515.06,True,physics_simulated_synthetic
BGW-040,4,50.396,production,1641.2,360.6,0.671,5.88,3,1.885,0.225,16.17,46.39,17.58,834.63,46.394,51.966,28358.77,True,physics_simulated_synthetic
BGW-040,4,51.099,production,1641.2,360.6,0.671,5.88,3,1.885,0.225,16.17,46.39,17.58,847.8,46.394,50.293,33144.22,True,physics_simulated_synthetic
BGW-040,4,52.747,production,1641.2,360.6,0.671,5.88,3,1.885,0.225,16.17,46.39,17.58,878.7,46.394,49.002,37423.17,True,physics_simulated_synthetic
BGW-040,4,55.168,production,1641.2,360.6,0.671,5.88,3,1.885,0.225,16.17,46.39,17.58,924.11,46.394,48.607,38848.67,True,physics_simulated_synthetic
BGW-040,3,3.095,soak,1564.2,166.6,0.601,5.29,2,1.632,0.217,18.91,47.03,18.25,0.0,147.487,148.621,28.36,True,physics_simulated_synthetic
BGW-040,3,8.971,production,1564.2,166.6,0.601,5.29,2,1.632,0.217,18.91,47.03,18.25,47.84,127.936,130.157,82.17,True,physics_simulated_synthetic
BGW-040,3,10.468,production,1564.2,166.6,0.601,5.29,2,1.632,0.217,18.91,47.03,18.25,67.29,122.834,125.996,105.86,True,physics_simulated_synthetic
BGW-040,3,13.399,production,1564.2,166.6,0.601,5.29,2,1.632,0.217,18.91,47.03,18.25,105.39,111.884,114.321,221.82,True,physics_simulated_synthetic
BGW-040,3,16.575,production,1564.2,166.6,0.601,5.29,2,1.632,0.217,18.91,47.03,18.25,146.66,99.098,99.806,593.6,True,physics_simulated_synthetic
BGW-040,3,17.659,production,1564.2,166.6,0.601,5.29,2,1.632,0.217,18.91,47.03,18.25,160.76,94.79,98.861,634.57,True,physics_simulated_synthetic
BGW-040,3,20.619,production,1564.2,166.6,0.601,5.29,2,1.632,0.217,18.91,47.03,18.25,199.21,82.877,81.729,2263.53,True,physics_simulated_synthetic
BGW-040,3,21.0,production,1564.2,166.6,0.601,5.29,2,1.632,0.217,18.91,47.03,18.25,204.17,81.455,83.516,1971.0,True,physics_simulated_synthetic
BGW-040,3,21.449,production,1564.2,166.6,0.601,5.29,2,1.632,0.217,18.91,47.03,18.25,210.01,79.799,81.617,2283.39,True,physics_simulated_synthetic
BGW-040,3,24.816,production,1564.2,166.6,0.601,5.29,2,1.632,0.217,18.91,47.03,18.25,253.76,68.014,70.908,5395.1,True,physics_simulated_synthetic
BGW-040,3,25.002,production,1564.2,166.6,0.601,5.29,2,1.632,0.217,18.91,47.03,18.25,256.18,67.46,70.933,5383.98,True,physics_simulated_synthetic
BGW-040,3,27.165,production,1564.2,166.6,0.601,5.29,2,1.632,0.217,18.91,47.03,18.25,284.29,61.473,65.737,8331.98,True,physics_simulated_synthetic
BGW-040,3,29.279,production,1564.2,166.6,0.601,5.29,2,1.632,0.217,18.91,47.03,18.25,311.76,56.807,58.496,15665.16,True,physics_simulated_synthetic
BGW-040,3,30.191,production,1564.2,166.6,0.601,5.29,2,1.632,0.217,18.91,47.03,18.25,323.61,55.175,58.683,15407.05,True,physics_simulated_synthetic
BGW-040,3,30.344,production,1564.2,166.6,0.601,5.29,2,1.632,0.217,18.91,47.03,18.25,325.6,54.923,57.884,16545.9,True,physics_simulated_synthetic
BGW-040,3,34.881,production,1564.2,166.6,0.601,5.29,2,1.632,0.217,18.91,47.03,18.25,384.56,49.589,49.879,34455.93,True,physics_simulated_synthetic
BGW-040,3,43.039,production,1564.2,166.6,0.601,5.29,2,1.632,0.217,18.91,47.03,18.25,490.58,47.16,52.508,26972.93,True,physics_simulated_synthetic
BGW-040,3,47.036,production,1564.2,166.6,0.601,5.29,2,1.632,0.217,18.91,47.03,18.25,542.52,47.047,47.719,42262.81,True,physics_simulated_synthetic
BGW-040,3,55.985,production,1564.2,166.6,0.601,5.29,2,1.632,0.217,18.91,47.03,18.25,658.82,47.026,50.3,33123.57,True,physics_simulated_synthetic
BGW-040,3,59.059,production,1564.2,166.6,0.601,5.29,2,1.632,0.217,18.91,47.03,18.25,698.77,47.026,50.258,33252.36,True,physics_simulated_synthetic
BGW-041,3,2.393,soak,1938.7,201.5,0.734,10.03,2,2.33,0.214,18.97,47.2,18.53,0.0,174.666,172.556,8.14,True,physics_simulated_synthetic
BGW-041,3,2.512,soak,1938.7,201.5,0.734,10.03,2,2.33,0.214,18.97,47.2,18.53,0.0,174.007,170.945,8.82,True,physics_simulated_synthetic
BGW-041,3,3.226,soak,1938.7,201.5,0.734,10.03,2,2.33,0.214,18.97,47.2,18.53,0.0,170.107,169.948,9.27,True,physics_simulated_synthetic
BGW-041,3,3.324,soak,1938.7,201.5,0.734,10.03,2,2.33,0.214,18.97,47.2,18.53,0.0,169.587,167.103,10.69,True,physics_simulated_synthetic
BGW-041,3,10.511,production,1938.7,201.5,0.734,10.03,2,2.33,0.214,18.97,47.2,18.53,5.19,136.173,136.308,57.04,True,physics_simulated_synthetic
BGW-041,3,12.829,production,1938.7,201.5,0.734,10.03,2,2.33,0.214,18.97,47.2,18.53,30.06,126.66,124.703,114.64,True,physics_simulated_synthetic
BGW-041,3,13.17,production,1938.7,201.5,0.734,10.03,2,2.33,0.214,18.97,47.2,18.53,33.72,125.308,122.451,131.9,True,physics_simulated_synthetic
BGW-041,3,17.979,production,1938.7,201.5,0.734,10.03,2,2.33,0.214,18.97,47.2,18.53,85.31,104.746,102.753,483.08,True,physics_simulated_synthetic
BGW-041,3,18.41,production,1938.7,201.5,0.734,10.03,2,2.33,0.214,18.97,47.2,18.53,89.94,103.037,97.967,676.15,True,physics_simulated_synthetic
BGW-041,3,25.899,production,1938.7,201.5,0.734,10.03,2,2.33,0.214,18.97,47.2,18.53,170.29,72.934,71.369,5193.06,True,physics_simulated_synthetic
BGW-041,3,26.369,production,1938.7,201.5,0.734,10.03,2,2.33,0.214,18.97,47.2,18.53,175.33,71.509,69.875,5878.33,True,physics_simulated_synthetic
BGW-041,3,28.665,production,1938.7,201.5,0.734,10.03,2,2.33,0.214,18.97,47.2,18.53,199.96,65.006,64.764,9054.94,True,physics_simulated_synthetic
BGW-041,3,30.002,production,1938.7,201.5,0.734,10.03,2,2.33,0.214,18.97,47.2,18.53,214.31,61.781,57.744,16753.78,True,physics_simulated_synthetic
BGW-041,3,30.369,production,1938.7,201.5,0.734,10.03,2,2.33,0.214,18.97,47.2,18.53,218.24,60.974,61.204,12330.8,True,physics_simulated_synthetic
BGW-041,3,33.153,production,1938.7,201.5,0.734,10.03,2,2.33,0.214,18.97,47.2,18.53,248.11,55.653,55.406,20684.53,True,physics_simulated_synthetic
BGW-041,3,33.258,production,1938.7,201.5,0.734,10.03,2,2.33,0.214,18.97,47.2,18.53,249.24,55.491,55.848,19872.22,True,physics_simulated_synthetic
BGW-041,3,37.358,production,1938.7,201.5,0.734,10.03,2,2.33,0.214,18.97,47.2,18.53,293.22,50.611,49.141,36936.2,True,physics_simulated_synthetic
BGW-041,3,52.47,production,1938.7,201.5,0.734,10.03,2,2.33,0.214,18.97,47.2,18.53,455.36,47.213,47.236,44254.22,True,physics_simulated_synthetic
BGW-041,3,55.002,production,1938.7,201.5,0.734,10.03,2,2.33,0.214,18.97,47.2,18.53,482.52,47.206,46.203,48859.05,True,physics_simulated_synthetic
BGW-041,3,58.595,production,1938.7,201.5,0.734,10.03,2,2.33,0.214,18.97,47.2,18.53,521.07,47.203,46.806,46114.56,True,physics_simulated_synthetic
BGW-042,2,0.192,soak,2185.9,431.9,0.588,7.32,1,2.014,0.288,11.13,47.49,17.25,0.0,187.706,189.013,5.0,True,physics_simulated_synthetic
BGW-042,2,0.257,soak,2185.9,431.9,0.588,7.32,1,2.014,0.288,11.13,47.49,17.25,0.0,187.277,186.389,5.0,True,physics_simulated_synthetic
BGW-042,2,1.359,soak,2185.9,431.9,0.588,7.32,1,2.014,0.288,11.13,47.49,17.25,0.0,180.153,181.92,5.18,True,physics_simulated_synthetic
BGW-042,2,2.811,soak,2185.9,431.9,0.588,7.32,1,2.014,0.288,11.13,47.49,17.25,0.0,171.318,170.708,8.92,True,physics_simulated_synthetic
BGW-042,2,2.91,soak,2185.9,431.9,0.588,7.32,1,2.014,0.288,11.13,47.49,17.25,0.0,170.742,170.733,8.91,True,physics_simulated_synthetic
BGW-042,2,3.257,soak,2185.9,431.9,0.588,7.32,1,2.014,0.288,11.13,47.49,17.25,0.0,168.724,171.463,8.6,True,physics_simulated_synthetic
BGW-042,2,10.464,production,2185.9,431.9,0.588,7.32,1,2.014,0.288,11.13,47.49,17.25,46.73,130.044,129.716,84.38,True,physics_simulated_synthetic
BGW-042,2,11.527,production,2185.9,431.9,0.588,7.32,1,2.014,0.288,11.13,47.49,17.25,62.54,124.929,126.723,101.23,True,physics_simulated_synthetic
BGW-042,2,19.909,production,2185.9,431.9,0.588,7.32,1,2.014,0.288,11.13,47.49,17.25,187.18,81.831,81.946,2225.73,True,physics_simulated_synthetic
BGW-042,2,23.095,production,2185.9,431.9,0.588,7.32,1,2.014,0.288,11.13,47.49,17.25,234.56,69.747,70.389,5632.21,True,physics_simulated_synthetic
BGW-042,2,30.253,production,2185.9,431.9,0.588,7.32,1,2.014,0.288,11.13,47.49,17.25,340.99,52.664,52.822,26201.81,True,physics_simulated_synthetic
BGW-042,2,31.699,production,2185.9,431.9,0.588,7.32,1,2.014,0.288,11.13,47.49,17.25,362.5,51.109,52.356,27353.75,True,physics_simulated_synthetic
BGW-042,2,31.829,production,2185.9,431.9,0.588,7.32,1,2.014,0.288,11.13,47.49,17.25,364.43,50.992,50.092,33776.0,True,physics_simulated_synthetic
BGW-042,2,37.541,production,2185.9,431.9,0.588,7.32,1,2.014,0.288,11.13,47.49,17.25,449.37,48.059,46.741,46399.33,True,physics_simulated_synthetic
BGW-042,2,39.474,production,2185.9,431.9,0.588,7.32,1,2.014,0.288,11.13,47.49,17.25,478.11,47.768,46.934,45553.18,True,physics_simulated_synthetic
BGW-042,2,40.433,production,2185.9,431.9,0.588,7.32,1,2.014,0.288,11.13,47.49,17.25,492.38,47.681,47.88,41621.92,True,physics_simulated_synthetic
BGW-042,2,42.986,production,2185.9,431.9,0.588,7.32,1,2.014,0.288,11.13,47.49,17.25,530.34,47.554,47.305,43966.32,True,physics_simulated_synthetic
BGW-042,2,50.233,production,2185.9,431.9,0.588,7.32,1,2.014,0.288,11.13,47.49,17.25,638.09,47.494,48.548,39066.43,True,physics_simulated_synthetic
BGW-042,2,51.97,production,2185.9,431.9,0.588,7.32,1,2.014,0.288,11.13,47.49,17.25,663.93,47.493,49.379,36115.53,True,physics_simulated_synthetic
BGW-042,2,53.695,production,2185.9,431.9,0.588,7.32,1,2.014,0.288,11.13,47.49,17.25,689.58,47.493,46.493,47519.21,True,physics_simulated_synthetic
BGW-042,3,0.267,soak,992.2,438.8,0.823,7.24,2,1.794,0.245,6.53,46.59,17.25,0.0,187.648,187.178,5.0,True,physics_simulated_synthetic
BGW-042,3,5.926,soak,992.2,438.8,0.823,7.24,2,1.794,0.245,6.53,46.59,17.25,0.0,152.212,153.65,21.57,True,physics_simulated_synthetic
BGW-042,3,6.142,soak,992.2,438.8,0.823,7.24,2,1.794,0.245,6.53,46.59,17.25,0.0,151.051,151.812,23.82,True,physics_simulated_synthetic
BGW-042,3,6.176,soak,992.2,438.8,0.823,7.24,2,1.794,0.245,6.53,46.59,17.25,0.0,150.871,149.401,27.17,True,physics_simulated_synthetic
BGW-042,3,6.461,soak,992.2,438.8,0.823,7.24,2,1.794,0.245,6.53,46.59,17.25,0.0,149.36,149.423,27.14,True,physics_simulated_synthetic
BGW-042,3,8.258,production,992.2,438.8,0.823,7.24,2,1.794,0.245,6.53,46.59,17.25,9.86,140.177,140.582,44.54,True,physics_simulated_synthetic
BGW-042,3,11.048,production,992.2,438.8,0.823,7.24,2,1.794,0.245,6.53,46.59,17.25,36.83,126.589,126.396,103.28,True,physics_simulated_synthetic
BGW-042,3,11.578,production,992.2,438.8,0.823,7.24,2,1.794,0.245,6.53,46.59,17.25,41.95,124.151,126.747,101.08,True,physics_simulated_synthetic
BGW-042,3,14.154,production,992.2,438.8,0.823,7.24,2,1.794,0.245,6.53,46.59,17.25,66.84,112.335,113.528,233.63,True,physics_simulated_synthetic
BGW-042,3,24.302,production,992.2,438.8,0.823,7.24,2,1.794,0.245,6.53,46.59,17.25,164.91,69.706,72.15,4869.66,True,physics_simulated_synthetic
BGW-042,3,24.357,production,992.2,438.8,0.823,7.24,2,1.794,0.245,6.53,46.59,17.25,165.44,69.549,70.44,5608.5,True,physics_simulated_synthetic
BGW-042,3,26.257,production,992.2,438.8,0.823,7.24,2,1.794,0.245,6.53,46.59,17.25,183.81,64.421,65.057,8830.75,True,physics_simulated_synthetic
BGW-042,3,26.537,production,992.2,438.8,0.823,7.24,2,1.794,0.245,6.53,46.59,17.25,186.51,63.741,62.952,10587.96,True,physics_simulated_synthetic
BGW-042,3,28.831,production,992.2,438.8,0.823,7.24,2,1.794,0.245,6.53,46.59,17.25,208.68,58.688,59.227,14680.4,True,physics_simulated_synthetic
BGW-042,3,33.652,production,992.2,438.8,0.823,7.24,2,1.794,0.245,6.53,46.59,17.25,255.28,51.458,51.998,28276.44,True,physics_simulated_synthetic
BGW-042,3,33.89,production,992.2,438.8,0.823,7.24,2,1.794,0.245,6.53,46.59,17.25,257.58,51.226,49.833,34605.4,True,physics_simulated_synthetic
BGW-042,3,37.615,production,992.2,438.8,0.823,7.24,2,1.794,0.245,6.53,46.59,17.25,293.58,48.528,48.295,40014.34,True,physics_simulated_synthetic
BGW-042,3,42.749,production,992.2,438.8,0.823,7.24,2,1.794,0.245,6.53,46.59,17.25,343.2,47.023,47.092,44867.2,True,physics_simulated_synthetic
BGW-042,3,48.015,production,992.2,438.8,0.823,7.24,2,1.794,0.245,6.53,46.59,17.25,394.09,46.651,47.751,42135.58,True,physics_simulated_synthetic
BGW-042,3,54.926,production,992.2,438.8,0.823,7.24,2,1.794,0.245,6.53,46.59,17.25,460.88,46.588,47.756,42116.49,True,physics_simulated_synthetic
BGW-043,3,6.737,production,847.8,415.7,0.661,4.4,2,1.661,0.304,18.84,46.98,18.91,31.3,148.531,154.095,21.06,True,physics_simulated_synthetic
BGW-043,3,10.667,production,847.8,415.7,0.661,4.4,2,1.661,0.304,18.84,46.98,18.91,83.88,132.135,135.591,59.48,True,physics_simulated_synthetic
BGW-043,3,11.983,production,847.8,415.7,0.661,4.4,2,1.661,0.304,18.84,46.98,18.91,101.5,126.436,128.747,89.48,True,physics_simulated_synthetic
BGW-043,3,18.16,production,847.8,415.7,0.661,4.4,2,1.661,0.304,18.84,46.98,18.91,184.14,95.531,97.365,705.79,True,physics_simulated_synthetic
BGW-043,3,18.428,production,847.8,415.7,0.661,4.4,2,1.661,0.304,18.84,46.98,18.91,187.73,94.312,95.412,811.95,True,physics_simulated_synthetic
BGW-043,3,19.926,production,847.8,415.7,0.661,4.4,2,1.661,0.304,18.84,46.98,18.91,207.77,87.51,92.833,979.32,True,physics_simulated_synthetic
BGW-043,3,22.703,production,847.8,415.7,0.661,4.4,2,1.661,0.304,18.84,46.98,18.91,244.92,75.678,77.853,3070.69,True,physics_simulated_synthetic
BGW-043,3,22.913,production,847.8,415.7,0.661,4.4,2,1.661,0.304,18.84,46.98,18.91,247.73,74.882,80.283,2534.24,True,physics_simulated_synthetic
BGW-043,3,33.29,production,847.8,415.7,0.661,4.4,2,1.661,0.304,18.84,46.98,18.91,386.58,49.802,54.192,23103.73,True,physics_simulated_synthetic
BGW-043,3,34.64,production,847.8,415.7,0.661,4.4,2,1.661,0.304,18.84,46.98,18.91,404.65,48.906,48.908,37756.38,True,physics_simulated_synthetic
BGW-043,3,36.507,production,847.8,415.7,0.661,4.4,2,1.661,0.304,18.84,46.98,18.91,429.63,48.062,49.569,35477.76,True,physics_simulated_synthetic
BGW-043,3,43.181,production,847.8,415.7,0.661,4.4,2,1.661,0.304,18.84,46.98,18.91,518.93,47.056,48.558,39027.18,True,physics_simulated_synthetic
BGW-043,3,43.884,production,847.8,415.7,0.661,4.4,2,1.661,0.304,18.84,46.98,18.91,528.33,47.036,49.363,36171.45,True,physics_simulated_synthetic
BGW-043,3,45.388,production,847.8,415.7,0.661,4.4,2,1.661,0.304,18.84,46.98,18.91,548.46,47.008,49.362,36173.52,True,physics_simulated_synthetic
BGW-043,3,47.098,production,847.8,415.7,0.661,4.4,2,1.661,0.304,18.84,46.98,18.91,571.34,46.992,53.626,24333.63,True,physics_simulated_synthetic
BGW-043,3,49.514,production,847.8,415.7,0.661,4.4,2,1.661,0.304,18.84,46.98,18.91,603.66,46.984,47.915,41484.69,True,physics_simulated_synthetic
BGW-043,3,51.583,production,847.8,415.7,0.661,4.4,2,1.661,0.304,18.84,46.98,18.91,631.35,46.982,49.741,34905.82,True,physics_simulated_synthetic
BGW-043,3,52.515,production,847.8,415.7,0.661,4.4,2,1.661,0.304,18.84,46.98,18.91,643.81,46.981,50.284,33174.31,True,physics_simulated_synthetic
BGW-043,3,57.456,production,847.8,415.7,0.661,4.4,2,1.661,0.304,18.84,46.98,18.91,709.93,46.981,49.418,35984.9,True,physics_simulated_synthetic
BGW-043,3,59.17,production,847.8,415.7,0.661,4.4,2,1.661,0.304,18.84,46.98,18.91,732.86,46.981,49.574,35458.81,True,physics_simulated_synthetic
BGW-043,2,2.54,soak,1233.7,162.0,0.825,7.26,1,1.661,0.21,14.88,47.73,17.08,0.0,148.519,151.792,23.85,True,physics_simulated_synthetic
BGW-043,2,8.716,production,1233.7,162.0,0.825,7.26,1,1.661,0.21,14.88,47.73,17.08,16.92,127.49,126.699,101.38,True,physics_simulated_synthetic
BGW-043,2,8.783,production,1233.7,162.0,0.825,7.26,1,1.661,0.21,14.88,47.73,17.08,17.69,127.281,131.154,77.39,True,physics_simulated_synthetic
BGW-043,2,9.65,production,1233.7,162.0,0.825,7.26,1,1.661,0.21,14.88,47.73,17.08,27.72,124.532,127.058,99.18,True,physics_simulated_synthetic
BGW-043,2,14.805,production,1233.7,162.0,0.825,7.26,1,1.661,0.21,14.88,47.73,17.08,87.41,106.106,109.498,305.09,True,physics_simulated_synthetic
BGW-043,2,16.628,production,1233.7,162.0,0.825,7.26,1,1.661,0.21,14.88,47.73,17.08,108.51,99.609,102.129,504.5,True,physics_simulated_synthetic
BGW-043,2,20.381,production,1233.7,162.0,0.825,7.26,1,1.661,0.21,14.88,47.73,17.08,151.97,85.776,87.822,1420.2,True,physics_simulated_synthetic
BGW-043,2,20.628,production,1233.7,162.0,0.825,7.26,1,1.661,0.21,14.88,47.73,17.08,154.83,84.933,86.525,1566.31,True,physics_simulated_synthetic
BGW-043,2,21.469,production,1233.7,162.0,0.825,7.26,1,1.661,0.21,14.88,47.73,17.08,164.56,82.074,84.565,1818.41,True,physics_simulated_synthetic
BGW-043,2,26.266,production,1233.7,162.0,0.825,7.26,1,1.661,0.21,14.88,47.73,17.08,220.1,66.693,68.234,6743.61,True,physics_simulated_synthetic
BGW-043,2,34.946,production,1233.7,162.0,0.825,7.26,1,1.661,0.21,14.88,47.73,17.08,320.59,51.026,54.218,23048.37,True,physics_simulated_synthetic
BGW-043,2,36.136,production,1233.7,162.0,0.825,7.26,1,1.661,0.21,14.88,47.73,17.08,334.37,50.19,49.946,34240.46,True,physics_simulated_synthetic
BGW-043,2,39.951,production,1233.7,162.0,0.825,7.26,1,1.661,0.21,14.88,47.73,17.08,378.54,48.552,49.771,34807.17,True,physics_simulated_synthetic
BGW-043,2,41.704,production,1233.7,162.0,0.825,7.26,1,1.661,0.21,14.88,47.73,17.08,398.83,48.197,53.037,25688.38,True,physics_simulated_synthetic
BGW-043,2,44.554,production,1233.7,162.0,0.825,7.26,1,1.661,0.21,14.88,47.73,17.08,431.83,47.895,48.996,37446.49,True,physics_simulated_synthetic
BGW-043,2,45.95,production,1233.7,162.0,0.825,7.26,1,1.661,0.21,14.88,47.73,17.08,447.99,47.824,49.467,35817.12,True,physics_simulated_synthetic
BGW-043,2,46.536,production,1233.7,162.0,0.825,7.26,1,1.661,0.21,14.88,47.73,17.08,454.78,47.804,48.545,39075.0,True,physics_simulated_synthetic
BGW-043,2,49.766,production,1233.7,162.0,0.825,7.26,1,1.661,0.21,14.88,47.73,17.08,492.17,47.745,50.193,33457.21,True,physics_simulated_synthetic
BGW-043,2,52.125,production,1233.7,162.0,0.825,7.26,1,1.661,0.21,14.88,47.73,17.08,519.48,47.733,48.68,38581.76,True,physics_simulated_synthetic
BGW-043,2,55.274,production,1233.7,162.0,0.825,7.26,1,1.661,0.21,14.88,47.73,17.08,555.94,47.729,49.446,35889.22,True,physics_simulated_synthetic
BGW-044,5,5.16,soak,1284.6,385.2,0.798,6.53,4,1.46,0.32,6.42,47.19,18.3,0.0,164.779,165.281,11.73,True,physics_simulated_synthetic
BGW-044,5,11.337,production,1284.6,385.2,0.798,6.53,4,1.46,0.32,6.42,47.19,18.3,62.26,133.314,134.146,64.76,True,physics_simulated_synthetic
BGW-044,5,11.446,production,1284.6,385.2,0.798,6.53,4,1.46,0.32,6.42,47.19,18.3,63.66,132.797,131.21,77.13,True,physics_simulated_synthetic
BGW-044,5,12.984,production,1284.6,385.2,0.798,6.53,4,1.46,0.32,6.42,47.19,18.3,83.57,125.289,125.396,109.84,True,physics_simulated_synthetic
BGW-044,5,13.147,production,1284.6,385.2,0.798,6.53,4,1.46,0.32,6.42,47.19,18.3,85.68,124.508,122.863,128.55,True,physics_simulated_synthetic
BGW-044,5,14.279,production,1284.6,385.2,0.798,6.53,4,1.46,0.32,6.42,47.19,18.3,100.33,118.978,115.674,203.13,True,physics_simulated_synthetic
BGW-044,5,15.338,production,1284.6,385.2,0.798,6.53,4,1.46,0.32,6.42,47.19,18.3,114.03,113.802,113.255,237.85,True,physics_simulated_synthetic
BGW-044,5,23.261,production,1284.6,385.2,0.798,6.53,4,1.46,0.32,6.42,47.19,18.3,216.55,74.703,73.325,4422.87,True,physics_simulated_synthetic
BGW-044,5,26.024,production,1284.6,385.2,0.798,6.53,4,1.46,0.32,6.42,47.19,18.3,252.31,65.341,64.005,9665.9,True,physics_simulated_synthetic
BGW-044,5,27.332,production,1284.6,385.2,0.798,6.53,4,1.46,0.32,6.42,47.19,18.3,269.23,61.754,63.8,9838.98,True,physics_simulated_synthetic
BGW-044,5,27.823,production,1284.6,385.2,0.798,6.53,4,1.46,0.32,6.42,47.19,18.3,275.58,60.547,57.691,16833.84,True,physics_simulated_synthetic
BGW-044,5,33.713,production,1284.6,385.2,0.798,6.53,4,1.46,0.32,6.42,47.19,18.3,351.79,50.675,50.491,32535.92,True,physics_simulated_synthetic
BGW-044,5,40.907,production,1284.6,385.2,0.798,6.53,4,1.46,0.32,6.42,47.19,18.3,444.89,47.52,46.195,48897.86,True,physics_simulated_synthetic
BGW-044,5,41.802,production,1284.6,385.2,0.798,6.53,4,1.46,0.32,6.42,47.19,18.3,456.47,47.427,47.979,41232.79,True,physics_simulated_synthetic
BGW-044,5,43.295,production,1284.6,385.2,0.798,6.53,4,1.46,0.32,6.42,47.19,18.3,475.78,47.322,47.02,45176.81,True,physics_simulated_synthetic
BGW-044,5,46.746,production,1284.6,385.2,0.798,6.53,4,1.46,0.32,6.42,47.19,18.3,520.44,47.221,47.033,45123.82,True,physics_simulated_synthetic
BGW-044,5,47.005,production,1284.6,385.2,0.798,6.53,4,1.46,0.32,6.42,47.19,18.3,523.79,47.218,46.195,48897.86,True,physics_simulated_synthetic
BGW-044,5,49.742,production,1284.6,385.2,0.798,6.53,4,1.46,0.32,6.42,47.19,18.3,559.21,47.2,46.195,48897.86,True,physics_simulated_synthetic
BGW-044,5,55.811,production,1284.6,385.2,0.798,6.53,4,1.46,0.32,6.42,47.19,18.3,637.74,47.195,47.773,42046.41,True,physics_simulated_synthetic
BGW-044,5,58.702,production,1284.6,385.2,0.798,6.53,4,1.46,0.32,6.42,47.19,18.3,675.15,47.195,48.954,37593.21,True,physics_simulated_synthetic
BGW-044,1,5.511,soak,2135.9,194.3,0.656,7.08,0,1.838,0.294,6.09,47.86,18.29,0.0,147.268,142.564,39.79,True,physics_simulated_synthetic
BGW-044,1,7.75,production,2135.9,194.3,0.656,7.08,0,1.838,0.294,6.09,47.86,18.29,12.03,136.012,132.528,71.29,True,physics_simulated_synthetic
BGW-044,1,9.333,production,2135.9,194.3,0.656,7.08,0,1.838,0.294,6.09,47.86,18.29,40.4,128.355,124.612,115.3,True,physics_simulated_synthetic
BGW-044,1,12.251,production,2135.9,194.3,0.656,7.08,0,1.838,0.294,6.09,47.86,18.29,92.7,114.006,111.469,267.57,True,physics_simulated_synthetic
BGW-044,1,16.232,production,2135.9,194.3,0.656,7.08,0,1.838,0.294,6.09,47.86,18.29,164.04,94.301,94.013,898.53,True,physics_simulated_synthetic
BGW-044,1,21.439,production,2135.9,194.3,0.656,7.08,0,1.838,0.294,6.09,47.86,18.29,257.33,71.351,71.616,5088.36,True,physics_simulated_synthetic
BGW-044,1,25.616,production,2135.9,194.3,0.656,7.08,0,1.838,0.294,6.09,47.86,18.29,332.19,58.804,55.097,21274.07,True,physics_simulated_synthetic
BGW-044,1,26.575,production,2135.9,194.3,0.656,7.08,0,1.838,0.294,6.09,47.86,18.29,349.37,56.818,54.988,21484.76,True,physics_simulated_synthetic
BGW-044,1,36.06,production,2135.9,194.3,0.656,7.08,0,1.838,0.294,6.09,47.86,18.29,519.35,48.271,46.865,45853.79,True,physics_simulated_synthetic
BGW-044,1,39.482,production,2135.9,194.3,0.656,7.08,0,1.838,0.294,6.09,47.86,18.29,580.67,47.956,46.865,45853.79,True,physics_simulated_synthetic
BGW-044,1,43.9,production,2135.9,194.3,0.656,7.08,0,1.838,0.294,6.09,47.86,18.29,659.84,47.874,46.865,45853.79,True,physics_simulated_synthetic
BGW-044,1,44.326,production,2135.9,194.3,0.656,7.08,0,1.838,0.294,6.09,47.86,18.29,667.46,47.872,46.865,45853.79,True,physics_simulated_synthetic
BGW-044,1,48.713,production,2135.9,194.3,0.656,7.08,0,1.838,0.294,6.09,47.86,18.29,746.08,47.865,47.661,42498.87,True,physics_simulated_synthetic
BGW-044,1,49.043,production,2135.9,194.3,0.656,7.08,0,1.838,0.294,6.09,47.86,18.29,752.0,47.865,46.865,45853.79,True,physics_simulated_synthetic
BGW-044,1,49.122,production,2135.9,194.3,0.656,7.08,0,1.838,0.294,6.09,47.86,18.29,753.42,47.865,46.865,45853.79,True,physics_simulated_synthetic
BGW-044,1,49.799,production,2135.9,194.3,0.656,7.08,0,1.838,0.294,6.09,47.86,18.29,765.55,47.865,46.865,45853.79,True,physics_simulated_synthetic
BGW-044,1,55.67,production,2135.9,194.3,0.656,7.08,0,1.838,0.294,6.09,47.86,18.29,870.76,47.865,46.865,45853.79,True,physics_simulated_synthetic
BGW-044,1,56.637,production,2135.9,194.3,0.656,7.08,0,1.838,0.294,6.09,47.86,18.29,888.08,47.865,46.865,45853.79,True,physics_simulated_synthetic
BGW-044,1,57.039,production,2135.9,194.3,0.656,7.08,0,1.838,0.294,6.09,47.86,18.29,895.28,47.865,46.882,45779.33,True,physics_simulated_synthetic
BGW-044,1,57.632,production,2135.9,194.3,0.656,7.08,0,1.838,0.294,6.09,47.86,18.29,905.91,47.865,46.865,45853.79,True,physics_simulated_synthetic
BGW-045,1,0.019,soak,1429.4,179.0,0.74,4.5,0,2.339,0.225,15.56,46.26,17.42,0.0,164.29,164.07,12.48,True,physics_simulated_synthetic
BGW-045,1,1.556,soak,1429.4,179.0,0.74,4.5,0,2.339,0.225,15.56,46.26,17.42,0.0,155.877,155.135,19.92,True,physics_simulated_synthetic
BGW-045,1,8.591,production,1429.4,179.0,0.74,4.5,0,2.339,0.225,15.56,46.26,17.42,47.72,121.738,120.215,151.85,True,physics_simulated_synthetic
BGW-045,1,14.229,production,1429.4,179.0,0.74,4.5,0,2.339,0.225,15.56,46.26,17.42,113.54,96.687,96.143,770.33,True,physics_simulated_synthetic
BGW-045,1,15.031,production,1429.4,179.0,0.74,4.5,0,2.339,0.225,15.56,46.26,17.42,122.91,93.477,94.084,893.94,True,physics_simulated_synthetic
BGW-045,1,18.757,production,1429.4,179.0,0.74,4.5,0,2.339,0.225,15.56,46.26,17.42,166.41,78.975,78.307,2961.89,True,physics_simulated_synthetic
BGW-045,1,19.405,production,1429.4,179.0,0.74,4.5,0,2.339,0.225,15.56,46.26,17.42,173.98,76.742,75.65,3662.85,True,physics_simulated_synthetic
BGW-045,1,21.022,production,1429.4,179.0,0.74,4.5,0,2.339,0.225,15.56,46.26,17.42,192.86,71.429,70.428,5613.91,True,physics_simulated_synthetic
BGW-045,1,21.969,production,1429.4,179.0,0.74,4.5,0,2.339,0.225,15.56,46.26,17.42,203.92,68.569,69.309,6162.5,True,physics_simulated_synthetic
BGW-045,1,24.726,production,1429.4,179.0,0.74,4.5,0,2.339,0.225,15.56,46.26,17.42,236.1,61.179,62.244,11259.7,True,physics_simulated_synthetic
BGW-045,1,27.057,production,1429.4,179.0,0.74,4.5,0,2.339,0.225,15.56,46.26,17.42,263.32,56.316,54.733,21990.48,True,physics_simulated_synthetic
BGW-045,1,34.386,production,1429.4,179.0,0.74,4.5,0,2.339,0.225,15.56,46.26,17.42,348.88,48.054,46.468,47629.64,True,physics_simulated_synthetic
BGW-045,1,39.794,production,1429.4,179.0,0.74,4.5,0,2.339,0.225,15.56,46.26,17.42,412.02,46.578,46.459,47671.39,True,physics_simulated_synthetic
BGW-045,1,44.753,production,1429.4,179.0,0.74,4.5,0,2.339,0.225,15.56,46.26,17.42,469.92,46.301,47.79,41981.36,True,physics_simulated_synthetic
BGW-045,1,51.626,production,1429.4,179.0,0.74,4.5,0,2.339,0.225,15.56,46.26,17.42,550.16,46.258,47.213,44354.39,True,physics_simulated_synthetic
BGW-045,1,52.831,production,1429.4,179.0,0.74,4.5,0,2.339,0.225,15.56,46.26,17.42,564.24,46.257,45.257,53524.86,True,physics_simulated_synthetic
BGW-045,1,53.03,production,1429.4,179.0,0.74,4.5,0,2.339,0.225,15.56,46.26,17.42,566.56,46.257,45.257,53524.86,True,physics_simulated_synthetic
BGW-045,1,54.755,production,1429.4,179.0,0.74,4.5,0,2.339,0.225,15.56,46.26,17.42,586.69,46.257,45.257,53524.86,True,physics_simulated_synthetic
BGW-045,1,57.859,production,1429.4,179.0,0.74,4.5,0,2.339,0.225,15.56,46.26,17.42,622.94,46.257,45.257,53524.86,True,physics_simulated_synthetic
BGW-045,1,59.932,production,1429.4,179.0,0.74,4.5,0,2.339,0.225,15.56,46.26,17.42,647.13,46.257,47.853,41727.96,True,physics_simulated_synthetic
BGW-045,3,0.063,soak,999.3,278.8,0.752,6.25,2,2.307,0.237,8.77,47.91,18.62,0.0,173.291,171.87,8.42,True,physics_simulated_synthetic
BGW-045,3,17.403,production,999.3,278.8,0.752,6.25,2,2.307,0.237,8.77,47.91,18.62,127.71,76.233,77.827,3076.88,True,physics_simulated_synthetic
BGW-045,3,17.872,production,999.3,278.8,0.752,6.25,2,2.307,0.237,8.77,47.91,18.62,133.09,74.753,73.348,4414.29,True,physics_simulated_synthetic
BGW-045,3,20.588,production,999.3,278.8,0.752,6.25,2,2.307,0.237,8.77,47.91,18.62,164.19,66.922,66.947,7517.52,True,physics_simulated_synthetic
BGW-045,3,20.805,production,999.3,278.8,0.752,6.25,2,2.307,0.237,8.77,47.91,18.62,166.68,66.38,66.598,7743.2,True,physics_simulated_synthetic
BGW-045,3,22.163,production,999.3,278.8,0.752,6.25,2,2.307,0.237,8.77,47.91,18.62,182.24,63.167,64.443,9308.79,True,physics_simulated_synthetic
BGW-045,3,27.288,production,999.3,278.8,0.752,6.25,2,2.307,0.237,8.77,47.91,18.62,240.93,54.162,53.559,24484.53,True,physics_simulated_synthetic
BGW-045,3,31.129,production,999.3,278.8,0.752,6.25,2,2.307,0.237,8.77,47.91,18.62,284.93,50.632,49.947,34236.83,True,physics_simulated_synthetic
BGW-045,3,32.978,production,999.3,278.8,0.752,6.25,2,2.307,0.237,8.77,47.91,18.62,306.11,49.642,50.055,33893.21,True,physics_simulated_synthetic
BGW-045,3,33.038,production,999.3,278.8,0.752,6.25,2,2.307,0.237,8.77,47.91,18.62,306.8,49.616,51.299,30172.77,True,physics_simulated_synthetic
BGW-045,3,35.906,production,999.3,278.8,0.752,6.25,2,2.307,0.237,8.77,47.91,18.62,339.65,48.681,52.158,27859.41,True,physics_simulated_synthetic
BGW-045,3,35.993,production,999.3,278.8,0.752,6.25,2,2.307,0.237,8.77,47.91,18.62,340.65,48.662,46.909,45660.32,True,physics_simulated_synthetic
BGW-045,3,36.401,production,999.3,278.8,0.752,6.25,2,2.307,0.237,8.77,47.91,18.62,345.32,48.577,49.293,36409.82,True,physics_simulated_synthetic
BGW-045,3,37.3,production,999.3,278.8,0.752,6.25,2,2.307,0.237,8.77,47.91,18.62,355.62,48.418,47.171,44531.12,True,physics_simulated_synthetic
BGW-045,3,40.255,production,999.3,278.8,0.752,6.25,2,2.307,0.237,8.77,47.91,18.62,389.47,48.098,49.798,34719.52,True,physics_simulated_synthetic
BGW-045,3,45.13,production,999.3,278.8,0.752,6.25,2,2.307,0.237,8.77,47.91,18.62,445.3,47.936,46.909,45660.32,True,physics_simulated_synthetic
BGW-045,3,50.377,production,999.3,278.8,0.752,6.25,2,2.307,0.237,8.77,47.91,18.62,505.4,47.911,47.241,44235.53,True,physics_simulated_synthetic
BGW-045,3,50.486,production,999.3,278.8,0.752,6.25,2,2.307,0.237,8.77,47.91,18.62,506.65,47.911,47.36,43734.26,True,physics_simulated_synthetic
BGW-045,3,57.709,production,999.3,278.8,0.752,6.25,2,2.307,0.237,8.77,47.91,18.62,589.39,47.909,48.077,40851.23,True,physics_simulated_synthetic
BGW-045,3,58.295,production,999.3,278.8,0.752,6.25,2,2.307,0.237,8.77,47.91,18.62,596.09,47.909,48.636,38742.02,True,physics_simulated_synthetic
BGW-046,1,0.566,soak,1402.0,408.8,0.648,5.03,0,2.38,0.281,17.91,47.5,18.4,0.0,183.974,184.826,5.0,True,physics_simulated_synthetic
BGW-046,1,17.677,production,1402.0,408.8,0.648,5.03,0,2.38,0.281,17.91,47.5,18.4,111.43,89.586,90.185,1190.37,True,physics_simulated_synthetic
BGW-046,1,19.46,production,1402.0,408.8,0.648,5.03,0,2.38,0.281,17.91,47.5,18.4,127.14,82.859,84.79,1787.42,True,physics_simulated_synthetic
BGW-046,1,23.074,production,1402.0,408.8,0.648,5.03,0,2.38,0.281,17.91,47.5,18.4,158.97,70.86,71.587,5100.58,True,physics_simulated_synthetic
BGW-046,1,24.823,production,1402.0,408.8,0.648,5.03,0,2.38,0.281,17.91,47.5,18.4,174.37,66.123,67.768,7013.03,True,physics_simulated_synthetic
BGW-046,1,25.604,production,1402.0,408.8,0.648,5.03,0,2.38,0.281,17.91,47.5,18.4,181.25,64.236,64.018,9655.2,True,physics_simulated_synthetic
BGW-046,1,28.5,production,1402.0,408.8,0.648,5.03,0,2.38,0.281,17.91,47.5,18.4,206.76,58.226,58.259,15999.69,True,physics_simulated_synthetic
BGW-046,1,29.372,production,1402.0,408.8,0.648,5.03,0,2.38,0.281,17.91,47.5,18.4,214.43,56.783,58.941,15057.86,True,physics_simulated_synthetic
BGW-046,1,31.899,production,1402.0,408.8,0.648,5.03,0,2.38,0.281,17.91,47.5,18.4,236.7,53.347,55.856,19857.12,True,physics_simulated_synthetic
BGW-046,1,34.12,production,1402.0,408.8,0.648,5.03,0,2.38,0.281,17.91,47.5,18.4,256.25,51.215,51.103,30729.48,True,physics_simulated_synthetic
BGW-046,1,34.19,production,1402.0,408.8,0.648,5.03,0,2.38,0.281,17.91,47.5,18.4,256.88,51.159,53.366,24920.76,True,physics_simulated_synthetic
BGW-046,1,34.468,production,1402.0,408.8,0.648,5.03,0,2.38,0.281,17.91,47.5,18.4,259.32,50.949,51.471,29694.15,True,physics_simulated_synthetic
BGW-046,1,35.077,production,1402.0,408.8,0.648,5.03,0,2.38,0.281,17.91,47.5,18.4,264.68,50.519,51.81,28772.93,True,physics_simulated_synthetic
BGW-046,1,36.823,production,1402.0,408.8,0.648,5.03,0,2.38,0.281,17.91,47.5,18.4,280.06,49.511,52.762,26345.8,True,physics_simulated_synthetic
BGW-046,1,38.016,production,1402.0,408.8,0.648,5.03,0,2.38,0.281,17.91,47.5,18.4,290.57,48.997,51.396,29903.09,True,physics_simulated_synthetic
BGW-046,1,43.003,production,1402.0,408.8,0.648,5.03,0,2.38,0.281,17.91,47.5,18.4,334.49,47.852,50.234,33327.22,True,physics_simulated_synthetic
BGW-046,1,43.018,production,1402.0,408.8,0.648,5.03,0,2.38,0.281,17.91,47.5,18.4,334.62,47.851,51.791,28824.16,True,physics_simulated_synthetic
BGW-046,1,47.468,production,1402.0,408.8,0.648,5.03,0,2.38,0.281,17.91,47.5,18.4,373.82,47.576,47.859,41705.1,True,physics_simulated_synthetic
BGW-046,1,54.916,production,1402.0,408.8,0.648,5.03,0,2.38,0.281,17.91,47.5,18.4,439.42,47.507,47.395,43591.1,True,physics_simulated_synthetic
BGW-046,1,57.035,production,1402.0,408.8,0.648,5.03,0,2.38,0.281,17.91,47.5,18.4,458.09,47.505,47.762,42091.05,True,physics_simulated_synthetic
BGW-046,4,2.887,soak,1583.3,153.1,0.732,9.88,3,2.146,0.207,10.25,46.84,17.36,0.0,146.688,147.959,29.42,True,physics_simulated_synthetic
BGW-046,4,4.268,soak,1583.3,153.1,0.732,9.88,3,2.146,0.207,10.25,46.84,17.36,0.0,139.656,143.259,38.25,True,physics_simulated_synthetic
BGW-046,4,4.876,soak,1583.3,153.1,0.732,9.88,3,2.146,0.207,10.25,46.84,17.36,0.0,136.719,140.269,45.35,True,physics_simulated_synthetic
BGW-046,4,6.793,soak,1583.3,153.1,0.732,9.88,3,2.146,0.207,10.25,46.84,17.36,0.0,128.054,129.579,85.08,True,physics_simulated_synthetic
BGW-046,4,10.964,production,1583.3,153.1,0.732,9.88,3,2.146,0.207,10.25,46.84,17.36,16.37,111.399,115.241,208.92,True,physics_simulated_synthetic
BGW-046,4,13.653,production,1583.3,153.1,0.732,9.88,3,2.146,0.207,10.25,46.84,17.36,56.95,101.334,103.763,450.49,True,physics_simulated_synthetic
BGW-046,4,15.754,production,1583.3,153.1,0.732,9.88,3,2.146,0.207,10.25,46.84,17.36,88.66,93.654,94.333,877.88,True,physics_simulated_synthetic
BGW-046,4,22.534,production,1583.3,153.1,0.732,9.88,3,2.146,0.207,10.25,46.84,17.36,190.95,69.139,72.43,4758.74,True,physics_simulated_synthetic
BGW-046,4,23.487,production,1583.3,153.1,0.732,9.88,3,2.146,0.207,10.25,46.84,17.36,205.34,66.518,69.476,6077.1,True,physics_simulated_synthetic
BGW-046,4,25.244,production,1583.3,153.1,0.732,9.88,3,2.146,0.207,10.25,46.84,17.36,231.85,62.069,64.404,9339.67,True,physics_simulated_synthetic
BGW-046,4,26.076,production,1583.3,153.1,0.732,9.88,3,2.146,0.207,10.25,46.84,17.36,244.41,60.204,62.805,10723.6,True,physics_simulated_synthetic
BGW-046,4,26.694,production,1583.3,153.1,0.732,9.88,3,2.146,0.207,10.25,46.84,17.36,253.73,58.915,60.562,13047.16,True,physics_simulated_synthetic
BGW-046,4,33.762,production,1583.3,153.1,0.732,9.88,3,2.146,0.207,10.25,46.84,17.36,360.38,49.203,52.711,26470.6,True,physics_simulated_synthetic
BGW-046,4,34.824,production,1583.3,153.1,0.732,9.88,3,2.146,0.207,10.25,46.84,17.36,376.41,48.61,51.202,30445.35,True,physics_simulated_synthetic
BGW-046,4,37.363,production,1583.3,153.1,0.732,9.88,3,2.146,0.207,10.25,46.84,17.36,414.71,47.655,50.542,32382.75,True,physics_simulated_synthetic
BGW-046,4,40.122,production,1583.3,153.1,0.732,9.88,3,2.146,0.207,10.25,46.84,17.36,456.34,47.15,50.303,33113.05,True,physics_simulated_synthetic
BGW-046,4,42.684,production,1583.3,153.1,0.732,9.88,3,2.146,0.207,10.25,46.84,17.36,495.01,46.952,47.989,41191.09,True,physics_simulated_synthetic
BGW-046,4,47.037,production,1583.3,153.1,0.732,9.88,3,2.146,0.207,10.25,46.84,17.36,560.69,46.856,48.258,40155.15,True,physics_simulated_synthetic
BGW-046,4,47.818,production,1583.3,153.1,0.732,9.88,3,2.146,0.207,10.25,46.84,17.36,572.48,46.852,46.411,47891.2,True,physics_simulated_synthetic
BGW-046,4,53.003,production,1583.3,153.1,0.732,9.88,3,2.146,0.207,10.25,46.84,17.36,650.71,46.843,50.287,33163.02,True,physics_simulated_synthetic
BGW-046,3,0.911,soak,1425.4,421.1,0.599,8.62,2,2.13,0.244,18.15,46.75,17.35,0.0,184.52,186.986,5.0,True,physics_simulated_synthetic
BGW-046,3,3.223,soak,1425.4,421.1,0.599,8.62,2,2.13,0.244,18.15,46.75,17.35,0.0,172.106,175.508,7.05,True,physics_simulated_synthetic
BGW-046,3,3.797,soak,1425.4,421.1,0.599,8.62,2,2.13,0.244,18.15,46.75,17.35,0.0,169.201,170.911,8.83,True,physics_simulated_synthetic
BGW-046,3,4.19,soak,1425.4,421.1,0.599,8.62,2,2.13,0.244,18.15,46.75,17.35,0.0,167.249,167.251,10.61,True,physics_simulated_synthetic
BGW-046,3,5.833,soak,1425.4,421.1,0.599,8.62,2,2.13,0.244,18.15,46.75,17.35,0.0,159.43,162.491,13.53,True,physics_simulated_synthetic
BGW-046,3,6.334,soak,1425.4,421.1,0.599,8.62,2,2.13,0.244,18.15,46.75,17.35,0.0,157.146,160.913,14.69,True,physics_simulated_synthetic
BGW-046,3,7.433,soak,1425.4,421.1,0.599,8.62,2,2.13,0.244,18.15,46.75,17.35,0.0,152.297,154.373,20.75,True,physics_simulated_synthetic
BGW-046,3,11.717,production,1425.4,421.1,0.599,8.62,2,2.13,0.244,18.15,46.75,17.35,52.89,132.577,135.337,60.38,True,physics_simulated_synthetic
BGW-046,3,17.466,production,1425.4,421.1,0.599,8.62,2,2.13,0.244,18.15,46.75,17.35,151.22,102.43,103.957,444.49,True,physics_simulated_synthetic
BGW-046,3,25.234,production,1425.4,421.1,0.599,8.62,2,2.13,0.244,18.15,46.75,17.35,284.08,65.511,66.519,7795.5,True,physics_simulated_synthetic
BGW-046,3,32.065,production,1425.4,421.1,0.599,8.62,2,2.13,0.244,18.15,46.75,17.35,400.91,50.521,54.15,23192.89,True,physics_simulated_synthetic
BGW-046,3,32.738,production,1425.4,421.1,0.599,8.62,2,2.13,0.244,18.15,46.75,17.35,412.43,49.882,52.617,26703.21,True,physics_simulated_synthetic
BGW-046,3,35.043,production,1425.4,421.1,0.599,8.62,2,2.13,0.244,18.15,46.75,17.35,451.84,48.293,51.171,30533.99,True,physics_simulated_synthetic
BGW-046,3,44.969,production,1425.4,421.1,0.599,8.62,2,2.13,0.244,18.15,46.75,17.35,621.6,46.761,51.056,30863.43,True,physics_simulated_synthetic
BGW-046,3,46.16,production,1425.4,421.1,0.599,8.62,2,2.13,0.244,18.15,46.75,17.35,641.97,46.754,47.469,43283.5,True,physics_simulated_synthetic
BGW-046,3,49.42,production,1425.4,421.1,0.599,8.62,2,2.13,0.244,18.15,46.75,17.35,697.74,46.747,48.166,40506.45,True,physics_simulated_synthetic
BGW-046,3,51.245,production,1425.4,421.1,0.599,8.62,2,2.13,0.244,18.15,46.75,17.35,728.95,46.746,49.159,36872.85,True,physics_simulated_synthetic
BGW-046,3,51.336,production,1425.4,421.1,0.599,8.62,2,2.13,0.244,18.15,46.75,17.35,730.51,46.746,48.148,40575.54,True,physics_simulated_synthetic
BGW-046,3,53.522,production,1425.4,421.1,0.599,8.62,2,2.13,0.244,18.15,46.75,17.35,767.9,46.746,50.034,33958.87,True,physics_simulated_synthetic
BGW-046,3,54.041,production,1425.4,421.1,0.599,8.62,2,2.13,0.244,18.15,46.75,17.35,776.77,46.746,48.675,38597.09,True,physics_simulated_synthetic
BGW-047,5,2.208,soak,2010.5,345.2,0.647,11.25,4,1.629,0.233,18.41,47.36,18.79,0.0,183.425,186.007,5.0,True,physics_simulated_synthetic
BGW-047,5,4.058,soak,2010.5,345.2,0.647,11.25,4,1.629,0.233,18.41,47.36,18.79,0.0,175.621,174.92,7.25,True,physics_simulated_synthetic
BGW-047,5,9.354,soak,2010.5,345.2,0.647,11.25,4,1.629,0.233,18.41,47.36,18.79,0.0,155.673,155.633,19.39,True,physics_simulated_synthetic
BGW-047,5,10.988,soak,2010.5,345.2,0.647,11.25,4,1.629,0.233,18.41,47.36,18.79,0.0,150.167,146.839,31.3,True,physics_simulated_synthetic
BGW-047,5,22.845,production,2010.5,345.2,0.647,11.25,4,1.629,0.233,18.41,47.36,18.79,104.71,97.46,95.814,788.77,True,physics_simulated_synthetic
BGW-047,5,22.947,production,2010.5,345.2,0.647,11.25,4,1.629,0.233,18.41,47.36,18.79,105.63,97.075,97.828,682.86,True,physics_simulated_synthetic
BGW-047,5,36.765,production,2010.5,345.2,0.647,11.25,4,1.629,0.233,18.41,47.36,18.79,230.41,53.74,53.336,24989.38,True,physics_simulated_synthetic
BGW-047,5,38.42,production,2010.5,345.2,0.647,11.25,4,1.629,0.233,18.41,47.36,18.79,245.37,51.955,46.362,48119.93,True,physics_simulated_synthetic
BGW-047,5,40.082,production,2010.5,345.2,0.647,11.25,4,1.629,0.233,18.41,47.36,18.79,260.38,50.574,50.55,32356.22,True,physics_simulated_synthetic
BGW-047,5,40.804,production,2010.5,345.2,0.647,11.25,4,1.629,0.233,18.41,47.36,18.79,266.89,50.091,51.809,28775.98,True,physics_simulated_synthetic
BGW-047,5,43.174,production,2010.5,345.2,0.647,11.25,4,1.629,0.233,18.41,47.36,18.79,288.3,48.881,46.362,48119.93,True,physics_simulated_synthetic
BGW-047,5,45.173,production,2010.5,345.2,0.647,11.25,4,1.629,0.233,18.41,47.36,18.79,306.35,48.244,49.405,36029.81,True,physics_simulated_synthetic
BGW-047,5,45.58,production,2010.5,345.2,0.647,11.25,4,1.629,0.233,18.41,47.36,18.79,310.03,48.148,46.362,48119.93,True,physics_simulated_synthetic
BGW-047,5,47.265,production,2010.5,345.2,0.647,11.25,4,1.629,0.233,18.41,47.36,18.79,325.25,47.837,48.183,40440.28,True,physics_simulated_synthetic
BGW-047,5,53.817,production,2010.5,345.2,0.647,11.25,4,1.629,0.233,18.41,47.36,18.79,384.41,47.404,46.425,47829.21,True,physics_simulated_synthetic
BGW-047,5,54.844,production,2010.5,345.2,0.647,11.25,4,1.629,0.233,18.41,47.36,18.79,393.69,47.389,46.362,48119.93,True,physics_simulated_synthetic
BGW-047,5,57.138,production,2010.5,345.2,0.647,11.25,4,1.629,0.233,18.41,47.36,18.79,414.4,47.372,47.029,45138.52,True,physics_simulated_synthetic
BGW-047,5,57.239,production,2010.5,345.2,0.647,11.25,4,1.629,0.233,18.41,47.36,18.79,415.32,47.371,48.015,41089.61,True,physics_simulated_synthetic
BGW-047,5,58.045,production,2010.5,345.2,0.647,11.25,4,1.629,0.233,18.41,47.36,18.79,422.59,47.368,46.911,45653.4,True,physics_simulated_synthetic
BGW-047,5,58.119,production,2010.5,345.2,0.647,11.25,4,1.629,0.233,18.41,47.36,18.79,423.27,47.368,47.22,44324.47,True,physics_simulated_synthetic
BGW-047,3,6.851,soak,1758.3,176.3,0.849,11.95,2,1.811,0.304,9.41,47.48,18.76,0.0,147.321,145.971,32.85,True,physics_simulated_synthetic
BGW-047,3,7.947,soak,1758.3,176.3,0.849,11.95,2,1.811,0.304,9.41,47.48,18.76,0.0,142.455,140.603,44.49,True,physics_simulated_synthetic
BGW-047,3,23.769,production,1758.3,176.3,0.849,11.95,2,1.811,0.304,9.41,47.48,18.76,212.23,65.194,62.877,10656.57,True,physics_simulated_synthetic
BGW-047,3,24.836,production,1758.3,176.3,0.849,11.95,2,1.811,0.304,9.41,47.48,18.76,231.4,62.495,60.145,13535.08,True,physics_simulated_synthetic
BGW-047,3,27.782,production,1758.3,176.3,0.849,11.95,2,1.811,0.304,9.41,47.48,18.76,284.32,56.22,53.618,24351.87,True,physics_simulated_synthetic
BGW-047,3,30.526,production,1758.3,176.3,0.849,11.95,2,1.811,0.304,9.41,47.48,18.76,333.61,52.242,48.047,40965.21,True,physics_simulated_synthetic
BGW-047,3,31.163,production,1758.3,176.3,0.849,11.95,2,1.811,0.304,9.41,47.48,18.76,345.05,51.569,50.215,33389.18,True,physics_simulated_synthetic
BGW-047,3,33.861,production,1758.3,176.3,0.849,11.95,2,1.811,0.304,9.41,47.48,18.76,393.53,49.438,47.871,41656.04,True,physics_simulated_synthetic
BGW-047,3,36.315,production,1758.3,176.3,0.849,11.95,2,1.811,0.304,9.41,47.48,18.76,437.6,48.379,47.678,42429.55,True,physics_simulated_synthetic
BGW-047,3,37.528,production,1758.3,176.3,0.849,11.95,2,1.811,0.304,9.41,47.48,18.76,459.4,48.07,46.475,47598.73,True,physics_simulated_synthetic
BGW-047,3,39.575,production,1758.3,176.3,0.849,11.95,2,1.811,0.304,9.41,47.48,18.76,496.18,47.748,48.511,39203.07,True,physics_simulated_synthetic
BGW-047,3,41.442,production,1758.3,176.3,0.849,11.95,2,1.811,0.304,9.41,47.48,18.76,529.72,47.6,46.475,47598.73,True,physics_simulated_synthetic
BGW-047,3,42.316,production,1758.3,176.3,0.849,11.95,2,1.811,0.304,9.41,47.48,18.76,545.41,47.559,46.475,47598.73,True,physics_simulated_synthetic
BGW-047,3,43.614,production,1758.3,176.3,0.849,11.95,2,1.811,0.304,9.41,47.48,18.76,568.73,47.521,46.475,47598.73,True,physics_simulated_synthetic
BGW-047,3,45.617,production,1758.3,176.3,0.849,11.95,2,1.811,0.304,9.41,47.48,18.76,604.7,47.491,46.475,47598.73,True,physics_simulated_synthetic
BGW-047,3,46.315,production,1758.3,176.3,0.849,11.95,2,1.811,0.304,9.41,47.48,18.76,617.26,47.486,47.741,42175.03,True,physics_simulated_synthetic
BGW-047,3,48.706,production,1758.3,176.3,0.849,11.95,2,1.811,0.304,9.41,47.48,18.76,660.21,47.478,47.507,43128.09,True,physics_simulated_synthetic
BGW-047,3,48.88,production,1758.3,176.3,0.849,11.95,2,1.811,0.304,9.41,47.48,18.76,663.33,47.478,46.475,47598.73,True,physics_simulated_synthetic
BGW-047,3,49.199,production,1758.3,176.3,0.849,11.95,2,1.811,0.304,9.41,47.48,18.76,669.07,47.477,46.475,47598.73,True,physics_simulated_synthetic
BGW-047,3,54.436,production,1758.3,176.3,0.849,11.95,2,1.811,0.304,9.41,47.48,18.76,763.13,47.475,48.12,40682.73,True,physics_simulated_synthetic
BGW-047,3,1.422,soak,1866.9,351.3,0.64,6.66,2,2.019,0.266,7.35,47.75,18.03,0.0,180.028,178.16,6.2,True,physics_simulated_synthetic
BGW-047,3,2.601,soak,1866.9,351.3,0.64,6.66,2,2.019,0.266,7.35,47.75,18.03,0.0,171.753,174.314,7.47,True,physics_simulated_synthetic
BGW-047,3,6.006,soak,1866.9,351.3,0.64,6.66,2,2.019,0.266,7.35,47.75,18.03,0.0,150.638,148.959,27.84,True,physics_simulated_synthetic
BGW-047,3,11.906,production,1866.9,351.3,0.64,6.66,2,2.019,0.266,7.35,47.75,18.03,76.83,117.541,115.924,199.87,True,physics_simulated_synthetic
BGW-047,3,13.168,production,1866.9,351.3,0.64,6.66,2,2.019,0.266,7.35,47.75,18.03,95.33,111.213,106.928,362.8,True,physics_simulated_synthetic
BGW-047,3,15.076,production,1866.9,351.3,0.64,6.66,2,2.019,0.266,7.35,47.75,18.03,123.28,101.818,99.167,621.0,True,physics_simulated_synthetic
BGW-047,3,16.244,production,1866.9,351.3,0.64,6.66,2,2.019,0.266,7.35,47.75,18.03,140.4,96.315,96.03,776.61,True,physics_simulated_synthetic
BGW-047,3,19.969,production,1866.9,351.3,0.64,6.66,2,2.019,0.266,7.35,47.75,18.03,194.99,79.604,75.843,3606.25,True,physics_simulated_synthetic
BGW-047,3,22.62,production,1866.9,351.3,0.64,6.66,2,2.019,0.266,7.35,47.75,18.03,233.82,69.807,64.896,8953.36,True,physics_simulated_synthetic
BGW-047,3,27.737,production,1866.9,351.3,0.64,6.66,2,2.019,0.266,7.35,47.75,18.03,308.8,56.29,54.445,22576.7,True,physics_simulated_synthetic
BGW-047,3,28.402,production,1866.9,351.3,0.64,6.66,2,2.019,0.266,7.35,47.75,18.03,318.55,55.176,55.204,21067.43,True,physics_simulated_synthetic
BGW-047,3,30.823,production,1866.9,351.3,0.64,6.66,2,2.019,0.266,7.35,47.75,18.03,354.03,51.952,50.12,33685.76,True,physics_simulated_synthetic
BGW-047,3,34.044,production,1866.9,351.3,0.64,6.66,2,2.019,0.266,7.35,47.75,18.03,401.23,49.463,47.102,44827.8,True,physics_simulated_synthetic
BGW-047,3,34.884,production,1866.9,351.3,0.64,6.66,2,2.019,0.266,7.35,47.75,18.03,413.54,49.077,46.748,46370.08,True,physics_simulated_synthetic
BGW-047,3,47.12,production,1866.9,351.3,0.64,6.66,2,2.019,0.266,7.35,47.75,18.03,592.84,47.752,46.748,46370.08,True,physics_simulated_synthetic
BGW-047,3,49.247,production,1866.9,351.3,0.64,6.66,2,2.019,0.266,7.35,47.75,18.03,624.0,47.749,46.784,46209.28,True,physics_simulated_synthetic
BGW-047,3,51.816,production,1866.9,351.3,0.64,6.66,2,2.019,0.266,7.35,47.75,18.03,661.65,47.748,46.748,46370.08,True,physics_simulated_synthetic
BGW-047,3,53.352,production,1866.9,351.3,0.64,6.66,2,2.019,0.266,7.35,47.75,18.03,684.15,47.748,47.446,43379.41,True,physics_simulated_synthetic
BGW-047,3,56.481,production,1866.9,351.3,0.64,6.66,2,2.019,0.266,7.35,47.75,18.03,730.0,47.748,46.929,45572.58,True,physics_simulated_synthetic
BGW-047,3,59.692,production,1866.9,351.3,0.64,6.66,2,2.019,0.266,7.35,47.75,18.03,777.05,47.748,47.443,43392.57,True,physics_simulated_synthetic
BGW-048,2,1.639,soak,1098.5,217.0,0.786,11.68,1,1.842,0.205,9.65,46.32,18.69,0.0,157.241,158.361,16.79,True,physics_simulated_synthetic
BGW-048,2,1.653,soak,1098.5,217.0,0.786,11.68,1,1.842,0.205,9.65,46.32,18.69,0.0,157.168,160.287,15.17,True,physics_simulated_synthetic
BGW-048,2,3.668,soak,1098.5,217.0,0.786,11.68,1,1.842,0.205,9.65,46.32,18.69,0.0,147.145,147.154,30.76,True,physics_simulated_synthetic
BGW-048,2,5.091,soak,1098.5,217.0,0.786,11.68,1,1.842,0.205,9.65,46.32,18.69,0.0,140.615,140.344,45.16,True,physics_simulated_synthetic
BGW-048,2,6.996,soak,1098.5,217.0,0.786,11.68,1,1.842,0.205,9.65,46.32,18.69,0.0,132.533,132.337,72.1,True,physics_simulated_synthetic
BGW-048,2,8.302,soak,1098.5,217.0,0.786,11.68,1,1.842,0.205,9.65,46.32,18.69,0.0,127.397,128.796,89.21,True,physics_simulated_synthetic
BGW-048,2,17.534,production,1098.5,217.0,0.786,11.68,1,1.842,0.205,9.65,46.32,18.69,56.24,93.402,92.128,1031.22,True,physics_simulated_synthetic
BGW-048,2,27.892,production,1098.5,217.0,0.786,11.68,1,1.842,0.205,9.65,46.32,18.69,155.72,62.122,61.297,12231.01,True,physics_simulated_synthetic
BGW-048,2,31.064,production,1098.5,217.0,0.786,11.68,1,1.842,0.205,9.65,46.32,18.69,186.19,56.389,53.802,23944.69,True,physics_simulated_synthetic
BGW-048,2,31.751,production,1098.5,217.0,0.786,11.68,1,1.842,0.205,9.65,46.32,18.69,192.78,55.384,53.292,25092.35,True,physics_simulated_synthetic
BGW-048,2,35.311,production,1098.5,217.0,0.786,11.68,1,1.842,0.205,9.65,46.32,18.69,226.97,51.137,49.977,34142.21,True,physics_simulated_synthetic
BGW-048,2,37.412,production,1098.5,217.0,0.786,11.68,1,1.842,0.205,9.65,46.32,18.69,247.15,49.47,48.957,37584.45,True,physics_simulated_synthetic
BGW-048,2,38.126,production,1098.5,217.0,0.786,11.68,1,1.842,0.205,9.65,46.32,18.69,254.0,49.024,51.066,30835.31,True,physics_simulated_synthetic
BGW-048,2,46.629,production,1098.5,217.0,0.786,11.68,1,1.842,0.205,9.65,46.32,18.69,335.67,46.552,46.867,45845.13,True,physics_simulated_synthetic
BGW-048,2,47.869,production,1098.5,217.0,0.786,11.68,1,1.842,0.205,9.65,46.32,18.69,347.58,46.472,45.316,53217.86,True,physics_simulated_synthetic
BGW-048,2,49.995,production,1098.5,217.0,0.786,11.68,1,1.842,0.205,9.65,46.32,18.69,368.0,46.389,45.316,53217.86,True,physics_simulated_synthetic
BGW-048,2,50.447,production,1098.5,217.0,0.786,11.68,1,1.842,0.205,9.65,46.32,18.69,372.34,46.377,47.867,41673.71,True,physics_simulated_synthetic
BGW-048,2,50.841,production,1098.5,217.0,0.786,11.68,1,1.842,0.205,9.65,46.32,18.69,376.12,46.369,47.511,43109.98,True,physics_simulated_synthetic
BGW-048,2,52.883,production,1098.5,217.0,0.786,11.68,1,1.842,0.205,9.65,46.32,18.69,395.74,46.339,45.944,50092.87,True,physics_simulated_synthetic
BGW-048,2,57.989,production,1098.5,217.0,0.786,11.68,1,1.842,0.205,9.65,46.32,18.69,444.77,46.318,45.316,53217.86,True,physics_simulated_synthetic
BGW-048,5,2.236,soak,996.4,242.8,0.625,6.14,4,1.908,0.229,11.51,47.31,18.67,0.0,149.637,150.301,25.86,True,physics_simulated_synthetic
BGW-048,5,2.735,soak,996.4,242.8,0.625,6.14,4,1.908,0.229,11.51,47.31,18.67,0.0,147.353,145.657,33.43,True,physics_simulated_synthetic
BGW-048,5,3.424,soak,996.4,242.8,0.625,6.14,4,1.908,0.229,11.51,47.31,18.67,0.0,144.282,145.943,32.9,True,physics_simulated_synthetic
BGW-048,5,4.517,soak,996.4,242.8,0.625,6.14,4,1.908,0.229,11.51,47.31,18.67,0.0,139.597,141.899,41.32,True,physics_simulated_synthetic
BGW-048,5,8.864,production,996.4,242.8,0.625,6.14,4,1.908,0.229,11.51,47.31,18.67,22.26,122.332,126.823,100.62,True,physics_simulated_synthetic
BGW-048,5,15.851,production,996.4,242.8,0.625,6.14,4,1.908,0.229,11.51,47.31,18.67,79.37,96.111,96.514,750.09,True,physics_simulated_synthetic
BGW-048,5,18.532,production,996.4,242.8,0.625,6.14,4,1.908,0.229,11.51,47.31,18.67,101.28,87.158,87.355,1471.1,True,physics_simulated_synthetic
BGW-048,5,20.822,production,996.4,242.8,0.625,6.14,4,1.908,0.229,11.51,47.31,18.67,120.0,80.01,79.407,2715.09,True,physics_simulated_synthetic
BGW-048,5,22.102,production,996.4,242.8,0.625,6.14,4,1.908,0.229,11.51,47.31,18.67,130.46,76.292,77.535,3149.42,True,physics_simulated_synthetic
BGW-048,5,25.814,production,996.4,242.8,0.625,6.14,4,1.908,0.229,11.51,47.31,18.67,160.79,66.474,67.707,7049.25,True,physics_simulated_synthetic
BGW-048,5,27.344,production,996.4,242.8,0.625,6.14,4,1.908,0.229,11.51,47.31,18.67,173.31,63.12,62.934,10604.11,True,physics_simulated_synthetic
BGW-048,5,27.478,production,996.4,242.8,0.625,6.14,4,1.908,0.229,11.51,47.31,18.67,174.4,62.849,63.555,10049.31,True,physics_simulated_synthetic
BGW-048,5,32.763,production,996.4,242.8,0.625,6.14,4,1.908,0.229,11.51,47.31,18.67,217.59,54.058,52.238,27653.11,True,physics_simulated_synthetic
BGW-048,5,35.659,production,996.4,242.8,0.625,6.14,4,1.908,0.229,11.51,47.31,18.67,241.27,51.21,53.458,24712.25,True,physics_simulated_synthetic
BGW-048,5,38.464,production,996.4,242.8,0.625,6.14,4,1.908,0.229,11.51,47.31,18.67,264.19,49.436,49.308,36359.38,True,physics_simulated_synthetic
BGW-048,5,39.123,production,996.4,242.8,0.625,6.14,4,1.908,0.229,11.51,47.31,18.67,269.57,49.138,50.04,33941.98,True,physics_simulated_synthetic
BGW-048,5,40.046,production,996.4,242.8,0.625,6.14,4,1.908,0.229,11.51,47.31,18.67,277.12,48.777,47.73,42221.63,True,physics_simulated_synthetic
BGW-048,5,40.083,production,996.4,242.8,0.625,6.14,4,1.908,0.229,11.51,47.31,18.67,277.42,48.763,48.898,37791.77,True,physics_simulated_synthetic
BGW-048,5,41.564,production,996.4,242.8,0.625,6.14,4,1.908,0.229,11.51,47.31,18.67,289.53,48.309,48.868,37899.29,True,physics_simulated_synthetic
BGW-048,5,48.967,production,996.4,242.8,0.625,6.14,4,1.908,0.229,11.51,47.31,18.67,350.03,47.405,48.34,39844.4,True,physics_simulated_synthetic
BGW-049,3,3.658,soak,1923.8,251.0,0.75,6.93,2,1.347,0.245,19.3,46.97,17.22,0.0,176.857,179.05,5.94,True,physics_simulated_synthetic
BGW-049,3,7.131,production,1923.8,251.0,0.75,6.93,2,1.347,0.245,19.3,46.97,17.22,3.32,165.402,167.378,10.55,True,physics_simulated_synthetic
BGW-049,3,9.386,production,1923.8,251.0,0.75,6.93,2,1.347,0.245,19.3,46.97,17.22,40.38,157.414,157.568,17.5,True,physics_simulated_synthetic
BGW-049,3,22.577,production,1923.8,251.0,0.75,6.93,2,1.347,0.245,19.3,46.97,17.22,257.22,77.605,81.104,2376.53,True,physics_simulated_synthetic
BGW-049,3,27.329,production,1923.8,251.0,0.75,6.93,2,1.347,0.245,19.3,46.97,17.22,335.34,60.104,61.345,12179.69,True,physics_simulated_synthetic
BGW-049,3,29.92,production,1923.8,251.0,0.75,6.93,2,1.347,0.245,19.3,46.97,17.22,377.94,54.336,55.375,20742.69,True,physics_simulated_synthetic
BGW-049,3,34.15,production,1923.8,251.0,0.75,6.93,2,1.347,0.245,19.3,46.97,17.22,447.48,49.197,52.935,25929.02,True,physics_simulated_synthetic
BGW-049,3,34.318,production,1923.8,251.0,0.75,6.93,2,1.347,0.245,19.3,46.97,17.22,450.23,49.086,52.651,26617.14,True,physics_simulated_synthetic
BGW-049,3,34.841,production,1923.8,251.0,0.75,6.93,2,1.347,0.245,19.3,46.97,17.22,458.83,48.764,52.293,27512.87,True,physics_simulated_synthetic
BGW-049,3,39.322,production,1923.8,251.0,0.75,6.93,2,1.347,0.245,19.3,46.97,17.22,532.5,47.299,48.736,38377.42,True,physics_simulated_synthetic
BGW-049,3,41.27,production,1923.8,251.0,0.75,6.93,2,1.347,0.245,19.3,46.97,17.22,564.51,47.109,48.982,37494.19,True,physics_simulated_synthetic
BGW-049,3,45.604,production,1923.8,251.0,0.75,6.93,2,1.347,0.245,19.3,46.97,17.22,635.77,46.982,48.842,37992.73,True,physics_simulated_synthetic
BGW-049,3,46.97,production,1923.8,251.0,0.75,6.93,2,1.347,0.245,19.3,46.97,17.22,658.22,46.974,50.013,34025.36,True,physics_simulated_synthetic
BGW-049,3,48.956,production,1923.8,251.0,0.75,6.93,2,1.347,0.245,19.3,46.97,17.22,690.87,46.969,51.088,30772.11,True,physics_simulated_synthetic
BGW-049,3,49.131,production,1923.8,251.0,0.75,6.93,2,1.347,0.245,19.3,46.97,17.22,693.74,46.968,49.428,35949.95,True,physics_simulated_synthetic
BGW-049,3,51.249,production,1923.8,251.0,0.75,6.93,2,1.347,0.245,19.3,46.97,17.22,728.56,46.967,51.676,29133.06,True,physics_simulated_synthetic
BGW-049,3,51.434,production,1923.8,251.0,0.75,6.93,2,1.347,0.245,19.3,46.97,17.22,731.61,46.967,50.167,33537.64,True,physics_simulated_synthetic
BGW-049,3,51.674,production,1923.8,251.0,0.75,6.93,2,1.347,0.245,19.3,46.97,17.22,735.55,46.967,48.582,38938.32,True,physics_simulated_synthetic
BGW-049,3,54.477,production,1923.8,251.0,0.75,6.93,2,1.347,0.245,19.3,46.97,17.22,781.62,46.967,50.071,33841.63,True,physics_simulated_synthetic
BGW-049,3,57.803,production,1923.8,251.0,0.75,6.93,2,1.347,0.245,19.3,46.97,17.22,836.3,46.967,51.299,30172.39,True,physics_simulated_synthetic
BGW-049,1,1.66,soak,633.0,448.2,0.813,11.3,0,1.613,0.226,11.96,46.91,17.01,0.0,155.576,156.257,18.76,True,physics_simulated_synthetic
BGW-049,1,2.294,soak,633.0,448.2,0.813,11.3,0,1.613,0.226,11.96,46.91,17.01,0.0,152.964,156.375,18.64,True,physics_simulated_synthetic
BGW-049,1,5.765,soak,633.0,448.2,0.813,11.3,0,1.613,0.226,11.96,46.91,17.01,0.0,139.73,144.546,35.58,True,physics_simulated_synthetic
BGW-049,1,8.05,soak,633.0,448.2,0.813,11.3,0,1.613,0.226,11.96,46.91,17.01,0.0,131.932,131.266,76.87,True,physics_simulated_synthetic
BGW-049,1,13.515,production,633.0,448.2,0.813,11.3,0,1.613,0.226,11.96,46.91,17.01,21.84,114.518,113.776,229.87,True,physics_simulated_synthetic
BGW-049,1,15.97,production,633.0,448.2,0.813,11.3,0,1.613,0.226,11.96,46.91,17.01,46.03,106.906,106.587,371.29,True,physics_simulated_synthetic
BGW-049,1,23.296,production,633.0,448.2,0.813,11.3,0,1.613,0.226,11.96,46.91,17.01,118.22,81.738,82.614,2113.22,True,physics_simulated_synthetic
BGW-049,1,23.565,production,633.0,448.2,0.813,11.3,0,1.613,0.226,11.96,46.91,17.01,120.88,80.942,83.217,2017.04,True,physics_simulated_synthetic
BGW-049,1,24.189,production,633.0,448.2,0.813,11.3,0,1.613,0.226,11.96,46.91,17.01,127.02,79.108,80.957,2404.06,True,physics_simulated_synthetic
BGW-049,1,25.911,production,633.0,448.2,0.813,11.3,0,1.613,0.226,11.96,46.91,17.01,143.99,74.122,75.383,3742.41,True,physics_simulated_synthetic
BGW-049,1,30.128,production,633.0,448.2,0.813,11.3,0,1.613,0.226,11.96,46.91,17.01,185.55,63.109,64.87,8973.07,True,physics_simulated_synthetic
BGW-049,1,31.721,production,633.0,448.2,0.813,11.3,0,1.613,0.226,11.96,46.91,17.01,201.25,59.83,59.882,13852.71,True,physics_simulated_synthetic
BGW-049,1,32.702,production,633.0,448.2,0.813,11.3,0,1.613,0.226,11.96,46.91,17.01,210.91,58.042,58.721,15355.34,True,physics_simulated_synthetic
BGW-049,1,34.229,production,633.0,448.2,0.813,11.3,0,1.613,0.226,11.96,46.91,17.01,225.96,55.57,56.562,18630.43,True,physics_simulated_synthetic
BGW-049,1,38.107,production,633.0,448.2,0.813,11.3,0,1.613,0.226,11.96,46.91,17.01,264.17,50.949,49.752,34871.66,True,physics_simulated_synthetic
BGW-049,1,46.755,production,633.0,448.2,0.813,11.3,0,1.613,0.226,11.96,46.91,17.01,349.39,47.253,46.648,46816.86,True,physics_simulated_synthetic
BGW-049,1,48.491,production,633.0,448.2,0.813,11.3,0,1.613,0.226,11.96,46.91,17.01,366.5,47.099,46.55,47258.69,True,physics_simulated_synthetic
BGW-049,1,50.944,production,633.0,448.2,0.813,11.3,0,1.613,0.226,11.96,46.91,17.01,390.67,46.984,49.075,37168.08,True,physics_simulated_synthetic
BGW-049,1,53.208,production,633.0,448.2,0.813,11.3,0,1.613,0.226,11.96,46.91,17.01,412.99,46.938,48.302,39988.37,True,physics_simulated_synthetic
BGW-049,1,59.8,production,633.0,448.2,0.813,11.3,0,1.613,0.226,11.96,46.91,17.01,477.94,46.908,48.784,38203.19,True,physics_simulated_synthetic
BGW-049,1,3.905,soak,753.2,390.1,0.697,5.93,0,1.683,0.288,6.93,46.23,18.23,0.0,142.799,144.432,35.8,True,physics_simulated_synthetic
BGW-049,1,5.09,soak,753.2,390.1,0.697,5.93,0,1.683,0.288,6.93,46.23,18.23,0.0,137.561,138.829,49.27,True,physics_simulated_synthetic
BGW-049,1,7.755,production,753.2,390.1,0.697,5.93,0,1.683,0.288,6.93,46.23,18.23,35.41,126.098,126.839,100.52,True,physics_simulated_synthetic
BGW-049,1,8.376,production,753.2,390.1,0.697,5.93,0,1.683,0.288,6.93,46.23,18.23,47.48,123.514,124.464,116.36,True,physics_simulated_synthetic
BGW-049,1,11.866,production,753.2,390.1,0.697,5.93,0,1.683,0.288,6.93,46.23,18.23,115.26,107.844,110.691,281.76,True,physics_simulated_synthetic
BGW-049,1,15.67,production,753.2,390.1,0.697,5.93,0,1.683,0.288,6.93,46.23,18.23,189.16,90.161,91.187,1105.25,True,physics_simulated_synthetic
BGW-049,1,22.063,production,753.2,390.1,0.697,5.93,0,1.683,0.288,6.93,46.23,18.23,313.33,63.625,64.093,9593.52,True,physics_simulated_synthetic
BGW-049,1,22.473,production,753.2,390.1,0.697,5.93,0,1.683,0.288,6.93,46.23,18.23,321.3,62.436,62.666,10853.83,True,physics_simulated_synthetic
BGW-049,1,22.959,production,753.2,390.1,0.697,5.93,0,1.683,0.288,6.93,46.23,18.23,330.75,61.087,61.332,12193.47,True,physics_simulated_synthetic
BGW-049,1,25.778,production,753.2,390.1,0.697,5.93,0,1.683,0.288,6.93,46.23,18.23,385.49,54.48,53.538,24531.78,True,physics_simulated_synthetic
BGW-049,1,32.252,production,753.2,390.1,0.697,5.93,0,1.683,0.288,6.93,46.23,18.23,511.26,47.412,47.382,43643.65,True,physics_simulated_synthetic
BGW-049,1,33.172,production,753.2,390.1,0.697,5.93,0,1.683,0.288,6.93,46.23,18.23,529.12,47.085,50.204,33423.67,True,physics_simulated_synthetic
BGW-049,1,36.019,production,753.2,390.1,0.697,5.93,0,1.683,0.288,6.93,46.23,18.23,584.43,46.505,47.237,44253.48,True,physics_simulated_synthetic
BGW-049,1,36.418,production,753.2,390.1,0.697,5.93,0,1.683,0.288,6.93,46.23,18.23,592.18,46.463,48.469,39357.61,True,physics_simulated_synthetic
BGW-049,1,38.301,production,753.2,390.1,0.697,5.93,0,1.683,0.288,6.93,46.23,18.23,628.75,46.33,45.233,53647.22,True,physics_simulated_synthetic
BGW-049,1,50.11,production,753.2,390.1,0.697,5.93,0,1.683,0.288,6.93,46.23,18.23,858.13,46.233,48.049,40957.93,True,physics_simulated_synthetic
BGW-049,1,50.684,production,753.2,390.1,0.697,5.93,0,1.683,0.288,6.93,46.23,18.23,869.28,46.233,47.028,45145.51,True,physics_simulated_synthetic
BGW-049,1,58.005,production,753.2,390.1,0.697,5.93,0,1.683,0.288,6.93,46.23,18.23,1011.49,46.233,46.58,47124.43,True,physics_simulated_synthetic
BGW-049,1,58.348,production,753.2,390.1,0.697,5.93,0,1.683,0.288,6.93,46.23,18.23,1018.15,46.233,47.507,43126.91,True,physics_simulated_synthetic
BGW-049,1,58.786,production,753.2,390.1,0.697,5.93,0,1.683,0.288,6.93,46.23,18.23,1026.68,46.233,46.559,47215.5,True,physics_simulated_synthetic
BGW-049,2,0.237,soak,2131.0,207.2,0.605,7.56,1,1.508,0.219,7.34,47.28,18.22,0.0,180.721,179.812,5.73,True,physics_simulated_synthetic
BGW-049,2,2.588,soak,2131.0,207.2,0.605,7.56,1,1.508,0.219,7.34,47.28,18.22,0.0,167.97,169.247,9.6,True,physics_simulated_synthetic
BGW-049,2,5.822,soak,2131.0,207.2,0.605,7.56,1,1.508,0.219,7.34,47.28,18.22,0.0,152.403,154.745,20.34,True,physics_simulated_synthetic
BGW-049,2,16.982,production,2131.0,207.2,0.605,7.56,1,1.508,0.219,7.34,47.28,18.22,149.13,93.775,93.387,940.47,True,physics_simulated_synthetic
BGW-049,2,19.581,production,2131.0,207.2,0.605,7.56,1,1.508,0.219,7.34,47.28,18.22,190.28,82.45,84.63,1809.39,True,physics_simulated_synthetic
BGW-049,2,20.466,production,2131.0,207.2,0.605,7.56,1,1.508,0.219,7.34,47.28,18.22,204.28,78.942,80.549,2482.03,True,physics_simulated_synthetic
BGW-049,2,21.507,production,2131.0,207.2,0.605,7.56,1,1.508,0.219,7.34,47.28,18.22,220.76,74.998,75.579,3683.69,True,physics_simulated_synthetic
BGW-049,2,25.351,production,2131.0,207.2,0.605,7.56,1,1.508,0.219,7.34,47.28,18.22,281.6,62.311,64.99,8881.09,True,physics_simulated_synthetic
BGW-049,2,27.077,production,2131.0,207.2,0.605,7.56,1,1.508,0.219,7.34,47.28,18.22,308.92,58.167,56.567,18622.79,True,physics_simulated_synthetic
BGW-049,2,33.711,production,2131.0,207.2,0.605,7.56,1,1.508,0.219,7.34,47.28,18.22,413.93,49.216,51.183,30499.35,True,physics_simulated_synthetic
BGW-049,2,34.232,production,2131.0,207.2,0.605,7.56,1,1.508,0.219,7.34,47.28,18.22,422.18,48.936,52.686,26533.33,True,physics_simulated_synthetic
BGW-049,2,39.01,production,2131.0,207.2,0.605,7.56,1,1.508,0.219,7.34,47.28,18.22,497.8,47.575,51.073,30814.76,True,physics_simulated_synthetic
BGW-049,2,41.36,production,2131.0,207.2,0.605,7.56,1,1.508,0.219,7.34,47.28,18.22,535.0,47.389,49.418,35985.71,True,physics_simulated_synthetic
BGW-049,2,43.258,production,2131.0,207.2,0.605,7.56,1,1.508,0.219,7.34,47.28,18.22,565.04,47.325,48.386,39671.57,True,physics_simulated_synthetic
BGW-049,2,43.992,production,2131.0,207.2,0.605,7.56,1,1.508,0.219,7.34,47.28,18.22,576.67,47.312,47.904,41526.59,True,physics_simulated_synthetic
BGW-049,2,46.398,production,2131.0,207.2,0.605,7.56,1,1.508,0.219,7.34,47.28,18.22,614.75,47.289,48.347,39815.01,True,physics_simulated_synthetic
BGW-049,2,48.283,production,2131.0,207.2,0.605,7.56,1,1.508,0.219,7.34,47.28,18.22,644.57,47.283,49.527,35616.52,True,physics_simulated_synthetic
BGW-049,2,53.495,production,2131.0,207.2,0.605,7.56,1,1.508,0.219,7.34,47.28,18.22,727.07,47.28,47.633,42612.97,True,physics_simulated_synthetic
BGW-049,2,55.105,production,2131.0,207.2,0.605,7.56,1,1.508,0.219,7.34,47.28,18.22,752.57,47.28,49.823,34638.29,True,physics_simulated_synthetic
BGW-049,2,55.89,production,2131.0,207.2,0.605,7.56,1,1.508,0.219,7.34,47.28,18.22,764.99,47.28,51.749,28935.94,True,physics_simulated_synthetic
BGW-050,2,1.883,soak,1596.6,333.3,0.802,5.09,1,1.514,0.258,6.62,46.83,18.58,0.0,177.161,172.947,7.99,True,physics_simulated_synthetic
BGW-050,2,1.94,soak,1596.6,333.3,0.802,5.09,1,1.514,0.258,6.62,46.83,18.58,0.0,176.841,172.892,8.01,True,physics_simulated_synthetic
BGW-050,2,8.83,production,1596.6,333.3,0.802,5.09,1,1.514,0.258,6.62,46.83,18.58,61.16,138.863,134.746,62.51,True,physics_simulated_synthetic
BGW-050,2,8.923,production,1596.6,333.3,0.802,5.09,1,1.514,0.258,6.62,46.83,18.58,62.68,138.39,133.925,65.62,True,physics_simulated_synthetic
BGW-050,2,9.324,production,1596.6,333.3,0.802,5.09,1,1.514,0.258,6.62,46.83,18.58,69.24,136.337,134.851,62.13,True,physics_simulated_synthetic
BGW-050,2,11.16,production,1596.6,333.3,0.802,5.09,1,1.514,0.258,6.62,46.83,18.58,99.26,126.645,124.451,116.45,True,physics_simulated_synthetic
BGW-050,2,14.861,production,1596.6,333.3,0.802,5.09,1,1.514,0.258,6.62,46.83,18.58,159.75,106.239,103.75,450.89,True,physics_simulated_synthetic
BGW-050,2,17.394,production,1596.6,333.3,0.802,5.09,1,1.514,0.258,6.62,46.83,18.58,201.17,92.897,86.667,1549.57,True,physics_simulated_synthetic
BGW-050,2,22.919,production,1596.6,333.3,0.802,5.09,1,1.514,0.258,6.62,46.83,18.58,291.49,67.543,67.82,6982.41,True,physics_simulated_synthetic
BGW-050,2,23.746,production,1596.6,333.3,0.802,5.09,1,1.514,0.258,6.62,46.83,18.58,305.0,64.816,60.964,12593.69,True,physics_simulated_synthetic
BGW-050,2,27.597,production,1596.6,333.3,0.802,5.09,1,1.514,0.258,6.62,46.83,18.58,367.95,54.882,55.154,21162.52,True,physics_simulated_synthetic
BGW-050,2,29.899,production,1596.6,333.3,0.802,5.09,1,1.514,0.258,6.62,46.83,18.58,405.59,51.365,46.736,46423.84,True,physics_simulated_synthetic
BGW-050,2,30.355,production,1596.6,333.3,0.802,5.09,1,1.514,0.258,6.62,46.83,18.58,413.04,50.848,47.111,44788.87,True,physics_simulated_synthetic
BGW-050,2,32.003,production,1596.6,333.3,0.802,5.09,1,1.514,0.258,6.62,46.83,18.58,439.99,49.337,45.831,50638.03,True,physics_simulated_synthetic
BGW-050,2,33.528,production,1596.6,333.3,0.802,5.09,1,1.514,0.258,6.62,46.83,18.58,464.9,48.386,46.293,48437.97,True,physics_simulated_synthetic
BGW-050,2,35.921,production,1596.6,333.3,0.802,5.09,1,1.514,0.258,6.62,46.83,18.58,504.03,47.501,45.831,50638.03,True,physics_simulated_synthetic
BGW-050,2,40.641,production,1596.6,333.3,0.802,5.09,1,1.514,0.258,6.62,46.83,18.58,581.19,46.918,45.831,50638.03,True,physics_simulated_synthetic
BGW-050,2,44.999,production,1596.6,333.3,0.802,5.09,1,1.514,0.258,6.62,46.83,18.58,652.43,46.84,45.831,50638.03,True,physics_simulated_synthetic
BGW-050,2,50.763,production,1596.6,333.3,0.802,5.09,1,1.514,0.258,6.62,46.83,18.58,746.66,46.831,45.831,50638.03,True,physics_simulated_synthetic
BGW-050,2,59.386,production,1596.6,333.3,0.802,5.09,1,1.514,0.258,6.62,46.83,18.58,887.62,46.831,45.831,50638.03,True,physics_simulated_synthetic
BGW-050,5,3.259,soak,1505.5,342.0,0.603,4.3,4,2.171,0.22,7.28,47.88,18.93,0.0,168.179,166.353,11.11,True,physics_simulated_synthetic
BGW-050,5,4.478,production,1505.5,342.0,0.603,4.3,4,2.171,0.22,7.28,47.88,18.93,1.52,159.763,161.346,14.36,True,physics_simulated_synthetic
BGW-050,5,6.644,production,1505.5,342.0,0.603,4.3,4,2.171,0.22,7.28,47.88,18.93,19.83,145.909,146.097,32.62,True,physics_simulated_synthetic
BGW-050,5,8.304,production,1505.5,342.0,0.603,4.3,4,2.171,0.22,7.28,47.88,18.93,33.85,136.129,136.237,57.28,True,physics_simulated_synthetic
BGW-050,5,12.283,production,1505.5,342.0,0.603,4.3,4,2.171,0.22,7.28,47.88,18.93,67.46,114.525,112.94,242.82,True,physics_simulated_synthetic
BGW-050,5,14.72,production,1505.5,342.0,0.603,4.3,4,2.171,0.22,7.28,47.88,18.93,88.05,102.802,101.187,538.75,True,physics_simulated_synthetic
BGW-050,5,21.421,production,1505.5,342.0,0.603,4.3,4,2.171,0.22,7.28,47.88,18.93,144.66,75.308,72.062,4905.09,True,physics_simulated_synthetic
BGW-050,5,22.718,production,1505.5,342.0,0.603,4.3,4,2.171,0.22,7.28,47.88,18.93,155.62,71.339,71.219,5257.7,True,physics_simulated_synthetic
BGW-050,5,25.764,production,1505.5,342.0,0.603,4.3,4,2.171,0.22,7.28,47.88,18.93,181.34,63.357,62.83,10700.12,True,physics_simulated_synthetic
BGW-050,5,27.197,production,1505.5,342.0,0.603,4.3,4,2.171,0.22,7.28,47.88,18.93,193.46,60.357,60.943,12616.43,True,physics_simulated_synthetic
BGW-050,5,28.932,production,1505.5,342.0,0.603,4.3,4,2.171,0.22,7.28,47.88,18.93,208.11,57.289,55.779,19995.89,True,physics_simulated_synthetic
BGW-050,5,36.975,production,1505.5,342.0,0.603,4.3,4,2.171,0.22,7.28,47.88,18.93,276.06,49.515,48.102,40752.6,True,physics_simulated_synthetic
BGW-050,5,39.053,production,1505.5,342.0,0.603,4.3,4,2.171,0.22,7.28,47.88,18.93,293.62,48.833,47.856,41716.27,True,physics_simulated_synthetic
BGW-050,5,42.266,production,1505.5,342.0,0.603,4.3,4,2.171,0.22,7.28,47.88,18.93,320.76,48.251,48.285,40052.31,True,physics_simulated_synthetic
BGW-050,5,48.065,production,1505.5,342.0,0.603,4.3,4,2.171,0.22,7.28,47.88,18.93,369.74,47.923,46.875,45809.14,True,physics_simulated_synthetic
BGW-050,5,49.994,production,1505.5,342.0,0.603,4.3,4,2.171,0.22,7.28,47.88,18.93,386.05,47.897,47.713,42286.75,True,physics_simulated_synthetic
BGW-050,5,50.302,production,1505.5,342.0,0.603,4.3,4,2.171,0.22,7.28,47.88,18.93,388.64,47.895,46.875,45809.14,True,physics_simulated_synthetic
BGW-050,5,53.095,production,1505.5,342.0,0.603,4.3,4,2.171,0.22,7.28,47.88,18.93,412.24,47.881,46.875,45809.14,True,physics_simulated_synthetic
BGW-050,5,54.762,production,1505.5,342.0,0.603,4.3,4,2.171,0.22,7.28,47.88,18.93,426.32,47.878,46.875,45809.14,True,physics_simulated_synthetic
BGW-050,5,55.187,production,1505.5,342.0,0.603,4.3,4,2.171,0.22,7.28,47.88,18.93,429.91,47.877,46.875,45809.14,True,physics_simulated_synthetic
BGW-050,4,5.332,production,2085.6,422.3,0.847,5.05,3,2.176,0.297,15.02,46.56,18.93,3.0,160.156,158.387,16.76,True,physics_simulated_synthetic
BGW-050,4,9.162,production,2085.6,422.3,0.847,5.05,3,2.176,0.297,15.02,46.56,18.93,44.25,140.364,141.604,42.02,True,physics_simulated_synthetic
BGW-050,4,9.406,production,2085.6,422.3,0.847,5.05,3,2.176,0.297,15.02,46.56,18.93,46.89,139.167,139.348,47.82,True,physics_simulated_synthetic
BGW-050,4,9.71,production,2085.6,422.3,0.847,5.05,3,2.176,0.297,15.02,46.56,18.93,50.15,137.686,133.424,67.59,True,physics_simulated_synthetic
BGW-050,4,12.265,production,2085.6,422.3,0.847,5.05,3,2.176,0.297,15.02,46.56,18.93,77.68,124.95,122.835,128.78,True,physics_simulated_synthetic
BGW-050,4,20.964,production,2085.6,422.3,0.847,5.05,3,2.176,0.297,15.02,46.56,18.93,171.37,81.476,78.118,3006.66,True,physics_simulated_synthetic
BGW-050,4,29.324,production,2085.6,422.3,0.847,5.05,3,2.176,0.297,15.02,46.56,18.93,261.42,55.742,56.461,18800.54,True,physics_simulated_synthetic
BGW-050,4,29.975,production,2085.6,422.3,0.847,5.05,3,2.176,0.297,15.02,46.56,18.93,268.42,54.672,53.338,24986.33,True,physics_simulated_synthetic
BGW-050,4,30.35,production,2085.6,422.3,0.847,5.05,3,2.176,0.297,15.02,46.56,18.93,272.46,54.099,51.347,30037.52,True,physics_simulated_synthetic
BGW-050,4,31.289,production,2085.6,422.3,0.847,5.05,3,2.176,0.297,15.02,46.56,18.93,282.58,52.787,51.159,30570.19,True,physics_simulated_synthetic
BGW-050,4,31.89,production,2085.6,422.3,0.847,5.05,3,2.176,0.297,15.02,46.56,18.93,289.05,52.045,46.718,46501.24,True,physics_simulated_synthetic
BGW-050,4,36.02,production,2085.6,422.3,0.847,5.05,3,2.176,0.297,15.02,46.56,18.93,333.53,48.539,45.558,51990.68,True,physics_simulated_synthetic
BGW-050,4,41.512,production,2085.6,422.3,0.847,5.05,3,2.176,0.297,15.02,46.56,18.93,392.68,46.909,45.558,51990.68,True,physics_simulated_synthetic
BGW-050,4,41.586,production,2085.6,422.3,0.847,5.05,3,2.176,0.297,15.02,46.56,18.93,393.48,46.901,46.408,47904.8,True,physics_simulated_synthetic
BGW-050,4,42.389,production,2085.6,422.3,0.847,5.05,3,2.176,0.297,15.02,46.56,18.93,402.14,46.817,45.558,51990.68,True,physics_simulated_synthetic
BGW-050,4,42.565,production,2085.6,422.3,0.847,5.05,3,2.176,0.297,15.02,46.56,18.93,404.03,46.801,45.558,51990.68,True,physics_simulated_synthetic
BGW-050,4,43.352,production,2085.6,422.3,0.847,5.05,3,2.176,0.297,15.02,46.56,18.93,412.5,46.74,46.478,47587.64,True,physics_simulated_synthetic
BGW-050,4,50.757,production,2085.6,422.3,0.847,5.05,3,2.176,0.297,15.02,46.56,18.93,492.26,46.564,45.558,51990.68,True,physics_simulated_synthetic
BGW-050,4,50.917,production,2085.6,422.3,0.847,5.05,3,2.176,0.297,15.02,46.56,18.93,493.99,46.564,45.558,51990.68,True,physics_simulated_synthetic
BGW-050,4,57.122,production,2085.6,422.3,0.847,5.05,3,2.176,0.297,15.02,46.56,18.93,560.82,46.558,45.558,51990.68,True,physics_simulated_synthetic
BGW-050,3,3.096,soak,1054.5,341.4,0.836,9.82,2,1.844,0.283,16.82,47.84,18.53,0.0,175.424,173.578,7.74,True,physics_simulated_synthetic
BGW-050,3,7.743,soak,1054.5,341.4,0.836,9.82,2,1.844,0.283,16.82,47.84,18.53,0.0,155.354,154.281,20.85,True,physics_simulated_synthetic
BGW-050,3,12.34,production,1054.5,341.4,0.836,9.82,2,1.844,0.283,16.82,47.84,18.53,41.5,136.077,133.535,67.15,True,physics_simulated_synthetic
BGW-050,3,16.416,production,1054.5,341.4,0.836,9.82,2,1.844,0.283,16.82,47.84,18.53,108.54,116.79,114.64,217.26,True,physics_simulated_synthetic
BGW-050,3,19.691,production,1054.5,341.4,0.836,9.82,2,1.844,0.283,16.82,47.84,18.53,162.39,100.415,97.351,706.52,True,physics_simulated_synthetic
BGW-050,3,20.892,production,1054.5,341.4,0.836,9.82,2,1.844,0.283,16.82,47.84,18.53,182.14,94.662,93.79,913.26,True,physics_simulated_synthetic
BGW-050,3,21.541,production,1054.5,341.4,0.836,9.82,2,1.844,0.283,16.82,47.84,18.53,192.82,91.627,88.518,1347.96,True,physics_simulated_synthetic
BGW-050,3,25.955,production,1054.5,341.4,0.836,9.82,2,1.844,0.283,16.82,47.84,18.53,265.41,71.693,71.634,5080.72,True,physics_simulated_synthetic
BGW-050,3,25.991,production,1054.5,341.4,0.836,9.82,2,1.844,0.283,16.82,47.84,18.53,266.01,71.56,68.98,6334.16,True,physics_simulated_synthetic
BGW-050,3,28.323,production,1054.5,341.4,0.836,9.82,2,1.844,0.283,16.82,47.84,18.53,304.36,63.702,61.592,11919.25,True,physics_simulated_synthetic
BGW-050,3,29.993,production,1054.5,341.4,0.836,9.82,2,1.844,0.283,16.82,47.84,18.53,331.82,59.254,58.178,16115.72,True,physics_simulated_synthetic
BGW-050,3,30.478,production,1054.5,341.4,0.836,9.82,2,1.844,0.283,16.82,47.84,18.53,339.8,58.156,56.051,19509.74,True,physics_simulated_synthetic
BGW-050,3,31.203,production,1054.5,341.4,0.836,9.82,2,1.844,0.283,16.82,47.84,18.53,351.72,56.648,54.092,23315.14,True,physics_simulated_synthetic
BGW-050,3,33.204,production,1054.5,341.4,0.836,9.82,2,1.844,0.283,16.82,47.84,18.53,384.63,53.26,51.08,30794.06,True,physics_simulated_synthetic
BGW-050,3,38.364,production,1054.5,341.4,0.836,9.82,2,1.844,0.283,16.82,47.84,18.53,469.5,48.907,48.02,41070.16,True,physics_simulated_synthetic
BGW-050,3,42.123,production,1054.5,341.4,0.836,9.82,2,1.844,0.283,16.82,47.84,18.53,531.31,48.08,46.839,45969.81,True,physics_simulated_synthetic
BGW-050,3,52.152,production,1054.5,341.4,0.836,9.82,2,1.844,0.283,16.82,47.84,18.53,696.25,47.839,46.839,45969.81,True,physics_simulated_synthetic
BGW-050,3,52.87,production,1054.5,341.4,0.836,9.82,2,1.844,0.283,16.82,47.84,18.53,708.05,47.839,46.839,45969.81,True,physics_simulated_synthetic
BGW-050,3,56.566,production,1054.5,341.4,0.836,9.82,2,1.844,0.283,16.82,47.84,18.53,768.83,47.839,46.911,45652.88,True,physics_simulated_synthetic
BGW-050,3,58.4,production,1054.5,341.4,0.836,9.82,2,1.844,0.283,16.82,47.84,18.53,799.0,47.839,46.839,45969.81,True,physics_simulated_synthetic
BGW-051,4,1.08,soak,1814.4,388.0,0.597,8.45,3,2.195,0.219,8.91,46.0,18.05,0.0,181.954,182.267,5.1,True,physics_simulated_synthetic
BGW-051,4,9.449,production,1814.4,388.0,0.597,8.45,3,2.195,0.219,8.91,46.0,18.05,8.91,130.048,128.684,89.82,True,physics_simulated_synthetic
BGW-051,4,11.681,production,1814.4,388.0,0.597,8.45,3,2.195,0.219,8.91,46.0,18.05,28.91,119.284,120.125,152.71,True,physics_simulated_synthetic
BGW-051,4,12.174,production,1814.4,388.0,0.597,8.45,3,2.195,0.219,8.91,46.0,18.05,33.32,117.045,118.87,165.4,True,physics_simulated_synthetic
BGW-051,4,12.525,production,1814.4,388.0,0.597,8.45,3,2.195,0.219,8.91,46.0,18.05,36.48,115.468,115.598,204.13,True,physics_simulated_synthetic
BGW-051,4,12.71,production,1814.4,388.0,0.597,8.45,3,2.195,0.219,8.91,46.0,18.05,38.13,114.648,114.605,217.75,True,physics_simulated_synthetic
BGW-051,4,20.474,production,1814.4,388.0,0.597,8.45,3,2.195,0.219,8.91,46.0,18.05,107.71,81.476,82.24,2175.41,True,physics_simulated_synthetic
BGW-051,4,26.04,production,1814.4,388.0,0.597,8.45,3,2.195,0.219,8.91,46.0,18.05,157.6,64.413,61.814,11690.02,True,physics_simulated_synthetic
BGW-051,4,26.986,production,1814.4,388.0,0.597,8.45,3,2.195,0.219,8.91,46.0,18.05,166.08,62.238,63.23,10335.33,True,physics_simulated_synthetic
BGW-051,4,31.669,production,1814.4,388.0,0.597,8.45,3,2.195,0.219,8.91,46.0,18.05,208.04,53.676,58.26,15999.19,True,physics_simulated_synthetic
BGW-051,4,32.057,production,1814.4,388.0,0.597,8.45,3,2.195,0.219,8.91,46.0,18.05,211.52,53.175,53.244,25201.73,True,physics_simulated_synthetic
BGW-051,4,38.946,production,1814.4,388.0,0.597,8.45,3,2.195,0.219,8.91,46.0,18.05,273.25,47.565,47.639,42585.62,True,physics_simulated_synthetic
BGW-051,4,40.169,production,1814.4,388.0,0.597,8.45,3,2.195,0.219,8.91,46.0,18.05,284.21,47.149,48.432,39498.25,True,physics_simulated_synthetic
BGW-051,4,41.454,production,1814.4,388.0,0.597,8.45,3,2.195,0.219,8.91,46.0,18.05,295.73,46.816,49.361,36177.74,True,physics_simulated_synthetic
BGW-051,4,43.455,production,1814.4,388.0,0.597,8.45,3,2.195,0.219,8.91,46.0,18.05,313.66,46.46,48.067,40890.29,True,physics_simulated_synthetic
BGW-051,4,45.513,production,1814.4,388.0,0.597,8.45,3,2.195,0.219,8.91,46.0,18.05,332.11,46.244,45.005,54844.47,True,physics_simulated_synthetic
BGW-051,4,46.971,production,1814.4,388.0,0.597,8.45,3,2.195,0.219,8.91,46.0,18.05,345.18,46.151,47.181,44488.05,True,physics_simulated_synthetic
BGW-051,4,52.682,production,1814.4,388.0,0.597,8.45,3,2.195,0.219,8.91,46.0,18.05,396.35,46.02,49.862,34512.69,True,physics_simulated_synthetic
BGW-051,4,56.807,production,1814.4,388.0,0.597,8.45,3,2.195,0.219,8.91,46.0,18.05,433.32,46.007,47.12,44750.48,True,physics_simulated_synthetic
BGW-051,4,57.733,production,1814.4,388.0,0.597,8.45,3,2.195,0.219,8.91,46.0,18.05,441.62,46.006,45.005,54844.47,True,physics_simulated_synthetic
BGW-051,1,6.902,soak,1704.2,290.6,0.755,10.09,0,1.625,0.234,12.87,46.55,18.33,0.0,154.655,153.925,21.25,True,physics_simulated_synthetic
BGW-051,1,13.498,production,1704.2,290.6,0.755,10.09,0,1.625,0.234,12.87,46.55,18.33,29.17,128.397,128.023,93.51,True,physics_simulated_synthetic
BGW-051,1,14.971,production,1704.2,290.6,0.755,10.09,0,1.625,0.234,12.87,46.55,18.33,41.75,122.891,124.212,118.19,True,physics_simulated_synthetic
BGW-051,1,15.996,production,1704.2,290.6,0.755,10.09,0,1.625,0.234,12.87,46.55,18.33,50.51,119.062,120.645,147.77,True,physics_simulated_synthetic
BGW-051,1,24.091,production,1704.2,290.6,0.755,10.09,0,1.625,0.234,12.87,46.55,18.33,119.69,85.831,84.6,1813.67,True,physics_simulated_synthetic
BGW-051,1,28.322,production,1704.2,290.6,0.755,10.09,0,1.625,0.234,12.87,46.55,18.33,155.84,71.663,69.773,5928.05,True,physics_simulated_synthetic
BGW-051,1,30.626,production,1704.2,290.6,0.755,10.09,0,1.625,0.234,12.87,46.55,18.33,175.53,65.371,62.938,10600.22,True,physics_simulated_synthetic
BGW-051,1,33.358,production,1704.2,290.6,0.755,10.09,0,1.625,0.234,12.87,46.55,18.33,198.87,59.209,59.433,14414.41,True,physics_simulated_synthetic
BGW-051,1,34.106,production,1704.2,290.6,0.755,10.09,0,1.625,0.234,12.87,46.55,18.33,205.27,57.814,54.75,21956.84,True,physics_simulated_synthetic
BGW-051,1,36.432,production,1704.2,290.6,0.755,10.09,0,1.625,0.234,12.87,46.55,18.33,225.14,54.094,52.596,26754.67,True,physics_simulated_synthetic
BGW-051,1,42.772,production,1704.2,290.6,0.755,10.09,0,1.625,0.234,12.87,46.55,18.33,279.32,48.376,47.376,43669.25,True,physics_simulated_synthetic
BGW-051,1,42.907,production,1704.2,290.6,0.755,10.09,0,1.625,0.234,12.87,46.55,18.33,280.47,48.317,46.468,47630.77,True,physics_simulated_synthetic
BGW-051,1,43.428,production,1704.2,290.6,0.755,10.09,0,1.625,0.234,12.87,46.55,18.33,284.92,48.1,47.348,43786.06,True,physics_simulated_synthetic
BGW-051,1,44.159,production,1704.2,290.6,0.755,10.09,0,1.625,0.234,12.87,46.55,18.33,291.17,47.834,50.28,33186.68,True,physics_simulated_synthetic
BGW-051,1,44.331,production,1704.2,290.6,0.755,10.09,0,1.625,0.234,12.87,46.55,18.33,292.63,47.777,46.462,47656.85,True,physics_simulated_synthetic
BGW-051,1,44.804,production,1704.2,290.6,0.755,10.09,0,1.625,0.234,12.87,46.55,18.33,296.68,47.631,45.877,50412.94,True,physics_simulated_synthetic
BGW-051,1,51.319,production,1704.2,290.6,0.755,10.09,0,1.625,0.234,12.87,46.55,18.33,352.35,46.677,46.954,45463.39,True,physics_simulated_synthetic
BGW-051,1,51.975,production,1704.2,290.6,0.755,10.09,0,1.625,0.234,12.87,46.55,18.33,357.95,46.65,45.841,50590.37,True,physics_simulated_synthetic
BGW-051,1,57.238,production,1704.2,290.6,0.755,10.09,0,1.625,0.234,12.87,46.55,18.33,402.93,46.559,47.429,43446.95,True,physics_simulated_synthetic
BGW-051,1,59.506,production,1704.2,290.6,0.755,10.09,0,1.625,0.234,12.87,46.55,18.33,422.31,46.551,45.637,51592.94,True,physics_simulated_synthetic
BGW-052,3,2.667,soak,1355.3,262.2,0.726,11.32,2,1.66,0.27,18.28,47.55,17.08,0.0,176.081,177.415,6.42,True,physics_simulated_synthetic
BGW-052,3,2.799,soak,1355.3,262.2,0.726,11.32,2,1.66,0.27,18.28,47.55,17.08,0.0,175.537,177.282,6.47,True,physics_simulated_synthetic
BGW-052,3,8.907,soak,1355.3,262.2,0.726,11.32,2,1.66,0.27,18.28,47.55,17.08,0.0,152.635,153.599,21.63,True,physics_simulated_synthetic
BGW-052,3,8.97,soak,1355.3,262.2,0.726,11.32,2,1.66,0.27,18.28,47.55,17.08,0.0,152.419,153.631,21.59,True,physics_simulated_synthetic
BGW-052,3,10.762,soak,1355.3,262.2,0.726,11.32,2,1.66,0.27,18.28,47.55,17.08,0.0,146.525,150.618,25.42,True,physics_simulated_synthetic
BGW-052,3,12.636,production,1355.3,262.2,0.726,11.32,2,1.66,0.27,18.28,47.55,17.08,15.33,140.31,140.601,44.5,True,physics_simulated_synthetic
BGW-052,3,13.175,production,1355.3,262.2,0.726,11.32,2,1.66,0.27,18.28,47.55,17.08,21.59,138.526,138.904,49.05,True,physics_simulated_synthetic
BGW-052,3,18.238,production,1355.3,262.2,0.726,11.32,2,1.66,0.27,18.28,47.55,17.08,80.48,118.045,121.998,135.71,True,physics_simulated_synthetic
BGW-052,3,20.546,production,1355.3,262.2,0.726,11.32,2,1.66,0.27,18.28,47.55,17.08,107.34,108.346,110.917,277.55,True,physics_simulated_synthetic
BGW-052,3,26.92,production,1355.3,262.2,0.726,11.32,2,1.66,0.27,18.28,47.55,17.08,181.48,79.842,84.507,1826.52,True,physics_simulated_synthetic
BGW-052,3,28.167,production,1355.3,262.2,0.726,11.32,2,1.66,0.27,18.28,47.55,17.08,195.98,75.329,76.395,3449.73,True,physics_simulated_synthetic
BGW-052,3,34.521,production,1355.3,262.2,0.726,11.32,2,1.66,0.27,18.28,47.55,17.08,269.9,57.024,58.898,15115.69,True,physics_simulated_synthetic
BGW-052,3,35.326,production,1355.3,262.2,0.726,11.32,2,1.66,0.27,18.28,47.55,17.08,279.25,55.639,56.411,18886.02,True,physics_simulated_synthetic
BGW-052,3,39.075,production,1355.3,262.2,0.726,11.32,2,1.66,0.27,18.28,47.55,17.08,322.86,50.936,52.834,26173.7,True,physics_simulated_synthetic
BGW-052,3,43.899,production,1355.3,262.2,0.726,11.32,2,1.66,0.27,18.28,47.55,17.08,378.98,48.363,47.576,42842.2,True,physics_simulated_synthetic
BGW-052,3,45.126,production,1355.3,262.2,0.726,11.32,2,1.66,0.27,18.28,47.55,17.08,393.26,48.091,50.747,31767.36,True,physics_simulated_synthetic
BGW-052,3,47.183,production,1355.3,262.2,0.726,11.32,2,1.66,0.27,18.28,47.55,17.08,417.19,47.806,49.956,34208.87,True,physics_simulated_synthetic
BGW-052,3,56.567,production,1355.3,262.2,0.726,11.32,2,1.66,0.27,18.28,47.55,17.08,526.35,47.549,49.165,36852.86,True,physics_simulated_synthetic
BGW-052,3,58.138,production,1355.3,262.2,0.726,11.32,2,1.66,0.27,18.28,47.55,17.08,544.62,47.547,48.697,38516.87,True,physics_simulated_synthetic
BGW-052,3,59.969,production,1355.3,262.2,0.726,11.32,2,1.66,0.27,18.28,47.55,17.08,565.92,47.546,47.991,41186.8,True,physics_simulated_synthetic
BGW-052,3,7.088,production,1754.6,234.0,0.809,5.92,2,2.224,0.209,8.24,46.76,18.71,19.92,139.961,140.255,45.39,True,physics_simulated_synthetic
BGW-052,3,8.675,production,1754.6,234.0,0.809,5.92,2,2.224,0.209,8.24,46.76,18.71,47.05,130.783,132.039,73.4,True,physics_simulated_synthetic
BGW-052,3,13.784,production,1754.6,234.0,0.809,5.92,2,2.224,0.209,8.24,46.76,18.71,134.37,101.599,101.059,543.58,True,physics_simulated_synthetic
BGW-052,3,21.164,production,1754.6,234.0,0.809,5.92,2,2.224,0.209,8.24,46.76,18.71,260.5,66.906,67.183,7368.47,True,physics_simulated_synthetic
BGW-052,3,25.987,production,1754.6,234.0,0.809,5.92,2,2.224,0.209,8.24,46.76,18.71,342.94,54.456,58.057,16290.97,True,physics_simulated_synthetic
BGW-052,3,26.291,production,1754.6,234.0,0.809,5.92,2,2.224,0.209,8.24,46.76,18.71,348.12,53.954,55.451,20599.07,True,physics_simulated_synthetic
BGW-052,3,26.614,production,1754.6,234.0,0.809,5.92,2,2.224,0.209,8.24,46.76,18.71,353.65,53.446,57.789,16685.69,True,physics_simulated_synthetic
BGW-052,3,27.151,production,1754.6,234.0,0.809,5.92,2,2.224,0.209,8.24,46.76,18.71,362.82,52.659,54.223,23038.55,True,physics_simulated_synthetic
BGW-052,3,30.103,production,1754.6,234.0,0.809,5.92,2,2.224,0.209,8.24,46.76,18.71,413.28,49.445,51.092,30760.92,True,physics_simulated_synthetic
BGW-052,3,31.949,production,1754.6,234.0,0.809,5.92,2,2.224,0.209,8.24,46.76,18.71,444.83,48.297,50.891,31342.4,True,physics_simulated_synthetic
BGW-052,3,34.516,production,1754.6,234.0,0.809,5.92,2,2.224,0.209,8.24,46.76,18.71,488.71,47.396,45.762,50976.83,True,physics_simulated_synthetic
BGW-052,3,36.384,production,1754.6,234.0,0.809,5.92,2,2.224,0.209,8.24,46.76,18.71,520.63,47.071,49.055,37236.62,True,physics_simulated_synthetic
BGW-052,3,36.995,production,1754.6,234.0,0.809,5.92,2,2.224,0.209,8.24,46.76,18.71,531.07,47.004,48.632,38756.43,True,physics_simulated_synthetic
BGW-052,3,37.486,production,1754.6,234.0,0.809,5.92,2,2.224,0.209,8.24,46.76,18.71,539.46,46.959,50.736,31798.28,True,physics_simulated_synthetic
BGW-052,3,38.711,production,1754.6,234.0,0.809,5.92,2,2.224,0.209,8.24,46.76,18.71,560.41,46.877,49.925,34309.08,True,physics_simulated_synthetic
BGW-052,3,41.42,production,1754.6,234.0,0.809,5.92,2,2.224,0.209,8.24,46.76,18.71,606.7,46.793,46.903,45688.4,True,physics_simulated_synthetic
BGW-052,3,41.959,production,1754.6,234.0,0.809,5.92,2,2.224,0.209,8.24,46.76,18.71,615.91,46.785,50.221,33368.12,True,physics_simulated_synthetic
BGW-052,3,52.526,production,1754.6,234.0,0.809,5.92,2,2.224,0.209,8.24,46.76,18.71,796.53,46.762,48.092,40793.29,True,physics_simulated_synthetic
BGW-052,3,53.901,production,1754.6,234.0,0.809,5.92,2,2.224,0.209,8.24,46.76,18.71,820.01,46.762,47.193,44439.59,True,physics_simulated_synthetic
BGW-052,3,56.659,production,1754.6,234.0,0.809,5.92,2,2.224,0.209,8.24,46.76,18.71,867.15,46.762,48.735,38380.94,True,physics_simulated_synthetic
BGW-052,1,0.172,soak,783.0,231.5,0.598,9.86,0,1.416,0.304,9.1,46.22,17.02,0.0,135.589,137.42,53.46,True,physics_simulated_synthetic
BGW-052,1,0.752,soak,783.0,231.5,0.598,9.86,0,1.416,0.304,9.1,46.22,17.02,0.0,133.69,134.572,63.16,True,physics_simulated_synthetic
BGW-052,1,6.697,soak,783.0,231.5,0.598,9.86,0,1.416,0.304,9.1,46.22,17.02,0.0,116.399,115.442,206.21,True,physics_simulated_synthetic
BGW-052,1,7.523,soak,783.0,231.5,0.598,9.86,0,1.416,0.304,9.1,46.22,17.02,0.0,114.284,115.999,198.9,True,physics_simulated_synthetic
BGW-052,1,12.095,production,783.0,231.5,0.598,9.86,0,1.416,0.304,9.1,46.22,17.02,36.09,102.318,103.296,465.27,True,physics_simulated_synthetic
BGW-052,1,14.693,production,783.0,231.5,0.598,9.86,0,1.416,0.304,9.1,46.22,17.02,77.99,95.13,99.534,605.09,True,physics_simulated_synthetic
BGW-052,1,15.397,production,783.0,231.5,0.598,9.86,0,1.416,0.304,9.1,46.22,17.02,89.34,93.175,95.988,778.97,True,physics_simulated_synthetic
BGW-052,1,16.018,production,783.0,231.5,0.598,9.86,0,1.416,0.304,9.1,46.22,17.02,99.36,91.42,93.188,954.19,True,physics_simulated_synthetic
BGW-052,1,16.4,production,783.0,231.5,0.598,9.86,0,1.416,0.304,9.1,46.22,17.02,105.52,90.332,91.454,1083.65,True,physics_simulated_synthetic
BGW-052,1,24.716,production,783.0,231.5,0.598,9.86,0,1.416,0.304,9.1,46.22,17.02,239.62,63.242,64.244,9468.87,True,physics_simulated_synthetic
BGW-052,1,25.675,production,783.0,231.5,0.598,9.86,0,1.416,0.304,9.1,46.22,17.02,255.09,61.018,60.386,13250.37,True,physics_simulated_synthetic
BGW-052,1,30.57,production,783.0,231.5,0.598,9.86,0,1.416,0.304,9.1,46.22,17.02,334.03,51.976,50.315,33076.54,True,physics_simulated_synthetic
BGW-052,1,34.981,production,783.0,231.5,0.598,9.86,0,1.416,0.304,9.1,46.22,17.02,405.17,48.047,47.598,42753.09,True,physics_simulated_synthetic
BGW-052,1,38.509,production,783.0,231.5,0.598,9.86,0,1.416,0.304,9.1,46.22,17.02,462.06,46.799,47.505,43134.4,True,physics_simulated_synthetic
BGW-052,1,41.997,production,783.0,231.5,0.598,9.86,0,1.416,0.304,9.1,46.22,17.02,518.32,46.365,45.217,53729.13,True,physics_simulated_synthetic
BGW-052,1,42.912,production,783.0,231.5,0.598,9.86,0,1.416,0.304,9.1,46.22,17.02,533.08,46.317,46.329,48273.3,True,physics_simulated_synthetic
BGW-052,1,48.51,production,783.0,231.5,0.598,9.86,0,1.416,0.304,9.1,46.22,17.02,623.35,46.223,46.649,46811.26,True,physics_simulated_synthetic
BGW-052,1,51.099,production,783.0,231.5,0.598,9.86,0,1.416,0.304,9.1,46.22,17.02,665.11,46.218,46.69,46628.77,True,physics_simulated_synthetic
BGW-052,1,54.588,production,783.0,231.5,0.598,9.86,0,1.416,0.304,9.1,46.22,17.02,721.37,46.217,46.064,49515.7,True,physics_simulated_synthetic
BGW-052,1,59.118,production,783.0,231.5,0.598,9.86,0,1.416,0.304,9.1,46.22,17.02,794.43,46.217,46.512,47429.52,True,physics_simulated_synthetic
BGW-053,5,2.164,soak,1671.1,307.5,0.706,7.02,4,1.96,0.315,17.03,46.85,17.66,0.0,181.219,183.059,5.0,True,physics_simulated_synthetic
BGW-053,5,8.147,production,1671.1,307.5,0.706,7.02,4,1.96,0.315,17.03,46.85,17.66,21.11,152.349,154.85,20.22,True,physics_simulated_synthetic
BGW-053,5,8.232,production,1671.1,307.5,0.706,7.02,4,1.96,0.315,17.03,46.85,17.66,22.69,151.973,154.905,20.16,True,physics_simulated_synthetic
BGW-053,5,11.537,production,1671.1,307.5,0.706,7.02,4,1.96,0.315,17.03,46.85,17.66,84.34,135.497,138.799,49.35,True,physics_simulated_synthetic
BGW-053,5,15.305,production,1671.1,307.5,0.706,7.02,4,1.96,0.315,17.03,46.85,17.66,154.62,114.527,119.645,157.44,True,physics_simulated_synthetic
BGW-053,5,19.241,production,1671.1,307.5,0.706,7.02,4,1.96,0.315,17.03,46.85,17.66,228.04,91.989,96.833,733.12,True,physics_simulated_synthetic
BGW-053,5,22.051,production,1671.1,307.5,0.706,7.02,4,1.96,0.315,17.03,46.85,17.66,280.44,77.721,83.751,1935.8,True,physics_simulated_synthetic
BGW-053,5,26.105,production,1671.1,307.5,0.706,7.02,4,1.96,0.315,17.03,46.85,17.66,356.07,61.608,67.2,7357.9,True,physics_simulated_synthetic
BGW-053,5,26.141,production,1671.1,307.5,0.706,7.02,4,1.96,0.315,17.03,46.85,17.66,356.75,61.502,67.54,7149.23,True,physics_simulated_synthetic
BGW-053,5,27.44,production,1671.1,307.5,0.706,7.02,4,1.96,0.315,17.03,46.85,17.66,380.98,57.954,63.344,10233.98,True,physics_simulated_synthetic
BGW-053,5,28.62,production,1671.1,307.5,0.706,7.02,4,1.96,0.315,17.03,46.85,17.66,402.98,55.293,60.125,13559.29,True,physics_simulated_synthetic
BGW-053,5,30.601,production,1671.1,307.5,0.706,7.02,4,1.96,0.315,17.03,46.85,17.66,439.93,51.882,57.959,16434.09,True,physics_simulated_synthetic
BGW-053,5,39.632,production,1671.1,307.5,0.706,7.02,4,1.96,0.315,17.03,46.85,17.66,608.38,46.985,52.81,26229.67,True,physics_simulated_synthetic
BGW-053,5,40.983,production,1671.1,307.5,0.706,7.02,4,1.96,0.315,17.03,46.85,17.66,633.59,46.919,51.984,28313.06,True,physics_simulated_synthetic
BGW-053,5,42.938,production,1671.1,307.5,0.706,7.02,4,1.96,0.315,17.03,46.85,17.66,670.04,46.873,53.191,25325.6,True,physics_simulated_synthetic
BGW-053,5,48.373,production,1671.1,307.5,0.706,7.02,4,1.96,0.315,17.03,46.85,17.66,771.43,46.849,48.103,40748.47,True,physics_simulated_synthetic
BGW-053,5,50.686,production,1671.1,307.5,0.706,7.02,4,1.96,0.315,17.03,46.85,17.66,814.57,46.849,50.98,31083.06,True,physics_simulated_synthetic
BGW-053,5,50.975,production,1671.1,307.5,0.706,7.02,4,1.96,0.315,17.03,46.85,17.66,819.96,46.849,50.959,31145.42,True,physics_simulated_synthetic
BGW-053,5,53.012,production,1671.1,307.5,0.706,7.02,4,1.96,0.315,17.03,46.85,17.66,857.95,46.848,53.0,25774.3,True,physics_simulated_synthetic
BGW-053,5,53.502,production,1671.1,307.5,0.706,7.02,4,1.96,0.315,17.03,46.85,17.66,867.1,46.848,53.587,24421.66,True,physics_simulated_synthetic
BGW-054,5,2.074,soak,795.8,287.5,0.698,5.33,4,1.885,0.273,8.2,46.31,18.71,0.0,147.635,148.918,27.9,True,physics_simulated_synthetic
BGW-054,5,7.759,production,795.8,287.5,0.698,5.33,4,1.885,0.273,8.2,46.31,18.71,44.24,120.9,122.994,127.5,True,physics_simulated_synthetic
BGW-054,5,16.508,production,795.8,287.5,0.698,5.33,4,1.885,0.273,8.2,46.31,18.71,203.9,79.317,78.358,2949.97,True,physics_simulated_synthetic
BGW-054,5,18.683,production,795.8,287.5,0.698,5.33,4,1.885,0.273,8.2,46.31,18.71,243.6,71.251,71.187,5272.02,True,physics_simulated_synthetic
BGW-054,5,22.742,production,795.8,287.5,0.698,5.33,4,1.885,0.273,8.2,46.31,18.71,317.67,58.961,57.677,16854.85,True,physics_simulated_synthetic
BGW-054,5,23.367,production,795.8,287.5,0.698,5.33,4,1.885,0.273,8.2,46.31,18.71,329.07,57.556,57.025,17870.58,True,physics_simulated_synthetic
BGW-054,5,23.614,production,795.8,287.5,0.698,5.33,4,1.885,0.273,8.2,46.31,18.71,333.58,57.032,59.241,14662.26,True,physics_simulated_synthetic
BGW-054,5,25.104,production,795.8,287.5,0.698,5.33,4,1.885,0.273,8.2,46.31,18.71,360.77,54.173,56.711,18381.41,True,physics_simulated_synthetic
BGW-054,5,25.438,production,795.8,287.5,0.698,5.33,4,1.885,0.273,8.2,46.31,18.71,366.86,53.621,52.47,27068.14,True,physics_simulated_synthetic
BGW-054,5,26.967,production,795.8,287.5,0.698,5.33,4,1.885,0.273,8.2,46.31,18.71,394.78,51.412,51.226,30378.72,True,physics_simulated_synthetic
BGW-054,5,32.561,production,795.8,287.5,0.698,5.33,4,1.885,0.273,8.2,46.31,18.71,496.86,47.216,47.565,42887.12,True,physics_simulated_synthetic
BGW-054,5,34.677,production,795.8,287.5,0.698,5.33,4,1.885,0.273,8.2,46.31,18.71,535.47,46.723,47.999,41154.34,True,physics_simulated_synthetic
BGW-054,5,37.513,production,795.8,287.5,0.698,5.33,4,1.885,0.273,8.2,46.31,18.71,587.23,46.433,45.309,53252.08,True,physics_simulated_synthetic
BGW-054,5,37.606,production,795.8,287.5,0.698,5.33,4,1.885,0.273,8.2,46.31,18.71,588.93,46.428,45.309,53252.08,True,physics_simulated_synthetic
BGW-054,5,37.82,production,795.8,287.5,0.698,5.33,4,1.885,0.273,8.2,46.31,18.71,592.83,46.417,47.558,42916.27,True,physics_simulated_synthetic
BGW-054,5,44.394,production,795.8,287.5,0.698,5.33,4,1.885,0.273,8.2,46.31,18.71,712.79,46.312,45.309,53252.08,True,physics_simulated_synthetic
BGW-054,5,45.114,production,795.8,287.5,0.698,5.33,4,1.885,0.273,8.2,46.31,18.71,725.95,46.311,46.141,49149.42,True,physics_simulated_synthetic
BGW-054,5,48.37,production,795.8,287.5,0.698,5.33,4,1.885,0.273,8.2,46.31,18.71,785.36,46.31,46.992,45298.93,True,physics_simulated_synthetic
BGW-054,5,50.35,production,795.8,287.5,0.698,5.33,4,1.885,0.273,8.2,46.31,18.71,821.49,46.309,47.347,43789.28,True,physics_simulated_synthetic
BGW-054,5,50.435,production,795.8,287.5,0.698,5.33,4,1.885,0.273,8.2,46.31,18.71,823.03,46.309,46.567,47182.37,True,physics_simulated_synthetic
BGW-054,5,19.035,production,1301.3,174.4,0.79,11.08,4,1.755,0.229,6.62,47.18,18.82,69.44,81.47,82.04,2209.43,True,physics_simulated_synthetic
BGW-054,5,20.91,production,1301.3,174.4,0.79,11.08,4,1.755,0.229,6.62,47.18,18.82,85.81,76.278,76.689,3369.59,True,physics_simulated_synthetic
BGW-054,5,21.295,production,1301.3,174.4,0.79,11.08,4,1.755,0.229,6.62,47.18,18.82,89.16,75.281,77.283,3213.35,True,physics_simulated_synthetic
BGW-054,5,22.84,production,1301.3,174.4,0.79,11.08,4,1.755,0.229,6.62,47.18,18.82,102.65,71.389,71.019,5345.72,True,physics_simulated_synthetic
BGW-054,5,23.049,production,1301.3,174.4,0.79,11.08,4,1.755,0.229,6.62,47.18,18.82,104.48,70.893,71.152,5287.02,True,physics_simulated_synthetic
BGW-054,5,23.11,production,1301.3,174.4,0.79,11.08,4,1.755,0.229,6.62,47.18,18.82,105.01,70.748,69.678,5975.2,True,physics_simulated_synthetic
BGW-054,5,23.515,production,1301.3,174.4,0.79,11.08,4,1.755,0.229,6.62,47.18,18.82,108.54,69.803,72.245,4831.74,True,physics_simulated_synthetic
BGW-054,5,23.696,production,1301.3,174.4,0.79,11.08,4,1.755,0.229,6.62,47.18,18.82,110.13,69.386,70.391,5631.03,True,physics_simulated_synthetic
BGW-054,5,27.881,production,1301.3,174.4,0.79,11.08,4,1.755,0.229,6.62,47.18,18.82,146.67,60.595,60.06,13636.65,True,physics_simulated_synthetic
BGW-054,5,28.55,production,1301.3,174.4,0.79,11.08,4,1.755,0.229,6.62,47.18,18.82,152.5,59.47,59.766,13995.97,True,physics_simulated_synthetic
BGW-054,5,30.983,production,1301.3,174.4,0.79,11.08,4,1.755,0.229,6.62,47.18,18.82,173.75,55.826,56.995,17917.99,True,physics_simulated_synthetic
BGW-054,5,32.876,production,1301.3,174.4,0.79,11.08,4,1.755,0.229,6.62,47.18,18.82,190.27,53.566,53.671,24233.97,True,physics_simulated_synthetic
BGW-054,5,34.979,production,1301.3,174.4,0.79,11.08,4,1.755,0.229,6.62,47.18,18.82,208.63,51.583,51.29,30198.25,True,physics_simulated_synthetic
BGW-054,5,37.018,production,1301.3,174.4,0.79,11.08,4,1.755,0.229,6.62,47.18,18.82,226.43,50.138,49.677,35116.68,True,physics_simulated_synthetic
BGW-054,5,38.573,production,1301.3,174.4,0.79,11.08,4,1.755,0.229,6.62,47.18,18.82,240.01,49.31,50.24,33308.84,True,physics_simulated_synthetic
BGW-054,5,40.673,production,1301.3,174.4,0.79,11.08,4,1.755,0.229,6.62,47.18,18.82,258.34,48.493,48.447,39439.8,True,physics_simulated_synthetic
BGW-054,5,43.374,production,1301.3,174.4,0.79,11.08,4,1.755,0.229,6.62,47.18,18.82,281.92,47.835,47.656,42519.87,True,physics_simulated_synthetic
BGW-054,5,49.185,production,1301.3,174.4,0.79,11.08,4,1.755,0.229,6.62,47.18,18.82,332.65,47.286,46.182,48956.66,True,physics_simulated_synthetic
BGW-054,5,49.924,production,1301.3,174.4,0.79,11.08,4,1.755,0.229,6.62,47.18,18.82,339.1,47.262,47.827,41833.03,True,physics_simulated_synthetic
BGW-054,5,58.627,production,1301.3,174.4,0.79,11.08,4,1.755,0.229,6.62,47.18,18.82,415.08,47.184,47.386,43627.49,True,physics_simulated_synthetic
BGW-055,4,0.899,soak,1442.1,435.0,0.677,10.3,3,1.485,0.234,10.73,46.21,18.0,0.0,185.974,189.021,5.0,True,physics_simulated_synthetic
BGW-055,4,2.004,soak,1442.1,435.0,0.677,10.3,3,1.485,0.234,10.73,46.21,18.0,0.0,180.356,182.11,5.13,True,physics_simulated_synthetic
BGW-055,4,7.41,soak,1442.1,435.0,0.677,10.3,3,1.485,0.234,10.73,46.21,18.0,0.0,155.976,156.612,18.41,True,physics_simulated_synthetic
BGW-055,4,11.406,production,1442.1,435.0,0.677,10.3,3,1.485,0.234,10.73,46.21,18.0,10.95,140.288,141.959,41.18,True,physics_simulated_synthetic
BGW-055,4,11.536,production,1442.1,435.0,0.677,10.3,3,1.485,0.234,10.73,46.21,18.0,12.25,139.808,142.44,40.07,True,physics_simulated_synthetic
BGW-055,4,15.448,production,1442.1,435.0,0.677,10.3,3,1.485,0.234,10.73,46.21,18.0,51.17,124.046,124.3,117.54,True,physics_simulated_synthetic
BGW-055,4,24.043,production,1442.1,435.0,0.677,10.3,3,1.485,0.234,10.73,46.21,18.0,136.67,85.52,85.127,1742.03,True,physics_simulated_synthetic
BGW-055,4,29.393,production,1442.1,435.0,0.677,10.3,3,1.485,0.234,10.73,46.21,18.0,189.89,66.773,71.474,5148.28,True,physics_simulated_synthetic
BGW-055,4,29.635,production,1442.1,435.0,0.677,10.3,3,1.485,0.234,10.73,46.21,18.0,192.3,66.113,67.125,7404.52,True,physics_simulated_synthetic
BGW-055,4,33.5,production,1442.1,435.0,0.677,10.3,3,1.485,0.234,10.73,46.21,18.0,230.74,56.95,58.669,15425.89,True,physics_simulated_synthetic
BGW-055,4,34.462,production,1442.1,435.0,0.677,10.3,3,1.485,0.234,10.73,46.21,18.0,240.32,55.268,56.623,18529.01,True,physics_simulated_synthetic
BGW-055,4,37.104,production,1442.1,435.0,0.677,10.3,3,1.485,0.234,10.73,46.21,18.0,266.6,51.564,54.243,22996.81,True,physics_simulated_synthetic
BGW-055,4,37.198,production,1442.1,435.0,0.677,10.3,3,1.485,0.234,10.73,46.21,18.0,267.54,51.46,55.853,19862.0,True,physics_simulated_synthetic
BGW-055,4,38.051,production,1442.1,435.0,0.677,10.3,3,1.485,0.234,10.73,46.21,18.0,276.02,50.58,53.303,25065.14,True,physics_simulated_synthetic
BGW-055,4,39.494,production,1442.1,435.0,0.677,10.3,3,1.485,0.234,10.73,46.21,18.0,290.38,49.348,49.134,36961.3,True,physics_simulated_synthetic
BGW-055,4,44.681,production,1442.1,435.0,0.677,10.3,3,1.485,0.234,10.73,46.21,18.0,341.98,46.944,46.918,45622.05,True,physics_simulated_synthetic
BGW-055,4,51.675,production,1442.1,435.0,0.677,10.3,3,1.485,0.234,10.73,46.21,18.0,411.54,46.265,47.618,42672.0,True,physics_simulated_synthetic
BGW-055,4,56.187,production,1442.1,435.0,0.677,10.3,3,1.485,0.234,10.73,46.21,18.0,456.44,46.218,47.754,42123.19,True,physics_simulated_synthetic
BGW-055,4,58.145,production,1442.1,435.0,0.677,10.3,3,1.485,0.234,10.73,46.21,18.0,475.91,46.214,45.715,51209.42,True,physics_simulated_synthetic
BGW-055,4,58.425,production,1442.1,435.0,0.677,10.3,3,1.485,0.234,10.73,46.21,18.0,478.7,46.214,49.272,36481.94,True,physics_simulated_synthetic
BGW-055,2,1.563,soak,944.0,183.7,0.615,11.25,1,1.394,0.239,13.4,46.71,18.04,0.0,134.124,132.435,71.68,True,physics_simulated_synthetic
BGW-055,2,2.605,soak,944.0,183.7,0.615,11.25,1,1.394,0.239,13.4,46.71,18.04,0.0,131.245,132.168,72.84,True,physics_simulated_synthetic
BGW-055,2,3.773,soak,944.0,183.7,0.615,11.25,1,1.394,0.239,13.4,46.71,18.04,0.0,128.13,131.24,76.99,True,physics_simulated_synthetic
BGW-055,2,6.523,soak,944.0,183.7,0.615,11.25,1,1.394,0.239,13.4,46.71,18.04,0.0,121.245,123.803,121.23,True,physics_simulated_synthetic
BGW-055,2,13.586,production,944.0,183.7,0.615,11.25,1,1.394,0.239,13.4,46.71,18.04,26.14,104.348,104.516,427.73,True,physics_simulated_synthetic
BGW-055,2,19.694,production,944.0,183.7,0.615,11.25,1,1.394,0.239,13.4,46.71,18.04,94.38,87.486,86.518,1567.17,True,physics_simulated_synthetic
BGW-055,2,21.008,production,944.0,183.7,0.615,11.25,1,1.394,0.239,13.4,46.71,18.04,109.07,83.963,85.594,1681.06,True,physics_simulated_synthetic
BGW-055,2,23.866,production,944.0,183.7,0.615,11.25,1,1.394,0.239,13.4,46.71,18.04,140.99,76.064,73.808,4252.11,True,physics_simulated_synthetic
BGW-055,2,25.536,production,944.0,183.7,0.615,11.25,1,1.394,0.239,13.4,46.71,18.04,159.64,71.687,74.229,4108.88,True,physics_simulated_synthetic
BGW-055,2,26.274,production,944.0,183.7,0.615,11.25,1,1.394,0.239,13.4,46.71,18.04,167.89,69.841,70.53,5566.83,True,physics_simulated_synthetic
BGW-055,2,30.004,production,944.0,183.7,0.615,11.25,1,1.394,0.239,13.4,46.71,18.04,209.56,61.062,64.613,9173.47,True,physics_simulated_synthetic
BGW-055,2,33.809,production,944.0,183.7,0.615,11.25,1,1.394,0.239,13.4,46.71,18.04,252.07,54.395,52.965,25859.28,True,physics_simulated_synthetic
BGW-055,2,34.035,production,944.0,183.7,0.615,11.25,1,1.394,0.239,13.4,46.71,18.04,254.6,54.092,56.365,18964.8,True,physics_simulated_synthetic
BGW-055,2,38.914,production,944.0,183.7,0.615,11.25,1,1.394,0.239,13.4,46.71,18.04,309.11,49.252,50.099,33752.37,True,physics_simulated_synthetic
BGW-055,2,39.131,production,944.0,183.7,0.615,11.25,1,1.394,0.239,13.4,46.71,18.04,311.53,49.124,49.648,35211.95,True,physics_simulated_synthetic
BGW-055,2,40.672,production,944.0,183.7,0.615,11.25,1,1.394,0.239,13.4,46.71,18.04,328.75,48.343,47.413,43514.86,True,physics_simulated_synthetic
BGW-055,2,40.858,production,944.0,183.7,0.615,11.25,1,1.394,0.239,13.4,46.71,18.04,330.82,48.266,50.087,33789.73,True,physics_simulated_synthetic
BGW-055,2,48.11,production,944.0,183.7,0.615,11.25,1,1.394,0.239,13.4,46.71,18.04,411.84,46.844,48.778,38225.03,True,physics_simulated_synthetic
BGW-055,2,56.239,production,944.0,183.7,0.615,11.25,1,1.394,0.239,13.4,46.71,18.04,502.65,46.712,50.199,33439.2,True,physics_simulated_synthetic
BGW-055,2,57.422,production,944.0,183.7,0.615,11.25,1,1.394,0.239,13.4,46.71,18.04,515.88,46.711,49.109,37046.37,True,physics_simulated_synthetic
BGW-055,5,10.142,production,1192.5,374.1,0.731,9.33,4,2.114,0.29,18.4,46.7,18.31,7.13,143.323,145.629,33.48,True,physics_simulated_synthetic
BGW-055,5,14.489,production,1192.5,374.1,0.731,9.33,4,2.114,0.29,18.4,46.7,18.31,45.44,124.924,129.773,84.09,True,physics_simulated_synthetic
BGW-055,5,15.631,production,1192.5,374.1,0.731,9.33,4,2.114,0.29,18.4,46.7,18.31,55.51,120.287,120.703,147.24,True,physics_simulated_synthetic
BGW-055,5,16.817,production,1192.5,374.1,0.731,9.33,4,2.114,0.29,18.4,46.7,18.31,65.97,115.464,118.563,168.68,True,physics_simulated_synthetic
BGW-055,5,18.538,production,1192.5,374.1,0.731,9.33,4,2.114,0.29,18.4,46.7,18.31,81.14,108.418,113.691,231.15,True,physics_simulated_synthetic
BGW-055,5,20.031,production,1192.5,374.1,0.731,9.33,4,2.114,0.29,18.4,46.7,18.31,94.3,102.368,104.783,419.96,True,physics_simulated_synthetic
BGW-055,5,25.207,production,1192.5,374.1,0.731,9.33,4,2.114,0.29,18.4,46.7,18.31,139.92,81.553,83.556,1964.94,True,physics_simulated_synthetic
BGW-055,5,30.523,production,1192.5,374.1,0.731,9.33,4,2.114,0.29,18.4,46.7,18.31,186.78,64.61,65.348,8613.03,True,physics_simulated_synthetic
BGW-055,5,33.808,production,1192.5,374.1,0.731,9.33,4,2.114,0.29,18.4,46.7,18.31,215.73,57.419,61.307,12220.14,True,physics_simulated_synthetic
BGW-055,5,34.434,production,1192.5,374.1,0.731,9.33,4,2.114,0.29,18.4,46.7,18.31,221.25,56.345,57.64,16911.06,True,physics_simulated_synthetic
BGW-055,5,35.674,production,1192.5,374.1,0.731,9.33,4,2.114,0.29,18.4,46.7,18.31,232.18,54.431,56.672,18446.94,True,physics_simulated_synthetic
BGW-055,5,38.637,production,1192.5,374.1,0.731,9.33,4,2.114,0.29,18.4,46.7,18.31,258.3,50.947,51.592,29362.23,True,physics_simulated_synthetic
BGW-055,5,41.812,production,1192.5,374.1,0.731,9.33,4,2.114,0.29,18.4,46.7,18.31,286.28,48.712,53.265,25154.11,True,physics_simulated_synthetic
BGW-055,5,42.405,production,1192.5,374.1,0.731,9.33,4,2.114,0.29,18.4,46.7,18.31,291.5,48.434,52.424,27182.34,True,physics_simulated_synthetic
BGW-055,5,43.384,production,1192.5,374.1,0.731,9.33,4,2.114,0.29,18.4,46.7,18.31,300.14,48.043,50.372,32901.06,True,physics_simulated_synthetic
BGW-055,5,45.071,production,1192.5,374.1,0.731,9.33,4,2.114,0.29,18.4,46.7,18.31,315.0,47.539,48.297,40007.44,True,physics_simulated_synthetic
BGW-055,5,47.46,production,1192.5,374.1,0.731,9.33,4,2.114,0.29,18.4,46.7,18.31,336.06,47.103,51.627,29266.68,True,physics_simulated_synthetic
BGW-055,5,54.333,production,1192.5,374.1,0.731,9.33,4,2.114,0.29,18.4,46.7,18.31,396.64,46.728,48.589,38915.29,True,physics_simulated_synthetic
BGW-055,5,54.728,production,1192.5,374.1,0.731,9.33,4,2.114,0.29,18.4,46.7,18.31,400.12,46.723,47.549,42953.23,True,physics_simulated_synthetic
BGW-055,5,58.486,production,1192.5,374.1,0.731,9.33,4,2.114,0.29,18.4,46.7,18.31,433.24,46.703,46.609,46990.66,True,physics_simulated_synthetic
BGW-055,5,0.311,soak,1170.9,202.7,0.723,7.17,4,1.405,0.268,13.53,46.35,18.2,0.0,165.123,167.419,10.52,True,physics_simulated_synthetic
BGW-055,5,1.628,soak,1170.9,202.7,0.723,7.17,4,1.405,0.268,13.53,46.35,18.2,0.0,160.218,162.779,13.33,True,physics_simulated_synthetic
BGW-055,5,3.273,soak,1170.9,202.7,0.723,7.17,4,1.405,0.268,13.53,46.35,18.2,0.0,154.38,155.89,19.13,True,physics_simulated_synthetic
BGW-055,5,11.805,production,1170.9,202.7,0.723,7.17,4,1.405,0.268,13.53,46.35,18.2,40.31,124.649,126.842,100.5,True,physics_simulated_synthetic
BGW-055,5,14.926,production,1170.9,202.7,0.723,7.17,4,1.405,0.268,13.53,46.35,18.2,67.44,113.713,114.678,216.71,True,physics_simulated_synthetic
BGW-055,5,16.465,production,1170.9,202.7,0.723,7.17,4,1.405,0.268,13.53,46.35,18.2,80.82,108.281,113.938,227.44,True,physics_simulated_synthetic
BGW-055,5,19.011,production,1170.9,202.7,0.723,7.17,4,1.405,0.268,13.53,46.35,18.2,102.96,99.014,102.87,479.19,True,physics_simulated_synthetic
BGW-055,5,21.694,production,1170.9,202.7,0.723,7.17,4,1.405,0.268,13.53,46.35,18.2,126.28,89.279,92.034,1038.37,True,physics_simulated_synthetic
BGW-055,5,33.673,production,1170.9,202.7,0.723,7.17,4,1.405,0.268,13.53,46.35,18.2,230.41,54.326,58.341,15884.06,True,physics_simulated_synthetic
BGW-055,5,34.042,production,1170.9,202.7,0.723,7.17,4,1.405,0.268,13.53,46.35,18.2,233.62,53.826,53.428,24780.25,True,physics_simulated_synthetic
BGW-055,5,35.865,production,1170.9,202.7,0.723,7.17,4,1.405,0.268,13.53,46.35,18.2,249.47,51.647,50.439,32694.72,True,physics_simulated_synthetic
BGW-055,5,37.752,production,1170.9,202.7,0.723,7.17,4,1.405,0.268,13.53,46.35,18.2,265.87,49.93,51.744,28950.06,True,physics_simulated_synthetic
BGW-055,5,42.31,production,1170.9,202.7,0.723,7.17,4,1.405,0.268,13.53,46.35,18.2,305.49,47.503,47.946,41360.87,True,physics_simulated_synthetic
BGW-055,5,45.987,production,1170.9,202.7,0.723,7.17,4,1.405,0.268,13.53,46.35,18.2,337.46,46.736,48.778,38224.85,True,physics_simulated_synthetic
BGW-055,5,46.417,production,1170.9,202.7,0.723,7.17,4,1.405,0.268,13.53,46.35,18.2,341.2,46.687,49.348,36222.92,True,physics_simulated_synthetic
BGW-055,5,47.162,production,1170.9,202.7,0.723,7.17,4,1.405,0.268,13.53,46.35,18.2,347.68,46.614,50.276,33198.93,True,physics_simulated_synthetic
BGW-055,5,49.243,production,1170.9,202.7,0.723,7.17,4,1.405,0.268,13.53,46.35,18.2,365.76,46.477,47.256,44170.2,True,physics_simulated_synthetic
BGW-055,5,57.073,production,1170.9,202.7,0.723,7.17,4,1.405,0.268,13.53,46.35,18.2,433.83,46.351,49.283,36443.55,True,physics_simulated_synthetic
BGW-055,5,57.935,production,1170.9,202.7,0.723,7.17,4,1.405,0.268,13.53,46.35,18.2,441.32,46.349,48.743,38352.85,True,physics_simulated_synthetic
BGW-055,5,58.129,production,1170.9,202.7,0.723,7.17,4,1.405,0.268,13.53,46.35,18.2,443.01,46.349,49.209,36701.12,True,physics_simulated_synthetic
BGW-055,1,0.057,soak,2162.5,151.7,0.765,5.95,0,2.364,0.246,6.38,46.05,18.11,0.0,170.86,170.566,8.99,True,physics_simulated_synthetic
BGW-055,1,6.027,production,2162.5,151.7,0.765,5.95,0,2.364,0.246,6.38,46.05,18.11,1.28,130.103,130.834,78.89,True,physics_simulated_synthetic
BGW-055,1,6.162,production,2162.5,151.7,0.765,5.95,0,2.364,0.246,6.38,46.05,18.11,3.42,129.356,127.862,94.42,True,physics_simulated_synthetic
BGW-055,1,7.433,production,2162.5,151.7,0.765,5.95,0,2.364,0.246,6.38,46.05,18.11,23.66,122.423,124.471,116.31,True,physics_simulated_synthetic
BGW-055,1,9.966,production,2162.5,151.7,0.765,5.95,0,2.364,0.246,6.38,46.05,18.11,63.99,109.331,109.711,300.79,True,physics_simulated_synthetic
BGW-055,1,12.595,production,2162.5,151.7,0.765,5.95,0,2.364,0.246,6.38,46.05,18.11,105.85,96.721,98.869,634.2,True,physics_simulated_synthetic
BGW-055,1,13.736,production,2162.5,151.7,0.765,5.95,0,2.364,0.246,6.38,46.05,18.11,124.02,91.656,91.9,1048.64,True,physics_simulated_synthetic
BGW-055,1,15.064,production,2162.5,151.7,0.765,5.95,0,2.364,0.246,6.38,46.05,18.11,145.16,85.996,86.332,1589.42,True,physics_simulated_synthetic
BGW-055,1,20.236,production,2162.5,151.7,0.765,5.95,0,2.364,0.246,6.38,46.05,18.11,227.52,66.324,65.152,8758.97,True,physics_simulated_synthetic
BGW-055,1,28.962,production,2162.5,151.7,0.765,5.95,0,2.364,0.246,6.38,46.05,18.11,366.45,49.096,50.685,31951.19,True,physics_simulated_synthetic
BGW-055,1,31.331,production,2162.5,151.7,0.765,5.95,0,2.364,0.246,6.38,46.05,18.11,404.16,47.62,46.919,45615.39,True,physics_simulated_synthetic
BGW-055,1,35.982,production,2162.5,151.7,0.765,5.95,0,2.364,0.246,6.38,46.05,18.11,478.22,46.367,46.211,48819.62,True,physics_simulated_synthetic
BGW-055,1,36.727,production,2162.5,151.7,0.765,5.95,0,2.364,0.246,6.38,46.05,18.11,490.08,46.289,46.816,46067.88,True,physics_simulated_synthetic
BGW-055,1,37.555,production,2162.5,151.7,0.765,5.95,0,2.364,0.246,6.38,46.05,18.11,503.26,46.223,46.919,45619.23,True,physics_simulated_synthetic
BGW-055,1,44.312,production,2162.5,151.7,0.765,5.95,0,2.364,0.246,6.38,46.05,18.11,610.85,46.06,45.054,54584.69,True,physics_simulated_synthetic
BGW-055,1,53.221,production,2162.5,151.7,0.765,5.95,0,2.364,0.246,6.38,46.05,18.11,752.71,46.054,46.257,48608.13,True,physics_simulated_synthetic
BGW-055,1,53.982,production,2162.5,151.7,0.765,5.95,0,2.364,0.246,6.38,46.05,18.11,764.81,46.054,47.693,42369.33,True,physics_simulated_synthetic
BGW-055,1,55.595,production,2162.5,151.7,0.765,5.95,0,2.364,0.246,6.38,46.05,18.11,790.5,46.054,46.05,49582.85,True,physics_simulated_synthetic
BGW-055,1,58.786,production,2162.5,151.7,0.765,5.95,0,2.364,0.246,6.38,46.05,18.11,841.31,46.054,46.265,48568.49,True,physics_simulated_synthetic
BGW-055,1,59.203,production,2162.5,151.7,0.765,5.95,0,2.364,0.246,6.38,46.05,18.11,847.94,46.054,46.807,46108.74,True,physics_simulated_synthetic
BGW-055,2,6.935,soak,698.9,263.0,0.793,9.76,1,2.342,0.251,15.91,47.33,17.43,0.0,119.576,120.232,151.69,True,physics_simulated_synthetic
BGW-055,2,10.867,production,698.9,263.0,0.793,9.76,1,2.342,0.251,15.91,47.33,17.43,20.02,106.682,107.086,358.92,True,physics_simulated_synthetic
BGW-055,2,12.49,production,698.9,263.0,0.793,9.76,1,2.342,0.251,15.91,47.33,17.43,49.31,101.551,102.072,506.48,True,physics_simulated_synthetic
BGW-055,2,13.664,production,698.9,263.0,0.793,9.76,1,2.342,0.251,15.91,47.33,17.43,70.5,97.812,96.974,725.81,True,physics_simulated_synthetic
BGW-055,2,16.294,production,698.9,263.0,0.793,9.76,1,2.342,0.251,15.91,47.33,17.43,117.94,88.958,91.911,1047.8,True,physics_simulated_synthetic
BGW-055,2,18.215,production,698.9,263.0,0.793,9.76,1,2.342,0.251,15.91,47.33,17.43,152.6,82.527,81.523,2300.13,True,physics_simulated_synthetic
BGW-055,2,19.687,production,698.9,263.0,0.793,9.76,1,2.342,0.251,15.91,47.33,17.43,179.17,77.715,78.422,2934.86,True,physics_simulated_synthetic
BGW-055,2,27.709,production,698.9,263.0,0.793,9.76,1,2.342,0.251,15.91,47.33,17.43,323.9,55.202,57.654,16889.2,True,physics_simulated_synthetic
BGW-055,2,28.791,production,698.9,263.0,0.793,9.76,1,2.342,0.251,15.91,47.33,17.43,343.42,53.599,54.544,22371.83,True,physics_simulated_synthetic
BGW-055,2,31.79,production,698.9,263.0,0.793,9.76,1,2.342,0.251,15.91,47.33,17.43,397.54,50.31,49.927,34302.88,True,physics_simulated_synthetic
BGW-055,2,34.427,production,698.9,263.0,0.793,9.76,1,2.342,0.251,15.91,47.33,17.43,445.12,48.701,47.801,41937.42,True,physics_simulated_synthetic
BGW-055,2,37.955,production,698.9,263.0,0.793,9.76,1,2.342,0.251,15.91,47.33,17.43,508.78,47.72,48.386,39669.79,True,physics_simulated_synthetic
BGW-055,2,44.741,production,698.9,263.0,0.793,9.76,1,2.342,0.251,15.91,47.33,17.43,631.22,47.345,47.273,44100.16,True,physics_simulated_synthetic
BGW-055,2,45.405,production,698.9,263.0,0.793,9.76,1,2.342,0.251,15.91,47.33,17.43,643.2,47.341,48.616,38815.99,True,physics_simulated_synthetic
BGW-055,2,47.695,production,698.9,263.0,0.793,9.76,1,2.342,0.251,15.91,47.33,17.43,684.52,47.333,46.359,48132.8,True,physics_simulated_synthetic
BGW-055,2,47.799,production,698.9,263.0,0.793,9.76,1,2.342,0.251,15.91,47.33,17.43,686.41,47.333,49.459,35845.56,True,physics_simulated_synthetic
BGW-055,2,48.543,production,698.9,263.0,0.793,9.76,1,2.342,0.251,15.91,47.33,17.43,699.82,47.332,48.482,39312.06,True,physics_simulated_synthetic
BGW-055,2,50.334,production,698.9,263.0,0.793,9.76,1,2.342,0.251,15.91,47.33,17.43,732.13,47.331,48.585,38930.66,True,physics_simulated_synthetic
BGW-055,2,57.353,production,698.9,263.0,0.793,9.76,1,2.342,0.251,15.91,47.33,17.43,858.79,47.331,50.336,33012.26,True,physics_simulated_synthetic
BGW-055,2,59.608,production,698.9,263.0,0.793,9.76,1,2.342,0.251,15.91,47.33,17.43,899.47,47.331,47.705,42319.24,True,physics_simulated_synthetic
BGW-056,3,7.828,soak,1890.5,418.9,0.665,9.52,2,1.553,0.278,11.59,46.01,18.91,0.0,152.971,154.599,20.5,True,physics_simulated_synthetic
BGW-056,3,8.158,soak,1890.5,418.9,0.665,9.52,2,1.553,0.278,11.59,46.01,18.91,0.0,151.669,158.392,16.76,True,physics_simulated_synthetic
BGW-056,3,9.373,soak,1890.5,418.9,0.665,9.52,2,1.553,0.278,11.59,46.01,18.91,0.0,147.011,151.9,23.71,True,physics_simulated_synthetic
BGW-056,3,13.964,production,1890.5,418.9,0.665,9.52,2,1.553,0.278,11.59,46.01,18.91,40.61,128.576,132.236,72.54,True,physics_simulated_synthetic
BGW-056,3,17.45,production,1890.5,418.9,0.665,9.52,2,1.553,0.278,11.59,46.01,18.91,72.47,114.287,119.649,157.4,True,physics_simulated_synthetic
BGW-056,3,18.276,production,1890.5,418.9,0.665,9.52,2,1.553,0.278,11.59,46.01,18.91,80.01,110.992,112.723,246.32,True,physics_simulated_synthetic
BGW-056,3,18.565,production,1890.5,418.9,0.665,9.52,2,1.553,0.278,11.59,46.01,18.91,82.65,109.846,112.809,244.92,True,physics_simulated_synthetic
BGW-056,3,19.028,production,1890.5,418.9,0.665,9.52,2,1.553,0.278,11.59,46.01,18.91,86.88,108.003,113.392,235.72,True,physics_simulated_synthetic
BGW-056,3,25.321,production,1890.5,418.9,0.665,9.52,2,1.553,0.278,11.59,46.01,18.91,144.4,81.685,82.438,2142.23,True,physics_simulated_synthetic
BGW-056,3,25.341,production,1890.5,418.9,0.665,9.52,2,1.553,0.278,11.59,46.01,18.91,144.58,81.615,85.767,1659.07,True,physics_simulated_synthetic
BGW-056,3,27.032,production,1890.5,418.9,0.665,9.52,2,1.553,0.278,11.59,46.01,18.91,160.04,75.732,79.844,2623.13,True,physics_simulated_synthetic
BGW-056,3,27.531,production,1890.5,418.9,0.665,9.52,2,1.553,0.278,11.59,46.01,18.91,164.59,74.112,80.236,2543.58,True,physics_simulated_synthetic
BGW-056,3,39.935,production,1890.5,418.9,0.665,9.52,2,1.553,0.278,11.59,46.01,18.91,277.95,48.6,49.751,34874.4,True,physics_simulated_synthetic
BGW-056,3,40.606,production,1890.5,418.9,0.665,9.52,2,1.553,0.278,11.59,46.01,18.91,284.08,48.217,53.837,23866.3,True,physics_simulated_synthetic
BGW-056,3,42.683,production,1890.5,418.9,0.665,9.52,2,1.553,0.278,11.59,46.01,18.91,303.06,47.303,49.887,34431.69,True,physics_simulated_synthetic
BGW-056,3,42.773,production,1890.5,418.9,0.665,9.52,2,1.553,0.278,11.59,46.01,18.91,303.88,47.273,50.014,34024.22,True,physics_simulated_synthetic
BGW-056,3,45.928,production,1890.5,418.9,0.665,9.52,2,1.553,0.278,11.59,46.01,18.91,332.72,46.511,48.168,40500.01,True,physics_simulated_synthetic
BGW-056,3,51.076,production,1890.5,418.9,0.665,9.52,2,1.553,0.278,11.59,46.01,18.91,379.76,46.093,47.937,41396.12,True,physics_simulated_synthetic
BGW-056,3,52.106,production,1890.5,418.9,0.665,9.52,2,1.553,0.278,11.59,46.01,18.91,389.18,46.067,49.999,34071.96,True,physics_simulated_synthetic
BGW-056,3,59.865,production,1890.5,418.9,0.665,9.52,2,1.553,0.278,11.59,46.01,18.91,460.08,46.015,47.825,41842.03,True,physics_simulated_synthetic
BGW-056,5,0.344,soak,1267.9,365.4,0.609,8.28,4,1.324,0.26,13.63,47.47,18.3,0.0,191.956,195.116,5.0,True,physics_simulated_synthetic
BGW-056,5,4.038,soak,1267.9,365.4,0.609,8.28,4,1.324,0.26,13.63,47.47,18.3,0.0,176.638,181.061,5.4,True,physics_simulated_synthetic
BGW-056,5,6.929,soak,1267.9,365.4,0.609,8.28,4,1.324,0.26,13.63,47.47,18.3,0.0,165.789,170.253,9.13,True,physics_simulated_synthetic
BGW-056,5,9.777,production,1267.9,365.4,0.609,8.28,4,1.324,0.26,13.63,47.47,18.3,26.35,155.042,161.033,14.6,True,physics_simulated_synthetic
BGW-056,5,15.531,production,1267.9,365.4,0.609,8.28,4,1.324,0.26,13.63,47.47,18.3,127.33,125.873,129.323,86.41,True,physics_simulated_synthetic
BGW-056,5,15.635,production,1267.9,365.4,0.609,8.28,4,1.324,0.26,13.63,47.47,18.3,129.16,125.35,130.715,79.45,True,physics_simulated_synthetic
BGW-056,5,16.252,production,1267.9,365.4,0.609,8.28,4,1.324,0.26,13.63,47.47,18.3,139.98,122.176,126.526,102.46,True,physics_simulated_synthetic
BGW-056,5,19.496,production,1267.9,365.4,0.609,8.28,4,1.324,0.26,13.63,47.47,18.3,196.92,103.752,110.131,292.47,True,physics_simulated_synthetic
BGW-056,5,19.506,production,1267.9,365.4,0.609,8.28,4,1.324,0.26,13.63,47.47,18.3,197.09,103.7,109.797,299.05,True,physics_simulated_synthetic
BGW-056,5,21.41,production,1267.9,365.4,0.609,8.28,4,1.324,0.26,13.63,47.47,18.3,230.51,93.236,97.802,684.12,True,physics_simulated_synthetic
BGW-056,5,21.504,production,1267.9,365.4,0.609,8.28,4,1.324,0.26,13.63,47.47,18.3,232.16,92.747,96.67,741.73,True,physics_simulated_synthetic
BGW-056,5,24.168,production,1267.9,365.4,0.609,8.28,4,1.324,0.26,13.63,47.47,18.3,278.92,79.042,84.042,1892.87,True,physics_simulated_synthetic
BGW-056,5,26.185,production,1267.9,365.4,0.609,8.28,4,1.324,0.26,13.63,47.47,18.3,314.33,70.235,74.273,4094.16,True,physics_simulated_synthetic
BGW-056,5,29.562,production,1267.9,365.4,0.609,8.28,4,1.324,0.26,13.63,47.47,18.3,373.61,58.919,65.562,8457.02,True,physics_simulated_synthetic
BGW-056,5,31.598,production,1267.9,365.4,0.609,8.28,4,1.324,0.26,13.63,47.47,18.3,409.33,54.476,58.877,15143.76,True,physics_simulated_synthetic
BGW-056,5,33.232,production,1267.9,365.4,0.609,8.28,4,1.324,0.26,13.63,47.47,18.3,438.01,51.972,55.694,20150.29,True,physics_simulated_synthetic
BGW-056,5,39.53,production,1267.9,365.4,0.609,8.28,4,1.324,0.26,13.63,47.47,18.3,548.56,47.923,51.57,29421.61,True,physics_simulated_synthetic
BGW-056,5,41.396,production,1267.9,365.4,0.609,8.28,4,1.324,0.26,13.63,47.47,18.3,581.31,47.672,50.264,33234.85,True,physics_simulated_synthetic
BGW-056,5,55.34,production,1267.9,365.4,0.609,8.28,4,1.324,0.26,13.63,47.47,18.3,826.05,47.471,52.541,26890.59,True,physics_simulated_synthetic
BGW-056,5,58.384,production,1267.9,365.4,0.609,8.28,4,1.324,0.26,13.63,47.47,18.3,879.47,47.471,50.614,32165.26,True,physics_simulated_synthetic
BGW-056,4,1.613,soak,1744.9,232.5,0.609,5.71,3,1.518,0.263,7.9,47.32,17.21,0.0,176.215,180.619,5.51,True,physics_simulated_synthetic
BGW-056,4,11.512,production,1744.9,232.5,0.609,5.71,3,1.518,0.263,7.9,47.32,17.21,107.6,121.036,125.178,111.33,True,physics_simulated_synthetic
BGW-056,4,11.806,production,1744.9,232.5,0.609,5.71,3,1.518,0.263,7.9,47.32,17.21,113.06,119.523,124.697,114.69,True,physics_simulated_synthetic
BGW-056,4,13.324,production,1744.9,232.5,0.609,5.71,3,1.518,0.263,7.9,47.32,17.21,141.22,111.526,114.842,214.41,True,physics_simulated_synthetic
BGW-056,4,17.394,production,1744.9,232.5,0.609,5.71,3,1.518,0.263,7.9,47.32,17.21,216.7,89.614,93.511,931.97,True,physics_simulated_synthetic
BGW-056,4,18.18,production,1744.9,232.5,0.609,5.71,3,1.518,0.263,7.9,47.32,17.21,231.29,85.855,91.338,1093.03,True,physics_simulated_synthetic
BGW-056,4,19.157,production,1744.9,232.5,0.609,5.71,3,1.518,0.263,7.9,47.32,17.21,249.42,81.341,81.979,2219.92,True,physics_simulated_synthetic
BGW-056,4,21.875,production,1744.9,232.5,0.609,5.71,3,1.518,0.263,7.9,47.32,17.21,299.82,69.846,74.5,4019.6,True,physics_simulated_synthetic
BGW-056,4,22.431,production,1744.9,232.5,0.609,5.71,3,1.518,0.263,7.9,47.32,17.21,310.15,67.854,71.216,5259.34,True,physics_simulated_synthetic
BGW-056,4,27.926,production,1744.9,232.5,0.609,5.71,3,1.518,0.263,7.9,47.32,17.21,412.08,53.349,55.901,19776.94,True,physics_simulated_synthetic
BGW-056,4,28.924,production,1744.9,232.5,0.609,5.71,3,1.518,0.263,7.9,47.32,17.21,430.58,51.965,56.265,19136.37,True,physics_simulated_synthetic
BGW-056,4,34.143,production,1744.9,232.5,0.609,5.71,3,1.518,0.263,7.9,47.32,17.21,527.38,48.135,53.682,24208.83,True,physics_simulated_synthetic
BGW-056,4,36.351,production,1744.9,232.5,0.609,5.71,3,1.518,0.263,7.9,47.32,17.21,568.35,47.657,52.941,25915.76,True,physics_simulated_synthetic
BGW-056,4,37.558,production,1744.9,232.5,0.609,5.71,3,1.518,0.263,7.9,47.32,17.21,590.74,47.52,51.159,30567.57,True,physics_simulated_synthetic
BGW-056,4,42.215,production,1744.9,232.5,0.609,5.71,3,1.518,0.263,7.9,47.32,17.21,677.13,47.337,52.392,27264.02,True,physics_simulated_synthetic
BGW-056,4,46.917,production,1744.9,232.5,0.609,5.71,3,1.518,0.263,7.9,47.32,17.21,764.33,47.319,52.364,27334.65,True,physics_simulated_synthetic
BGW-056,4,49.204,production,1744.9,232.5,0.609,5.71,3,1.518,0.263,7.9,47.32,17.21,806.76,47.319,51.025,30952.29,True,physics_simulated_synthetic
BGW-056,4,50.79,production,1744.9,232.5,0.609,5.71,3,1.518,0.263,7.9,47.32,17.21,836.18,47.319,50.177,33506.65,True,physics_simulated_synthetic
BGW-056,4,59.232,production,1744.9,232.5,0.609,5.71,3,1.518,0.263,7.9,47.32,17.21,992.77,47.319,50.258,33253.45,True,physics_simulated_synthetic
BGW-056,4,59.32,production,1744.9,232.5,0.609,5.71,3,1.518,0.263,7.9,47.32,17.21,994.4,47.319,52.32,27444.07,True,physics_simulated_synthetic
BGW-056,4,5.152,soak,2060.7,257.3,0.808,11.35,3,1.323,0.229,15.94,47.51,17.78,0.0,172.264,176.943,6.57,True,physics_simulated_synthetic
BGW-056,4,7.003,soak,2060.7,257.3,0.808,11.35,3,1.323,0.229,15.94,47.51,17.78,0.0,165.848,169.91,9.29,True,physics_simulated_synthetic
BGW-056,4,7.964,soak,2060.7,257.3,0.808,11.35,3,1.323,0.229,15.94,47.51,17.78,0.0,162.65,164.175,12.41,True,physics_simulated_synthetic
BGW-056,4,8.667,soak,2060.7,257.3,0.808,11.35,3,1.323,0.229,15.94,47.51,17.78,0.0,160.363,164.684,12.09,True,physics_simulated_synthetic
BGW-056,4,9.495,soak,2060.7,257.3,0.808,11.35,3,1.323,0.229,15.94,47.51,17.78,0.0,157.729,161.479,14.26,True,physics_simulated_synthetic
BGW-056,4,11.234,soak,2060.7,257.3,0.808,11.35,3,1.323,0.229,15.94,47.51,17.78,0.0,152.396,156.948,18.09,True,physics_simulated_synthetic
BGW-056,4,16.025,production,2060.7,257.3,0.808,11.35,3,1.323,0.229,15.94,47.51,17.78,41.88,135.534,138.815,49.31,True,physics_simulated_synthetic
BGW-056,4,22.103,production,2060.7,257.3,0.808,11.35,3,1.323,0.229,15.94,47.51,17.78,96.28,109.964,112.671,247.15,True,physics_simulated_synthetic
BGW-056,4,34.456,production,2060.7,257.3,0.808,11.35,3,1.323,0.229,15.94,47.51,17.78,206.85,61.099,63.849,9797.4,True,physics_simulated_synthetic
BGW-056,4,36.73,production,2060.7,257.3,0.808,11.35,3,1.323,0.229,15.94,47.51,17.78,227.19,56.771,59.846,13896.88,True,physics_simulated_synthetic
BGW-056,4,38.771,production,2060.7,257.3,0.808,11.35,3,1.323,0.229,15.94,47.51,17.78,245.47,53.807,57.663,16876.31,True,physics_simulated_synthetic
BGW-056,4,39.405,production,2060.7,257.3,0.808,11.35,3,1.323,0.229,15.94,47.51,17.78,251.15,53.059,57.095,17758.23,True,physics_simulated_synthetic
BGW-056,4,41.223,production,2060.7,257.3,0.808,11.35,3,1.323,0.229,15.94,47.51,17.78,267.42,51.265,54.826,21803.81,True,physics_simulated_synthetic
BGW-056,4,43.12,production,2060.7,257.3,0.808,11.35,3,1.323,0.229,15.94,47.51,17.78,284.39,49.913,53.149,25424.47,True,physics_simulated_synthetic
BGW-056,4,44.386,production,2060.7,257.3,0.808,11.35,3,1.323,0.229,15.94,47.51,17.78,295.73,49.256,52.593,26762.41,True,physics_simulated_synthetic
BGW-056,4,47.845,production,2060.7,257.3,0.808,11.35,3,1.323,0.229,15.94,47.51,17.78,326.69,48.159,55.499,20510.87,True,physics_simulated_synthetic
BGW-056,4,49.736,production,2060.7,257.3,0.808,11.35,3,1.323,0.229,15.94,47.51,17.78,343.61,47.867,50.617,32154.61,True,physics_simulated_synthetic
BGW-056,4,54.813,production,2060.7,257.3,0.808,11.35,3,1.323,0.229,15.94,47.51,17.78,389.05,47.566,50.614,32165.24,True,physics_simulated_synthetic
BGW-056,4,55.949,production,2060.7,257.3,0.808,11.35,3,1.323,0.229,15.94,47.51,17.78,399.22,47.546,55.987,19624.09,True,physics_simulated_synthetic
BGW-056,4,59.034,production,2060.7,257.3,0.808,11.35,3,1.323,0.229,15.94,47.51,17.78,426.84,47.522,51.94,28428.17,True,physics_simulated_synthetic
BGW-057,3,3.266,soak,1123.2,164.2,0.561,7.14,2,2.323,0.288,10.89,47.94,17.86,0.0,125.426,124.598,115.4,True,physics_simulated_synthetic
BGW-057,3,7.929,production,1123.2,164.2,0.561,7.14,2,2.323,0.288,10.89,47.94,17.86,8.78,107.795,106.6,370.97,True,physics_simulated_synthetic
BGW-057,3,12.693,production,1123.2,164.2,0.561,7.14,2,2.323,0.288,10.89,47.94,17.86,62.0,91.964,90.565,1157.26,True,physics_simulated_synthetic
BGW-057,3,16.608,production,1123.2,164.2,0.561,7.14,2,2.323,0.288,10.89,47.94,17.86,105.74,80.17,81.616,2283.54,True,physics_simulated_synthetic
BGW-057,3,17.103,production,1123.2,164.2,0.561,7.14,2,2.323,0.288,10.89,47.94,17.86,111.27,78.819,80.044,2582.3,True,physics_simulated_synthetic
BGW-057,3,18.845,production,1123.2,164.2,0.561,7.14,2,2.323,0.288,10.89,47.94,17.86,130.73,74.166,74.073,4161.28,True,physics_simulated_synthetic
BGW-057,3,20.389,production,1123.2,164.2,0.561,7.14,2,2.323,0.288,10.89,47.94,17.86,147.98,70.304,69.438,6096.14,True,physics_simulated_synthetic
BGW-057,3,21.67,production,1123.2,164.2,0.561,7.14,2,2.323,0.288,10.89,47.94,17.86,162.3,67.316,67.468,7193.31,True,physics_simulated_synthetic
BGW-057,3,23.343,production,1123.2,164.2,0.561,7.14,2,2.323,0.288,10.89,47.94,17.86,180.98,63.716,63.104,10448.94,True,physics_simulated_synthetic
BGW-057,3,25.581,production,1123.2,164.2,0.561,7.14,2,2.323,0.288,10.89,47.94,17.86,205.99,59.496,58.514,15640.2,True,physics_simulated_synthetic
BGW-057,3,28.604,production,1123.2,164.2,0.561,7.14,2,2.323,0.288,10.89,47.94,17.86,239.76,54.985,54.743,21970.14,True,physics_simulated_synthetic
BGW-057,3,29.295,production,1123.2,164.2,0.561,7.14,2,2.323,0.288,10.89,47.94,17.86,247.48,54.173,52.84,26157.32,True,physics_simulated_synthetic
BGW-057,3,32.21,production,1123.2,164.2,0.561,7.14,2,2.323,0.288,10.89,47.94,17.86,280.04,51.415,51.053,30873.67,True,physics_simulated_synthetic
BGW-057,3,32.809,production,1123.2,164.2,0.561,7.14,2,2.323,0.288,10.89,47.94,17.86,286.73,50.995,50.565,32311.31,True,physics_simulated_synthetic
BGW-057,3,38.543,production,1123.2,164.2,0.561,7.14,2,2.323,0.288,10.89,47.94,17.86,350.79,48.601,48.729,38400.29,True,physics_simulated_synthetic
BGW-057,3,39.478,production,1123.2,164.2,0.561,7.14,2,2.323,0.288,10.89,47.94,17.86,361.24,48.439,46.936,45542.72,True,physics_simulated_synthetic
BGW-057,3,52.676,production,1123.2,164.2,0.561,7.14,2,2.323,0.288,10.89,47.94,17.86,508.68,47.937,48.216,40314.27,True,physics_simulated_synthetic
BGW-057,3,53.138,production,1123.2,164.2,0.561,7.14,2,2.323,0.288,10.89,47.94,17.86,513.85,47.937,46.936,45542.72,True,physics_simulated_synthetic
BGW-057,3,54.104,production,1123.2,164.2,0.561,7.14,2,2.323,0.288,10.89,47.94,17.86,524.64,47.937,46.936,45542.72,True,physics_simulated_synthetic
BGW-057,3,54.115,production,1123.2,164.2,0.561,7.14,2,2.323,0.288,10.89,47.94,17.86,524.76,47.937,46.936,45542.72,True,physics_simulated_synthetic
BGW-057,5,0.853,soak,1077.1,402.1,0.711,10.58,4,1.903,0.218,7.11,47.91,17.85,0.0,187.453,188.573,5.0,True,physics_simulated_synthetic
BGW-057,5,2.068,soak,1077.1,402.1,0.711,10.58,4,1.903,0.218,7.11,47.91,17.85,0.0,178.74,178.856,5.99,True,physics_simulated_synthetic
BGW-057,5,3.762,soak,1077.1,402.1,0.711,10.58,4,1.903,0.218,7.11,47.91,17.85,0.0,167.486,168.502,9.96,True,physics_simulated_synthetic
BGW-057,5,7.144,soak,1077.1,402.1,0.711,10.58,4,1.903,0.218,7.11,47.91,17.85,0.0,147.842,147.794,29.69,True,physics_simulated_synthetic
BGW-057,5,7.712,soak,1077.1,402.1,0.711,10.58,4,1.903,0.218,7.11,47.91,17.85,0.0,144.871,143.978,36.73,True,physics_simulated_synthetic
BGW-057,5,12.965,production,1077.1,402.1,0.711,10.58,4,1.903,0.218,7.11,47.91,17.85,41.07,118.858,119.226,161.7,True,physics_simulated_synthetic
BGW-057,5,13.454,production,1077.1,402.1,0.711,10.58,4,1.903,0.218,7.11,47.91,17.85,49.49,116.685,115.125,210.49,True,physics_simulated_synthetic
BGW-057,5,15.649,production,1077.1,402.1,0.711,10.58,4,1.903,0.218,7.11,47.91,17.85,87.3,106.588,107.552,347.78,True,physics_simulated_synthetic
BGW-057,5,19.165,production,1077.1,402.1,0.711,10.58,4,1.903,0.218,7.11,47.91,17.85,147.89,90.332,89.228,1278.18,True,physics_simulated_synthetic
BGW-057,5,21.031,production,1077.1,402.1,0.711,10.58,4,1.903,0.218,7.11,47.91,17.85,180.06,82.463,83.957,1905.27,True,physics_simulated_synthetic
BGW-057,5,21.378,production,1077.1,402.1,0.711,10.58,4,1.903,0.218,7.11,47.91,17.85,186.04,81.098,80.832,2427.59,True,physics_simulated_synthetic
BGW-057,5,22.736,production,1077.1,402.1,0.711,10.58,4,1.903,0.218,7.11,47.91,17.85,209.43,75.863,77.558,3143.48,True,physics_simulated_synthetic
BGW-057,5,23.395,production,1077.1,402.1,0.711,10.58,4,1.903,0.218,7.11,47.91,17.85,220.79,73.489,72.126,4879.17,True,physics_simulated_synthetic
BGW-057,5,32.965,production,1077.1,402.1,0.711,10.58,4,1.903,0.218,7.11,47.91,17.85,385.69,50.827,50.086,33793.52,True,physics_simulated_synthetic
BGW-057,5,44.299,production,1077.1,402.1,0.711,10.58,4,1.903,0.218,7.11,47.91,17.85,581.01,47.937,48.679,38584.64,True,physics_simulated_synthetic
BGW-057,5,47.379,production,1077.1,402.1,0.711,10.58,4,1.903,0.218,7.11,47.91,17.85,634.08,47.919,49.765,34826.78,True,physics_simulated_synthetic
BGW-057,5,51.326,production,1077.1,402.1,0.711,10.58,4,1.903,0.218,7.11,47.91,17.85,702.1,47.915,50.456,32642.16,True,physics_simulated_synthetic
BGW-057,5,53.894,production,1077.1,402.1,0.711,10.58,4,1.903,0.218,7.11,47.91,17.85,746.35,47.914,48.181,40450.07,True,physics_simulated_synthetic
BGW-057,5,56.7,production,1077.1,402.1,0.711,10.58,4,1.903,0.218,7.11,47.91,17.85,794.7,47.914,50.696,31919.87,True,physics_simulated_synthetic
BGW-057,5,59.992,production,1077.1,402.1,0.711,10.58,4,1.903,0.218,7.11,47.91,17.85,851.43,47.914,47.717,42271.91,True,physics_simulated_synthetic
BGW-058,1,0.58,soak,916.5,234.8,0.699,9.99,0,1.505,0.319,8.26,47.2,18.86,0.0,150.13,151.068,24.8,True,physics_simulated_synthetic
BGW-058,1,2.902,soak,916.5,234.8,0.699,9.99,0,1.505,0.319,8.26,47.2,18.86,0.0,140.966,142.037,41.0,True,physics_simulated_synthetic
BGW-058,1,5.371,soak,916.5,234.8,0.699,9.99,0,1.505,0.319,8.26,47.2,18.86,0.0,132.116,133.335,67.95,True,physics_simulated_synthetic
BGW-058,1,8.052,soak,916.5,234.8,0.699,9.99,0,1.505,0.319,8.26,47.2,18.86,0.0,123.449,121.682,138.42,True,physics_simulated_synthetic
BGW-058,1,9.244,soak,916.5,234.8,0.699,9.99,0,1.505,0.319,8.26,47.2,18.86,0.0,119.886,120.808,146.26,True,physics_simulated_synthetic
BGW-058,1,13.425,production,916.5,234.8,0.699,9.99,0,1.505,0.319,8.26,47.2,18.86,37.37,107.127,105.982,386.89,True,physics_simulated_synthetic
BGW-058,1,21.465,production,916.5,234.8,0.699,9.99,0,1.505,0.319,8.26,47.2,18.86,124.84,80.205,79.657,2662.09,True,physics_simulated_synthetic
BGW-058,1,22.165,production,916.5,234.8,0.699,9.99,0,1.505,0.319,8.26,47.2,18.86,132.46,78.204,81.509,2302.72,True,physics_simulated_synthetic
BGW-058,1,26.049,production,916.5,234.8,0.699,9.99,0,1.505,0.319,8.26,47.2,18.86,174.71,67.441,67.364,7256.33,True,physics_simulated_synthetic
BGW-058,1,28.361,production,916.5,234.8,0.699,9.99,0,1.505,0.319,8.26,47.2,18.86,199.86,62.139,61.381,12141.64,True,physics_simulated_synthetic
BGW-058,1,29.349,production,916.5,234.8,0.699,9.99,0,1.505,0.319,8.26,47.2,18.86,210.61,60.17,62.062,11439.87,True,physics_simulated_synthetic
BGW-058,1,38.535,production,916.5,234.8,0.699,9.99,0,1.505,0.319,8.26,47.2,18.86,310.55,48.999,47.951,41343.93,True,physics_simulated_synthetic
BGW-058,1,38.873,production,916.5,234.8,0.699,9.99,0,1.505,0.319,8.26,47.2,18.86,314.23,48.852,48.504,39229.25,True,physics_simulated_synthetic
BGW-058,1,39.233,production,916.5,234.8,0.699,9.99,0,1.505,0.319,8.26,47.2,18.86,318.14,48.706,50.733,31808.19,True,physics_simulated_synthetic
BGW-058,1,42.837,production,916.5,234.8,0.699,9.99,0,1.505,0.319,8.26,47.2,18.86,357.34,47.725,48.063,40902.91,True,physics_simulated_synthetic
BGW-058,1,42.93,production,916.5,234.8,0.699,9.99,0,1.505,0.319,8.26,47.2,18.86,358.35,47.71,46.199,48878.67,True,physics_simulated_synthetic
BGW-058,1,49.137,production,916.5,234.8,0.699,9.99,0,1.505,0.319,8.26,47.2,18.86,425.88,47.249,48.289,40038.19,True,physics_simulated_synthetic
BGW-058,1,49.95,production,916.5,234.8,0.699,9.99,0,1.505,0.319,8.26,47.2,18.86,434.74,47.234,46.958,45449.33,True,physics_simulated_synthetic
BGW-058,1,52.803,production,916.5,234.8,0.699,9.99,0,1.505,0.319,8.26,47.2,18.86,465.77,47.208,49.643,35231.51,True,physics_simulated_synthetic
BGW-058,1,54.981,production,916.5,234.8,0.699,9.99,0,1.505,0.319,8.26,47.2,18.86,489.46,47.202,46.632,46889.46,True,physics_simulated_synthetic
BGW-058,5,1.173,soak,1165.6,288.3,0.666,8.17,4,1.828,0.233,11.94,47.82,18.01,0.0,175.688,177.576,6.37,True,physics_simulated_synthetic
BGW-058,5,1.299,soak,1165.6,288.3,0.666,8.17,4,1.828,0.233,11.94,47.82,18.01,0.0,174.998,175.812,6.94,True,physics_simulated_synthetic
BGW-058,5,1.443,soak,1165.6,288.3,0.666,8.17,4,1.828,0.233,11.94,47.82,18.01,0.0,174.215,175.953,6.9,True,physics_simulated_synthetic
BGW-058,5,6.488,soak,1165.6,288.3,0.666,8.17,4,1.828,0.233,11.94,47.82,18.01,0.0,149.614,148.156,29.1,True,physics_simulated_synthetic
BGW-058,5,9.644,production,1165.6,288.3,0.666,8.17,4,1.828,0.233,11.94,47.82,18.01,24.72,135.922,136.468,56.51,True,physics_simulated_synthetic
BGW-058,5,15.859,production,1165.6,288.3,0.666,8.17,4,1.828,0.233,11.94,47.82,18.01,129.08,105.405,109.58,303.43,True,physics_simulated_synthetic
BGW-058,5,17.615,production,1165.6,288.3,0.666,8.17,4,1.828,0.233,11.94,47.82,18.01,158.56,97.246,100.535,563.95,True,physics_simulated_synthetic
BGW-058,5,19.935,production,1165.6,288.3,0.666,8.17,4,1.828,0.233,11.94,47.82,18.01,197.5,86.648,90.62,1152.55,True,physics_simulated_synthetic
BGW-058,5,30.092,production,1165.6,288.3,0.666,8.17,4,1.828,0.233,11.94,47.82,18.01,368.03,53.162,57.231,17542.13,True,physics_simulated_synthetic
BGW-058,5,30.137,production,1165.6,288.3,0.666,8.17,4,1.828,0.233,11.94,47.82,18.01,368.78,53.106,56.174,19294.65,True,physics_simulated_synthetic
BGW-058,5,33.008,production,1165.6,288.3,0.666,8.17,4,1.828,0.233,11.94,47.82,18.01,416.98,50.235,51.727,28995.22,True,physics_simulated_synthetic
BGW-058,5,39.706,production,1165.6,288.3,0.666,8.17,4,1.828,0.233,11.94,47.82,18.01,529.43,48.014,48.688,38551.81,True,physics_simulated_synthetic
BGW-058,5,44.627,production,1165.6,288.3,0.666,8.17,4,1.828,0.233,11.94,47.82,18.01,612.04,47.834,51.565,29434.27,True,physics_simulated_synthetic
BGW-058,5,45.734,production,1165.6,288.3,0.666,8.17,4,1.828,0.233,11.94,47.82,18.01,630.63,47.826,50.042,33932.77,True,physics_simulated_synthetic
BGW-058,5,46.129,production,1165.6,288.3,0.666,8.17,4,1.828,0.233,11.94,47.82,18.01,637.27,47.824,53.442,24748.61,True,physics_simulated_synthetic
BGW-058,5,47.425,production,1165.6,288.3,0.666,8.17,4,1.828,0.233,11.94,47.82,18.01,659.02,47.82,49.435,35926.95,True,physics_simulated_synthetic
BGW-058,5,53.937,production,1165.6,288.3,0.666,8.17,4,1.828,0.233,11.94,47.82,18.01,768.35,47.817,52.705,26487.09,True,physics_simulated_synthetic
BGW-058,5,54.983,production,1165.6,288.3,0.666,8.17,4,1.828,0.233,11.94,47.82,18.01,785.92,47.817,49.723,34966.27,True,physics_simulated_synthetic
BGW-058,5,56.824,production,1165.6,288.3,0.666,8.17,4,1.828,0.233,11.94,47.82,18.01,816.82,47.817,51.813,28765.45,True,physics_simulated_synthetic
BGW-058,5,59.999,production,1165.6,288.3,0.666,8.17,4,1.828,0.233,11.94,47.82,18.01,870.12,47.817,52.318,27450.71,True,physics_simulated_synthetic
BGW-059,3,0.43,soak,867.0,206.8,0.619,10.24,2,2.148,0.246,8.41,46.22,17.17,0.0,138.838,143.846,37.01,True,physics_simulated_synthetic
BGW-059,3,2.733,soak,867.0,206.8,0.619,10.24,2,2.148,0.246,8.41,46.22,17.17,0.0,127.634,131.66,75.08,True,physics_simulated_synthetic
BGW-059,3,3.278,soak,867.0,206.8,0.619,10.24,2,2.148,0.246,8.41,46.22,17.17,0.0,125.184,129.265,86.72,True,physics_simulated_synthetic
BGW-059,3,6.742,soak,867.0,206.8,0.619,10.24,2,2.148,0.246,8.41,46.22,17.17,0.0,111.26,115.228,209.1,True,physics_simulated_synthetic
BGW-059,3,7.756,soak,867.0,206.8,0.619,10.24,2,2.148,0.246,8.41,46.22,17.17,0.0,107.67,108.857,318.49,True,physics_simulated_synthetic
BGW-059,3,16.085,production,867.0,206.8,0.619,10.24,2,2.148,0.246,8.41,46.22,17.17,67.63,80.793,82.686,2101.48,True,physics_simulated_synthetic
BGW-059,3,18.321,production,867.0,206.8,0.619,10.24,2,2.148,0.246,8.41,46.22,17.17,93.53,74.916,77.749,3096.1,True,physics_simulated_synthetic
BGW-059,3,20.018,production,867.0,206.8,0.619,10.24,2,2.148,0.246,8.41,46.22,17.17,113.18,70.749,72.852,4597.03,True,physics_simulated_synthetic
BGW-059,3,23.013,production,867.0,206.8,0.619,10.24,2,2.148,0.246,8.41,46.22,17.17,147.86,63.949,65.578,8445.78,True,physics_simulated_synthetic
BGW-059,3,23.477,production,867.0,206.8,0.619,10.24,2,2.148,0.246,8.41,46.22,17.17,153.23,63.02,63.518,10080.88,True,physics_simulated_synthetic
BGW-059,3,30.45,production,867.0,206.8,0.619,10.24,2,2.148,0.246,8.41,46.22,17.17,233.99,51.755,52.99,25800.1,True,physics_simulated_synthetic
BGW-059,3,31.917,production,867.0,206.8,0.619,10.24,2,2.148,0.246,8.41,46.22,17.17,250.97,50.413,53.173,25367.36,True,physics_simulated_synthetic
BGW-059,3,33.047,production,867.0,206.8,0.619,10.24,2,2.148,0.246,8.41,46.22,17.17,264.06,49.555,52.578,26798.66,True,physics_simulated_synthetic
BGW-059,3,38.904,production,867.0,206.8,0.619,10.24,2,2.148,0.246,8.41,46.22,17.17,331.88,46.965,48.974,37522.15,True,physics_simulated_synthetic
BGW-059,3,40.277,production,867.0,206.8,0.619,10.24,2,2.148,0.246,8.41,46.22,17.17,347.78,46.719,49.949,34231.11,True,physics_simulated_synthetic
BGW-059,3,49.359,production,867.0,206.8,0.619,10.24,2,2.148,0.246,8.41,46.22,17.17,452.95,46.235,48.747,38335.5,True,physics_simulated_synthetic
BGW-059,3,53.053,production,867.0,206.8,0.619,10.24,2,2.148,0.246,8.41,46.22,17.17,495.72,46.224,50.87,31402.97,True,physics_simulated_synthetic
BGW-059,3,56.793,production,867.0,206.8,0.619,10.24,2,2.148,0.246,8.41,46.22,17.17,539.03,46.222,49.115,37025.54,True,physics_simulated_synthetic
BGW-059,3,57.692,production,867.0,206.8,0.619,10.24,2,2.148,0.246,8.41,46.22,17.17,549.44,46.222,50.316,33072.31,True,physics_simulated_synthetic
BGW-059,3,58.568,production,867.0,206.8,0.619,10.24,2,2.148,0.246,8.41,46.22,17.17,559.58,46.222,49.626,35286.56,True,physics_simulated_synthetic
BGW-059,2,8.743,production,613.9,444.4,0.821,4.22,1,1.32,0.244,9.62,47.69,17.32,67.27,127.277,129.523,85.37,True,physics_simulated_synthetic
BGW-059,2,17.957,production,613.9,444.4,0.821,4.22,1,1.32,0.244,9.62,47.69,17.32,204.42,83.787,84.676,1803.15,True,physics_simulated_synthetic
BGW-059,2,22.268,production,613.9,444.4,0.821,4.22,1,1.32,0.244,9.62,47.69,17.32,268.6,67.763,70.721,5479.13,True,physics_simulated_synthetic
BGW-059,2,22.644,production,613.9,444.4,0.821,4.22,1,1.32,0.244,9.62,47.69,17.32,274.19,66.643,69.092,6275.07,True,physics_simulated_synthetic
BGW-059,2,24.267,production,613.9,444.4,0.821,4.22,1,1.32,0.244,9.62,47.69,17.32,298.36,62.158,65.585,8440.93,True,physics_simulated_synthetic
BGW-059,2,26.363,production,613.9,444.4,0.821,4.22,1,1.32,0.244,9.62,47.69,17.32,329.56,57.415,60.353,13288.46,True,physics_simulated_synthetic
BGW-059,2,30.757,production,613.9,444.4,0.821,4.22,1,1.32,0.244,9.62,47.69,17.32,394.98,51.089,54.036,23435.23,True,physics_simulated_synthetic
BGW-059,2,33.268,production,613.9,444.4,0.821,4.22,1,1.32,0.244,9.62,47.69,17.32,432.35,49.346,49.979,34136.85,True,physics_simulated_synthetic
BGW-059,2,36.0,production,613.9,444.4,0.821,4.22,1,1.32,0.244,9.62,47.69,17.32,473.02,48.361,51.708,29046.01,True,physics_simulated_synthetic
BGW-059,2,36.972,production,613.9,444.4,0.821,4.22,1,1.32,0.244,9.62,47.69,17.32,487.49,48.164,50.359,32941.01,True,physics_simulated_synthetic
BGW-059,2,37.079,production,613.9,444.4,0.821,4.22,1,1.32,0.244,9.62,47.69,17.32,489.09,48.146,50.571,32294.41,True,physics_simulated_synthetic
BGW-059,2,42.222,production,613.9,444.4,0.821,4.22,1,1.32,0.244,9.62,47.69,17.32,565.65,47.742,51.867,28620.83,True,physics_simulated_synthetic
BGW-059,2,47.439,production,613.9,444.4,0.821,4.22,1,1.32,0.244,9.62,47.69,17.32,643.31,47.697,49.347,36225.28,True,physics_simulated_synthetic
BGW-059,2,48.671,production,613.9,444.4,0.821,4.22,1,1.32,0.244,9.62,47.69,17.32,661.65,47.695,52.245,27637.48,True,physics_simulated_synthetic
BGW-059,2,49.272,production,613.9,444.4,0.821,4.22,1,1.32,0.244,9.62,47.69,17.32,670.59,47.695,52.375,27306.55,True,physics_simulated_synthetic
BGW-059,2,53.277,production,613.9,444.4,0.821,4.22,1,1.32,0.244,9.62,47.69,17.32,730.22,47.694,51.406,29875.16,True,physics_simulated_synthetic
BGW-059,2,54.344,production,613.9,444.4,0.821,4.22,1,1.32,0.244,9.62,47.69,17.32,746.09,47.694,48.979,37506.2,True,physics_simulated_synthetic
BGW-059,2,59.071,production,613.9,444.4,0.821,4.22,1,1.32,0.244,9.62,47.69,17.32,816.47,47.694,47.291,44025.17,True,physics_simulated_synthetic
BGW-059,2,59.861,production,613.9,444.4,0.821,4.22,1,1.32,0.244,9.62,47.69,17.32,828.23,47.694,51.862,28634.84,True,physics_simulated_synthetic
BGW-059,2,59.889,production,613.9,444.4,0.821,4.22,1,1.32,0.244,9.62,47.69,17.32,828.65,47.694,50.508,32485.9,True,physics_simulated_synthetic
BGW-059,3,0.155,soak,688.4,434.3,0.821,4.39,2,2.222,0.261,15.83,47.77,18.15,0.0,171.225,174.553,7.38,True,physics_simulated_synthetic
BGW-059,3,1.855,soak,688.4,434.3,0.821,4.39,2,2.222,0.261,15.83,47.77,18.15,0.0,162.103,166.327,11.12,True,physics_simulated_synthetic
BGW-059,3,2.437,soak,688.4,434.3,0.821,4.39,2,2.222,0.261,15.83,47.77,18.15,0.0,159.142,162.534,13.5,True,physics_simulated_synthetic
BGW-059,3,3.827,soak,688.4,434.3,0.821,4.39,2,2.222,0.261,15.83,47.77,18.15,0.0,152.368,156.015,19.0,True,physics_simulated_synthetic
BGW-059,3,6.98,production,688.4,434.3,0.821,4.39,2,2.222,0.261,15.83,47.77,18.15,27.36,137.84,140.074,45.86,True,physics_simulated_synthetic
BGW-059,3,13.347,production,688.4,434.3,0.821,4.39,2,2.222,0.261,15.83,47.77,18.15,94.67,108.72,110.957,276.82,True,physics_simulated_synthetic
BGW-059,3,15.233,production,688.4,434.3,0.821,4.39,2,2.222,0.261,15.83,47.77,18.15,114.61,100.745,105.578,397.71,True,physics_simulated_synthetic
BGW-059,3,19.028,production,688.4,434.3,0.821,4.39,2,2.222,0.261,15.83,47.77,18.15,154.72,85.229,89.238,1277.23,True,physics_simulated_synthetic
BGW-059,3,19.629,production,688.4,434.3,0.821,4.39,2,2.222,0.261,15.83,47.77,18.15,161.08,83.021,84.709,1798.55,True,physics_simulated_synthetic
BGW-059,3,22.376,production,688.4,434.3,0.821,4.39,2,2.222,0.261,15.83,47.77,18.15,190.12,73.456,76.828,3332.15,True,physics_simulated_synthetic
BGW-059,3,23.1,production,688.4,434.3,0.821,4.39,2,2.222,0.261,15.83,47.77,18.15,197.77,71.229,71.026,5342.66,True,physics_simulated_synthetic
BGW-059,3,29.815,production,688.4,434.3,0.821,4.39,2,2.222,0.261,15.83,47.77,18.15,268.76,55.347,57.663,16876.03,True,physics_simulated_synthetic
BGW-059,3,31.694,production,688.4,434.3,0.821,4.39,2,2.222,0.261,15.83,47.77,18.15,288.62,52.94,57.405,17270.99,True,physics_simulated_synthetic
BGW-059,3,34.357,production,688.4,434.3,0.821,4.39,2,2.222,0.261,15.83,47.77,18.15,316.77,50.566,53.511,24592.48,True,physics_simulated_synthetic
BGW-059,3,41.654,production,688.4,434.3,0.821,4.39,2,2.222,0.261,15.83,47.77,18.15,393.91,48.07,51.355,30016.19,True,physics_simulated_synthetic
BGW-059,3,42.015,production,688.4,434.3,0.821,4.39,2,2.222,0.261,15.83,47.77,18.15,397.73,48.036,46.932,45559.89,True,physics_simulated_synthetic
BGW-059,3,42.287,production,688.4,434.3,0.821,4.39,2,2.222,0.261,15.83,47.77,18.15,400.59,48.012,50.582,32259.71,True,physics_simulated_synthetic
BGW-059,3,49.187,production,688.4,434.3,0.821,4.39,2,2.222,0.261,15.83,47.77,18.15,473.54,47.786,51.379,29947.69,True,physics_simulated_synthetic
BGW-059,3,54.899,production,688.4,434.3,0.821,4.39,2,2.222,0.261,15.83,47.77,18.15,533.92,47.774,51.545,29489.05,True,physics_simulated_synthetic
BGW-059,3,56.954,production,688.4,434.3,0.821,4.39,2,2.222,0.261,15.83,47.77,18.15,555.64,47.774,52.241,27646.75,True,physics_simulated_synthetic
BGW-059,3,1.903,soak,1024.6,439.1,0.823,11.78,2,2.397,0.28,12.32,47.7,17.05,0.0,176.83,180.557,5.53,True,physics_simulated_synthetic
BGW-059,3,6.683,soak,1024.6,439.1,0.823,11.78,2,2.397,0.28,12.32,47.7,17.05,0.0,147.634,148.65,28.32,True,physics_simulated_synthetic
BGW-059,3,9.603,soak,1024.6,439.1,0.823,11.78,2,2.397,0.28,12.32,47.7,17.05,0.0,133.153,132.579,71.07,True,physics_simulated_synthetic
BGW-059,3,13.487,production,1024.6,439.1,0.823,11.78,2,2.397,0.28,12.32,47.7,17.05,24.05,116.044,119.692,156.97,True,physics_simulated_synthetic
BGW-059,3,14.839,production,1024.6,439.1,0.823,11.78,2,2.397,0.28,12.32,47.7,17.05,43.13,110.513,114.236,223.05,True,physics_simulated_synthetic
BGW-059,3,19.066,production,1024.6,439.1,0.823,11.78,2,2.397,0.28,12.32,47.7,17.05,102.79,92.689,96.475,752.22,True,physics_simulated_synthetic
BGW-059,3,22.117,production,1024.6,439.1,0.823,11.78,2,2.397,0.28,12.32,47.7,17.05,145.85,80.924,83.308,2002.86,True,physics_simulated_synthetic
BGW-059,3,22.443,production,1024.6,439.1,0.823,11.78,2,2.397,0.28,12.32,47.7,17.05,150.45,79.792,84.997,1759.33,True,physics_simulated_synthetic
BGW-059,3,24.501,production,1024.6,439.1,0.823,11.78,2,2.397,0.28,12.32,47.7,17.05,179.5,72.801,75.277,3774.53,True,physics_simulated_synthetic
BGW-059,3,25.427,production,1024.6,439.1,0.823,11.78,2,2.397,0.28,12.32,47.7,17.05,192.57,69.959,73.668,4300.77,True,physics_simulated_synthetic
BGW-059,3,25.645,production,1024.6,439.1,0.823,11.78,2,2.397,0.28,12.32,47.7,17.05,195.65,69.321,73.273,4441.56,True,physics_simulated_synthetic
BGW-059,3,29.837,production,1024.6,439.1,0.823,11.78,2,2.397,0.28,12.32,47.7,17.05,254.81,58.532,64.058,9622.19,True,physics_simulated_synthetic
BGW-059,3,31.694,production,1024.6,439.1,0.823,11.78,2,2.397,0.28,12.32,47.7,17.05,281.02,55.264,57.94,16462.5,True,physics_simulated_synthetic
BGW-059,3,33.153,production,1024.6,439.1,0.823,11.78,2,2.397,0.28,12.32,47.7,17.05,301.6,53.247,55.452,20597.7,True,physics_simulated_synthetic
BGW-059,3,34.659,production,1024.6,439.1,0.823,11.78,2,2.397,0.28,12.32,47.7,17.05,322.86,51.61,52.632,26664.46,True,physics_simulated_synthetic
BGW-059,3,35.048,production,1024.6,439.1,0.823,11.78,2,2.397,0.28,12.32,47.7,17.05,328.36,51.258,56.551,18648.49,True,physics_simulated_synthetic
BGW-059,3,38.538,production,1024.6,439.1,0.823,11.78,2,2.397,0.28,12.32,47.7,17.05,377.61,49.04,52.75,26376.66,True,physics_simulated_synthetic
BGW-059,3,40.393,production,1024.6,439.1,0.823,11.78,2,2.397,0.28,12.32,47.7,17.05,403.79,48.445,52.199,27754.4,True,physics_simulated_synthetic
BGW-059,3,49.815,production,1024.6,439.1,0.823,11.78,2,2.397,0.28,12.32,47.7,17.05,536.77,47.712,55.195,21084.51,True,physics_simulated_synthetic
BGW-059,3,50.064,production,1024.6,439.1,0.823,11.78,2,2.397,0.28,12.32,47.7,17.05,540.29,47.711,51.285,30210.97,True,physics_simulated_synthetic
BGW-060,1,5.512,soak,1025.5,330.0,0.596,9.24,0,1.782,0.24,9.37,47.65,17.79,0.0,142.424,141.313,42.72,True,physics_simulated_synthetic
BGW-060,1,16.033,production,1025.5,330.0,0.596,9.24,0,1.782,0.24,9.37,47.65,17.79,64.17,99.104,93.578,927.47,True,physics_simulated_synthetic
BGW-060,1,17.27,production,1025.5,330.0,0.596,9.24,0,1.782,0.24,9.37,47.65,17.79,75.85,94.864,93.875,907.61,True,physics_simulated_synthetic
BGW-060,1,25.469,production,1025.5,330.0,0.596,9.24,0,1.782,0.24,9.37,47.65,17.79,153.29,68.142,65.474,8521.4,True,physics_simulated_synthetic
BGW-060,1,26.421,production,1025.5,330.0,0.596,9.24,0,1.782,0.24,9.37,47.65,17.79,162.29,65.903,64.651,9143.66,True,physics_simulated_synthetic
BGW-060,1,26.43,production,1025.5,330.0,0.596,9.24,0,1.782,0.24,9.37,47.65,17.79,162.37,65.883,63.976,9690.07,True,physics_simulated_synthetic
BGW-060,1,27.471,production,1025.5,330.0,0.596,9.24,0,1.782,0.24,9.37,47.65,17.79,172.2,63.599,61.442,12076.55,True,physics_simulated_synthetic
BGW-060,1,30.461,production,1025.5,330.0,0.596,9.24,0,1.782,0.24,9.37,47.65,17.79,200.45,57.915,55.885,19805.67,True,physics_simulated_synthetic
BGW-060,1,32.487,production,1025.5,330.0,0.596,9.24,0,1.782,0.24,9.37,47.65,17.79,219.58,54.97,53.052,25652.08,True,physics_simulated_synthetic
BGW-060,1,34.967,production,1025.5,330.0,0.596,9.24,0,1.782,0.24,9.37,47.65,17.79,243.0,52.235,52.231,27673.32,True,physics_simulated_synthetic
BGW-060,1,38.677,production,1025.5,330.0,0.596,9.24,0,1.782,0.24,9.37,47.65,17.79,278.04,49.654,47.74,42181.23,True,physics_simulated_synthetic
BGW-060,1,44.309,production,1025.5,330.0,0.596,9.24,0,1.782,0.24,9.37,47.65,17.79,331.24,48.056,47.689,42384.62,True,physics_simulated_synthetic
BGW-060,1,47.207,production,1025.5,330.0,0.596,9.24,0,1.782,0.24,9.37,47.65,17.79,358.61,47.803,47.232,44270.91,True,physics_simulated_synthetic
BGW-060,1,48.711,production,1025.5,330.0,0.596,9.24,0,1.782,0.24,9.37,47.65,17.79,372.82,47.738,46.785,46205.31,True,physics_simulated_synthetic
BGW-060,1,48.975,production,1025.5,330.0,0.596,9.24,0,1.782,0.24,9.37,47.65,17.79,375.31,47.729,46.647,46822.35,True,physics_simulated_synthetic
BGW-060,1,50.924,production,1025.5,330.0,0.596,9.24,0,1.782,0.24,9.37,47.65,17.79,393.72,47.685,47.362,43726.66,True,physics_simulated_synthetic
BGW-060,1,51.411,production,1025.5,330.0,0.596,9.24,0,1.782,0.24,9.37,47.65,17.79,398.32,47.678,46.647,46822.35,True,physics_simulated_synthetic
BGW-060,1,54.169,production,1025.5,330.0,0.596,9.24,0,1.782,0.24,9.37,47.65,17.79,424.37,47.656,46.772,46265.19,True,physics_simulated_synthetic
BGW-060,1,54.54,production,1025.5,330.0,0.596,9.24,0,1.782,0.24,9.37,47.65,17.79,427.88,47.655,46.647,46822.35,True,physics_simulated_synthetic
BGW-060,1,54.651,production,1025.5,330.0,0.596,9.24,0,1.782,0.24,9.37,47.65,17.79,428.92,47.654,46.647,46822.35,True,physics_simulated_synthetic
BGW-060,5,10.611,production,922.5,362.0,0.779,6.36,4,1.855,0.227,11.31,47.93,18.39,51.36,128.691,129.699,84.47,True,physics_simulated_synthetic
BGW-060,5,11.707,production,922.5,362.0,0.779,6.36,4,1.855,0.227,11.31,47.93,18.39,64.59,123.542,123.13,126.43,True,physics_simulated_synthetic
BGW-060,5,13.369,production,922.5,362.0,0.779,6.36,4,1.855,0.227,11.31,47.93,18.39,84.66,115.748,115.477,205.75,True,physics_simulated_synthetic
BGW-060,5,14.342,production,922.5,362.0,0.779,6.36,4,1.855,0.227,11.31,47.93,18.39,96.41,111.273,111.695,263.61,True,physics_simulated_synthetic
BGW-060,5,14.593,production,922.5,362.0,0.779,6.36,4,1.855,0.227,11.31,47.93,18.39,99.43,110.137,108.933,316.87,True,physics_simulated_synthetic
BGW-060,5,16.268,production,922.5,362.0,0.779,6.36,4,1.855,0.227,11.31,47.93,18.39,119.66,102.487,102.454,493.21,True,physics_simulated_synthetic
BGW-060,5,21.25,production,922.5,362.0,0.779,6.36,4,1.855,0.227,11.31,47.93,18.39,179.8,80.551,80.943,2406.57,True,physics_simulated_synthetic
BGW-060,5,22.773,production,922.5,362.0,0.779,6.36,4,1.855,0.227,11.31,47.93,18.39,198.19,75.006,72.605,4690.9,True,physics_simulated_synthetic
BGW-060,5,24.746,production,922.5,362.0,0.779,6.36,4,1.855,0.227,11.31,47.93,18.39,222.01,68.566,68.262,6727.58,True,physics_simulated_synthetic
BGW-060,5,29.004,production,922.5,362.0,0.779,6.36,4,1.855,0.227,11.31,47.93,18.39,273.42,57.843,57.38,17309.18,True,physics_simulated_synthetic
BGW-060,5,30.034,production,922.5,362.0,0.779,6.36,4,1.855,0.227,11.31,47.93,18.39,285.85,56.048,57.448,17204.32,True,physics_simulated_synthetic
BGW-060,5,32.436,production,922.5,362.0,0.779,6.36,4,1.855,0.227,11.31,47.93,18.39,314.85,52.75,50.128,33661.24,True,physics_simulated_synthetic
BGW-060,5,38.09,production,922.5,362.0,0.779,6.36,4,1.855,0.227,11.31,47.93,18.39,383.12,48.927,48.354,39791.68,True,physics_simulated_synthetic
BGW-060,5,41.165,production,922.5,362.0,0.779,6.36,4,1.855,0.227,11.31,47.93,18.39,420.24,48.284,47.57,42868.4,True,physics_simulated_synthetic
BGW-060,5,42.773,production,922.5,362.0,0.779,6.36,4,1.855,0.227,11.31,47.93,18.39,439.65,48.125,49.43,35943.78,True,physics_simulated_synthetic
BGW-060,5,44.12,production,922.5,362.0,0.779,6.36,4,1.855,0.227,11.31,47.93,18.39,455.91,48.045,47.945,41367.56,True,physics_simulated_synthetic
BGW-060,5,46.862,production,922.5,362.0,0.779,6.36,4,1.855,0.227,11.31,47.93,18.39,489.02,47.965,50.44,32691.12,True,physics_simulated_synthetic
BGW-060,5,48.25,production,922.5,362.0,0.779,6.36,4,1.855,0.227,11.31,47.93,18.39,505.78,47.948,48.836,38014.71,True,physics_simulated_synthetic
BGW-060,5,50.797,production,922.5,362.0,0.779,6.36,4,1.855,0.227,11.31,47.93,18.39,536.52,47.935,47.322,43895.61,True,physics_simulated_synthetic
BGW-060,5,52.56,production,922.5,362.0,0.779,6.36,4,1.855,0.227,11.31,47.93,18.39,557.81,47.932,48.228,40266.96,True,physics_simulated_synthetic
BGW-061,5,4.192,soak,897.2,440.1,0.756,4.72,4,2.062,0.272,10.73,46.52,18.44,0.0,164.878,168.484,9.97,True,physics_simulated_synthetic
BGW-061,5,6.424,production,897.2,440.1,0.756,4.72,4,2.062,0.272,10.73,46.52,18.44,30.83,151.967,155.295,19.75,True,physics_simulated_synthetic
BGW-061,5,11.812,production,897.2,440.1,0.756,4.72,4,2.062,0.272,10.73,46.52,18.44,128.35,119.468,120.499,149.15,True,physics_simulated_synthetic
BGW-061,5,12.9,production,897.2,440.1,0.756,4.72,4,2.062,0.272,10.73,46.52,18.44,148.03,113.288,115.203,209.43,True,physics_simulated_synthetic
BGW-061,5,14.534,production,897.2,440.1,0.756,4.72,4,2.062,0.272,10.73,46.52,18.44,177.6,104.026,104.109,439.89,True,physics_simulated_synthetic
BGW-061,5,15.675,production,897.2,440.1,0.756,4.72,4,2.062,0.272,10.73,46.52,18.44,198.27,97.751,99.343,613.31,True,physics_simulated_synthetic
BGW-061,5,16.13,production,897.2,440.1,0.756,4.72,4,2.062,0.272,10.73,46.52,18.44,206.49,95.33,96.332,759.97,True,physics_simulated_synthetic
BGW-061,5,16.6,production,897.2,440.1,0.756,4.72,4,2.062,0.272,10.73,46.52,18.44,215.0,92.857,94.172,888.26,True,physics_simulated_synthetic
BGW-061,5,17.182,production,897.2,440.1,0.756,4.72,4,2.062,0.272,10.73,46.52,18.44,225.53,89.847,90.676,1147.82,True,physics_simulated_synthetic
BGW-061,5,19.632,production,897.2,440.1,0.756,4.72,4,2.062,0.272,10.73,46.52,18.44,269.88,77.71,79.187,2762.64,True,physics_simulated_synthetic
BGW-061,5,29.007,production,897.2,440.1,0.756,4.72,4,2.062,0.272,10.73,46.52,18.44,439.55,50.083,52.706,26482.82,True,physics_simulated_synthetic
BGW-061,5,30.431,production,897.2,440.1,0.756,4.72,4,2.062,0.272,10.73,46.52,18.44,465.33,48.852,50.563,32318.99,True,physics_simulated_synthetic
BGW-061,5,32.82,production,897.2,440.1,0.756,4.72,4,2.062,0.272,10.73,46.52,18.44,508.57,47.565,46.834,45991.95,True,physics_simulated_synthetic
BGW-061,5,34.874,production,897.2,440.1,0.756,4.72,4,2.062,0.272,10.73,46.52,18.44,545.75,47.001,47.835,41802.32,True,physics_simulated_synthetic
BGW-061,5,35.992,production,897.2,440.1,0.756,4.72,4,2.062,0.272,10.73,46.52,18.44,565.98,46.825,46.576,47139.06,True,physics_simulated_synthetic
BGW-061,5,42.191,production,897.2,440.1,0.756,4.72,4,2.062,0.272,10.73,46.52,18.44,678.18,46.534,48.754,38311.42,True,physics_simulated_synthetic
BGW-061,5,44.482,production,897.2,440.1,0.756,4.72,4,2.062,0.272,10.73,46.52,18.44,719.63,46.525,49.108,37052.8,True,physics_simulated_synthetic
BGW-061,5,47.524,production,897.2,440.1,0.756,4.72,4,2.062,0.272,10.73,46.52,18.44,774.69,46.522,48.759,38291.9,True,physics_simulated_synthetic
BGW-061,5,50.386,production,897.2,440.1,0.756,4.72,4,2.062,0.272,10.73,46.52,18.44,826.49,46.522,47.297,43996.97,True,physics_simulated_synthetic
BGW-061,5,52.574,production,897.2,440.1,0.756,4.72,4,2.062,0.272,10.73,46.52,18.44,866.09,46.521,48.745,38342.47,True,physics_simulated_synthetic
BGW-061,1,4.443,soak,1127.1,362.5,0.568,6.88,0,1.628,0.226,15.89,47.32,18.07,0.0,159.675,160.475,15.03,True,physics_simulated_synthetic
BGW-061,1,6.188,soak,1127.1,362.5,0.568,6.88,0,1.628,0.226,15.89,47.32,18.07,0.0,153.144,150.283,25.89,True,physics_simulated_synthetic
BGW-061,1,8.981,production,1127.1,362.5,0.568,6.88,0,1.628,0.226,15.89,47.32,18.07,20.39,142.887,142.468,40.0,True,physics_simulated_synthetic
BGW-061,1,11.255,production,1127.1,362.5,0.568,6.88,0,1.628,0.226,15.89,47.32,18.07,42.43,134.435,136.732,55.64,True,physics_simulated_synthetic
BGW-061,1,18.304,production,1127.1,362.5,0.568,6.88,0,1.628,0.226,15.89,47.32,18.07,110.74,104.204,103.931,445.32,True,physics_simulated_synthetic
BGW-061,1,21.538,production,1127.1,362.5,0.568,6.88,0,1.628,0.226,15.89,47.32,18.07,142.09,90.918,93.035,964.96,True,physics_simulated_synthetic
BGW-061,1,21.73,production,1127.1,362.5,0.568,6.88,0,1.628,0.226,15.89,47.32,18.07,143.95,90.183,91.123,1110.51,True,physics_simulated_synthetic
BGW-061,1,23.007,production,1127.1,362.5,0.568,6.88,0,1.628,0.226,15.89,47.32,18.07,156.32,85.311,83.824,1924.9,True,physics_simulated_synthetic
BGW-061,1,30.541,production,1127.1,362.5,0.568,6.88,0,1.628,0.226,15.89,47.32,18.07,229.35,60.77,60.391,13244.64,True,physics_simulated_synthetic
BGW-061,1,35.045,production,1127.1,362.5,0.568,6.88,0,1.628,0.226,15.89,47.32,18.07,272.99,53.054,52.904,26003.38,True,physics_simulated_synthetic
BGW-061,1,37.129,production,1127.1,362.5,0.568,6.88,0,1.628,0.226,15.89,47.32,18.07,293.19,50.945,49.643,35230.46,True,physics_simulated_synthetic
BGW-061,1,37.418,production,1127.1,362.5,0.568,6.88,0,1.628,0.226,15.89,47.32,18.07,295.99,50.713,49.386,36093.8,True,physics_simulated_synthetic
BGW-061,1,39.353,production,1127.1,362.5,0.568,6.88,0,1.628,0.226,15.89,47.32,18.07,314.74,49.426,51.566,29431.71,True,physics_simulated_synthetic
BGW-061,1,39.761,production,1127.1,362.5,0.568,6.88,0,1.628,0.226,15.89,47.32,18.07,318.7,49.216,47.879,41627.55,True,physics_simulated_synthetic
BGW-061,1,49.733,production,1127.1,362.5,0.568,6.88,0,1.628,0.226,15.89,47.32,18.07,415.34,47.374,48.914,37735.01,True,physics_simulated_synthetic
BGW-061,1,54.646,production,1127.1,362.5,0.568,6.88,0,1.628,0.226,15.89,47.32,18.07,462.97,47.324,46.744,46388.52,True,physics_simulated_synthetic
BGW-061,1,56.71,production,1127.1,362.5,0.568,6.88,0,1.628,0.226,15.89,47.32,18.07,482.97,47.32,47.315,43922.55,True,physics_simulated_synthetic
BGW-061,1,57.286,production,1127.1,362.5,0.568,6.88,0,1.628,0.226,15.89,47.32,18.07,488.55,47.32,48.137,40617.29,True,physics_simulated_synthetic
BGW-061,1,57.505,production,1127.1,362.5,0.568,6.88,0,1.628,0.226,15.89,47.32,18.07,490.68,47.32,46.512,47428.63,True,physics_simulated_synthetic
BGW-061,1,59.086,production,1127.1,362.5,0.568,6.88,0,1.628,0.226,15.89,47.32,18.07,505.99,47.319,48.145,40588.2,True,physics_simulated_synthetic
BGW-061,1,3.512,soak,873.0,336.9,0.642,5.72,0,1.552,0.226,14.72,46.34,17.73,0.0,149.362,148.636,28.34,True,physics_simulated_synthetic
BGW-061,1,6.288,production,873.0,336.9,0.642,5.72,0,1.552,0.226,14.72,46.34,17.73,9.3,139.892,139.585,47.17,True,physics_simulated_synthetic
BGW-061,1,8.515,production,873.0,336.9,0.642,5.72,0,1.552,0.226,14.72,46.34,17.73,45.57,132.112,133.625,66.79,True,physics_simulated_synthetic
BGW-061,1,15.054,production,873.0,336.9,0.642,5.72,0,1.552,0.226,14.72,46.34,17.73,152.12,103.133,103.035,473.75,True,physics_simulated_synthetic
BGW-061,1,15.381,production,873.0,336.9,0.642,5.72,0,1.552,0.226,14.72,46.34,17.73,157.45,101.73,100.208,577.02,True,physics_simulated_synthetic
BGW-061,1,15.566,production,873.0,336.9,0.642,5.72,0,1.552,0.226,14.72,46.34,17.73,160.47,100.934,104.538,427.1,True,physics_simulated_synthetic
BGW-061,1,17.218,production,873.0,336.9,0.642,5.72,0,1.552,0.226,14.72,46.34,17.73,187.37,93.613,92.133,1030.83,True,physics_simulated_synthetic
BGW-061,1,21.6,production,873.0,336.9,0.642,5.72,0,1.552,0.226,14.72,46.34,17.73,258.77,74.371,74.312,4081.39,True,physics_simulated_synthetic
BGW-061,1,24.833,production,873.0,336.9,0.642,5.72,0,1.552,0.226,14.72,46.34,17.73,311.45,63.124,63.64,9975.2,True,physics_simulated_synthetic
BGW-061,1,30.82,production,873.0,336.9,0.642,5.72,0,1.552,0.226,14.72,46.34,17.73,409.0,50.593,50.999,31029.15,True,physics_simulated_synthetic
BGW-061,1,35.837,production,873.0,336.9,0.642,5.72,0,1.552,0.226,14.72,46.34,17.73,490.74,47.198,46.963,45425.38,True,physics_simulated_synthetic
BGW-061,1,36.837,production,873.0,336.9,0.642,5.72,0,1.552,0.226,14.72,46.34,17.73,507.03,46.937,46.709,46544.51,True,physics_simulated_synthetic
BGW-061,1,39.317,production,873.0,336.9,0.642,5.72,0,1.552,0.226,14.72,46.34,17.73,547.45,46.558,46.26,48593.68,True,physics_simulated_synthetic
BGW-061,1,40.672,production,873.0,336.9,0.642,5.72,0,1.552,0.226,14.72,46.34,17.73,569.52,46.458,45.335,53118.8,True,physics_simulated_synthetic
BGW-061,1,41.273,production,873.0,336.9,0.642,5.72,0,1.552,0.226,14.72,46.34,17.73,579.31,46.429,49.47,35808.07,True,physics_simulated_synthetic
BGW-061,1,50.261,production,873.0,336.9,0.642,5.72,0,1.552,0.226,14.72,46.34,17.73,725.75,46.336,46.059,49541.2,True,physics_simulated_synthetic
BGW-061,1,53.204,production,873.0,336.9,0.642,5.72,0,1.552,0.226,14.72,46.34,17.73,773.71,46.335,47.202,44399.67,True,physics_simulated_synthetic
BGW-061,1,54.26,production,873.0,336.9,0.642,5.72,0,1.552,0.226,14.72,46.34,17.73,790.91,46.335,45.898,50314.19,True,physics_simulated_synthetic
BGW-061,1,55.963,production,873.0,336.9,0.642,5.72,0,1.552,0.226,14.72,46.34,17.73,818.66,46.335,45.87,50450.84,True,physics_simulated_synthetic
BGW-061,1,56.464,production,873.0,336.9,0.642,5.72,0,1.552,0.226,14.72,46.34,17.73,826.83,46.335,45.729,51140.57,True,physics_simulated_synthetic
BGW-061,5,1.559,soak,1829.3,210.6,0.833,11.58,4,2.033,0.303,13.86,47.89,17.19,0.0,184.28,186.181,5.0,True,physics_simulated_synthetic
BGW-061,5,3.33,soak,1829.3,210.6,0.833,11.58,4,2.033,0.303,13.86,47.89,17.19,0.0,174.124,177.396,6.43,True,physics_simulated_synthetic
BGW-061,5,8.12,soak,1829.3,210.6,0.833,11.58,4,2.033,0.303,13.86,47.89,17.19,0.0,150.296,152.39,23.09,True,physics_simulated_synthetic
BGW-061,5,13.935,production,1829.3,210.6,0.833,11.58,4,2.033,0.303,13.86,47.89,17.19,29.09,125.111,129.211,87.0,True,physics_simulated_synthetic
BGW-061,5,16.684,production,1829.3,210.6,0.833,11.58,4,2.033,0.303,13.86,47.89,17.19,63.0,113.673,114.064,225.57,True,physics_simulated_synthetic
BGW-061,5,20.346,production,1829.3,210.6,0.833,11.58,4,2.033,0.303,13.86,47.89,17.19,108.19,98.017,99.884,590.34,True,physics_simulated_synthetic
BGW-061,5,28.748,production,1829.3,210.6,0.833,11.58,4,2.033,0.303,13.86,47.89,17.19,211.84,65.335,68.156,6787.67,True,physics_simulated_synthetic
BGW-061,5,32.729,production,1829.3,210.6,0.833,11.58,4,2.033,0.303,13.86,47.89,17.19,260.96,56.533,58.144,16164.81,True,physics_simulated_synthetic
BGW-061,5,33.559,production,1829.3,210.6,0.833,11.58,4,2.033,0.303,13.86,47.89,17.19,271.2,55.238,58.729,15343.9,True,physics_simulated_synthetic
BGW-061,5,35.274,production,1829.3,210.6,0.833,11.58,4,2.033,0.303,13.86,47.89,17.19,292.35,52.99,54.264,22952.52,True,physics_simulated_synthetic
BGW-061,5,40.613,production,1829.3,210.6,0.833,11.58,4,2.033,0.303,13.86,47.89,17.19,358.21,49.098,53.873,23788.13,True,physics_simulated_synthetic
BGW-061,5,42.143,production,1829.3,210.6,0.833,11.58,4,2.033,0.303,13.86,47.89,17.19,377.09,48.642,53.492,24635.19,True,physics_simulated_synthetic
BGW-061,5,43.183,production,1829.3,210.6,0.833,11.58,4,2.033,0.303,13.86,47.89,17.19,389.92,48.425,50.698,31911.99,True,physics_simulated_synthetic
BGW-061,5,46.539,production,1829.3,210.6,0.833,11.58,4,2.033,0.303,13.86,47.89,17.19,431.33,48.043,50.695,31921.81,True,physics_simulated_synthetic
BGW-061,5,48.921,production,1829.3,210.6,0.833,11.58,4,2.033,0.303,13.86,47.89,17.19,460.71,47.945,51.492,29635.5,True,physics_simulated_synthetic
BGW-061,5,50.405,production,1829.3,210.6,0.833,11.58,4,2.033,0.303,13.86,47.89,17.19,479.02,47.918,48.134,40630.15,True,physics_simulated_synthetic
BGW-061,5,51.838,production,1829.3,210.6,0.833,11.58,4,2.033,0.303,13.86,47.89,17.19,496.7,47.903,47.945,41367.24,True,physics_simulated_synthetic
BGW-061,5,53.864,production,1829.3,210.6,0.833,11.58,4,2.033,0.303,13.86,47.89,17.19,521.69,47.893,51.531,29529.17,True,physics_simulated_synthetic
BGW-061,5,57.124,production,1829.3,210.6,0.833,11.58,4,2.033,0.303,13.86,47.89,17.19,561.92,47.889,50.151,33589.01,True,physics_simulated_synthetic
BGW-061,5,57.956,production,1829.3,210.6,0.833,11.58,4,2.033,0.303,13.86,47.89,17.19,572.17,47.889,49.45,35875.96,True,physics_simulated_synthetic
BGW-062,1,12.559,production,1985.8,278.8,0.698,4.67,0,2.221,0.22,11.75,47.68,17.92,152.08,102.521,104.197,437.22,True,physics_simulated_synthetic
BGW-062,1,13.982,production,1985.8,278.8,0.698,4.67,0,2.221,0.22,11.75,47.68,17.92,179.51,94.925,96.839,732.81,True,physics_simulated_synthetic
BGW-062,1,18.278,production,1985.8,278.8,0.698,4.67,0,2.221,0.22,11.75,47.68,17.92,262.29,74.111,75.272,3776.21,True,physics_simulated_synthetic
BGW-062,1,23.594,production,1985.8,278.8,0.698,4.67,0,2.221,0.22,11.75,47.68,17.92,364.74,57.08,59.019,14953.52,True,physics_simulated_synthetic
BGW-062,1,32.647,production,1985.8,278.8,0.698,4.67,0,2.221,0.22,11.75,47.68,17.92,539.21,48.173,51.119,30683.83,True,physics_simulated_synthetic
BGW-062,1,32.977,production,1985.8,278.8,0.698,4.67,0,2.221,0.22,11.75,47.68,17.92,545.58,48.114,49.486,35753.32,True,physics_simulated_synthetic
BGW-062,1,34.628,production,1985.8,278.8,0.698,4.67,0,2.221,0.22,11.75,47.68,17.92,577.4,47.899,50.573,32287.53,True,physics_simulated_synthetic
BGW-062,1,35.319,production,1985.8,278.8,0.698,4.67,0,2.221,0.22,11.75,47.68,17.92,590.72,47.842,48.653,38680.98,True,physics_simulated_synthetic
BGW-062,1,38.779,production,1985.8,278.8,0.698,4.67,0,2.221,0.22,11.75,47.68,17.92,657.4,47.709,50.721,31845.44,True,physics_simulated_synthetic
BGW-062,1,41.531,production,1985.8,278.8,0.698,4.67,0,2.221,0.22,11.75,47.68,17.92,710.44,47.686,48.823,38061.95,True,physics_simulated_synthetic
BGW-062,1,42.183,production,1985.8,278.8,0.698,4.67,0,2.221,0.22,11.75,47.68,17.92,723.01,47.685,50.825,31535.16,True,physics_simulated_synthetic
BGW-062,1,42.578,production,1985.8,278.8,0.698,4.67,0,2.221,0.22,11.75,47.68,17.92,730.61,47.684,49.717,34984.23,True,physics_simulated_synthetic
BGW-062,1,42.914,production,1985.8,278.8,0.698,4.67,0,2.221,0.22,11.75,47.68,17.92,737.09,47.683,51.761,28904.78,True,physics_simulated_synthetic
BGW-062,1,45.08,production,1985.8,278.8,0.698,4.67,0,2.221,0.22,11.75,47.68,17.92,778.84,47.681,48.014,41095.76,True,physics_simulated_synthetic
BGW-062,1,45.356,production,1985.8,278.8,0.698,4.67,0,2.221,0.22,11.75,47.68,17.92,784.16,47.681,47.563,42897.79,True,physics_simulated_synthetic
BGW-062,1,52.917,production,1985.8,278.8,0.698,4.67,0,2.221,0.22,11.75,47.68,17.92,929.87,47.681,48.766,38266.91,True,physics_simulated_synthetic
BGW-062,1,54.532,production,1985.8,278.8,0.698,4.67,0,2.221,0.22,11.75,47.68,17.92,961.01,47.681,47.691,42379.19,True,physics_simulated_synthetic
BGW-062,1,55.869,production,1985.8,278.8,0.698,4.67,0,2.221,0.22,11.75,47.68,17.92,986.77,47.681,47.693,42368.6,True,physics_simulated_synthetic
BGW-062,1,56.156,production,1985.8,278.8,0.698,4.67,0,2.221,0.22,11.75,47.68,17.92,992.29,47.681,50.499,32511.38,True,physics_simulated_synthetic
BGW-062,1,58.68,production,1985.8,278.8,0.698,4.67,0,2.221,0.22,11.75,47.68,17.92,1040.94,47.681,49.623,35296.03,True,physics_simulated_synthetic
BGW-062,5,1.568,soak,2103.3,201.9,0.689,4.82,4,1.673,0.208,9.7,47.98,17.09,0.0,182.098,184.732,5.0,True,physics_simulated_synthetic
BGW-062,5,4.647,soak,2103.3,201.9,0.689,4.82,4,1.673,0.208,9.7,47.98,17.09,0.0,165.452,166.902,10.8,True,physics_simulated_synthetic
BGW-062,5,7.612,production,2103.3,201.9,0.689,4.82,4,1.673,0.208,9.7,47.98,17.09,53.82,149.884,153.187,22.11,True,physics_simulated_synthetic
BGW-062,5,10.781,production,2103.3,201.9,0.689,4.82,4,1.673,0.208,9.7,47.98,17.09,114.83,132.291,133.85,65.91,True,physics_simulated_synthetic
BGW-062,5,11.943,production,2103.3,201.9,0.689,4.82,4,1.673,0.208,9.7,47.98,17.09,137.21,125.796,129.613,84.91,True,physics_simulated_synthetic
BGW-062,5,15.598,production,2103.3,201.9,0.689,4.82,4,1.673,0.208,9.7,47.98,17.09,207.57,103.969,106.672,369.15,True,physics_simulated_synthetic
BGW-062,5,15.61,production,2103.3,201.9,0.689,4.82,4,1.673,0.208,9.7,47.98,17.09,207.81,103.898,104.957,414.97,True,physics_simulated_synthetic
BGW-062,5,17.755,production,2103.3,201.9,0.689,4.82,4,1.673,0.208,9.7,47.98,17.09,249.1,91.822,98.049,672.23,True,physics_simulated_synthetic
BGW-062,5,27.127,production,2103.3,201.9,0.689,4.82,4,1.673,0.208,9.7,47.98,17.09,429.54,54.304,57.347,17360.06,True,physics_simulated_synthetic
BGW-062,5,31.74,production,2103.3,201.9,0.689,4.82,4,1.673,0.208,9.7,47.98,17.09,518.34,49.476,50.98,31084.29,True,physics_simulated_synthetic
BGW-062,5,36.051,production,2103.3,201.9,0.689,4.82,4,1.673,0.208,9.7,47.98,17.09,601.35,48.243,53.296,25082.61,True,physics_simulated_synthetic
BGW-062,5,36.132,production,2103.3,201.9,0.689,4.82,4,1.673,0.208,9.7,47.98,17.09,602.9,48.234,51.009,30998.16,True,physics_simulated_synthetic
BGW-062,5,41.951,production,2103.3,201.9,0.689,4.82,4,1.673,0.208,9.7,47.98,17.09,714.93,47.992,53.314,25041.43,True,physics_simulated_synthetic
BGW-062,5,43.543,production,2103.3,201.9,0.689,4.82,4,1.673,0.208,9.7,47.98,17.09,745.59,47.985,50.754,31746.61,True,physics_simulated_synthetic
BGW-062,5,43.665,production,2103.3,201.9,0.689,4.82,4,1.673,0.208,9.7,47.98,17.09,747.94,47.984,51.023,30958.96,True,physics_simulated_synthetic
BGW-062,5,44.923,production,2103.3,201.9,0.689,4.82,4,1.673,0.208,9.7,47.98,17.09,772.15,47.982,52.261,27595.92,True,physics_simulated_synthetic
BGW-062,5,50.394,production,2103.3,201.9,0.689,4.82,4,1.673,0.208,9.7,47.98,17.09,877.48,47.98,52.607,26727.03,True,physics_simulated_synthetic
BGW-062,5,51.538,production,2103.3,201.9,0.689,4.82,4,1.673,0.208,9.7,47.98,17.09,899.51,47.98,52.852,26128.69,True,physics_simulated_synthetic
BGW-062,5,55.893,production,2103.3,201.9,0.689,4.82,4,1.673,0.208,9.7,47.98,17.09,983.36,47.98,51.651,29202.03,True,physics_simulated_synthetic
BGW-062,5,56.793,production,2103.3,201.9,0.689,4.82,4,1.673,0.208,9.7,47.98,17.09,1000.69,47.98,52.516,26951.33,True,physics_simulated_synthetic
BGW-063,3,5.563,soak,670.7,380.9,0.647,6.26,2,1.585,0.234,10.73,47.21,18.17,0.0,132.333,132.045,73.37,True,physics_simulated_synthetic
BGW-063,3,12.385,production,670.7,380.9,0.647,6.26,2,1.585,0.234,10.73,47.21,18.17,99.57,106.054,107.054,359.7,True,physics_simulated_synthetic
BGW-063,3,12.884,production,670.7,380.9,0.647,6.26,2,1.585,0.234,10.73,47.21,18.17,107.68,104.201,102.807,481.27,True,physics_simulated_synthetic
BGW-063,3,13.341,production,670.7,380.9,0.647,6.26,2,1.585,0.234,10.73,47.21,18.17,115.1,102.497,103.708,452.2,True,physics_simulated_synthetic
BGW-063,3,13.951,production,670.7,380.9,0.647,6.26,2,1.585,0.234,10.73,47.21,18.17,125.02,100.196,98.13,668.37,True,physics_simulated_synthetic
BGW-063,3,14.471,production,670.7,380.9,0.647,6.26,2,1.585,0.234,10.73,47.21,18.17,133.48,98.226,98.085,670.49,True,physics_simulated_synthetic
BGW-063,3,15.343,production,670.7,380.9,0.647,6.26,2,1.585,0.234,10.73,47.21,18.17,147.65,94.886,94.36,876.18,True,physics_simulated_synthetic
BGW-063,3,20.686,production,670.7,380.9,0.647,6.26,2,1.585,0.234,10.73,47.21,18.17,234.53,73.659,70.953,5374.93,True,physics_simulated_synthetic
BGW-063,3,22.883,production,670.7,380.9,0.647,6.26,2,1.585,0.234,10.73,47.21,18.17,270.24,66.601,65.69,8365.16,True,physics_simulated_synthetic
BGW-063,3,23.491,production,670.7,380.9,0.647,6.26,2,1.585,0.234,10.73,47.21,18.17,280.12,64.878,63.678,9942.6,True,physics_simulated_synthetic
BGW-063,3,30.769,production,670.7,380.9,0.647,6.26,2,1.585,0.234,10.73,47.21,18.17,398.45,50.686,48.281,40065.32,True,physics_simulated_synthetic
BGW-063,3,31.234,production,670.7,380.9,0.647,6.26,2,1.585,0.234,10.73,47.21,18.17,406.0,50.286,49.577,35449.13,True,physics_simulated_synthetic
BGW-063,3,33.18,production,670.7,380.9,0.647,6.26,2,1.585,0.234,10.73,47.21,18.17,437.63,48.968,47.962,41297.98,True,physics_simulated_synthetic
BGW-063,3,34.448,production,670.7,380.9,0.647,6.26,2,1.585,0.234,10.73,47.21,18.17,458.26,48.392,47.08,44921.51,True,physics_simulated_synthetic
BGW-063,3,37.435,production,670.7,380.9,0.647,6.26,2,1.585,0.234,10.73,47.21,18.17,506.81,47.615,46.309,48364.31,True,physics_simulated_synthetic
BGW-063,3,40.321,production,670.7,380.9,0.647,6.26,2,1.585,0.234,10.73,47.21,18.17,553.74,47.331,46.21,48827.54,True,physics_simulated_synthetic
BGW-063,3,49.581,production,670.7,380.9,0.647,6.26,2,1.585,0.234,10.73,47.21,18.17,704.29,47.21,46.21,48827.54,True,physics_simulated_synthetic
BGW-063,3,52.281,production,670.7,380.9,0.647,6.26,2,1.585,0.234,10.73,47.21,18.17,748.18,47.21,46.21,48827.54,True,physics_simulated_synthetic
BGW-063,3,53.139,production,670.7,380.9,0.647,6.26,2,1.585,0.234,10.73,47.21,18.17,762.12,47.21,46.21,48827.54,True,physics_simulated_synthetic
BGW-063,3,58.418,production,670.7,380.9,0.647,6.26,2,1.585,0.234,10.73,47.21,18.17,847.95,47.21,49.719,34979.69,True,physics_simulated_synthetic
BGW-063,4,1.319,soak,1882.7,350.5,0.805,4.91,3,2.317,0.308,13.27,47.25,17.43,0.0,182.516,181.077,5.39,True,physics_simulated_synthetic
BGW-063,4,3.775,soak,1882.7,350.5,0.805,4.91,3,2.317,0.308,13.27,47.25,17.43,0.0,166.858,164.807,12.02,True,physics_simulated_synthetic
BGW-063,4,12.162,production,1882.7,350.5,0.805,4.91,3,2.317,0.308,13.27,47.25,17.43,94.06,117.291,117.403,181.68,True,physics_simulated_synthetic
BGW-063,4,14.226,production,1882.7,350.5,0.805,4.91,3,2.317,0.308,13.27,47.25,17.43,120.84,106.609,107.183,356.56,True,physics_simulated_synthetic
BGW-063,4,15.549,production,1882.7,350.5,0.805,4.91,3,2.317,0.308,13.27,47.25,17.43,137.99,100.067,100.6,561.36,True,physics_simulated_synthetic
BGW-063,4,18.015,production,1882.7,350.5,0.805,4.91,3,2.317,0.308,13.27,47.25,17.43,169.99,88.373,87.926,1409.19,True,physics_simulated_synthetic
BGW-063,4,20.103,production,1882.7,350.5,0.805,4.91,3,2.317,0.308,13.27,47.25,17.43,197.07,79.441,78.877,2831.09,True,physics_simulated_synthetic
BGW-063,4,22.237,production,1882.7,350.5,0.805,4.91,3,2.317,0.308,13.27,47.25,17.43,224.76,71.398,71.387,5185.26,True,physics_simulated_synthetic
BGW-063,4,23.866,production,1882.7,350.5,0.805,4.91,3,2.317,0.308,13.27,47.25,17.43,245.89,66.138,65.815,8276.67,True,physics_simulated_synthetic
BGW-063,4,25.718,production,1882.7,350.5,0.805,4.91,3,2.317,0.308,13.27,47.25,17.43,269.92,61.072,61.082,12464.23,True,physics_simulated_synthetic
BGW-063,4,26.877,production,1882.7,350.5,0.805,4.91,3,2.317,0.308,13.27,47.25,17.43,284.95,58.429,57.966,16424.23,True,physics_simulated_synthetic
BGW-063,4,34.439,production,1882.7,350.5,0.805,4.91,3,2.317,0.308,13.27,47.25,17.43,383.05,48.893,49.325,36302.19,True,physics_simulated_synthetic
BGW-063,4,35.586,production,1882.7,350.5,0.805,4.91,3,2.317,0.308,13.27,47.25,17.43,397.94,48.415,46.249,48641.02,True,physics_simulated_synthetic
BGW-063,4,36.428,production,1882.7,350.5,0.805,4.91,3,2.317,0.308,13.27,47.25,17.43,408.86,48.144,47.212,44359.41,True,physics_simulated_synthetic
BGW-063,4,38.244,production,1882.7,350.5,0.805,4.91,3,2.317,0.308,13.27,47.25,17.43,432.42,47.734,46.249,48641.02,True,physics_simulated_synthetic
BGW-063,4,40.068,production,1882.7,350.5,0.805,4.91,3,2.317,0.308,13.27,47.25,17.43,456.08,47.497,47.136,44682.0,True,physics_simulated_synthetic
BGW-063,4,51.116,production,1882.7,350.5,0.805,4.91,3,2.317,0.308,13.27,47.25,17.43,599.41,47.25,48.8,38143.41,True,physics_simulated_synthetic
BGW-063,4,57.656,production,1882.7,350.5,0.805,4.91,3,2.317,0.308,13.27,47.25,17.43,684.25,47.249,46.249,48641.02,True,physics_simulated_synthetic
BGW-063,4,58.4,production,1882.7,350.5,0.805,4.91,3,2.317,0.308,13.27,47.25,17.43,693.9,47.249,46.679,46676.65,True,physics_simulated_synthetic
BGW-063,4,58.854,production,1882.7,350.5,0.805,4.91,3,2.317,0.308,13.27,47.25,17.43,699.79,47.249,47.56,42908.86,True,physics_simulated_synthetic
BGW-063,2,3.138,soak,694.6,437.4,0.848,6.92,1,2.338,0.22,8.17,46.15,17.78,0.0,150.481,146.874,31.24,True,physics_simulated_synthetic
BGW-063,2,5.01,soak,694.6,437.4,0.848,6.92,1,2.338,0.22,8.17,46.15,17.78,0.0,139.141,137.745,52.46,True,physics_simulated_synthetic
BGW-063,2,8.303,production,694.6,437.4,0.848,6.92,1,2.338,0.22,8.17,46.15,17.78,16.91,121.672,122.995,127.49,True,physics_simulated_synthetic
BGW-063,2,11.677,production,694.6,437.4,0.848,6.92,1,2.338,0.22,8.17,46.15,17.78,58.03,105.731,102.842,480.1,True,physics_simulated_synthetic
BGW-063,2,12.03,production,694.6,437.4,0.848,6.92,1,2.338,0.22,8.17,46.15,17.78,62.34,104.204,102.449,493.39,True,physics_simulated_synthetic
BGW-063,2,14.97,production,694.6,437.4,0.848,6.92,1,2.338,0.22,8.17,46.15,17.78,98.19,91.711,92.018,1039.63,True,physics_simulated_synthetic
BGW-063,2,22.003,production,694.6,437.4,0.848,6.92,1,2.338,0.22,8.17,46.15,17.78,183.93,66.187,65.379,8590.9,True,physics_simulated_synthetic
BGW-063,2,23.679,production,694.6,437.4,0.848,6.92,1,2.338,0.22,8.17,46.15,17.78,204.37,61.945,63.745,9885.11,True,physics_simulated_synthetic
BGW-063,2,34.044,production,694.6,437.4,0.848,6.92,1,2.338,0.22,8.17,46.15,17.78,330.73,47.713,45.146,54099.1,True,physics_simulated_synthetic
BGW-063,2,39.955,production,694.6,437.4,0.848,6.92,1,2.338,0.22,8.17,46.15,17.78,402.8,46.38,45.146,54099.1,True,physics_simulated_synthetic
BGW-063,2,41.269,production,694.6,437.4,0.848,6.92,1,2.338,0.22,8.17,46.15,17.78,418.81,46.291,46.332,48255.71,True,physics_simulated_synthetic
BGW-063,2,43.832,production,694.6,437.4,0.848,6.92,1,2.338,0.22,8.17,46.15,17.78,450.06,46.198,45.146,54099.1,True,physics_simulated_synthetic
BGW-063,2,43.873,production,694.6,437.4,0.848,6.92,1,2.338,0.22,8.17,46.15,17.78,450.56,46.197,45.146,54099.1,True,physics_simulated_synthetic
BGW-063,2,45.569,production,694.6,437.4,0.848,6.92,1,2.338,0.22,8.17,46.15,17.78,471.24,46.17,45.146,54099.1,True,physics_simulated_synthetic
BGW-063,2,46.011,production,694.6,437.4,0.848,6.92,1,2.338,0.22,8.17,46.15,17.78,476.63,46.166,45.944,50089.42,True,physics_simulated_synthetic
BGW-063,2,49.651,production,694.6,437.4,0.848,6.92,1,2.338,0.22,8.17,46.15,17.78,521.0,46.149,45.337,53109.24,True,physics_simulated_synthetic
BGW-063,2,50.002,production,694.6,437.4,0.848,6.92,1,2.338,0.22,8.17,46.15,17.78,525.28,46.149,45.146,54099.1,True,physics_simulated_synthetic
BGW-063,2,56.047,production,694.6,437.4,0.848,6.92,1,2.338,0.22,8.17,46.15,17.78,598.98,46.146,45.146,54099.1,True,physics_simulated_synthetic
BGW-063,2,56.379,production,694.6,437.4,0.848,6.92,1,2.338,0.22,8.17,46.15,17.78,603.03,46.146,46.175,48989.85,True,physics_simulated_synthetic
BGW-063,2,57.872,production,694.6,437.4,0.848,6.92,1,2.338,0.22,8.17,46.15,17.78,621.24,46.146,50.11,33717.62,True,physics_simulated_synthetic
BGW-063,3,1.865,soak,613.8,356.4,0.675,9.39,2,1.605,0.2,10.82,47.41,17.79,0.0,139.18,136.857,55.24,True,physics_simulated_synthetic
BGW-063,3,2.193,soak,613.8,356.4,0.675,9.39,2,1.605,0.2,10.82,47.41,17.79,0.0,137.988,138.683,49.69,True,physics_simulated_synthetic
BGW-063,3,7.166,soak,613.8,356.4,0.675,9.39,2,1.605,0.2,10.82,47.41,17.79,0.0,121.656,118.314,171.38,True,physics_simulated_synthetic
BGW-063,3,12.283,production,613.8,356.4,0.675,9.39,2,1.605,0.2,10.82,47.41,17.79,25.35,106.774,107.316,353.38,True,physics_simulated_synthetic
BGW-063,3,13.15,production,613.8,356.4,0.675,9.39,2,1.605,0.2,10.82,47.41,17.79,32.95,104.416,105.055,412.21,True,physics_simulated_synthetic
BGW-063,3,18.35,production,613.8,356.4,0.675,9.39,2,1.605,0.2,10.82,47.41,17.79,78.5,89.321,89.315,1269.93,True,physics_simulated_synthetic
BGW-063,3,18.498,production,613.8,356.4,0.675,9.39,2,1.605,0.2,10.82,47.41,17.79,79.8,88.922,86.749,1539.99,True,physics_simulated_synthetic
BGW-063,3,18.97,production,613.8,356.4,0.675,9.39,2,1.605,0.2,10.82,47.41,17.79,83.93,87.65,85.296,1719.61,True,physics_simulated_synthetic
BGW-063,3,22.244,production,613.8,356.4,0.675,9.39,2,1.605,0.2,10.82,47.41,17.79,112.62,78.635,77.131,3252.51,True,physics_simulated_synthetic
BGW-063,3,25.716,production,613.8,356.4,0.675,9.39,2,1.605,0.2,10.82,47.41,17.79,143.03,69.789,66.765,7633.81,True,physics_simulated_synthetic
BGW-063,3,27.84,production,613.8,356.4,0.675,9.39,2,1.605,0.2,10.82,47.41,17.79,161.64,65.058,62.502,11010.36,True,physics_simulated_synthetic
BGW-063,3,32.65,production,613.8,356.4,0.675,9.39,2,1.605,0.2,10.82,47.41,17.79,203.77,56.336,56.028,19550.41,True,physics_simulated_synthetic
BGW-063,3,32.835,production,613.8,356.4,0.675,9.39,2,1.605,0.2,10.82,47.41,17.79,205.4,56.084,55.783,19989.87,True,physics_simulated_synthetic
BGW-063,3,40.041,production,613.8,356.4,0.675,9.39,2,1.605,0.2,10.82,47.41,17.79,268.52,49.417,46.737,46419.17,True,physics_simulated_synthetic
BGW-063,3,41.505,production,613.8,356.4,0.675,9.39,2,1.605,0.2,10.82,47.41,17.79,281.35,48.827,48.563,39008.74,True,physics_simulated_synthetic
BGW-063,3,45.141,production,613.8,356.4,0.675,9.39,2,1.605,0.2,10.82,47.41,17.79,313.2,47.937,47.363,43724.05,True,physics_simulated_synthetic
BGW-063,3,52.22,production,613.8,356.4,0.675,9.39,2,1.605,0.2,10.82,47.41,17.79,375.22,47.454,48.357,39778.83,True,physics_simulated_synthetic
BGW-063,3,53.682,production,613.8,356.4,0.675,9.39,2,1.605,0.2,10.82,47.41,17.79,388.03,47.434,47.021,45176.06,True,physics_simulated_synthetic
BGW-063,3,55.125,production,613.8,356.4,0.675,9.39,2,1.605,0.2,10.82,47.41,17.79,400.66,47.423,47.695,42362.38,True,physics_simulated_synthetic
BGW-063,3,58.22,production,613.8,356.4,0.675,9.39,2,1.605,0.2,10.82,47.41,17.79,427.78,47.413,46.87,45829.82,True,physics_simulated_synthetic
BGW-064,2,6.931,production,1931.2,303.2,0.738,5.13,1,1.325,0.206,18.65,47.77,18.62,23.21,163.85,163.952,12.55,True,physics_simulated_synthetic
BGW-064,2,7.023,production,1931.2,303.2,0.738,5.13,1,1.325,0.206,18.65,47.77,18.62,24.39,163.525,164.45,12.24,True,physics_simulated_synthetic
BGW-064,2,7.178,production,1931.2,303.2,0.738,5.13,1,1.325,0.206,18.65,47.77,18.62,26.38,162.973,161.485,14.26,True,physics_simulated_synthetic
BGW-064,2,9.641,production,1931.2,303.2,0.738,5.13,1,1.325,0.206,18.65,47.77,18.62,58.06,153.364,152.655,22.76,True,physics_simulated_synthetic
BGW-064,2,10.308,production,1931.2,303.2,0.738,5.13,1,1.325,0.206,18.65,47.77,18.62,66.64,150.681,150.703,25.3,True,physics_simulated_synthetic
BGW-064,2,11.977,production,1931.2,303.2,0.738,5.13,1,1.325,0.206,18.65,47.77,18.62,88.11,143.466,143.438,37.87,True,physics_simulated_synthetic
BGW-064,2,12.358,production,1931.2,303.2,0.738,5.13,1,1.325,0.206,18.65,47.77,18.62,93.01,141.787,144.604,35.46,True,physics_simulated_synthetic
BGW-064,2,20.06,production,1931.2,303.2,0.738,5.13,1,1.325,0.206,18.65,47.77,18.62,192.08,98.808,99.378,611.78,True,physics_simulated_synthetic
BGW-064,2,22.374,production,1931.2,303.2,0.738,5.13,1,1.325,0.206,18.65,47.77,18.62,221.85,87.301,85.288,1720.74,True,physics_simulated_synthetic
BGW-064,2,25.316,production,1931.2,303.2,0.738,5.13,1,1.325,0.206,18.65,47.77,18.62,259.7,74.271,75.102,3828.25,True,physics_simulated_synthetic
BGW-064,2,29.077,production,1931.2,303.2,0.738,5.13,1,1.325,0.206,18.65,47.77,18.62,308.07,61.56,62.569,10946.01,True,physics_simulated_synthetic
BGW-064,2,31.528,production,1931.2,303.2,0.738,5.13,1,1.325,0.206,18.65,47.77,18.62,339.6,56.04,56.11,19405.82,True,physics_simulated_synthetic
BGW-064,2,32.925,production,1931.2,303.2,0.738,5.13,1,1.325,0.206,18.65,47.77,18.62,357.57,53.754,52.301,27494.08,True,physics_simulated_synthetic
BGW-064,2,33.219,production,1931.2,303.2,0.738,5.13,1,1.325,0.206,18.65,47.77,18.62,361.36,53.346,56.052,19507.85,True,physics_simulated_synthetic
BGW-064,2,40.48,production,1931.2,303.2,0.738,5.13,1,1.325,0.206,18.65,47.77,18.62,454.76,48.319,47.066,44978.78,True,physics_simulated_synthetic
BGW-064,2,45.417,production,1931.2,303.2,0.738,5.13,1,1.325,0.206,18.65,47.77,18.62,518.26,47.835,49.006,37411.4,True,physics_simulated_synthetic
BGW-064,2,47.767,production,1931.2,303.2,0.738,5.13,1,1.325,0.206,18.65,47.77,18.62,548.49,47.788,48.313,39944.54,True,physics_simulated_synthetic
BGW-064,2,53.732,production,1931.2,303.2,0.738,5.13,1,1.325,0.206,18.65,47.77,18.62,625.22,47.766,48.852,37956.39,True,physics_simulated_synthetic
BGW-064,2,54.061,production,1931.2,303.2,0.738,5.13,1,1.325,0.206,18.65,47.77,18.62,629.44,47.766,50.401,32812.02,True,physics_simulated_synthetic
BGW-064,2,58.884,production,1931.2,303.2,0.738,5.13,1,1.325,0.206,18.65,47.77,18.62,691.49,47.765,48.797,38156.07,True,physics_simulated_synthetic
BGW-064,1,5.329,soak,1464.1,314.2,0.777,11.86,0,2.175,0.26,8.37,47.18,18.67,0.0,150.767,151.818,23.81,True,physics_simulated_synthetic
BGW-064,1,5.612,soak,1464.1,314.2,0.777,11.86,0,2.175,0.26,8.37,47.18,18.67,0.0,149.121,148.316,28.84,True,physics_simulated_synthetic
BGW-064,1,11.338,soak,1464.1,314.2,0.777,11.86,0,2.175,0.26,8.37,47.18,18.67,0.0,120.932,121.522,139.83,True,physics_simulated_synthetic
BGW-064,1,16.808,production,1464.1,314.2,0.777,11.86,0,2.175,0.26,8.37,47.18,18.67,59.92,97.852,95.736,793.21,True,physics_simulated_synthetic
BGW-064,1,17.663,production,1464.1,314.2,0.777,11.86,0,2.175,0.26,8.37,47.18,18.67,70.27,94.691,93.533,930.49,True,physics_simulated_synthetic
BGW-064,1,20.035,production,1464.1,314.2,0.777,11.86,0,2.175,0.26,8.37,47.18,18.67,99.0,86.017,85.948,1636.43,True,physics_simulated_synthetic
BGW-064,1,30.01,production,1464.1,314.2,0.777,11.86,0,2.175,0.26,8.37,47.18,18.67,219.82,56.49,56.907,18060.82,True,physics_simulated_synthetic
BGW-064,1,38.219,production,1464.1,314.2,0.777,11.86,0,2.175,0.26,8.37,47.18,18.67,319.25,48.511,48.158,40538.28,True,physics_simulated_synthetic
BGW-064,1,39.349,production,1464.1,314.2,0.777,11.86,0,2.175,0.26,8.37,47.18,18.67,332.94,48.15,48.281,40068.41,True,physics_simulated_synthetic
BGW-064,1,40.861,production,1464.1,314.2,0.777,11.86,0,2.175,0.26,8.37,47.18,18.67,351.25,47.796,47.689,42383.52,True,physics_simulated_synthetic
BGW-064,1,41.145,production,1464.1,314.2,0.777,11.86,0,2.175,0.26,8.37,47.18,18.67,354.69,47.744,47.299,43991.14,True,physics_simulated_synthetic
BGW-064,1,42.755,production,1464.1,314.2,0.777,11.86,0,2.175,0.26,8.37,47.18,18.67,374.19,47.513,46.882,45781.0,True,physics_simulated_synthetic
BGW-064,1,49.519,production,1464.1,314.2,0.777,11.86,0,2.175,0.26,8.37,47.18,18.67,456.11,47.197,46.384,48017.01,True,physics_simulated_synthetic
BGW-064,1,49.663,production,1464.1,314.2,0.777,11.86,0,2.175,0.26,8.37,47.18,18.67,457.86,47.196,47.304,43969.13,True,physics_simulated_synthetic
BGW-064,1,50.57,production,1464.1,314.2,0.777,11.86,0,2.175,0.26,8.37,47.18,18.67,468.85,47.189,47.548,42958.81,True,physics_simulated_synthetic
BGW-064,1,51.409,production,1464.1,314.2,0.777,11.86,0,2.175,0.26,8.37,47.18,18.67,479.01,47.185,47.246,44212.74,True,physics_simulated_synthetic
BGW-064,1,52.809,production,1464.1,314.2,0.777,11.86,0,2.175,0.26,8.37,47.18,18.67,495.97,47.181,46.177,48983.23,True,physics_simulated_synthetic
BGW-064,1,55.945,production,1464.1,314.2,0.777,11.86,0,2.175,0.26,8.37,47.18,18.67,533.95,47.177,46.177,48983.23,True,physics_simulated_synthetic
BGW-064,1,56.589,production,1464.1,314.2,0.777,11.86,0,2.175,0.26,8.37,47.18,18.67,541.75,47.177,47.519,43077.43,True,physics_simulated_synthetic
BGW-064,1,58.002,production,1464.1,314.2,0.777,11.86,0,2.175,0.26,8.37,47.18,18.67,558.86,47.177,49.021,37358.33,True,physics_simulated_synthetic
BGW-064,1,1.534,soak,1294.3,354.0,0.583,10.34,0,2.336,0.211,8.14,47.95,17.4,0.0,174.845,175.489,7.05,True,physics_simulated_synthetic
BGW-064,1,4.736,soak,1294.3,354.0,0.583,10.34,0,2.336,0.211,8.14,47.95,17.4,0.0,152.115,153.482,21.76,True,physics_simulated_synthetic
BGW-064,1,16.981,production,1294.3,354.0,0.583,10.34,0,2.336,0.211,8.14,47.95,17.4,71.62,88.911,88.264,1373.8,True,physics_simulated_synthetic
BGW-064,1,21.65,production,1294.3,354.0,0.583,10.34,0,2.336,0.211,8.14,47.95,17.4,121.95,73.174,71.568,5108.75,True,physics_simulated_synthetic
BGW-064,1,23.383,production,1294.3,354.0,0.583,10.34,0,2.336,0.211,8.14,47.95,17.4,140.64,68.492,67.835,6973.5,True,physics_simulated_synthetic
BGW-064,1,24.991,production,1294.3,354.0,0.583,10.34,0,2.336,0.211,8.14,47.95,17.4,157.97,64.637,65.417,8562.56,True,physics_simulated_synthetic
BGW-064,1,26.887,production,1294.3,354.0,0.583,10.34,0,2.336,0.211,8.14,47.95,17.4,178.41,60.685,61.038,12512.45,True,physics_simulated_synthetic
BGW-064,1,30.188,production,1294.3,354.0,0.583,10.34,0,2.336,0.211,8.14,47.95,17.4,214.0,55.298,55.646,20237.98,True,physics_simulated_synthetic
BGW-064,1,30.221,production,1294.3,354.0,0.583,10.34,0,2.336,0.211,8.14,47.95,17.4,214.35,55.257,54.74,21976.22,True,physics_simulated_synthetic
BGW-064,1,31.349,production,1294.3,354.0,0.583,10.34,0,2.336,0.211,8.14,47.95,17.4,226.51,53.895,53.155,25410.02,True,physics_simulated_synthetic
BGW-064,1,33.086,production,1294.3,354.0,0.583,10.34,0,2.336,0.211,8.14,47.95,17.4,245.24,52.164,51.696,29080.18,True,physics_simulated_synthetic
BGW-064,1,39.195,production,1294.3,354.0,0.583,10.34,0,2.336,0.211,8.14,47.95,17.4,311.1,48.852,49.65,35207.54,True,physics_simulated_synthetic
BGW-064,1,39.331,production,1294.3,354.0,0.583,10.34,0,2.336,0.211,8.14,47.95,17.4,312.57,48.819,49.779,34782.05,True,physics_simulated_synthetic
BGW-064,1,39.344,production,1294.3,354.0,0.583,10.34,0,2.336,0.211,8.14,47.95,17.4,312.71,48.816,47.19,44448.97,True,physics_simulated_synthetic
BGW-064,1,39.504,production,1294.3,354.0,0.583,10.34,0,2.336,0.211,8.14,47.95,17.4,314.43,48.778,49.629,35277.8,True,physics_simulated_synthetic
BGW-064,1,48.112,production,1294.3,354.0,0.583,10.34,0,2.336,0.211,8.14,47.95,17.4,407.24,47.984,46.948,45490.04,True,physics_simulated_synthetic
BGW-064,1,50.621,production,1294.3,354.0,0.583,10.34,0,2.336,0.211,8.14,47.95,17.4,434.29,47.96,48.4,39616.37,True,physics_simulated_synthetic
BGW-064,1,53.557,production,1294.3,354.0,0.583,10.34,0,2.336,0.211,8.14,47.95,17.4,465.94,47.951,47.466,43296.1,True,physics_simulated_synthetic
BGW-064,1,55.154,production,1294.3,354.0,0.583,10.34,0,2.336,0.211,8.14,47.95,17.4,483.16,47.949,49.925,34308.59,True,physics_simulated_synthetic
BGW-064,1,57.132,production,1294.3,354.0,0.583,10.34,0,2.336,0.211,8.14,47.95,17.4,504.48,47.949,47.147,44634.55,True,physics_simulated_synthetic
BGW-064,1,6.34,production,2062.9,317.0,0.552,4.15,0,2.155,0.219,14.38,47.36,17.56,39.17,149.793,148.786,28.1,True,physics_simulated_synthetic
BGW-064,1,8.171,production,2062.9,317.0,0.552,4.15,0,2.155,0.219,14.38,47.36,17.56,71.85,139.757,140.302,45.27,True,physics_simulated_synthetic
BGW-064,1,9.769,production,2062.9,317.0,0.552,4.15,0,2.155,0.219,14.38,47.36,17.56,100.36,130.961,130.438,80.79,True,physics_simulated_synthetic
BGW-064,1,14.416,production,2062.9,317.0,0.552,4.15,0,2.155,0.219,14.38,47.36,17.56,183.31,103.815,103.932,445.27,True,physics_simulated_synthetic
BGW-064,1,17.283,production,2062.9,317.0,0.552,4.15,0,2.155,0.219,14.38,47.36,17.56,234.49,88.353,87.051,1505.14,True,physics_simulated_synthetic
BGW-064,1,21.941,production,2062.9,317.0,0.552,4.15,0,2.155,0.219,14.38,47.36,17.56,317.64,67.301,68.295,6709.1,True,physics_simulated_synthetic
BGW-064,1,23.642,production,2062.9,317.0,0.552,4.15,0,2.155,0.219,14.38,47.36,17.56,348.0,61.855,59.975,13739.21,True,physics_simulated_synthetic
BGW-064,1,24.925,production,2062.9,317.0,0.552,4.15,0,2.155,0.219,14.38,47.36,17.56,370.9,58.477,61.405,12116.38,True,physics_simulated_synthetic
BGW-064,1,30.038,production,2062.9,317.0,0.552,4.15,0,2.155,0.219,14.38,47.36,17.56,462.18,50.182,53.099,25541.82,True,physics_simulated_synthetic
BGW-064,1,31.729,production,2062.9,317.0,0.552,4.15,0,2.155,0.219,14.38,47.36,17.56,492.36,49.011,51.08,30794.66,True,physics_simulated_synthetic
BGW-064,1,33.029,production,2062.9,317.0,0.552,4.15,0,2.155,0.219,14.38,47.36,17.56,515.57,48.416,49.985,34116.36,True,physics_simulated_synthetic
BGW-064,1,33.734,production,2062.9,317.0,0.552,4.15,0,2.155,0.219,14.38,47.36,17.56,528.15,48.179,47.844,41765.56,True,physics_simulated_synthetic
BGW-064,1,34.159,production,2062.9,317.0,0.552,4.15,0,2.155,0.219,14.38,47.36,17.56,535.74,48.059,49.476,35788.63,True,physics_simulated_synthetic
BGW-064,1,37.05,production,2062.9,317.0,0.552,4.15,0,2.155,0.219,14.38,47.36,17.56,587.34,47.571,47.22,44322.92,True,physics_simulated_synthetic
BGW-064,1,50.04,production,2062.9,317.0,0.552,4.15,0,2.155,0.219,14.38,47.36,17.56,819.22,47.362,46.362,48117.54,True,physics_simulated_synthetic
BGW-064,1,51.61,production,2062.9,317.0,0.552,4.15,0,2.155,0.219,14.38,47.36,17.56,847.25,47.362,49.25,36557.82,True,physics_simulated_synthetic
BGW-064,1,55.722,production,2062.9,317.0,0.552,4.15,0,2.155,0.219,14.38,47.36,17.56,920.65,47.362,48.726,38412.89,True,physics_simulated_synthetic
BGW-064,1,56.779,production,2062.9,317.0,0.552,4.15,0,2.155,0.219,14.38,47.36,17.56,939.51,47.362,47.102,44826.95,True,physics_simulated_synthetic
BGW-064,1,57.601,production,2062.9,317.0,0.552,4.15,0,2.155,0.219,14.38,47.36,17.56,954.2,47.362,46.362,48117.54,True,physics_simulated_synthetic
BGW-064,1,58.058,production,2062.9,317.0,0.552,4.15,0,2.155,0.219,14.38,47.36,17.56,962.35,47.362,46.362,48117.54,True,physics_simulated_synthetic
BGW-064,4,1.355,soak,1658.6,332.6,0.745,10.39,3,2.081,0.295,8.04,47.36,18.47,0.0,181.573,182.507,5.04,True,physics_simulated_synthetic
BGW-064,4,14.63,production,1658.6,332.6,0.745,10.39,3,2.081,0.295,8.04,47.36,18.47,65.5,103.248,105.704,394.3,True,physics_simulated_synthetic
BGW-064,4,14.821,production,1658.6,332.6,0.745,10.39,3,2.081,0.295,8.04,47.36,18.47,68.46,102.429,101.09,542.44,True,physics_simulated_synthetic
BGW-064,4,15.601,production,1658.6,332.6,0.745,10.39,3,2.081,0.295,8.04,47.36,18.47,80.51,99.093,99.604,602.12,True,physics_simulated_synthetic
BGW-064,4,17.998,production,1658.6,332.6,0.745,10.39,3,2.081,0.295,8.04,47.36,18.47,117.57,88.93,90.138,1194.5,True,physics_simulated_synthetic
BGW-064,4,18.283,production,1658.6,332.6,0.745,10.39,3,2.081,0.295,8.04,47.36,18.47,121.98,87.81,91.671,1066.47,True,physics_simulated_synthetic
BGW-064,4,22.075,production,1658.6,332.6,0.745,10.39,3,2.081,0.295,8.04,47.36,18.47,180.61,73.265,71.69,5057.49,True,physics_simulated_synthetic
BGW-064,4,24.012,production,1658.6,332.6,0.745,10.39,3,2.081,0.295,8.04,47.36,18.47,210.56,67.167,68.201,6761.86,True,physics_simulated_synthetic
BGW-064,4,24.93,production,1658.6,332.6,0.745,10.39,3,2.081,0.295,8.04,47.36,18.47,224.75,64.619,67.828,6977.98,True,physics_simulated_synthetic
BGW-064,4,27.314,production,1658.6,332.6,0.745,10.39,3,2.081,0.295,8.04,47.36,18.47,261.61,58.84,58.91,15098.62,True,physics_simulated_synthetic
BGW-064,4,31.474,production,1658.6,332.6,0.745,10.39,3,2.081,0.295,8.04,47.36,18.47,325.93,52.035,52.906,25999.64,True,physics_simulated_synthetic
BGW-064,4,37.674,production,1658.6,332.6,0.745,10.39,3,2.081,0.295,8.04,47.36,18.47,421.78,48.085,49.719,34979.61,True,physics_simulated_synthetic
BGW-064,4,41.659,production,1658.6,332.6,0.745,10.39,3,2.081,0.295,8.04,47.36,18.47,483.38,47.515,48.942,37636.34,True,physics_simulated_synthetic
BGW-064,4,47.642,production,1658.6,332.6,0.745,10.39,3,2.081,0.295,8.04,47.36,18.47,575.9,47.364,50.725,31832.55,True,physics_simulated_synthetic
BGW-064,4,48.15,production,1658.6,332.6,0.745,10.39,3,2.081,0.295,8.04,47.36,18.47,583.75,47.362,49.159,36874.78,True,physics_simulated_synthetic
BGW-064,4,52.026,production,1658.6,332.6,0.745,10.39,3,2.081,0.295,8.04,47.36,18.47,643.67,47.356,50.384,32863.98,True,physics_simulated_synthetic
BGW-064,4,52.475,production,1658.6,332.6,0.745,10.39,3,2.081,0.295,8.04,47.36,18.47,650.61,47.356,48.021,41068.53,True,physics_simulated_synthetic
BGW-064,4,53.884,production,1658.6,332.6,0.745,10.39,3,2.081,0.295,8.04,47.36,18.47,672.39,47.356,47.488,43205.36,True,physics_simulated_synthetic
BGW-064,4,56.622,production,1658.6,332.6,0.745,10.39,3,2.081,0.295,8.04,47.36,18.47,714.73,47.355,48.208,40343.55,True,physics_simulated_synthetic
BGW-064,4,57.049,production,1658.6,332.6,0.745,10.39,3,2.081,0.295,8.04,47.36,18.47,721.33,47.355,46.902,45692.85,True,physics_simulated_synthetic
BGW-064,3,2.957,soak,1458.1,165.2,0.64,11.9,2,2.028,0.25,9.11,47.49,17.52,0.0,141.567,142.198,40.62,True,physics_simulated_synthetic
BGW-064,3,4.188,soak,1458.1,165.2,0.64,11.9,2,2.028,0.25,9.11,47.49,17.52,0.0,135.761,137.212,54.11,True,physics_simulated_synthetic
BGW-064,3,6.903,soak,1458.1,165.2,0.64,11.9,2,2.028,0.25,9.11,47.49,17.52,0.0,124.196,124.968,112.78,True,physics_simulated_synthetic
BGW-064,3,9.271,soak,1458.1,165.2,0.64,11.9,2,2.028,0.25,9.11,47.49,17.52,0.0,115.349,116.231,195.94,True,physics_simulated_synthetic
BGW-064,3,9.742,soak,1458.1,165.2,0.64,11.9,2,2.028,0.25,9.11,47.49,17.52,0.0,113.714,116.834,188.46,True,physics_simulated_synthetic
BGW-064,3,10.682,soak,1458.1,165.2,0.64,11.9,2,2.028,0.25,9.11,47.49,17.52,0.0,110.57,112.96,242.51,True,physics_simulated_synthetic
BGW-064,3,11.768,soak,1458.1,165.2,0.64,11.9,2,2.028,0.25,9.11,47.49,17.52,0.0,107.125,107.943,338.71,True,physics_simulated_synthetic
BGW-064,3,18.14,production,1458.1,165.2,0.64,11.9,2,2.028,0.25,9.11,47.49,17.52,114.61,84.071,85.078,1748.47,True,physics_simulated_synthetic
BGW-064,3,20.585,production,1458.1,165.2,0.64,11.9,2,2.028,0.25,9.11,47.49,17.52,159.54,76.144,75.868,3599.0,True,physics_simulated_synthetic
BGW-064,3,24.668,production,1458.1,165.2,0.64,11.9,2,2.028,0.25,9.11,47.49,17.52,234.57,64.026,64.491,9269.92,True,physics_simulated_synthetic
BGW-064,3,34.267,production,1458.1,165.2,0.64,11.9,2,2.028,0.25,9.11,47.49,17.52,410.96,49.055,50.195,33450.32,True,physics_simulated_synthetic
BGW-064,3,36.063,production,1458.1,165.2,0.64,11.9,2,2.028,0.25,9.11,47.49,17.52,443.96,48.377,50.275,33200.55,True,physics_simulated_synthetic
BGW-064,3,38.031,production,1458.1,165.2,0.64,11.9,2,2.028,0.25,9.11,47.49,17.52,480.12,47.933,49.689,35076.57,True,physics_simulated_synthetic
BGW-064,3,38.569,production,1458.1,165.2,0.64,11.9,2,2.028,0.25,9.11,47.49,17.52,490.0,47.853,47.007,45233.52,True,physics_simulated_synthetic
BGW-064,3,40.773,production,1458.1,165.2,0.64,11.9,2,2.028,0.25,9.11,47.49,17.52,530.51,47.638,49.713,34998.73,True,physics_simulated_synthetic
BGW-064,3,41.16,production,1458.1,165.2,0.64,11.9,2,2.028,0.25,9.11,47.49,17.52,537.62,47.616,48.198,40381.65,True,physics_simulated_synthetic
BGW-064,3,43.595,production,1458.1,165.2,0.64,11.9,2,2.028,0.25,9.11,47.49,17.52,582.37,47.53,46.856,45894.14,True,physics_simulated_synthetic
BGW-064,3,43.756,production,1458.1,165.2,0.64,11.9,2,2.028,0.25,9.11,47.49,17.52,585.32,47.527,50.105,33732.69,True,physics_simulated_synthetic
BGW-064,3,54.335,production,1458.1,165.2,0.64,11.9,2,2.028,0.25,9.11,47.49,17.52,779.73,47.49,50.246,33290.42,True,physics_simulated_synthetic
BGW-064,3,56.166,production,1458.1,165.2,0.64,11.9,2,2.028,0.25,9.11,47.49,17.52,813.37,47.49,48.567,38995.78,True,physics_simulated_synthetic
BGW-065,2,4.019,soak,2118.0,443.9,0.586,6.75,1,1.529,0.222,12.87,47.13,17.85,0.0,169.769,169.646,9.41,True,physics_simulated_synthetic
BGW-065,2,4.554,soak,2118.0,443.9,0.586,6.75,1,1.529,0.222,12.87,47.13,17.85,0.0,167.458,169.906,9.29,True,physics_simulated_synthetic
BGW-065,2,7.64,production,2118.0,443.9,0.586,6.75,1,1.529,0.222,12.87,47.13,17.85,8.56,154.682,159.707,15.64,True,physics_simulated_synthetic
BGW-065,2,10.937,production,2118.0,443.9,0.586,6.75,1,1.529,0.222,12.87,47.13,17.85,40.31,141.022,141.383,42.55,True,physics_simulated_synthetic
BGW-065,2,16.353,production,2118.0,443.9,0.586,6.75,1,1.529,0.222,12.87,47.13,17.85,92.47,116.591,118.795,166.19,True,physics_simulated_synthetic
BGW-065,2,16.717,production,2118.0,443.9,0.586,6.75,1,1.529,0.222,12.87,47.13,17.85,95.97,115.022,116.868,188.05,True,physics_simulated_synthetic
BGW-065,2,20.976,production,2118.0,443.9,0.586,6.75,1,1.529,0.222,12.87,47.13,17.85,136.98,95.748,98.046,672.38,True,physics_simulated_synthetic
BGW-065,2,27.413,production,2118.0,443.9,0.586,6.75,1,1.529,0.222,12.87,47.13,17.85,198.96,70.115,72.55,4712.14,True,physics_simulated_synthetic
BGW-065,2,35.818,production,2118.0,443.9,0.586,6.75,1,1.529,0.222,12.87,47.13,17.85,279.89,51.918,55.677,20182.21,True,physics_simulated_synthetic
BGW-065,2,39.393,production,2118.0,443.9,0.586,6.75,1,1.529,0.222,12.87,47.13,17.85,314.32,49.136,51.418,29841.25,True,physics_simulated_synthetic
BGW-065,2,40.336,production,2118.0,443.9,0.586,6.75,1,1.529,0.222,12.87,47.13,17.85,323.41,48.693,52.644,26636.48,True,physics_simulated_synthetic
BGW-065,2,41.329,production,2118.0,443.9,0.586,6.75,1,1.529,0.222,12.87,47.13,17.85,332.96,48.317,50.315,33077.23,True,physics_simulated_synthetic
BGW-065,2,41.623,production,2118.0,443.9,0.586,6.75,1,1.529,0.222,12.87,47.13,17.85,335.8,48.221,49.894,34408.25,True,physics_simulated_synthetic
BGW-065,2,43.738,production,2118.0,443.9,0.586,6.75,1,1.529,0.222,12.87,47.13,17.85,356.16,47.703,48.929,37682.75,True,physics_simulated_synthetic
BGW-065,2,46.572,production,2118.0,443.9,0.586,6.75,1,1.529,0.222,12.87,47.13,17.85,383.45,47.347,46.966,45412.31,True,physics_simulated_synthetic
BGW-065,2,46.646,production,2118.0,443.9,0.586,6.75,1,1.529,0.222,12.87,47.13,17.85,384.16,47.341,49.89,34420.48,True,physics_simulated_synthetic
BGW-065,2,53.355,production,2118.0,443.9,0.586,6.75,1,1.529,0.222,12.87,47.13,17.85,448.77,47.14,52.178,27807.32,True,physics_simulated_synthetic
BGW-065,2,55.421,production,2118.0,443.9,0.586,6.75,1,1.529,0.222,12.87,47.13,17.85,468.66,47.132,49.937,34271.65,True,physics_simulated_synthetic
BGW-065,2,59.13,production,2118.0,443.9,0.586,6.75,1,1.529,0.222,12.87,47.13,17.85,504.37,47.128,50.253,33270.68,True,physics_simulated_synthetic
BGW-065,2,59.528,production,2118.0,443.9,0.586,6.75,1,1.529,0.222,12.87,47.13,17.85,508.2,47.128,48.713,38461.09,True,physics_simulated_synthetic
BGW-065,3,0.237,soak,936.0,253.1,0.693,7.36,2,1.441,0.205,6.5,46.7,18.44,0.0,158.862,161.412,14.31,True,physics_simulated_synthetic
BGW-065,3,1.605,soak,936.0,253.1,0.693,7.36,2,1.441,0.205,6.5,46.7,18.44,0.0,152.515,158.606,16.57,True,physics_simulated_synthetic
BGW-065,3,2.378,soak,936.0,253.1,0.693,7.36,2,1.441,0.205,6.5,46.7,18.44,0.0,149.091,151.443,24.3,True,physics_simulated_synthetic
BGW-065,3,3.367,soak,936.0,253.1,0.693,7.36,2,1.441,0.205,6.5,46.7,18.44,0.0,144.867,148.27,28.91,True,physics_simulated_synthetic
BGW-065,3,7.552,production,936.0,253.1,0.693,7.36,2,1.441,0.205,6.5,46.7,18.44,2.75,128.762,132.291,72.3,True,physics_simulated_synthetic
BGW-065,3,7.875,production,936.0,253.1,0.693,7.36,2,1.441,0.205,6.5,46.7,18.44,7.4,127.618,131.266,76.87,True,physics_simulated_synthetic
BGW-065,3,11.702,production,936.0,253.1,0.693,7.36,2,1.441,0.205,6.5,46.7,18.44,62.4,113.143,116.173,196.67,True,physics_simulated_synthetic
BGW-065,3,13.401,production,936.0,253.1,0.693,7.36,2,1.441,0.205,6.5,46.7,18.44,86.82,106.747,109.643,302.15,True,physics_simulated_synthetic
BGW-065,3,21.553,production,936.0,253.1,0.693,7.36,2,1.441,0.205,6.5,46.7,18.44,203.98,73.247,76.012,3557.63,True,physics_simulated_synthetic
BGW-065,3,21.794,production,936.0,253.1,0.693,7.36,2,1.441,0.205,6.5,46.7,18.44,207.45,72.479,74.297,4086.17,True,physics_simulated_synthetic
BGW-065,3,29.578,production,936.0,253.1,0.693,7.36,2,1.441,0.205,6.5,46.7,18.44,319.31,52.989,56.069,19478.2,True,physics_simulated_synthetic
BGW-065,3,30.406,production,936.0,253.1,0.693,7.36,2,1.441,0.205,6.5,46.7,18.44,331.21,51.947,57.412,17259.24,True,physics_simulated_synthetic
BGW-065,3,31.881,production,936.0,253.1,0.693,7.36,2,1.441,0.205,6.5,46.7,18.44,352.41,50.406,54.726,22005.14,True,physics_simulated_synthetic
BGW-065,3,42.94,production,936.0,253.1,0.693,7.36,2,1.441,0.205,6.5,46.7,18.44,511.36,46.762,49.812,34675.04,True,physics_simulated_synthetic
BGW-065,3,43.677,production,936.0,253.1,0.693,7.36,2,1.441,0.205,6.5,46.7,18.44,521.95,46.744,50.567,32304.65,True,physics_simulated_synthetic
BGW-065,3,45.042,production,936.0,253.1,0.693,7.36,2,1.441,0.205,6.5,46.7,18.44,541.57,46.723,48.131,40639.65,True,physics_simulated_synthetic
BGW-065,3,47.219,production,936.0,253.1,0.693,7.36,2,1.441,0.205,6.5,46.7,18.44,572.85,46.708,48.968,37544.47,True,physics_simulated_synthetic
BGW-065,3,48.159,production,936.0,253.1,0.693,7.36,2,1.441,0.205,6.5,46.7,18.44,586.36,46.705,50.657,32036.11,True,physics_simulated_synthetic
BGW-065,3,55.522,production,936.0,253.1,0.693,7.36,2,1.441,0.205,6.5,46.7,18.44,692.18,46.7,51.407,29870.66,True,physics_simulated_synthetic
BGW-065,3,59.414,production,936.0,253.1,0.693,7.36,2,1.441,0.205,6.5,46.7,18.44,748.13,46.7,48.246,40200.41,True,physics_simulated_synthetic
BGW-065,4,4.744,soak,1926.5,191.2,0.621,6.16,3,1.483,0.247,8.7,47.19,17.2,0.0,155.2,158.331,16.81,True,physics_simulated_synthetic
BGW-065,4,6.174,production,1926.5,191.2,0.621,6.16,3,1.483,0.247,8.7,47.19,17.2,0.28,149.236,154.618,20.48,True,physics_simulated_synthetic
BGW-065,4,9.426,production,1926.5,191.2,0.621,6.16,3,1.483,0.247,8.7,47.19,17.2,63.69,134.802,140.231,45.45,True,physics_simulated_synthetic
BGW-065,4,10.777,production,1926.5,191.2,0.621,6.16,3,1.483,0.247,8.7,47.19,17.2,90.03,128.657,129.216,86.97,True,physics_simulated_synthetic
BGW-065,4,14.24,production,1926.5,191.2,0.621,6.16,3,1.483,0.247,8.7,47.19,17.2,157.56,110.996,114.5,219.24,True,physics_simulated_synthetic
BGW-065,4,16.195,production,1926.5,191.2,0.621,6.16,3,1.483,0.247,8.7,47.19,17.2,195.68,100.888,102.59,488.58,True,physics_simulated_synthetic
BGW-065,4,23.913,production,1926.5,191.2,0.621,6.16,3,1.483,0.247,8.7,47.19,17.2,346.17,63.537,64.953,8909.39,True,physics_simulated_synthetic
BGW-065,4,25.288,production,1926.5,191.2,0.621,6.16,3,1.483,0.247,8.7,47.19,17.2,372.98,59.607,62.534,10978.93,True,physics_simulated_synthetic
BGW-065,4,26.902,production,1926.5,191.2,0.621,6.16,3,1.483,0.247,8.7,47.19,17.2,404.45,55.846,60.652,12943.38,True,physics_simulated_synthetic
BGW-065,4,33.904,production,1926.5,191.2,0.621,6.16,3,1.483,0.247,8.7,47.19,17.2,540.99,48.106,52.032,28187.03,True,physics_simulated_synthetic
BGW-065,4,35.758,production,1926.5,191.2,0.621,6.16,3,1.483,0.247,8.7,47.19,17.2,577.14,47.632,49.717,34985.13,True,physics_simulated_synthetic
BGW-065,4,39.931,production,1926.5,191.2,0.621,6.16,3,1.483,0.247,8.7,47.19,17.2,658.52,47.252,51.326,30098.5,True,physics_simulated_synthetic
BGW-065,4,40.546,production,1926.5,191.2,0.621,6.16,3,1.483,0.247,8.7,47.19,17.2,670.5,47.235,47.181,44490.36,True,physics_simulated_synthetic
BGW-065,4,40.754,production,1926.5,191.2,0.621,6.16,3,1.483,0.247,8.7,47.19,17.2,674.56,47.231,49.263,36513.03,True,physics_simulated_synthetic
BGW-065,4,45.148,production,1926.5,191.2,0.621,6.16,3,1.483,0.247,8.7,47.19,17.2,760.24,47.194,49.127,36985.19,True,physics_simulated_synthetic
BGW-065,4,47.876,production,1926.5,191.2,0.621,6.16,3,1.483,0.247,8.7,47.19,17.2,813.43,47.191,50.388,32852.22,True,physics_simulated_synthetic
BGW-065,4,47.885,production,1926.5,191.2,0.621,6.16,3,1.483,0.247,8.7,47.19,17.2,813.61,47.191,49.994,34086.95,True,physics_simulated_synthetic
BGW-065,4,51.982,production,1926.5,191.2,0.621,6.16,3,1.483,0.247,8.7,47.19,17.2,893.5,47.191,50.08,33814.53,True,physics_simulated_synthetic
BGW-065,4,58.11,production,1926.5,191.2,0.621,6.16,3,1.483,0.247,8.7,47.19,17.2,1012.99,47.191,50.033,33962.56,True,physics_simulated_synthetic
BGW-065,4,59.071,production,1926.5,191.2,0.621,6.16,3,1.483,0.247,8.7,47.19,17.2,1031.72,47.191,50.309,33095.14,True,physics_simulated_synthetic
BGW-066,2,3.851,soak,1851.1,315.0,0.557,10.31,1,2.3,0.306,17.52,47.98,18.17,0.0,167.466,165.287,11.73,True,physics_simulated_synthetic
BGW-066,2,5.412,soak,1851.1,315.0,0.557,10.31,1,2.3,0.306,17.52,47.98,18.17,0.0,159.553,159.594,15.73,True,physics_simulated_synthetic
BGW-066,2,10.718,production,1851.1,315.0,0.557,10.31,1,2.3,0.306,17.52,47.98,18.17,6.07,135.998,134.332,64.06,True,physics_simulated_synthetic
BGW-066,2,18.794,production,1851.1,315.0,0.557,10.31,1,2.3,0.306,17.52,47.98,18.17,125.73,96.928,97.103,719.1,True,physics_simulated_synthetic
BGW-066,2,23.051,production,1851.1,315.0,0.557,10.31,1,2.3,0.306,17.52,47.98,18.17,188.8,78.795,75.828,3610.79,True,physics_simulated_synthetic
BGW-066,2,24.003,production,1851.1,315.0,0.557,10.31,1,2.3,0.306,17.52,47.98,18.17,202.91,75.35,74.897,3892.21,True,physics_simulated_synthetic
BGW-066,2,33.337,production,1851.1,315.0,0.557,10.31,1,2.3,0.306,17.52,47.98,18.17,341.2,52.025,49.192,36758.49,True,physics_simulated_synthetic
BGW-066,2,38.403,production,1851.1,315.0,0.557,10.31,1,2.3,0.306,17.52,47.98,18.17,416.25,48.875,47.271,44108.54,True,physics_simulated_synthetic
BGW-066,2,43.28,production,1851.1,315.0,0.557,10.31,1,2.3,0.306,17.52,47.98,18.17,488.52,48.12,46.984,45332.66,True,physics_simulated_synthetic
BGW-066,2,44.268,production,1851.1,315.0,0.557,10.31,1,2.3,0.306,17.52,47.98,18.17,503.15,48.073,47.08,44920.86,True,physics_simulated_synthetic
BGW-066,2,46.548,production,1851.1,315.0,0.557,10.31,1,2.3,0.306,17.52,47.98,18.17,536.93,48.015,46.984,45332.66,True,physics_simulated_synthetic
BGW-066,2,47.548,production,1851.1,315.0,0.557,10.31,1,2.3,0.306,17.52,47.98,18.17,551.75,48.003,46.984,45332.66,True,physics_simulated_synthetic
BGW-066,2,51.806,production,1851.1,315.0,0.557,10.31,1,2.3,0.306,17.52,47.98,18.17,614.83,47.986,47.299,43990.98,True,physics_simulated_synthetic
BGW-066,2,52.551,production,1851.1,315.0,0.557,10.31,1,2.3,0.306,17.52,47.98,18.17,625.87,47.985,48.49,39279.99,True,physics_simulated_synthetic
BGW-066,2,52.784,production,1851.1,315.0,0.557,10.31,1,2.3,0.306,17.52,47.98,18.17,629.33,47.985,46.984,45332.66,True,physics_simulated_synthetic
BGW-066,2,53.777,production,1851.1,315.0,0.557,10.31,1,2.3,0.306,17.52,47.98,18.17,644.03,47.985,46.984,45332.66,True,physics_simulated_synthetic
BGW-066,2,56.931,production,1851.1,315.0,0.557,10.31,1,2.3,0.306,17.52,47.98,18.17,690.76,47.984,46.984,45332.66,True,physics_simulated_synthetic
BGW-066,2,57.02,production,1851.1,315.0,0.557,10.31,1,2.3,0.306,17.52,47.98,18.17,692.09,47.984,46.984,45332.66,True,physics_simulated_synthetic
BGW-066,2,57.414,production,1851.1,315.0,0.557,10.31,1,2.3,0.306,17.52,47.98,18.17,697.91,47.984,46.984,45332.66,True,physics_simulated_synthetic
BGW-066,2,57.755,production,1851.1,315.0,0.557,10.31,1,2.3,0.306,17.52,47.98,18.17,702.98,47.984,46.984,45332.66,True,physics_simulated_synthetic
BGW-067,3,0.977,soak,894.8,414.6,0.837,6.03,2,1.528,0.226,11.42,47.71,18.19,0.0,185.598,186.964,5.0,True,physics_simulated_synthetic
BGW-067,3,1.36,soak,894.8,414.6,0.837,6.03,2,1.528,0.226,11.42,47.71,18.19,0.0,183.645,183.648,5.0,True,physics_simulated_synthetic
BGW-067,3,1.481,soak,894.8,414.6,0.837,6.03,2,1.528,0.226,11.42,47.71,18.19,0.0,183.034,181.599,5.26,True,physics_simulated_synthetic
BGW-067,3,4.053,soak,894.8,414.6,0.837,6.03,2,1.528,0.226,11.42,47.71,18.19,0.0,170.667,171.436,8.61,True,physics_simulated_synthetic
BGW-067,3,5.42,soak,894.8,414.6,0.837,6.03,2,1.528,0.226,11.42,47.71,18.19,0.0,164.564,165.237,11.76,True,physics_simulated_synthetic
BGW-067,3,10.32,production,894.8,414.6,0.837,6.03,2,1.528,0.226,11.42,47.71,18.19,60.1,141.581,143.015,38.78,True,physics_simulated_synthetic
BGW-067,3,18.257,production,894.8,414.6,0.837,6.03,2,1.528,0.226,11.42,47.71,18.19,171.2,98.133,100.548,563.43,True,physics_simulated_synthetic
BGW-067,3,24.211,production,894.8,414.6,0.837,6.03,2,1.528,0.226,11.42,47.71,18.19,254.53,70.818,71.241,5248.56,True,physics_simulated_synthetic
BGW-067,3,24.373,production,894.8,414.6,0.837,6.03,2,1.528,0.226,11.42,47.71,18.19,256.79,70.263,73.915,4215.14,True,physics_simulated_synthetic
BGW-067,3,28.379,production,894.8,414.6,0.837,6.03,2,1.528,0.226,11.42,47.71,18.19,312.86,58.573,59.358,14510.53,True,physics_simulated_synthetic
BGW-067,3,29.447,production,894.8,414.6,0.837,6.03,2,1.528,0.226,11.42,47.71,18.19,327.82,56.42,55.046,21373.16,True,physics_simulated_synthetic
BGW-067,3,32.967,production,894.8,414.6,0.837,6.03,2,1.528,0.226,11.42,47.71,18.19,377.08,51.395,51.068,30829.05,True,physics_simulated_synthetic
BGW-067,3,38.059,production,894.8,414.6,0.837,6.03,2,1.528,0.226,11.42,47.71,18.19,448.36,48.446,48.383,39679.26,True,physics_simulated_synthetic
BGW-067,3,38.901,production,894.8,414.6,0.837,6.03,2,1.528,0.226,11.42,47.71,18.19,460.14,48.255,49.544,35559.05,True,physics_simulated_synthetic
BGW-067,3,41.425,production,894.8,414.6,0.837,6.03,2,1.528,0.226,11.42,47.71,18.19,495.46,47.912,47.046,45068.14,True,physics_simulated_synthetic
BGW-067,3,43.314,production,894.8,414.6,0.837,6.03,2,1.528,0.226,11.42,47.71,18.19,521.91,47.798,47.84,41779.0,True,physics_simulated_synthetic
BGW-067,3,46.44,production,894.8,414.6,0.837,6.03,2,1.528,0.226,11.42,47.71,18.19,565.65,47.727,47.961,41303.38,True,physics_simulated_synthetic
BGW-067,3,52.485,production,894.8,414.6,0.837,6.03,2,1.528,0.226,11.42,47.71,18.19,650.27,47.707,47.539,42993.59,True,physics_simulated_synthetic
BGW-067,3,52.78,production,894.8,414.6,0.837,6.03,2,1.528,0.226,11.42,47.71,18.19,654.39,47.707,49.303,36377.32,True,physics_simulated_synthetic
BGW-067,3,56.241,production,894.8,414.6,0.837,6.03,2,1.528,0.226,11.42,47.71,18.19,702.83,47.706,49.064,37205.05,True,physics_simulated_synthetic
BGW-067,2,0.42,soak,1250.9,394.1,0.683,5.88,1,1.705,0.26,14.69,46.81,17.86,0.0,186.146,185.217,5.0,True,physics_simulated_synthetic
BGW-067,2,8.481,production,1250.9,394.1,0.683,5.88,1,1.705,0.26,14.69,46.81,17.86,50.78,146.205,146.649,31.63,True,physics_simulated_synthetic
BGW-067,2,13.167,production,1250.9,394.1,0.683,5.88,1,1.705,0.26,14.69,46.81,17.86,142.18,120.411,118.748,166.69,True,physics_simulated_synthetic
BGW-067,2,15.837,production,1250.9,394.1,0.683,5.88,1,1.705,0.26,14.69,46.81,17.86,194.23,105.228,106.159,382.26,True,physics_simulated_synthetic
BGW-067,2,16.875,production,1250.9,394.1,0.683,5.88,1,1.705,0.26,14.69,46.81,17.86,214.49,99.504,99.47,607.85,True,physics_simulated_synthetic
BGW-067,2,20.669,production,1250.9,394.1,0.683,5.88,1,1.705,0.26,14.69,46.81,17.86,288.48,78.977,79.368,2723.39,True,physics_simulated_synthetic
BGW-067,2,21.036,production,1250.9,394.1,0.683,5.88,1,1.705,0.26,14.69,46.81,17.86,295.63,77.297,77.09,3263.19,True,physics_simulated_synthetic
BGW-067,2,22.8,production,1250.9,394.1,0.683,5.88,1,1.705,0.26,14.69,46.81,17.86,330.03,69.669,69.315,6159.08,True,physics_simulated_synthetic
BGW-067,2,24.617,production,1250.9,394.1,0.683,5.88,1,1.705,0.26,14.69,46.81,17.86,365.46,63.057,61.84,11664.08,True,physics_simulated_synthetic
BGW-067,2,26.418,production,1250.9,394.1,0.683,5.88,1,1.705,0.26,14.69,46.81,17.86,400.59,57.842,58.947,15049.69,True,physics_simulated_synthetic
BGW-067,2,28.188,production,1250.9,394.1,0.683,5.88,1,1.705,0.26,14.69,46.81,17.86,435.11,53.977,56.06,19493.68,True,physics_simulated_synthetic
BGW-067,2,32.121,production,1250.9,394.1,0.683,5.88,1,1.705,0.26,14.69,46.81,17.86,511.81,48.987,48.205,40355.84,True,physics_simulated_synthetic
BGW-067,2,36.631,production,1250.9,394.1,0.683,5.88,1,1.705,0.26,14.69,46.81,17.86,599.76,47.18,47.953,41335.33,True,physics_simulated_synthetic
BGW-067,2,44.834,production,1250.9,394.1,0.683,5.88,1,1.705,0.26,14.69,46.81,17.86,759.73,46.815,47.418,43495.7,True,physics_simulated_synthetic
BGW-067,2,44.842,production,1250.9,394.1,0.683,5.88,1,1.705,0.26,14.69,46.81,17.86,759.9,46.815,46.824,46034.39,True,physics_simulated_synthetic
BGW-067,2,44.924,production,1250.9,394.1,0.683,5.88,1,1.705,0.26,14.69,46.81,17.86,761.49,46.814,45.811,50735.55,True,physics_simulated_synthetic
BGW-067,2,48.572,production,1250.9,394.1,0.683,5.88,1,1.705,0.26,14.69,46.81,17.86,832.63,46.811,45.811,50735.55,True,physics_simulated_synthetic
BGW-067,2,52.052,production,1250.9,394.1,0.683,5.88,1,1.705,0.26,14.69,46.81,17.86,900.5,46.811,45.811,50735.55,True,physics_simulated_synthetic
BGW-067,2,57.692,production,1250.9,394.1,0.683,5.88,1,1.705,0.26,14.69,46.81,17.86,1010.5,46.811,45.811,50735.55,True,physics_simulated_synthetic
BGW-067,2,57.768,production,1250.9,394.1,0.683,5.88,1,1.705,0.26,14.69,46.81,17.86,1011.99,46.811,48.78,38215.88,True,physics_simulated_synthetic
BGW-068,4,1.899,soak,603.9,335.5,0.623,7.0,3,2.077,0.267,11.16,46.33,18.01,0.0,132.551,135.81,58.73,True,physics_simulated_synthetic
BGW-068,4,3.392,soak,603.9,335.5,0.623,7.0,3,2.077,0.267,11.16,46.33,18.01,0.0,126.465,129.495,85.51,True,physics_simulated_synthetic
BGW-068,4,4.691,soak,603.9,335.5,0.623,7.0,3,2.077,0.267,11.16,46.33,18.01,0.0,121.524,124.272,117.75,True,physics_simulated_synthetic
BGW-068,4,16.859,production,603.9,335.5,0.623,7.0,3,2.077,0.267,11.16,46.33,18.01,194.39,71.996,75.448,3722.75,True,physics_simulated_synthetic
BGW-068,4,17.887,production,603.9,335.5,0.623,7.0,3,2.077,0.267,11.16,46.33,18.01,214.67,68.935,71.996,4931.68,True,physics_simulated_synthetic
BGW-068,4,19.162,production,603.9,335.5,0.623,7.0,3,2.077,0.267,11.16,46.33,18.01,239.81,65.357,64.403,9340.92,True,physics_simulated_synthetic
BGW-068,4,23.411,production,603.9,335.5,0.623,7.0,3,2.077,0.267,11.16,46.33,18.01,323.6,55.392,57.778,16702.2,True,physics_simulated_synthetic
BGW-068,4,31.95,production,603.9,335.5,0.623,7.0,3,2.077,0.267,11.16,46.33,18.01,492.0,47.104,50.538,32393.45,True,physics_simulated_synthetic
BGW-068,4,32.061,production,603.9,335.5,0.623,7.0,3,2.077,0.267,11.16,46.33,18.01,494.19,47.075,52.211,27724.3,True,physics_simulated_synthetic
BGW-068,4,34.173,production,603.9,335.5,0.623,7.0,3,2.077,0.267,11.16,46.33,18.01,535.85,46.673,51.873,28605.29,True,physics_simulated_synthetic
BGW-068,4,35.813,production,603.9,335.5,0.623,7.0,3,2.077,0.267,11.16,46.33,18.01,568.19,46.508,47.438,43409.49,True,physics_simulated_synthetic
BGW-068,4,37.507,production,603.9,335.5,0.623,7.0,3,2.077,0.267,11.16,46.33,18.01,601.59,46.416,48.765,38269.8,True,physics_simulated_synthetic
BGW-068,4,38.321,production,603.9,335.5,0.623,7.0,3,2.077,0.267,11.16,46.33,18.01,617.66,46.39,47.037,45107.0,True,physics_simulated_synthetic
BGW-068,4,43.012,production,603.9,335.5,0.623,7.0,3,2.077,0.267,11.16,46.33,18.01,710.16,46.339,51.306,30153.75,True,physics_simulated_synthetic
BGW-068,4,44.915,production,603.9,335.5,0.623,7.0,3,2.077,0.267,11.16,46.33,18.01,747.69,46.336,50.593,32226.73,True,physics_simulated_synthetic
BGW-068,4,49.595,production,603.9,335.5,0.623,7.0,3,2.077,0.267,11.16,46.33,18.01,839.98,46.335,49.665,35157.81,True,physics_simulated_synthetic
BGW-068,4,49.646,production,603.9,335.5,0.623,7.0,3,2.077,0.267,11.16,46.33,18.01,841.0,46.335,49.407,36022.95,True,physics_simulated_synthetic
BGW-068,4,51.958,production,603.9,335.5,0.623,7.0,3,2.077,0.267,11.16,46.33,18.01,886.58,46.335,51.107,30717.71,True,physics_simulated_synthetic
BGW-068,4,54.776,production,603.9,335.5,0.623,7.0,3,2.077,0.267,11.16,46.33,18.01,942.15,46.335,50.87,31404.41,True,physics_simulated_synthetic
BGW-068,4,55.132,production,603.9,335.5,0.623,7.0,3,2.077,0.267,11.16,46.33,18.01,949.18,46.335,50.795,31623.89,True,physics_simulated_synthetic
BGW-068,4,1.393,soak,651.6,284.6,0.755,11.12,3,1.629,0.317,17.82,47.3,17.78,0.0,143.016,146.814,31.34,True,physics_simulated_synthetic
BGW-068,4,4.748,soak,651.6,284.6,0.755,11.12,3,1.629,0.317,17.82,47.3,17.78,0.0,133.341,133.836,65.96,True,physics_simulated_synthetic
BGW-068,4,17.331,production,651.6,284.6,0.755,11.12,3,1.629,0.317,17.82,47.3,17.78,76.58,94.513,97.187,714.82,True,physics_simulated_synthetic
BGW-068,4,18.198,production,651.6,284.6,0.755,11.12,3,1.629,0.317,17.82,47.3,17.78,87.27,92.027,93.238,950.78,True,physics_simulated_synthetic
BGW-068,4,20.188,production,651.6,284.6,0.755,11.12,3,1.629,0.317,17.82,47.3,17.78,111.8,86.109,90.952,1124.62,True,physics_simulated_synthetic
BGW-068,4,23.896,production,651.6,284.6,0.755,11.12,3,1.629,0.317,17.82,47.3,17.78,157.51,74.883,76.102,3531.87,True,physics_simulated_synthetic
BGW-068,4,27.746,production,651.6,284.6,0.755,11.12,3,1.629,0.317,17.82,47.3,17.78,204.96,64.535,65.064,8825.1,True,physics_simulated_synthetic
BGW-068,4,29.13,production,651.6,284.6,0.755,11.12,3,1.629,0.317,17.82,47.3,17.78,222.02,61.48,64.506,9258.27,True,physics_simulated_synthetic
BGW-068,4,31.441,production,651.6,284.6,0.755,11.12,3,1.629,0.317,17.82,47.3,17.78,250.49,57.062,59.322,14556.12,True,physics_simulated_synthetic
BGW-068,4,33.64,production,651.6,284.6,0.755,11.12,3,1.629,0.317,17.82,47.3,17.78,277.61,53.784,54.516,22429.11,True,physics_simulated_synthetic
BGW-068,4,42.667,production,651.6,284.6,0.755,11.12,3,1.629,0.317,17.82,47.3,17.78,388.86,47.817,51.392,29912.18,True,physics_simulated_synthetic
BGW-068,4,43.37,production,651.6,284.6,0.755,11.12,3,1.629,0.317,17.82,47.3,17.78,397.53,47.71,47.761,42095.45,True,physics_simulated_synthetic
BGW-068,4,45.656,production,651.6,284.6,0.755,11.12,3,1.629,0.317,17.82,47.3,17.78,425.71,47.481,48.869,37896.46,True,physics_simulated_synthetic
BGW-068,4,48.972,production,651.6,284.6,0.755,11.12,3,1.629,0.317,17.82,47.3,17.78,466.58,47.347,49.381,36110.41,True,physics_simulated_synthetic
BGW-068,4,49.619,production,651.6,284.6,0.755,11.12,3,1.629,0.317,17.82,47.3,17.78,474.56,47.336,51.298,30175.9,True,physics_simulated_synthetic
BGW-068,4,53.251,production,651.6,284.6,0.755,11.12,3,1.629,0.317,17.82,47.3,17.78,519.32,47.307,51.96,28376.07,True,physics_simulated_synthetic
BGW-068,4,54.039,production,651.6,284.6,0.755,11.12,3,1.629,0.317,17.82,47.3,17.78,529.03,47.305,51.688,29100.63,True,physics_simulated_synthetic
BGW-068,4,54.517,production,651.6,284.6,0.755,11.12,3,1.629,0.317,17.82,47.3,17.78,534.93,47.304,49.929,34296.58,True,physics_simulated_synthetic
BGW-068,4,55.057,production,651.6,284.6,0.755,11.12,3,1.629,0.317,17.82,47.3,17.78,541.58,47.303,46.744,46386.02,True,physics_simulated_synthetic
BGW-068,4,59.57,production,651.6,284.6,0.755,11.12,3,1.629,0.317,17.82,47.3,17.78,597.21,47.301,50.688,31943.03,True,physics_simulated_synthetic
BGW-069,5,1.474,soak,1971.2,425.0,0.693,10.3,4,1.515,0.272,11.02,47.19,18.35,0.0,185.437,183.956,5.0,True,physics_simulated_synthetic
BGW-069,5,1.83,soak,1971.2,425.0,0.693,10.3,4,1.515,0.272,11.02,47.19,18.35,0.0,183.623,182.741,5.0,True,physics_simulated_synthetic
BGW-069,5,5.585,soak,1971.2,425.0,0.693,10.3,4,1.515,0.272,11.02,47.19,18.35,0.0,165.911,163.708,12.71,True,physics_simulated_synthetic
BGW-069,5,7.045,soak,1971.2,425.0,0.693,10.3,4,1.515,0.272,11.02,47.19,18.35,0.0,159.66,161.081,14.56,True,physics_simulated_synthetic
BGW-069,5,7.592,soak,1971.2,425.0,0.693,10.3,4,1.515,0.272,11.02,47.19,18.35,0.0,157.404,157.313,17.74,True,physics_simulated_synthetic
BGW-069,5,12.441,production,1971.2,425.0,0.693,10.3,4,1.515,0.272,11.02,47.19,18.35,28.0,137.439,139.17,48.31,True,physics_simulated_synthetic
BGW-069,5,12.974,production,1971.2,425.0,0.693,10.3,4,1.515,0.272,11.02,47.19,18.35,34.99,135.339,134.334,64.05,True,physics_simulated_synthetic
BGW-069,5,15.978,production,1971.2,425.0,0.693,10.3,4,1.515,0.272,11.02,47.19,18.35,74.32,122.335,120.785,146.47,True,physics_simulated_synthetic
BGW-069,5,19.301,production,1971.2,425.0,0.693,10.3,4,1.515,0.272,11.02,47.19,18.35,117.84,106.964,108.644,323.08,True,physics_simulated_synthetic
BGW-069,5,20.136,production,1971.2,425.0,0.693,10.3,4,1.515,0.272,11.02,47.19,18.35,128.76,103.226,101.635,522.16,True,physics_simulated_synthetic
BGW-069,5,20.824,production,1971.2,425.0,0.693,10.3,4,1.515,0.272,11.02,47.19,18.35,137.78,100.151,99.12,623.03,True,physics_simulated_synthetic
BGW-069,5,21.637,production,1971.2,425.0,0.693,10.3,4,1.515,0.272,11.02,47.19,18.35,148.42,96.526,96.752,737.39,True,physics_simulated_synthetic
BGW-069,5,28.003,production,1971.2,425.0,0.693,10.3,4,1.515,0.272,11.02,47.19,18.35,231.77,69.03,66.515,7797.51,True,physics_simulated_synthetic
BGW-069,5,31.598,production,1971.2,425.0,0.693,10.3,4,1.515,0.272,11.02,47.19,18.35,278.85,58.891,59.106,14839.02,True,physics_simulated_synthetic
BGW-069,5,39.837,production,1971.2,425.0,0.693,10.3,4,1.515,0.272,11.02,47.19,18.35,386.74,48.513,48.548,39064.92,True,physics_simulated_synthetic
BGW-069,5,40.612,production,1971.2,425.0,0.693,10.3,4,1.515,0.272,11.02,47.19,18.35,396.88,48.23,49.225,36643.74,True,physics_simulated_synthetic
BGW-069,5,41.289,production,1971.2,425.0,0.693,10.3,4,1.515,0.272,11.02,47.19,18.35,405.74,48.026,48.491,39277.87,True,physics_simulated_synthetic
BGW-069,5,44.479,production,1971.2,425.0,0.693,10.3,4,1.515,0.272,11.02,47.19,18.35,447.51,47.453,48.492,39273.42,True,physics_simulated_synthetic
BGW-069,5,49.111,production,1971.2,425.0,0.693,10.3,4,1.515,0.272,11.02,47.19,18.35,508.16,47.226,46.29,48451.82,True,physics_simulated_synthetic
BGW-069,5,49.198,production,1971.2,425.0,0.693,10.3,4,1.515,0.272,11.02,47.19,18.35,509.31,47.225,46.192,48908.79,True,physics_simulated_synthetic
BGW-069,2,1.552,soak,1396.3,292.4,0.68,10.77,1,1.471,0.268,14.66,47.7,18.22,0.0,182.311,178.159,6.2,True,physics_simulated_synthetic
BGW-069,2,5.619,soak,1396.3,292.4,0.68,10.77,1,1.471,0.268,14.66,47.7,18.22,0.0,165.802,162.244,13.71,True,physics_simulated_synthetic
BGW-069,2,8.749,soak,1396.3,292.4,0.68,10.77,1,1.471,0.268,14.66,47.7,18.22,0.0,154.485,151.858,23.76,True,physics_simulated_synthetic
BGW-069,2,15.432,production,1396.3,292.4,0.68,10.77,1,1.471,0.268,14.66,47.7,18.22,90.2,124.73,124.822,113.8,True,physics_simulated_synthetic
BGW-069,2,16.908,production,1396.3,292.4,0.68,10.77,1,1.471,0.268,14.66,47.7,18.22,118.73,117.837,117.146,184.71,True,physics_simulated_synthetic
BGW-069,2,18.94,production,1396.3,292.4,0.68,10.77,1,1.471,0.268,14.66,47.7,18.22,158.0,107.628,103.164,469.53,True,physics_simulated_synthetic
BGW-069,2,20.924,production,1396.3,292.4,0.68,10.77,1,1.471,0.268,14.66,47.7,18.22,196.36,97.365,97.09,719.79,True,physics_simulated_synthetic
BGW-069,2,25.189,production,1396.3,292.4,0.68,10.77,1,1.471,0.268,14.66,47.7,18.22,278.79,75.71,75.432,3727.78,True,physics_simulated_synthetic
BGW-069,2,26.126,production,1396.3,292.4,0.68,10.77,1,1.471,0.268,14.66,47.7,18.22,296.89,71.871,68.061,6842.52,True,physics_simulated_synthetic
BGW-069,2,29.759,production,1396.3,292.4,0.68,10.77,1,1.471,0.268,14.66,47.7,18.22,367.12,59.441,53.744,24071.92,True,physics_simulated_synthetic
BGW-069,2,35.238,production,1396.3,292.4,0.68,10.77,1,1.471,0.268,14.66,47.7,18.22,473.02,50.183,47.915,41482.7,True,physics_simulated_synthetic
BGW-069,2,36.613,production,1396.3,292.4,0.68,10.77,1,1.471,0.268,14.66,47.7,18.22,499.57,49.27,48.674,38601.9,True,physics_simulated_synthetic
BGW-069,2,37.515,production,1396.3,292.4,0.68,10.77,1,1.471,0.268,14.66,47.7,18.22,517.02,48.839,48.9,37785.94,True,physics_simulated_synthetic
BGW-069,2,38.974,production,1396.3,292.4,0.68,10.77,1,1.471,0.268,14.66,47.7,18.22,545.22,48.352,46.702,46572.78,True,physics_simulated_synthetic
BGW-069,2,41.726,production,1396.3,292.4,0.68,10.77,1,1.471,0.268,14.66,47.7,18.22,598.41,47.897,48.183,40441.39,True,physics_simulated_synthetic
BGW-069,2,44.051,production,1396.3,292.4,0.68,10.77,1,1.471,0.268,14.66,47.7,18.22,643.35,47.764,46.702,46572.78,True,physics_simulated_synthetic
BGW-069,2,51.594,production,1396.3,292.4,0.68,10.77,1,1.471,0.268,14.66,47.7,18.22,789.14,47.703,46.702,46572.78,True,physics_simulated_synthetic
BGW-069,2,52.33,production,1396.3,292.4,0.68,10.77,1,1.471,0.268,14.66,47.7,18.22,803.36,47.703,46.702,46572.78,True,physics_simulated_synthetic
BGW-069,2,57.509,production,1396.3,292.4,0.68,10.77,1,1.471,0.268,14.66,47.7,18.22,903.45,47.702,47.149,44626.48,True,physics_simulated_synthetic
BGW-069,2,57.601,production,1396.3,292.4,0.68,10.77,1,1.471,0.268,14.66,47.7,18.22,905.24,47.702,47.353,43764.34,True,physics_simulated_synthetic
BGW-070,4,1.486,soak,1525.3,297.4,0.669,8.9,3,1.437,0.22,10.24,46.34,18.35,0.0,183.152,184.098,5.0,True,physics_simulated_synthetic
BGW-070,4,2.171,soak,1525.3,297.4,0.669,8.9,3,1.437,0.22,10.24,46.34,18.35,0.0,179.745,177.403,6.43,True,physics_simulated_synthetic
BGW-070,4,5.99,soak,1525.3,297.4,0.669,8.9,3,1.437,0.22,10.24,46.34,18.35,0.0,162.257,163.221,13.03,True,physics_simulated_synthetic
BGW-070,4,9.611,production,1525.3,297.4,0.669,8.9,3,1.437,0.22,10.24,46.34,18.35,10.16,147.366,148.554,28.47,True,physics_simulated_synthetic
BGW-070,4,17.553,production,1525.3,297.4,0.669,8.9,3,1.437,0.22,10.24,46.34,18.35,123.27,107.494,109.966,295.71,True,physics_simulated_synthetic
BGW-070,4,24.056,production,1525.3,297.4,0.669,8.9,3,1.437,0.22,10.24,46.34,18.35,215.88,75.995,75.752,3632.93,True,physics_simulated_synthetic
BGW-070,4,25.621,production,1525.3,297.4,0.669,8.9,3,1.437,0.22,10.24,46.34,18.35,238.18,70.193,67.728,7036.91,True,physics_simulated_synthetic
BGW-070,4,27.844,production,1525.3,297.4,0.669,8.9,3,1.437,0.22,10.24,46.34,18.35,269.84,63.038,62.316,11189.22,True,physics_simulated_synthetic
BGW-070,4,29.255,production,1525.3,297.4,0.669,8.9,3,1.437,0.22,10.24,46.34,18.35,289.94,59.305,58.443,15739.63,True,physics_simulated_synthetic
BGW-070,4,29.722,production,1525.3,297.4,0.669,8.9,3,1.437,0.22,10.24,46.34,18.35,296.59,58.215,59.92,13806.1,True,physics_simulated_synthetic
BGW-070,4,36.487,production,1525.3,297.4,0.669,8.9,3,1.437,0.22,10.24,46.34,18.35,392.93,48.442,45.342,53082.96,True,physics_simulated_synthetic
BGW-070,4,39.546,production,1525.3,297.4,0.669,8.9,3,1.437,0.22,10.24,46.34,18.35,436.49,47.124,47.17,44534.52,True,physics_simulated_synthetic
BGW-070,4,44.763,production,1525.3,297.4,0.669,8.9,3,1.437,0.22,10.24,46.34,18.35,510.8,46.436,49.106,37056.65,True,physics_simulated_synthetic
BGW-070,4,45.218,production,1525.3,297.4,0.669,8.9,3,1.437,0.22,10.24,46.34,18.35,517.28,46.419,47.103,44820.56,True,physics_simulated_synthetic
BGW-070,4,45.253,production,1525.3,297.4,0.669,8.9,3,1.437,0.22,10.24,46.34,18.35,517.78,46.418,48.347,39817.38,True,physics_simulated_synthetic
BGW-070,4,46.404,production,1525.3,297.4,0.669,8.9,3,1.437,0.22,10.24,46.34,18.35,534.17,46.387,45.342,53082.96,True,physics_simulated_synthetic
BGW-070,4,54.156,production,1525.3,297.4,0.669,8.9,3,1.437,0.22,10.24,46.34,18.35,644.58,46.343,45.342,53082.96,True,physics_simulated_synthetic
BGW-070,4,59.029,production,1525.3,297.4,0.669,8.9,3,1.437,0.22,10.24,46.34,18.35,713.98,46.342,49.029,37329.55,True,physics_simulated_synthetic
BGW-070,4,59.103,production,1525.3,297.4,0.669,8.9,3,1.437,0.22,10.24,46.34,18.35,715.03,46.342,47.158,44585.57,True,physics_simulated_synthetic
BGW-070,4,59.853,production,1525.3,297.4,0.669,8.9,3,1.437,0.22,10.24,46.34,18.35,725.71,46.342,47.161,44573.32,True,physics_simulated_synthetic
BGW-070,1,1.738,soak,610.2,373.2,0.844,11.94,0,2.163,0.219,19.69,46.66,17.67,0.0,146.848,149.507,27.01,True,physics_simulated_synthetic
BGW-070,1,2.943,soak,610.2,373.2,0.844,11.94,0,2.163,0.219,19.69,46.66,17.67,0.0,142.132,143.42,37.91,True,physics_simulated_synthetic
BGW-070,1,3.955,soak,610.2,373.2,0.844,11.94,0,2.163,0.219,19.69,46.66,17.67,0.0,138.343,139.28,48.0,True,physics_simulated_synthetic
BGW-070,1,6.958,soak,610.2,373.2,0.844,11.94,0,2.163,0.219,19.69,46.66,17.67,0.0,127.966,128.325,91.8,True,physics_simulated_synthetic
BGW-070,1,17.724,production,610.2,373.2,0.844,11.94,0,2.163,0.219,19.69,46.66,17.67,63.81,92.327,94.085,893.88,True,physics_simulated_synthetic
BGW-070,1,18.307,production,610.2,373.2,0.844,11.94,0,2.163,0.219,19.69,46.66,17.67,70.24,90.663,87.94,1407.67,True,physics_simulated_synthetic
BGW-070,1,21.639,production,610.2,373.2,0.844,11.94,0,2.163,0.219,19.69,46.66,17.67,107.01,80.758,81.966,2222.3,True,physics_simulated_synthetic
BGW-070,1,23.419,production,610.2,373.2,0.844,11.94,0,2.163,0.219,19.69,46.66,17.67,126.65,75.784,73.685,4294.85,True,physics_simulated_synthetic
BGW-070,1,29.618,production,610.2,373.2,0.844,11.94,0,2.163,0.219,19.69,46.66,17.67,195.07,60.072,58.571,15561.82,True,physics_simulated_synthetic
BGW-070,1,35.829,production,610.2,373.2,0.844,11.94,0,2.163,0.219,19.69,46.66,17.67,263.61,50.945,51.02,30967.26,True,physics_simulated_synthetic
BGW-070,1,40.997,production,610.2,373.2,0.844,11.94,0,2.163,0.219,19.69,46.66,17.67,320.64,47.849,48.864,37914.69,True,physics_simulated_synthetic
BGW-070,1,41.24,production,610.2,373.2,0.844,11.94,0,2.163,0.219,19.69,46.66,17.67,323.32,47.773,45.656,51502.04,True,physics_simulated_synthetic
BGW-070,1,46.504,production,610.2,373.2,0.844,11.94,0,2.163,0.219,19.69,46.66,17.67,381.42,46.859,45.656,51502.04,True,physics_simulated_synthetic
BGW-070,1,46.901,production,610.2,373.2,0.844,11.94,0,2.163,0.219,19.69,46.66,17.67,385.79,46.833,46.258,48602.07,True,physics_simulated_synthetic
BGW-070,1,47.265,production,610.2,373.2,0.844,11.94,0,2.163,0.219,19.69,46.66,17.67,389.81,46.811,45.839,50601.16,True,physics_simulated_synthetic
BGW-070,1,47.56,production,610.2,373.2,0.844,11.94,0,2.163,0.219,19.69,46.66,17.67,393.07,46.795,47.28,44072.5,True,physics_simulated_synthetic
BGW-070,1,49.546,production,610.2,373.2,0.844,11.94,0,2.163,0.219,19.69,46.66,17.67,414.99,46.72,50.819,31552.75,True,physics_simulated_synthetic
BGW-070,1,54.56,production,610.2,373.2,0.844,11.94,0,2.163,0.219,19.69,46.66,17.67,470.32,46.662,46.538,47313.19,True,physics_simulated_synthetic
BGW-070,1,57.661,production,610.2,373.2,0.844,11.94,0,2.163,0.219,19.69,46.66,17.67,504.54,46.657,45.656,51502.04,True,physics_simulated_synthetic
BGW-070,1,59.838,production,610.2,373.2,0.844,11.94,0,2.163,0.219,19.69,46.66,17.67,528.57,46.656,45.656,51502.04,True,physics_simulated_synthetic
BGW-071,1,2.7,soak,1743.1,290.9,0.806,11.26,0,2.26,0.208,16.6,47.84,18.24,0.0,171.677,172.487,8.17,True,physics_simulated_synthetic
BGW-071,1,2.784,soak,1743.1,290.9,0.806,11.26,0,2.26,0.208,16.6,47.84,18.24,0.0,171.206,175.036,7.21,True,physics_simulated_synthetic
BGW-071,1,4.772,soak,1743.1,290.9,0.806,11.26,0,2.26,0.208,16.6,47.84,18.24,0.0,160.553,161.207,14.46,True,physics_simulated_synthetic
BGW-071,1,4.947,soak,1743.1,290.9,0.806,11.26,0,2.26,0.208,16.6,47.84,18.24,0.0,159.658,161.346,14.36,True,physics_simulated_synthetic
BGW-071,1,6.139,soak,1743.1,290.9,0.806,11.26,0,2.26,0.208,16.6,47.84,18.24,0.0,153.765,154.164,20.98,True,physics_simulated_synthetic
BGW-071,1,10.646,soak,1743.1,290.9,0.806,11.26,0,2.26,0.208,16.6,47.84,18.24,0.0,134.15,134.531,63.31,True,physics_simulated_synthetic
BGW-071,1,18.811,production,1743.1,290.9,0.806,11.26,0,2.26,0.208,16.6,47.84,18.24,74.9,99.72,98.54,649.17,True,physics_simulated_synthetic
BGW-071,1,24.27,production,1743.1,290.9,0.806,11.26,0,2.26,0.208,16.6,47.84,18.24,129.05,79.518,78.524,2911.35,True,physics_simulated_synthetic
BGW-071,1,24.314,production,1743.1,290.9,0.806,11.26,0,2.26,0.208,16.6,47.84,18.24,129.49,79.38,78.896,2826.84,True,physics_simulated_synthetic
BGW-071,1,28.584,production,1743.1,290.9,0.806,11.26,0,2.26,0.208,16.6,47.84,18.24,171.84,66.716,68.18,6774.3,True,physics_simulated_synthetic
BGW-071,1,29.277,production,1743.1,290.9,0.806,11.26,0,2.26,0.208,16.6,47.84,18.24,178.71,65.057,67.77,7012.24,True,physics_simulated_synthetic
BGW-071,1,33.632,production,1743.1,290.9,0.806,11.26,0,2.26,0.208,16.6,47.84,18.24,221.91,56.375,55.08,21306.64,True,physics_simulated_synthetic
BGW-071,1,36.053,production,1743.1,290.9,0.806,11.26,0,2.26,0.208,16.6,47.84,18.24,245.92,53.235,53.673,24229.18,True,physics_simulated_synthetic
BGW-071,1,42.204,production,1743.1,290.9,0.806,11.26,0,2.26,0.208,16.6,47.84,18.24,306.94,49.032,48.324,39902.06,True,physics_simulated_synthetic
BGW-071,1,51.362,production,1743.1,290.9,0.806,11.26,0,2.26,0.208,16.6,47.84,18.24,397.77,47.888,48.724,38420.27,True,physics_simulated_synthetic
BGW-071,1,51.971,production,1743.1,290.9,0.806,11.26,0,2.26,0.208,16.6,47.84,18.24,403.82,47.878,50.59,32235.71,True,physics_simulated_synthetic
BGW-071,1,52.352,production,1743.1,290.9,0.806,11.26,0,2.26,0.208,16.6,47.84,18.24,407.59,47.873,48.453,39417.29,True,physics_simulated_synthetic
BGW-071,1,55.552,production,1743.1,290.9,0.806,11.26,0,2.26,0.208,16.6,47.84,18.24,439.33,47.85,48.99,37467.53,True,physics_simulated_synthetic
BGW-071,1,56.985,production,1743.1,290.9,0.806,11.26,0,2.26,0.208,16.6,47.84,18.24,453.54,47.847,51.09,30766.04,True,physics_simulated_synthetic
BGW-071,1,59.514,production,1743.1,290.9,0.806,11.26,0,2.26,0.208,16.6,47.84,18.24,478.63,47.844,49.691,35070.78,True,physics_simulated_synthetic
BGW-071,5,0.254,soak,2019.1,251.1,0.783,4.76,4,2.114,0.234,7.9,47.36,17.94,0.0,191.282,193.694,5.0,True,physics_simulated_synthetic
BGW-071,5,2.83,soak,2019.1,251.1,0.783,4.76,4,2.114,0.234,7.9,47.36,17.94,0.0,171.803,175.748,6.96,True,physics_simulated_synthetic
BGW-071,5,3.083,soak,2019.1,251.1,0.783,4.76,4,2.114,0.234,7.9,47.36,17.94,0.0,170.043,171.667,8.51,True,physics_simulated_synthetic
BGW-071,5,3.23,soak,2019.1,251.1,0.783,4.76,4,2.114,0.234,7.9,47.36,17.94,0.0,169.031,171.836,8.44,True,physics_simulated_synthetic
BGW-071,5,3.567,soak,2019.1,251.1,0.783,4.76,4,2.114,0.234,7.9,47.36,17.94,0.0,166.737,169.25,9.6,True,physics_simulated_synthetic
BGW-071,5,12.014,production,2019.1,251.1,0.783,4.76,4,2.114,0.234,7.9,47.36,17.94,108.2,112.322,115.231,209.06,True,physics_simulated_synthetic
BGW-071,5,18.723,production,2019.1,251.1,0.783,4.76,4,2.114,0.234,7.9,47.36,17.94,208.33,77.551,79.192,2761.58,True,physics_simulated_synthetic
BGW-071,5,22.706,production,2019.1,251.1,0.783,4.76,4,2.114,0.234,7.9,47.36,17.94,267.78,63.503,63.964,9700.87,True,physics_simulated_synthetic
BGW-071,5,25.244,production,2019.1,251.1,0.783,4.76,4,2.114,0.234,7.9,47.36,17.94,305.65,57.337,61.12,12422.76,True,physics_simulated_synthetic
BGW-071,5,31.232,production,2019.1,251.1,0.783,4.76,4,2.114,0.234,7.9,47.36,17.94,395.02,49.533,53.936,23650.63,True,physics_simulated_synthetic
BGW-071,5,31.808,production,2019.1,251.1,0.783,4.76,4,2.114,0.234,7.9,47.36,17.94,403.63,49.199,49.744,34897.91,True,physics_simulated_synthetic
BGW-071,5,32.895,production,2019.1,251.1,0.783,4.76,4,2.114,0.234,7.9,47.36,17.94,419.85,48.682,52.252,27618.72,True,physics_simulated_synthetic
BGW-071,5,34.714,production,2019.1,251.1,0.783,4.76,4,2.114,0.234,7.9,47.36,17.94,446.98,48.085,52.655,26608.51,True,physics_simulated_synthetic
BGW-071,5,36.07,production,2019.1,251.1,0.783,4.76,4,2.114,0.234,7.9,47.36,17.94,467.23,47.807,51.694,29083.61,True,physics_simulated_synthetic
BGW-071,5,36.771,production,2019.1,251.1,0.783,4.76,4,2.114,0.234,7.9,47.36,17.94,477.69,47.703,50.174,33517.53,True,physics_simulated_synthetic
BGW-071,5,37.432,production,2019.1,251.1,0.783,4.76,4,2.114,0.234,7.9,47.36,17.94,487.55,47.626,49.358,36186.44,True,physics_simulated_synthetic
BGW-071,5,37.815,production,2019.1,251.1,0.783,4.76,4,2.114,0.234,7.9,47.36,17.94,493.28,47.588,50.755,31742.53,True,physics_simulated_synthetic
BGW-071,5,39.401,production,2019.1,251.1,0.783,4.76,4,2.114,0.234,7.9,47.36,17.94,516.94,47.476,50.877,31383.57,True,physics_simulated_synthetic
BGW-071,5,49.697,production,2019.1,251.1,0.783,4.76,4,2.114,0.234,7.9,47.36,17.94,670.6,47.357,50.544,32373.99,True,physics_simulated_synthetic
BGW-071,5,50.168,production,2019.1,251.1,0.783,4.76,4,2.114,0.234,7.9,47.36,17.94,677.63,47.357,50.158,33566.85,True,physics_simulated_synthetic
BGW-072,4,0.776,soak,1906.6,379.5,0.781,11.11,3,1.393,0.284,19.56,47.15,17.43,0.0,188.694,189.402,5.0,True,physics_simulated_synthetic
BGW-072,4,10.324,soak,1906.6,379.5,0.781,11.11,3,1.393,0.284,19.56,47.15,17.43,0.0,156.923,154.349,20.77,True,physics_simulated_synthetic
BGW-072,4,10.481,soak,1906.6,379.5,0.781,11.11,3,1.393,0.284,19.56,47.15,17.43,0.0,156.465,153.729,21.48,True,physics_simulated_synthetic
BGW-072,4,12.671,production,1906.6,379.5,0.781,11.11,3,1.393,0.284,19.56,47.15,17.43,23.1,149.484,148.787,28.1,True,physics_simulated_synthetic
BGW-072,4,14.383,production,1906.6,379.5,0.781,11.11,3,1.393,0.284,19.56,47.15,17.43,48.41,143.433,141.07,43.32,True,physics_simulated_synthetic
BGW-072,4,20.133,production,1906.6,379.5,0.781,11.11,3,1.393,0.284,19.56,47.15,17.43,133.4,115.16,113.294,237.25,True,physics_simulated_synthetic
BGW-072,4,25.133,production,1906.6,379.5,0.781,11.11,3,1.393,0.284,19.56,47.15,17.43,207.29,88.414,88.151,1385.58,True,physics_simulated_synthetic
BGW-072,4,27.871,production,1906.6,379.5,0.781,11.11,3,1.393,0.284,19.56,47.15,17.43,247.76,75.84,73.587,4329.15,True,physics_simulated_synthetic
BGW-072,4,28.699,production,1906.6,379.5,0.781,11.11,3,1.393,0.284,19.56,47.15,17.43,260.01,72.537,68.295,6708.91,True,physics_simulated_synthetic
BGW-072,4,29.474,production,1906.6,379.5,0.781,11.11,3,1.393,0.284,19.56,47.15,17.43,271.46,69.635,66.323,7925.98,True,physics_simulated_synthetic
BGW-072,4,30.878,production,1906.6,379.5,0.781,11.11,3,1.393,0.284,19.56,47.15,17.43,292.2,64.829,63.352,10227.19,True,physics_simulated_synthetic
BGW-072,4,33.171,production,1906.6,379.5,0.781,11.11,3,1.393,0.284,19.56,47.15,17.43,326.1,58.379,54.28,22918.69,True,physics_simulated_synthetic
BGW-072,4,37.77,production,1906.6,379.5,0.781,11.11,3,1.393,0.284,19.56,47.15,17.43,394.07,50.614,48.707,38481.25,True,physics_simulated_synthetic
BGW-072,4,40.172,production,1906.6,379.5,0.781,11.11,3,1.393,0.284,19.56,47.15,17.43,429.58,48.81,46.147,49120.99,True,physics_simulated_synthetic
BGW-072,4,44.481,production,1906.6,379.5,0.781,11.11,3,1.393,0.284,19.56,47.15,17.43,493.27,47.479,48.284,40056.45,True,physics_simulated_synthetic
BGW-072,4,49.065,production,1906.6,379.5,0.781,11.11,3,1.393,0.284,19.56,47.15,17.43,561.03,47.186,48.727,38410.36,True,physics_simulated_synthetic
BGW-072,4,50.691,production,1906.6,379.5,0.781,11.11,3,1.393,0.284,19.56,47.15,17.43,585.05,47.164,46.147,49120.99,True,physics_simulated_synthetic
BGW-072,4,53.201,production,1906.6,379.5,0.781,11.11,3,1.393,0.284,19.56,47.15,17.43,622.15,47.151,46.147,49120.99,True,physics_simulated_synthetic
BGW-072,4,55.679,production,1906.6,379.5,0.781,11.11,3,1.393,0.284,19.56,47.15,17.43,658.78,47.148,46.147,49120.99,True,physics_simulated_synthetic
BGW-072,4,59.925,production,1906.6,379.5,0.781,11.11,3,1.393,0.284,19.56,47.15,17.43,721.54,47.147,46.147,49120.99,True,physics_simulated_synthetic
BGW-072,5,10.653,production,688.2,160.3,0.721,5.63,4,1.965,0.294,7.93,46.88,18.38,61.2,88.885,88.513,1348.41,True,physics_simulated_synthetic
BGW-072,5,12.369,production,688.2,160.3,0.721,5.63,4,1.965,0.294,7.93,46.88,18.38,82.09,84.006,82.986,2053.33,True,physics_simulated_synthetic
BGW-072,5,14.843,production,688.2,160.3,0.721,5.63,4,1.965,0.294,7.93,46.88,18.38,112.22,77.231,77.344,3197.55,True,physics_simulated_synthetic
BGW-072,5,16.765,production,688.2,160.3,0.721,5.63,4,1.965,0.294,7.93,46.88,18.38,135.61,72.31,72.284,4816.26,True,physics_simulated_synthetic
BGW-072,5,16.956,production,688.2,160.3,0.721,5.63,4,1.965,0.294,7.93,46.88,18.38,137.94,71.848,70.588,5539.86,True,physics_simulated_synthetic
BGW-072,5,17.928,production,688.2,160.3,0.721,5.63,4,1.965,0.294,7.93,46.88,18.38,149.77,69.526,68.739,6463.49,True,physics_simulated_synthetic
BGW-072,5,27.271,production,688.2,160.3,0.721,5.63,4,1.965,0.294,7.93,46.88,18.38,263.52,52.144,50.073,33835.72,True,physics_simulated_synthetic
BGW-072,5,29.781,production,688.2,160.3,0.721,5.63,4,1.965,0.294,7.93,46.88,18.38,294.07,50.03,49.861,34517.1,True,physics_simulated_synthetic
BGW-072,5,31.065,production,688.2,160.3,0.721,5.63,4,1.965,0.294,7.93,46.88,18.38,309.7,49.244,45.881,50394.66,True,physics_simulated_synthetic
BGW-072,5,31.596,production,688.2,160.3,0.721,5.63,4,1.965,0.294,7.93,46.88,18.38,316.17,48.969,49.027,37334.27,True,physics_simulated_synthetic
BGW-072,5,32.561,production,688.2,160.3,0.721,5.63,4,1.965,0.294,7.93,46.88,18.38,327.92,48.532,47.47,43277.44,True,physics_simulated_synthetic
BGW-072,5,33.335,production,688.2,160.3,0.721,5.63,4,1.965,0.294,7.93,46.88,18.38,337.34,48.237,46.527,47363.73,True,physics_simulated_synthetic
BGW-072,5,33.784,production,688.2,160.3,0.721,5.63,4,1.965,0.294,7.93,46.88,18.38,342.81,48.087,46.733,46437.48,True,physics_simulated_synthetic
BGW-072,5,35.148,production,688.2,160.3,0.721,5.63,4,1.965,0.294,7.93,46.88,18.38,359.41,47.71,46.458,47678.09,True,physics_simulated_synthetic
BGW-072,5,42.331,production,688.2,160.3,0.721,5.63,4,1.965,0.294,7.93,46.88,18.38,446.86,46.945,47.732,42210.55,True,physics_simulated_synthetic
BGW-072,5,42.652,production,688.2,160.3,0.721,5.63,4,1.965,0.294,7.93,46.88,18.38,450.78,46.937,50.435,32705.92,True,physics_simulated_synthetic
BGW-072,5,45.264,production,688.2,160.3,0.721,5.63,4,1.965,0.294,7.93,46.88,18.38,482.57,46.899,47.578,42834.43,True,physics_simulated_synthetic
BGW-072,5,46.316,production,688.2,160.3,0.721,5.63,4,1.965,0.294,7.93,46.88,18.38,495.37,46.892,45.881,50394.66,True,physics_simulated_synthetic
BGW-072,5,50.032,production,688.2,160.3,0.721,5.63,4,1.965,0.294,7.93,46.88,18.38,540.62,46.883,46.736,46424.71,True,physics_simulated_synthetic
BGW-072,5,56.899,production,688.2,160.3,0.721,5.63,4,1.965,0.294,7.93,46.88,18.38,624.23,46.881,46.795,46161.66,True,physics_simulated_synthetic
BGW-072,4,4.612,soak,755.2,155.8,0.575,6.92,3,2.373,0.266,16.57,46.64,18.44,0.0,106.925,105.658,395.55,True,physics_simulated_synthetic
BGW-072,4,4.927,soak,755.2,155.8,0.575,6.92,3,2.373,0.266,16.57,46.64,18.44,0.0,106.042,104.49,428.49,True,physics_simulated_synthetic
BGW-072,4,6.48,soak,755.2,155.8,0.575,6.92,3,2.373,0.266,16.57,46.64,18.44,0.0,101.873,98.933,631.33,True,physics_simulated_synthetic
BGW-072,4,9.647,production,755.2,155.8,0.575,6.92,3,2.373,0.266,16.57,46.64,18.44,44.45,93.481,93.06,963.18,True,physics_simulated_synthetic
BGW-072,4,12.73,production,755.2,155.8,0.575,6.92,3,2.373,0.266,16.57,46.64,18.44,94.66,85.21,83.715,1941.13,True,physics_simulated_synthetic
BGW-072,4,15.13,production,755.2,155.8,0.575,6.92,3,2.373,0.266,16.57,46.64,18.44,133.76,78.752,76.3,3476.14,True,physics_simulated_synthetic
BGW-072,4,21.466,production,755.2,155.8,0.575,6.92,3,2.373,0.266,16.57,46.64,18.44,236.97,61.946,60.736,12849.0,True,physics_simulated_synthetic
BGW-072,4,23.8,production,755.2,155.8,0.575,6.92,3,2.373,0.266,16.57,46.64,18.44,275.0,57.363,53.516,24580.33,True,physics_simulated_synthetic
BGW-072,4,30.66,production,755.2,155.8,0.575,6.92,3,2.373,0.266,16.57,46.64,18.44,386.75,48.95,45.643,51564.83,True,physics_simulated_synthetic
BGW-072,4,35.423,production,755.2,155.8,0.575,6.92,3,2.373,0.266,16.57,46.64,18.44,464.34,47.168,45.643,51564.83,True,physics_simulated_synthetic
BGW-072,4,38.305,production,755.2,155.8,0.575,6.92,3,2.373,0.266,16.57,46.64,18.44,511.28,46.821,45.82,50694.03,True,physics_simulated_synthetic
BGW-072,4,38.585,production,755.2,155.8,0.575,6.92,3,2.373,0.266,16.57,46.64,18.44,515.86,46.802,45.643,51564.83,True,physics_simulated_synthetic
BGW-072,4,44.915,production,755.2,155.8,0.575,6.92,3,2.373,0.266,16.57,46.64,18.44,618.97,46.65,46.628,46906.74,True,physics_simulated_synthetic
BGW-072,4,53.089,production,755.2,155.8,0.575,6.92,3,2.373,0.266,16.57,46.64,18.44,752.12,46.643,45.643,51564.83,True,physics_simulated_synthetic
BGW-072,4,54.281,production,755.2,155.8,0.575,6.92,3,2.373,0.266,16.57,46.64,18.44,771.53,46.643,45.957,50029.25,True,physics_simulated_synthetic
BGW-072,4,56.812,production,755.2,155.8,0.575,6.92,3,2.373,0.266,16.57,46.64,18.44,812.77,46.643,45.643,51564.83,True,physics_simulated_synthetic
BGW-072,4,57.384,production,755.2,155.8,0.575,6.92,3,2.373,0.266,16.57,46.64,18.44,822.09,46.643,45.643,51564.83,True,physics_simulated_synthetic
BGW-072,4,57.971,production,755.2,155.8,0.575,6.92,3,2.373,0.266,16.57,46.64,18.44,831.65,46.643,45.692,51323.23,True,physics_simulated_synthetic
BGW-072,4,58.617,production,755.2,155.8,0.575,6.92,3,2.373,0.266,16.57,46.64,18.44,842.18,46.643,45.643,51564.83,True,physics_simulated_synthetic
BGW-072,4,59.944,production,755.2,155.8,0.575,6.92,3,2.373,0.266,16.57,46.64,18.44,863.78,46.643,45.643,51564.83,True,physics_simulated_synthetic
BGW-072,4,5.317,soak,650.9,303.3,0.576,8.59,3,1.86,0.21,17.42,46.52,18.08,0.0,122.742,121.357,141.29,True,physics_simulated_synthetic
BGW-072,4,8.864,production,650.9,303.3,0.576,8.59,3,1.86,0.21,17.42,46.52,18.08,2.57,113.264,110.543,284.55,True,physics_simulated_synthetic
BGW-072,4,14.15,production,650.9,303.3,0.576,8.59,3,1.86,0.21,17.42,46.52,18.08,52.15,98.826,96.762,736.87,True,physics_simulated_synthetic
BGW-072,4,16.502,production,650.9,303.3,0.576,8.59,3,1.86,0.21,17.42,46.52,18.08,74.22,92.449,91.385,1089.25,True,physics_simulated_synthetic
BGW-072,4,21.291,production,650.9,303.3,0.576,8.59,3,1.86,0.21,17.42,46.52,18.08,119.15,78.882,75.827,3610.93,True,physics_simulated_synthetic
BGW-072,4,26.533,production,650.9,303.3,0.576,8.59,3,1.86,0.21,17.42,46.52,18.08,168.31,65.373,64.112,9577.53,True,physics_simulated_synthetic
BGW-072,4,29.629,production,650.9,303.3,0.576,8.59,3,1.86,0.21,17.42,46.52,18.08,197.35,59.117,57.329,17388.34,True,physics_simulated_synthetic
BGW-072,4,31.436,production,650.9,303.3,0.576,8.59,3,1.86,0.21,17.42,46.52,18.08,214.31,56.157,53.741,24077.66,True,physics_simulated_synthetic
BGW-072,4,31.505,production,650.9,303.3,0.576,8.59,3,1.86,0.21,17.42,46.52,18.08,214.95,56.056,53.907,23715.35,True,physics_simulated_synthetic
BGW-072,4,35.866,production,650.9,303.3,0.576,8.59,3,1.86,0.21,17.42,46.52,18.08,255.87,50.826,49.119,37011.51,True,physics_simulated_synthetic
BGW-072,4,38.342,production,650.9,303.3,0.576,8.59,3,1.86,0.21,17.42,46.52,18.08,279.09,49.057,46.491,47526.11,True,physics_simulated_synthetic
BGW-072,4,40.468,production,650.9,303.3,0.576,8.59,3,1.86,0.21,17.42,46.52,18.08,299.04,48.048,46.567,47182.48,True,physics_simulated_synthetic
BGW-072,4,41.914,production,650.9,303.3,0.576,8.59,3,1.86,0.21,17.42,46.52,18.08,312.59,47.572,45.692,51321.3,True,physics_simulated_synthetic
BGW-072,4,42.449,production,650.9,303.3,0.576,8.59,3,1.86,0.21,17.42,46.52,18.08,317.61,47.432,45.525,52156.94,True,physics_simulated_synthetic
BGW-072,4,51.446,production,650.9,303.3,0.576,8.59,3,1.86,0.21,17.42,46.52,18.08,402.01,46.561,47.296,44002.6,True,physics_simulated_synthetic
BGW-072,4,55.039,production,650.9,303.3,0.576,8.59,3,1.86,0.21,17.42,46.52,18.08,435.72,46.532,45.623,51665.59,True,physics_simulated_synthetic
BGW-072,4,55.151,production,650.9,303.3,0.576,8.59,3,1.86,0.21,17.42,46.52,18.08,436.77,46.532,45.525,52156.94,True,physics_simulated_synthetic
BGW-072,4,57.236,production,650.9,303.3,0.576,8.59,3,1.86,0.21,17.42,46.52,18.08,456.33,46.527,45.525,52156.94,True,physics_simulated_synthetic
BGW-072,4,57.738,production,650.9,303.3,0.576,8.59,3,1.86,0.21,17.42,46.52,18.08,461.04,46.527,45.525,52156.94,True,physics_simulated_synthetic
BGW-072,4,59.163,production,650.9,303.3,0.576,8.59,3,1.86,0.21,17.42,46.52,18.08,474.4,46.526,45.525,52156.94,True,physics_simulated_synthetic
BGW-073,3,5.849,production,1749.0,165.7,0.717,5.16,2,2.051,0.214,7.03,47.43,17.13,11.24,134.827,135.162,61.0,True,physics_simulated_synthetic
BGW-073,3,8.219,production,1749.0,165.7,0.717,5.16,2,2.051,0.214,7.03,47.43,17.13,49.83,122.755,121.749,137.84,True,physics_simulated_synthetic
BGW-073,3,10.882,production,1749.0,165.7,0.717,5.16,2,2.051,0.214,7.03,47.43,17.13,93.19,109.715,110.22,290.74,True,physics_simulated_synthetic
BGW-073,3,11.715,production,1749.0,165.7,0.717,5.16,2,2.051,0.214,7.03,47.43,17.13,106.76,105.835,105.706,394.25,True,physics_simulated_synthetic
BGW-073,3,13.472,production,1749.0,165.7,0.717,5.16,2,2.051,0.214,7.03,47.43,17.13,135.37,97.718,97.252,711.52,True,physics_simulated_synthetic
BGW-073,3,19.566,production,1749.0,165.7,0.717,5.16,2,2.051,0.214,7.03,47.43,17.13,234.61,71.454,75.169,3807.64,True,physics_simulated_synthetic
BGW-073,3,20.755,production,1749.0,165.7,0.717,5.16,2,2.051,0.214,7.03,47.43,17.13,253.97,67.612,65.422,8558.94,True,physics_simulated_synthetic
BGW-073,3,29.084,production,1749.0,165.7,0.717,5.16,2,2.051,0.214,7.03,47.43,17.13,389.6,50.58,51.887,28567.73,True,physics_simulated_synthetic
BGW-073,3,29.598,production,1749.0,165.7,0.717,5.16,2,2.051,0.214,7.03,47.43,17.13,397.98,50.175,48.932,37670.64,True,physics_simulated_synthetic
BGW-073,3,31.683,production,1749.0,165.7,0.717,5.16,2,2.051,0.214,7.03,47.43,17.13,431.92,48.92,49.069,37188.37,True,physics_simulated_synthetic
BGW-073,3,31.758,production,1749.0,165.7,0.717,5.16,2,2.051,0.214,7.03,47.43,17.13,433.15,48.886,52.447,27123.92,True,physics_simulated_synthetic
BGW-073,3,32.457,production,1749.0,165.7,0.717,5.16,2,2.051,0.214,7.03,47.43,17.13,444.52,48.6,47.218,44333.65,True,physics_simulated_synthetic
BGW-073,3,38.239,production,1749.0,165.7,0.717,5.16,2,2.051,0.214,7.03,47.43,17.13,538.68,47.549,46.501,47482.65,True,physics_simulated_synthetic
BGW-073,3,43.463,production,1749.0,165.7,0.717,5.16,2,2.051,0.214,7.03,47.43,17.13,623.76,47.435,47.375,43671.12,True,physics_simulated_synthetic
BGW-073,3,43.627,production,1749.0,165.7,0.717,5.16,2,2.051,0.214,7.03,47.43,17.13,626.43,47.434,46.426,47822.51,True,physics_simulated_synthetic
BGW-073,3,46.401,production,1749.0,165.7,0.717,5.16,2,2.051,0.214,7.03,47.43,17.13,671.6,47.428,48.63,38762.0,True,physics_simulated_synthetic
BGW-073,3,48.581,production,1749.0,165.7,0.717,5.16,2,2.051,0.214,7.03,47.43,17.13,707.1,47.427,46.643,46837.79,True,physics_simulated_synthetic
BGW-073,3,49.484,production,1749.0,165.7,0.717,5.16,2,2.051,0.214,7.03,47.43,17.13,721.81,47.426,48.307,39968.04,True,physics_simulated_synthetic
BGW-073,3,51.248,production,1749.0,165.7,0.717,5.16,2,2.051,0.214,7.03,47.43,17.13,750.52,47.426,46.426,47822.51,True,physics_simulated_synthetic
BGW-073,3,54.795,production,1749.0,165.7,0.717,5.16,2,2.051,0.214,7.03,47.43,17.13,808.29,47.426,46.426,47822.51,True,physics_simulated_synthetic
BGW-073,4,1.461,soak,1721.1,217.4,0.658,11.59,3,2.027,0.295,19.56,46.46,17.64,0.0,176.787,175.844,6.93,True,physics_simulated_synthetic
BGW-073,4,6.055,soak,1721.1,217.4,0.658,11.59,3,2.027,0.295,19.56,46.46,17.64,0.0,156.352,157.753,17.33,True,physics_simulated_synthetic
BGW-073,4,8.762,soak,1721.1,217.4,0.658,11.59,3,2.027,0.295,19.56,46.46,17.64,0.0,145.844,145.175,34.34,True,physics_simulated_synthetic
BGW-073,4,9.783,soak,1721.1,217.4,0.658,11.59,3,2.027,0.295,19.56,46.46,17.64,0.0,142.147,141.323,42.7,True,physics_simulated_synthetic
BGW-073,4,12.012,production,1721.1,217.4,0.658,11.59,3,2.027,0.295,19.56,46.46,17.64,7.65,134.33,134.206,64.54,True,physics_simulated_synthetic
BGW-073,4,17.724,production,1721.1,217.4,0.658,11.59,3,2.027,0.295,19.56,46.46,17.64,112.06,108.422,110.239,290.36,True,physics_simulated_synthetic
BGW-073,4,25.719,production,1721.1,217.4,0.658,11.59,3,2.027,0.295,19.56,46.46,17.64,258.23,69.323,70.051,5792.72,True,physics_simulated_synthetic
BGW-073,4,27.461,production,1721.1,217.4,0.658,11.59,3,2.027,0.295,19.56,46.46,17.64,290.08,63.6,63.887,9764.77,True,physics_simulated_synthetic
BGW-073,4,29.869,production,1721.1,217.4,0.658,11.59,3,2.027,0.295,19.56,46.46,17.64,334.09,57.164,55.585,20351.71,True,physics_simulated_synthetic
BGW-073,4,30.04,production,1721.1,217.4,0.658,11.59,3,2.027,0.295,19.56,46.46,17.64,337.22,56.792,55.619,20289.27,True,physics_simulated_synthetic
BGW-073,4,34.273,production,1721.1,217.4,0.658,11.59,3,2.027,0.295,19.56,46.46,17.64,414.62,49.947,48.584,38933.95,True,physics_simulated_synthetic
BGW-073,4,36.627,production,1721.1,217.4,0.658,11.59,3,2.027,0.295,19.56,46.46,17.64,457.64,48.149,50.405,32798.65,True,physics_simulated_synthetic
BGW-073,4,38.688,production,1721.1,217.4,0.658,11.59,3,2.027,0.295,19.56,46.46,17.64,495.33,47.282,48.452,39424.04,True,physics_simulated_synthetic
BGW-073,4,40.405,production,1721.1,217.4,0.658,11.59,3,2.027,0.295,19.56,46.46,17.64,526.73,46.884,46.104,49324.73,True,physics_simulated_synthetic
BGW-073,4,43.446,production,1721.1,217.4,0.658,11.59,3,2.027,0.295,19.56,46.46,17.64,582.32,46.571,46.208,48836.78,True,physics_simulated_synthetic
BGW-073,4,48.057,production,1721.1,217.4,0.658,11.59,3,2.027,0.295,19.56,46.46,17.64,666.62,46.471,45.743,51070.72,True,physics_simulated_synthetic
BGW-073,4,48.521,production,1721.1,217.4,0.658,11.59,3,2.027,0.295,19.56,46.46,17.64,675.1,46.469,45.656,51500.19,True,physics_simulated_synthetic
BGW-073,4,50.983,production,1721.1,217.4,0.658,11.59,3,2.027,0.295,19.56,46.46,17.64,720.11,46.464,47.535,43009.9,True,physics_simulated_synthetic
BGW-073,4,51.809,production,1721.1,217.4,0.658,11.59,3,2.027,0.295,19.56,46.46,17.64,735.22,46.464,46.488,47540.54,True,physics_simulated_synthetic
BGW-073,4,53.686,production,1721.1,217.4,0.658,11.59,3,2.027,0.295,19.56,46.46,17.64,769.53,46.463,49.804,34702.56,True,physics_simulated_synthetic
BGW-074,3,3.482,soak,1720.9,271.2,0.672,8.59,2,1.331,0.315,10.06,46.28,17.01,0.0,173.399,174.695,7.33,True,physics_simulated_synthetic
BGW-074,3,3.888,soak,1720.9,271.2,0.672,8.59,2,1.331,0.315,10.06,46.28,17.01,0.0,171.666,174.29,7.48,True,physics_simulated_synthetic
BGW-074,3,5.718,soak,1720.9,271.2,0.672,8.59,2,1.331,0.315,10.06,46.28,17.01,0.0,164.143,164.691,12.09,True,physics_simulated_synthetic
BGW-074,3,6.917,soak,1720.9,271.2,0.672,8.59,2,1.331,0.315,10.06,46.28,17.01,0.0,159.462,160.003,15.4,True,physics_simulated_synthetic
BGW-074,3,7.626,soak,1720.9,271.2,0.672,8.59,2,1.331,0.315,10.06,46.28,17.01,0.0,156.78,159.181,16.08,True,physics_simulated_synthetic
BGW-074,3,9.134,production,1720.9,271.2,0.672,8.59,2,1.331,0.315,10.06,46.28,17.01,9.35,151.125,151.372,24.4,True,physics_simulated_synthetic
BGW-074,3,9.19,production,1720.9,271.2,0.672,8.59,2,1.331,0.315,10.06,46.28,17.01,10.29,150.923,153.826,21.36,True,physics_simulated_synthetic
BGW-074,3,11.142,production,1720.9,271.2,0.672,8.59,2,1.331,0.315,10.06,46.28,17.01,43.61,143.096,144.958,34.76,True,physics_simulated_synthetic
BGW-074,3,13.217,production,1720.9,271.2,0.672,8.59,2,1.331,0.315,10.06,46.28,17.01,79.0,134.003,133.327,67.98,True,physics_simulated_synthetic
BGW-074,3,16.787,production,1720.9,271.2,0.672,8.59,2,1.331,0.315,10.06,46.28,17.01,139.92,115.795,117.831,176.76,True,physics_simulated_synthetic
BGW-074,3,18.422,production,1720.9,271.2,0.672,8.59,2,1.331,0.315,10.06,46.28,17.01,167.81,107.27,106.793,366.13,True,physics_simulated_synthetic
BGW-074,3,22.967,production,1720.9,271.2,0.672,8.59,2,1.331,0.315,10.06,46.28,17.01,245.37,82.623,85.476,1696.19,True,physics_simulated_synthetic
BGW-074,3,25.485,production,1720.9,271.2,0.672,8.59,2,1.331,0.315,10.06,46.28,17.01,288.33,71.329,72.863,4592.99,True,physics_simulated_synthetic
BGW-074,3,26.874,production,1720.9,271.2,0.672,8.59,2,1.331,0.315,10.06,46.28,17.01,312.02,66.09,70.564,5551.06,True,physics_simulated_synthetic
BGW-074,3,27.897,production,1720.9,271.2,0.672,8.59,2,1.331,0.315,10.06,46.28,17.01,329.47,62.695,66.077,8093.81,True,physics_simulated_synthetic
BGW-074,3,32.983,production,1720.9,271.2,0.672,8.59,2,1.331,0.315,10.06,46.28,17.01,416.25,51.067,51.465,29711.48,True,physics_simulated_synthetic
BGW-074,3,44.149,production,1720.9,271.2,0.672,8.59,2,1.331,0.315,10.06,46.28,17.01,606.77,46.324,45.377,52905.46,True,physics_simulated_synthetic
BGW-074,3,51.413,production,1720.9,271.2,0.672,8.59,2,1.331,0.315,10.06,46.28,17.01,730.71,46.282,47.108,44802.39,True,physics_simulated_synthetic
BGW-074,3,51.792,production,1720.9,271.2,0.672,8.59,2,1.331,0.315,10.06,46.28,17.01,737.18,46.282,46.455,47691.61,True,physics_simulated_synthetic
BGW-074,3,58.674,production,1720.9,271.2,0.672,8.59,2,1.331,0.315,10.06,46.28,17.01,854.59,46.282,50.72,31846.12,True,physics_simulated_synthetic
BGW-074,2,1.211,soak,1571.5,432.0,0.64,7.01,1,2.393,0.221,7.08,47.18,17.05,0.0,177.897,179.072,5.93,True,physics_simulated_synthetic
BGW-074,2,7.995,production,1571.5,432.0,0.64,7.01,1,2.393,0.221,7.08,47.18,17.05,14.02,130.269,133.943,65.55,True,physics_simulated_synthetic
BGW-074,2,10.826,production,1571.5,432.0,0.64,7.01,1,2.393,0.221,7.08,47.18,17.05,54.49,114.626,115.883,200.4,True,physics_simulated_synthetic
BGW-074,2,19.256,production,1571.5,432.0,0.64,7.01,1,2.393,0.221,7.08,47.18,17.05,175.0,74.117,76.439,3437.77,True,physics_simulated_synthetic
BGW-074,2,23.025,production,1571.5,432.0,0.64,7.01,1,2.393,0.221,7.08,47.18,17.05,228.88,62.519,67.233,7337.2,True,physics_simulated_synthetic
BGW-074,2,26.305,production,1571.5,432.0,0.64,7.01,1,2.393,0.221,7.08,47.18,17.05,275.77,55.581,57.567,17021.16,True,physics_simulated_synthetic
BGW-074,2,30.626,production,1571.5,432.0,0.64,7.01,1,2.393,0.221,7.08,47.18,17.05,337.53,50.271,50.62,32145.02,True,physics_simulated_synthetic
BGW-074,2,34.572,production,1571.5,432.0,0.64,7.01,1,2.393,0.221,7.08,47.18,17.05,393.94,48.171,48.713,38461.84,True,physics_simulated_synthetic
BGW-074,2,36.239,production,1571.5,432.0,0.64,7.01,1,2.393,0.221,7.08,47.18,17.05,417.77,47.756,49.177,36809.43,True,physics_simulated_synthetic
BGW-074,2,37.333,production,1571.5,432.0,0.64,7.01,1,2.393,0.221,7.08,47.18,17.05,433.41,47.574,48.109,40726.86,True,physics_simulated_synthetic
BGW-074,2,38.603,production,1571.5,432.0,0.64,7.01,1,2.393,0.221,7.08,47.18,17.05,451.57,47.427,48.067,40890.79,True,physics_simulated_synthetic
BGW-074,2,39.571,production,1571.5,432.0,0.64,7.01,1,2.393,0.221,7.08,47.18,17.05,465.4,47.35,50.15,33591.86,True,physics_simulated_synthetic
BGW-074,2,39.888,production,1571.5,432.0,0.64,7.01,1,2.393,0.221,7.08,47.18,17.05,469.94,47.33,50.187,33474.99,True,physics_simulated_synthetic
BGW-074,2,44.974,production,1571.5,432.0,0.64,7.01,1,2.393,0.221,7.08,47.18,17.05,542.65,47.194,46.309,48365.37,True,physics_simulated_synthetic
BGW-074,2,47.565,production,1571.5,432.0,0.64,7.01,1,2.393,0.221,7.08,47.18,17.05,579.68,47.183,47.458,43327.56,True,physics_simulated_synthetic
BGW-074,2,48.209,production,1571.5,432.0,0.64,7.01,1,2.393,0.221,7.08,47.18,17.05,588.89,47.182,47.953,41334.25,True,physics_simulated_synthetic
BGW-074,2,50.282,production,1571.5,432.0,0.64,7.01,1,2.393,0.221,7.08,47.18,17.05,618.52,47.18,49.44,35911.16,True,physics_simulated_synthetic
BGW-074,2,53.505,production,1571.5,432.0,0.64,7.01,1,2.393,0.221,7.08,47.18,17.05,664.59,47.18,50.201,33433.41,True,physics_simulated_synthetic
BGW-074,2,53.654,production,1571.5,432.0,0.64,7.01,1,2.393,0.221,7.08,47.18,17.05,666.73,47.18,52.383,27285.81,True,physics_simulated_synthetic
BGW-074,2,57.401,production,1571.5,432.0,0.64,7.01,1,2.393,0.221,7.08,47.18,17.05,720.29,47.18,47.948,41353.09,True,physics_simulated_synthetic
BGW-074,4,1.059,soak,1903.2,204.3,0.705,9.29,3,1.546,0.262,14.94,46.43,17.75,0.0,183.032,185.518,5.0,True,physics_simulated_synthetic
BGW-074,4,2.109,soak,1903.2,204.3,0.705,9.29,3,1.546,0.262,14.94,46.43,17.75,0.0,178.323,182.168,5.12,True,physics_simulated_synthetic
BGW-074,4,2.697,soak,1903.2,204.3,0.705,9.29,3,1.546,0.262,14.94,46.43,17.75,0.0,175.759,178.02,6.24,True,physics_simulated_synthetic
BGW-074,4,2.915,soak,1903.2,204.3,0.705,9.29,3,1.546,0.262,14.94,46.43,17.75,0.0,174.824,177.246,6.48,True,physics_simulated_synthetic
BGW-074,4,3.399,soak,1903.2,204.3,0.705,9.29,3,1.546,0.262,14.94,46.43,17.75,0.0,172.763,175.82,6.94,True,physics_simulated_synthetic
BGW-074,4,3.49,soak,1903.2,204.3,0.705,9.29,3,1.546,0.262,14.94,46.43,17.75,0.0,172.38,173.796,7.66,True,physics_simulated_synthetic
BGW-074,4,7.25,soak,1903.2,204.3,0.705,9.29,3,1.546,0.262,14.94,46.43,17.75,0.0,157.517,158.872,16.34,True,physics_simulated_synthetic
BGW-074,4,11.495,production,1903.2,204.3,0.705,9.29,3,1.546,0.262,14.94,46.43,17.75,29.35,141.19,144.199,36.28,True,physics_simulated_synthetic
BGW-074,4,12.98,production,1903.2,204.3,0.705,9.29,3,1.546,0.262,14.94,46.43,17.75,49.09,135.389,137.692,52.62,True,physics_simulated_synthetic
BGW-074,4,13.461,production,1903.2,204.3,0.705,9.29,3,1.546,0.262,14.94,46.43,17.75,55.47,133.499,135.273,60.61,True,physics_simulated_synthetic
BGW-074,4,14.208,production,1903.2,204.3,0.705,9.29,3,1.546,0.262,14.94,46.43,17.75,65.4,130.479,132.707,70.53,True,physics_simulated_synthetic
BGW-074,4,17.205,production,1903.2,204.3,0.705,9.29,3,1.546,0.262,14.94,46.43,17.75,105.22,116.985,121.562,139.47,True,physics_simulated_synthetic
BGW-074,4,24.22,production,1903.2,204.3,0.705,9.29,3,1.546,0.262,14.94,46.43,17.75,198.45,81.876,83.6,1958.4,True,physics_simulated_synthetic
BGW-074,4,36.453,production,1903.2,204.3,0.705,9.29,3,1.546,0.262,14.94,46.43,17.75,361.01,48.981,50.665,32012.13,True,physics_simulated_synthetic
BGW-074,4,36.493,production,1903.2,204.3,0.705,9.29,3,1.546,0.262,14.94,46.43,17.75,361.54,48.954,48.908,37758.46,True,physics_simulated_synthetic
BGW-074,4,41.305,production,1903.2,204.3,0.705,9.29,3,1.546,0.262,14.94,46.43,17.75,425.5,46.967,49.252,36551.65,True,physics_simulated_synthetic
BGW-074,4,41.417,production,1903.2,204.3,0.705,9.29,3,1.546,0.262,14.94,46.43,17.75,426.99,46.946,50.21,33402.46,True,physics_simulated_synthetic
BGW-074,4,43.88,production,1903.2,204.3,0.705,9.29,3,1.546,0.262,14.94,46.43,17.75,459.72,46.633,50.148,33598.03,True,physics_simulated_synthetic
BGW-074,4,52.11,production,1903.2,204.3,0.705,9.29,3,1.546,0.262,14.94,46.43,17.75,569.09,46.432,48.928,37686.66,True,physics_simulated_synthetic
BGW-074,4,54.177,production,1903.2,204.3,0.705,9.29,3,1.546,0.262,14.94,46.43,17.75,596.55,46.43,50.112,33710.96,True,physics_simulated_synthetic
BGW-074,2,2.168,soak,1735.8,363.2,0.805,4.07,1,1.487,0.257,17.91,47.93,18.19,0.0,180.608,180.933,5.43,True,physics_simulated_synthetic
BGW-074,2,5.703,production,1735.8,363.2,0.805,4.07,1,1.487,0.257,17.91,47.93,18.19,22.88,166.73,167.43,10.52,True,physics_simulated_synthetic
BGW-074,2,6.346,production,1735.8,363.2,0.805,4.07,1,1.487,0.257,17.91,47.93,18.19,31.89,164.23,164.094,12.46,True,physics_simulated_synthetic
BGW-074,2,9.188,production,1735.8,363.2,0.805,4.07,1,1.487,0.257,17.91,47.93,18.19,71.7,152.084,154.244,20.89,True,physics_simulated_synthetic
BGW-074,2,9.498,production,1735.8,363.2,0.805,4.07,1,1.487,0.257,17.91,47.93,18.19,76.04,150.737,152.174,23.36,True,physics_simulated_synthetic
BGW-074,2,11.075,production,1735.8,363.2,0.805,4.07,1,1.487,0.257,17.91,47.93,18.19,98.13,143.441,144.357,35.96,True,physics_simulated_synthetic
BGW-074,2,12.604,production,1735.8,363.2,0.805,4.07,1,1.487,0.257,17.91,47.93,18.19,119.55,135.929,136.556,56.22,True,physics_simulated_synthetic
BGW-074,2,12.728,production,1735.8,363.2,0.805,4.07,1,1.487,0.257,17.91,47.93,18.19,121.28,135.319,137.446,53.38,True,physics_simulated_synthetic
BGW-074,2,15.245,production,1735.8,363.2,0.805,4.07,1,1.487,0.257,17.91,47.93,18.19,156.54,121.85,124.363,117.09,True,physics_simulated_synthetic
BGW-074,2,21.623,production,1735.8,363.2,0.805,4.07,1,1.487,0.257,17.91,47.93,18.19,245.88,85.43,85.268,1723.3,True,physics_simulated_synthetic
BGW-074,2,22.708,production,1735.8,363.2,0.805,4.07,1,1.487,0.257,17.91,47.93,18.19,261.08,80.408,80.025,2586.07,True,physics_simulated_synthetic
BGW-074,2,23.389,production,1735.8,363.2,0.805,4.07,1,1.487,0.257,17.91,47.93,18.19,270.62,77.439,80.196,2551.59,True,physics_simulated_synthetic
BGW-074,2,30.02,production,1735.8,363.2,0.805,4.07,1,1.487,0.257,17.91,47.93,18.19,363.49,55.872,55.367,20757.13,True,physics_simulated_synthetic
BGW-074,2,31.111,production,1735.8,363.2,0.805,4.07,1,1.487,0.257,17.91,47.93,18.19,378.78,54.059,56.246,19169.05,True,physics_simulated_synthetic
BGW-074,2,33.185,production,1735.8,363.2,0.805,4.07,1,1.487,0.257,17.91,47.93,18.19,407.83,51.48,55.164,21143.46,True,physics_simulated_synthetic
BGW-074,2,36.757,production,1735.8,363.2,0.805,4.07,1,1.487,0.257,17.91,47.93,18.19,457.87,49.091,52.778,26307.62,True,physics_simulated_synthetic
BGW-074,2,38.367,production,1735.8,363.2,0.805,4.07,1,1.487,0.257,17.91,47.93,18.19,480.41,48.589,51.043,30902.4,True,physics_simulated_synthetic
BGW-074,2,39.548,production,1735.8,363.2,0.805,4.07,1,1.487,0.257,17.91,47.93,18.19,496.96,48.353,50.766,31711.19,True,physics_simulated_synthetic
BGW-074,2,41.891,production,1735.8,363.2,0.805,4.07,1,1.487,0.257,17.91,47.93,18.19,529.78,48.091,52.664,26586.56,True,physics_simulated_synthetic
BGW-074,2,50.089,production,1735.8,363.2,0.805,4.07,1,1.487,0.257,17.91,47.93,18.19,644.6,47.932,46.93,45568.26,True,physics_simulated_synthetic
BGW-075,4,6.461,soak,662.7,424.5,0.722,8.03,3,1.312,0.308,13.61,47.65,18.31,0.0,142.952,138.353,50.64,True,physics_simulated_synthetic
BGW-075,4,12.126,production,662.7,424.5,0.722,8.03,3,1.312,0.308,13.61,47.65,18.31,53.06,124.721,122.561,131.0,True,physics_simulated_synthetic
BGW-075,4,13.529,production,662.7,424.5,0.722,8.03,3,1.312,0.308,13.61,47.65,18.31,71.23,120.013,119.936,154.56,True,physics_simulated_synthetic
BGW-075,4,15.162,production,662.7,424.5,0.722,8.03,3,1.312,0.308,13.61,47.65,18.31,92.38,114.191,113.264,237.71,True,physics_simulated_synthetic
BGW-075,4,18.327,production,662.7,424.5,0.722,8.03,3,1.312,0.308,13.61,47.65,18.31,133.38,101.698,101.419,530.08,True,physics_simulated_synthetic
BGW-075,4,19.132,production,662.7,424.5,0.722,8.03,3,1.312,0.308,13.61,47.65,18.31,143.82,98.552,97.682,690.0,True,physics_simulated_synthetic
BGW-075,4,19.61,production,662.7,424.5,0.722,8.03,3,1.312,0.308,13.61,47.65,18.31,150.01,96.686,98.322,659.29,True,physics_simulated_synthetic
BGW-075,4,30.084,production,662.7,424.5,0.722,8.03,3,1.312,0.308,13.61,47.65,18.31,285.69,58.186,55.624,20278.65,True,physics_simulated_synthetic
BGW-075,4,32.846,production,662.7,424.5,0.722,8.03,3,1.312,0.308,13.61,47.65,18.31,321.47,53.61,52.429,27170.13,True,physics_simulated_synthetic
BGW-075,4,33.856,production,662.7,424.5,0.722,8.03,3,1.312,0.308,13.61,47.65,18.31,334.55,52.393,50.041,33937.3,True,physics_simulated_synthetic
BGW-075,4,35.95,production,662.7,424.5,0.722,8.03,3,1.312,0.308,13.61,47.65,18.31,361.68,50.458,50.059,33879.0,True,physics_simulated_synthetic
BGW-075,4,38.04,production,662.7,424.5,0.722,8.03,3,1.312,0.308,13.61,47.65,18.31,388.76,49.211,47.387,43623.89,True,physics_simulated_synthetic
BGW-075,4,41.576,production,662.7,424.5,0.722,8.03,3,1.312,0.308,13.61,47.65,18.31,434.56,48.136,48.805,38128.47,True,physics_simulated_synthetic
BGW-075,4,42.513,production,662.7,424.5,0.722,8.03,3,1.312,0.308,13.61,47.65,18.31,446.7,47.997,46.65,46805.99,True,physics_simulated_synthetic
BGW-075,4,42.752,production,662.7,424.5,0.722,8.03,3,1.312,0.308,13.61,47.65,18.31,449.81,47.968,48.2,40375.97,True,physics_simulated_synthetic
BGW-075,4,47.262,production,662.7,424.5,0.722,8.03,3,1.312,0.308,13.61,47.65,18.31,508.22,47.697,46.789,46187.95,True,physics_simulated_synthetic
BGW-075,4,47.802,production,662.7,424.5,0.722,8.03,3,1.312,0.308,13.61,47.65,18.31,515.21,47.687,46.65,46805.99,True,physics_simulated_synthetic
BGW-075,4,51.539,production,662.7,424.5,0.722,8.03,3,1.312,0.308,13.61,47.65,18.31,563.64,47.656,46.677,46687.2,True,physics_simulated_synthetic
BGW-075,4,53.408,production,662.7,424.5,0.722,8.03,3,1.312,0.308,13.61,47.65,18.31,587.84,47.652,46.65,46805.99,True,physics_simulated_synthetic
BGW-075,4,55.258,production,662.7,424.5,0.722,8.03,3,1.312,0.308,13.61,47.65,18.31,611.81,47.651,46.65,46805.99,True,physics_simulated_synthetic
BGW-075,4,0.267,soak,1729.8,420.9,0.619,10.29,3,1.93,0.237,6.5,47.64,17.48,0.0,190.039,187.608,5.0,True,physics_simulated_synthetic
BGW-075,4,0.604,soak,1729.8,420.9,0.619,10.29,3,1.93,0.237,6.5,47.64,17.48,0.0,187.43,187.048,5.0,True,physics_simulated_synthetic
BGW-075,4,0.93,soak,1729.8,420.9,0.619,10.29,3,1.93,0.237,6.5,47.64,17.48,0.0,184.96,185.762,5.0,True,physics_simulated_synthetic
BGW-075,4,8.06,soak,1729.8,420.9,0.619,10.29,3,1.93,0.237,6.5,47.64,17.48,0.0,140.539,140.378,45.07,True,physics_simulated_synthetic
BGW-075,4,8.586,soak,1729.8,420.9,0.619,10.29,3,1.93,0.237,6.5,47.64,17.48,0.0,137.899,134.479,63.5,True,physics_simulated_synthetic
BGW-075,4,20.132,production,1729.8,420.9,0.619,10.29,3,1.93,0.237,6.5,47.64,17.48,99.95,83.91,82.471,2136.79,True,physics_simulated_synthetic
BGW-075,4,22.406,production,1729.8,420.9,0.619,10.29,3,1.93,0.237,6.5,47.64,17.48,123.04,76.417,72.045,4911.71,True,physics_simulated_synthetic
BGW-075,4,26.781,production,1729.8,420.9,0.619,10.29,3,1.93,0.237,6.5,47.64,17.48,167.47,64.234,63.758,9874.09,True,physics_simulated_synthetic
BGW-075,4,27.028,production,1729.8,420.9,0.619,10.29,3,1.93,0.237,6.5,47.64,17.48,169.98,63.685,59.658,14129.83,True,physics_simulated_synthetic
BGW-075,4,27.579,production,1729.8,420.9,0.619,10.29,3,1.93,0.237,6.5,47.64,17.48,175.58,62.499,59.636,14157.04,True,physics_simulated_synthetic
BGW-075,4,28.596,production,1729.8,420.9,0.619,10.29,3,1.93,0.237,6.5,47.64,17.48,185.9,60.446,58.704,15378.76,True,physics_simulated_synthetic
BGW-075,4,29.188,production,1729.8,420.9,0.619,10.29,3,1.93,0.237,6.5,47.64,17.48,191.92,59.343,58.228,16044.51,True,physics_simulated_synthetic
BGW-075,4,32.932,production,1729.8,420.9,0.619,10.29,3,1.93,0.237,6.5,47.64,17.48,229.94,53.672,51.569,29424.83,True,physics_simulated_synthetic
BGW-075,4,37.223,production,1729.8,420.9,0.619,10.29,3,1.93,0.237,6.5,47.64,17.48,273.51,50.0,50.389,32849.57,True,physics_simulated_synthetic
BGW-075,4,37.905,production,1729.8,420.9,0.619,10.29,3,1.93,0.237,6.5,47.64,17.48,280.44,49.646,48.92,37713.55,True,physics_simulated_synthetic
BGW-075,4,40.82,production,1729.8,420.9,0.619,10.29,3,1.93,0.237,6.5,47.64,17.48,310.05,48.566,47.73,42218.42,True,physics_simulated_synthetic
BGW-075,4,44.675,production,1729.8,420.9,0.619,10.29,3,1.93,0.237,6.5,47.64,17.48,349.2,47.918,46.638,46861.69,True,physics_simulated_synthetic
BGW-075,4,48.86,production,1729.8,420.9,0.619,10.29,3,1.93,0.237,6.5,47.64,17.48,391.7,47.698,48.339,39848.73,True,physics_simulated_synthetic
BGW-075,4,58.589,production,1729.8,420.9,0.619,10.29,3,1.93,0.237,6.5,47.64,17.48,490.51,47.638,46.638,46861.69,True,physics_simulated_synthetic
BGW-075,4,59.661,production,1729.8,420.9,0.619,10.29,3,1.93,0.237,6.5,47.64,17.48,501.39,47.638,48.333,39871.34,True,physics_simulated_synthetic
BGW-075,2,2.199,soak,1066.8,254.0,0.661,5.12,1,1.692,0.254,10.33,46.33,17.75,0.0,154.03,158.175,16.95,True,physics_simulated_synthetic
BGW-075,2,2.636,soak,1066.8,254.0,0.661,5.12,1,1.692,0.254,10.33,46.33,17.75,0.0,152.073,156.03,18.99,True,physics_simulated_synthetic
BGW-075,2,6.19,production,1066.8,254.0,0.661,5.12,1,1.692,0.254,10.33,46.33,17.75,17.87,136.97,141.338,42.66,True,physics_simulated_synthetic
BGW-075,2,9.428,production,1066.8,254.0,0.661,5.12,1,1.692,0.254,10.33,46.33,17.75,71.95,123.187,123.971,119.97,True,physics_simulated_synthetic
BGW-075,2,9.701,production,1066.8,254.0,0.661,5.12,1,1.692,0.254,10.33,46.33,17.75,76.51,122.051,122.888,128.35,True,physics_simulated_synthetic
BGW-075,2,10.864,production,1066.8,254.0,0.661,5.12,1,1.692,0.254,10.33,46.33,17.75,95.93,117.084,120.315,150.89,True,physics_simulated_synthetic
BGW-075,2,12.162,production,1066.8,254.0,0.661,5.12,1,1.692,0.254,10.33,46.33,17.75,117.6,111.417,114.478,219.56,True,physics_simulated_synthetic
BGW-075,2,15.926,production,1066.8,254.0,0.661,5.12,1,1.692,0.254,10.33,46.33,17.75,180.48,93.86,98.01,674.09,True,physics_simulated_synthetic
BGW-075,2,18.228,production,1066.8,254.0,0.661,5.12,1,1.692,0.254,10.33,46.33,17.75,218.91,83.652,87.018,1508.96,True,physics_simulated_synthetic
BGW-075,2,19.132,production,1066.8,254.0,0.661,5.12,1,1.692,0.254,10.33,46.33,17.75,234.02,79.906,84.059,1890.49,True,physics_simulated_synthetic
BGW-075,2,23.747,production,1066.8,254.0,0.661,5.12,1,1.692,0.254,10.33,46.33,17.75,311.09,62.796,64.39,9351.06,True,physics_simulated_synthetic
BGW-075,2,28.854,production,1066.8,254.0,0.661,5.12,1,1.692,0.254,10.33,46.33,17.75,396.39,51.677,55.0,21460.94,True,physics_simulated_synthetic
BGW-075,2,30.551,production,1066.8,254.0,0.661,5.12,1,1.692,0.254,10.33,46.33,17.75,424.72,49.753,51.214,30413.43,True,physics_simulated_synthetic
BGW-075,2,38.106,production,1066.8,254.0,0.661,5.12,1,1.692,0.254,10.33,46.33,17.75,550.89,46.543,50.423,32743.83,True,physics_simulated_synthetic
BGW-075,2,42.674,production,1066.8,254.0,0.661,5.12,1,1.692,0.254,10.33,46.33,17.75,627.19,46.354,47.062,44996.84,True,physics_simulated_synthetic
BGW-075,2,43.244,production,1066.8,254.0,0.661,5.12,1,1.692,0.254,10.33,46.33,17.75,636.7,46.348,50.173,33518.34,True,physics_simulated_synthetic
BGW-075,2,43.507,production,1066.8,254.0,0.661,5.12,1,1.692,0.254,10.33,46.33,17.75,641.1,46.345,47.627,42636.45,True,physics_simulated_synthetic
BGW-075,2,47.54,production,1066.8,254.0,0.661,5.12,1,1.692,0.254,10.33,46.33,17.75,708.45,46.332,49.133,36963.5,True,physics_simulated_synthetic
BGW-075,2,56.115,production,1066.8,254.0,0.661,5.12,1,1.692,0.254,10.33,46.33,17.75,851.66,46.331,50.922,31252.71,True,physics_simulated_synthetic
BGW-075,2,58.761,production,1066.8,254.0,0.661,5.12,1,1.692,0.254,10.33,46.33,17.75,895.85,46.331,49.987,34109.16,True,physics_simulated_synthetic
BGW-075,3,0.83,soak,1598.0,347.6,0.65,7.77,2,2.0,0.251,19.47,47.41,17.0,0.0,186.069,184.652,5.0,True,physics_simulated_synthetic
BGW-075,3,1.397,soak,1598.0,347.6,0.65,7.77,2,2.0,0.251,19.47,47.41,17.0,0.0,183.177,180.649,5.5,True,physics_simulated_synthetic
BGW-075,3,4.22,soak,1598.0,347.6,0.65,7.77,2,2.0,0.251,19.47,47.41,17.0,0.0,169.655,167.102,10.69,True,physics_simulated_synthetic
BGW-075,3,6.338,soak,1598.0,347.6,0.65,7.77,2,2.0,0.251,19.47,47.41,17.0,0.0,160.401,155.792,19.23,True,physics_simulated_synthetic
BGW-075,3,10.381,production,1598.0,347.6,0.65,7.77,2,2.0,0.251,19.47,47.41,17.0,49.31,142.254,140.809,43.97,True,physics_simulated_synthetic
BGW-075,3,13.241,production,1598.0,347.6,0.65,7.77,2,2.0,0.251,19.47,47.41,17.0,103.33,128.223,125.048,112.22,True,physics_simulated_synthetic
BGW-075,3,23.285,production,1598.0,347.6,0.65,7.77,2,2.0,0.251,19.47,47.41,17.0,293.03,70.442,69.288,6173.06,True,physics_simulated_synthetic
BGW-075,3,23.783,production,1598.0,347.6,0.65,7.77,2,2.0,0.251,19.47,47.41,17.0,302.43,68.628,68.271,6722.68,True,physics_simulated_synthetic
BGW-075,3,24.759,production,1598.0,347.6,0.65,7.77,2,2.0,0.251,19.47,47.41,17.0,320.86,65.288,62.825,10705.3,True,physics_simulated_synthetic
BGW-075,3,29.044,production,1598.0,347.6,0.65,7.77,2,2.0,0.251,19.47,47.41,17.0,401.81,54.255,50.622,32138.88,True,physics_simulated_synthetic
BGW-075,3,31.486,production,1598.0,347.6,0.65,7.77,2,2.0,0.251,19.47,47.41,17.0,447.91,50.918,48.695,38527.47,True,physics_simulated_synthetic
BGW-075,3,34.336,production,1598.0,347.6,0.65,7.77,2,2.0,0.251,19.47,47.41,17.0,501.75,48.801,47.09,44879.01,True,physics_simulated_synthetic
BGW-075,3,41.418,production,1598.0,347.6,0.65,7.77,2,2.0,0.251,19.47,47.41,17.0,635.5,47.468,46.411,47893.06,True,physics_simulated_synthetic
BGW-075,3,44.164,production,1598.0,347.6,0.65,7.77,2,2.0,0.251,19.47,47.41,17.0,687.36,47.423,46.411,47893.06,True,physics_simulated_synthetic
BGW-075,3,48.769,production,1598.0,347.6,0.65,7.77,2,2.0,0.251,19.47,47.41,17.0,774.34,47.411,46.411,47893.06,True,physics_simulated_synthetic
BGW-075,3,50.368,production,1598.0,347.6,0.65,7.77,2,2.0,0.251,19.47,47.41,17.0,804.55,47.411,46.411,47893.06,True,physics_simulated_synthetic
BGW-075,3,53.019,production,1598.0,347.6,0.65,7.77,2,2.0,0.251,19.47,47.41,17.0,854.62,47.411,46.411,47893.06,True,physics_simulated_synthetic
BGW-075,3,55.458,production,1598.0,347.6,0.65,7.77,2,2.0,0.251,19.47,47.41,17.0,900.67,47.411,46.411,47893.06,True,physics_simulated_synthetic
BGW-075,3,57.606,production,1598.0,347.6,0.65,7.77,2,2.0,0.251,19.47,47.41,17.0,941.25,47.411,46.411,47893.06,True,physics_simulated_synthetic
BGW-075,3,58.304,production,1598.0,347.6,0.65,7.77,2,2.0,0.251,19.47,47.41,17.0,954.42,47.411,46.411,47893.06,True,physics_simulated_synthetic
BGW-076,1,0.63,soak,1614.4,410.6,0.748,4.29,0,2.367,0.217,9.26,47.95,18.54,0.0,182.77,181.582,5.26,True,physics_simulated_synthetic
BGW-076,1,4.435,production,1614.4,410.6,0.748,4.29,0,2.367,0.217,9.26,47.95,18.54,1.32,155.306,154.496,20.61,True,physics_simulated_synthetic
BGW-076,1,13.469,production,1614.4,410.6,0.748,4.29,0,2.367,0.217,9.26,47.95,18.54,83.4,103.29,101.209,537.92,True,physics_simulated_synthetic
BGW-076,1,17.073,production,1614.4,410.6,0.748,4.29,0,2.367,0.217,9.26,47.95,18.54,116.14,87.573,86.474,1572.32,True,physics_simulated_synthetic
BGW-076,1,17.862,production,1614.4,410.6,0.748,4.29,0,2.367,0.217,9.26,47.95,18.54,123.31,84.558,84.203,1869.65,True,physics_simulated_synthetic
BGW-076,1,18.742,production,1614.4,410.6,0.748,4.29,0,2.367,0.217,9.26,47.95,18.54,131.31,81.336,82.876,2070.88,True,physics_simulated_synthetic
BGW-076,1,19.568,production,1614.4,410.6,0.748,4.29,0,2.367,0.217,9.26,47.95,18.54,138.81,78.461,77.078,3266.35,True,physics_simulated_synthetic
BGW-076,1,19.613,production,1614.4,410.6,0.748,4.29,0,2.367,0.217,9.26,47.95,18.54,139.22,78.309,77.045,3274.93,True,physics_simulated_synthetic
BGW-076,1,21.569,production,1614.4,410.6,0.748,4.29,0,2.367,0.217,9.26,47.95,18.54,157.0,72.023,72.956,4558.31,True,physics_simulated_synthetic
BGW-076,1,22.396,production,1614.4,410.6,0.748,4.29,0,2.367,0.217,9.26,47.95,18.54,164.51,69.645,67.67,7071.43,True,physics_simulated_synthetic
BGW-076,1,26.163,production,1614.4,410.6,0.748,4.29,0,2.367,0.217,9.26,47.95,18.54,198.73,60.484,57.423,17242.05,True,physics_simulated_synthetic
BGW-076,1,27.027,production,1614.4,410.6,0.748,4.29,0,2.367,0.217,9.26,47.95,18.54,206.58,58.873,58.017,16348.97,True,physics_simulated_synthetic
BGW-076,1,32.558,production,1614.4,410.6,0.748,4.29,0,2.367,0.217,9.26,47.95,18.54,256.83,51.67,51.971,28347.48,True,physics_simulated_synthetic
BGW-076,1,39.104,production,1614.4,410.6,0.748,4.29,0,2.367,0.217,9.26,47.95,18.54,316.31,48.629,47.928,41431.74,True,physics_simulated_synthetic
BGW-076,1,48.397,production,1614.4,410.6,0.748,4.29,0,2.367,0.217,9.26,47.95,18.54,400.74,47.972,46.95,45482.47,True,physics_simulated_synthetic
BGW-076,1,51.638,production,1614.4,410.6,0.748,4.29,0,2.367,0.217,9.26,47.95,18.54,430.18,47.955,46.95,45482.47,True,physics_simulated_synthetic
BGW-076,1,51.64,production,1614.4,410.6,0.748,4.29,0,2.367,0.217,9.26,47.95,18.54,430.2,47.955,46.95,45482.47,True,physics_simulated_synthetic
BGW-076,1,56.195,production,1614.4,410.6,0.748,4.29,0,2.367,0.217,9.26,47.95,18.54,471.58,47.95,48.471,39352.82,True,physics_simulated_synthetic
BGW-076,1,56.57,production,1614.4,410.6,0.748,4.29,0,2.367,0.217,9.26,47.95,18.54,475.0,47.95,46.95,45482.47,True,physics_simulated_synthetic
BGW-076,1,56.836,production,1614.4,410.6,0.748,4.29,0,2.367,0.217,9.26,47.95,18.54,477.41,47.95,46.95,45482.47,True,physics_simulated_synthetic
BGW-076,3,6.465,soak,2073.3,152.5,0.567,7.34,2,2.044,0.257,18.57,46.09,17.68,0.0,134.326,132.911,69.68,True,physics_simulated_synthetic
BGW-076,3,8.788,production,2073.3,152.5,0.567,7.34,2,2.044,0.257,18.57,46.09,17.68,15.44,126.423,124.286,117.65,True,physics_simulated_synthetic
BGW-076,3,8.801,production,2073.3,152.5,0.567,7.34,2,2.044,0.257,18.57,46.09,17.68,15.59,126.379,124.665,114.92,True,physics_simulated_synthetic
BGW-076,3,11.366,production,2073.3,152.5,0.567,7.34,2,2.044,0.257,18.57,46.09,17.68,42.88,117.617,117.731,177.89,True,physics_simulated_synthetic
BGW-076,3,19.073,production,2073.3,152.5,0.567,7.34,2,2.044,0.257,18.57,46.09,17.68,124.87,88.084,87.666,1436.93,True,physics_simulated_synthetic
BGW-076,3,19.075,production,2073.3,152.5,0.567,7.34,2,2.044,0.257,18.57,46.09,17.68,124.89,88.079,84.81,1784.64,True,physics_simulated_synthetic
BGW-076,3,20.408,production,2073.3,152.5,0.567,7.34,2,2.044,0.257,18.57,46.09,17.68,139.07,83.524,82.704,2098.54,True,physics_simulated_synthetic
BGW-076,3,21.081,production,2073.3,152.5,0.567,7.34,2,2.044,0.257,18.57,46.09,17.68,146.23,81.293,82.647,2107.89,True,physics_simulated_synthetic
BGW-076,3,22.505,production,2073.3,152.5,0.567,7.34,2,2.044,0.257,18.57,46.09,17.68,161.39,76.66,75.745,3634.77,True,physics_simulated_synthetic
BGW-076,3,29.261,production,2073.3,152.5,0.567,7.34,2,2.044,0.257,18.57,46.09,17.68,233.27,57.949,57.435,17223.59,True,physics_simulated_synthetic
BGW-076,3,30.223,production,2073.3,152.5,0.567,7.34,2,2.044,0.257,18.57,46.09,17.68,243.5,56.204,57.382,17306.88,True,physics_simulated_synthetic
BGW-076,3,32.353,production,2073.3,152.5,0.567,7.34,2,2.044,0.257,18.57,46.09,17.68,266.16,52.935,53.766,24022.27,True,physics_simulated_synthetic
BGW-076,3,33.643,production,2073.3,152.5,0.567,7.34,2,2.044,0.257,18.57,46.09,17.68,279.89,51.379,52.527,26925.4,True,physics_simulated_synthetic
BGW-076,3,44.669,production,2073.3,152.5,0.567,7.34,2,2.044,0.257,18.57,46.09,17.68,397.19,46.273,45.088,54403.81,True,physics_simulated_synthetic
BGW-076,3,47.435,production,2073.3,152.5,0.567,7.34,2,2.044,0.257,18.57,46.09,17.68,426.62,46.152,48.296,40008.81,True,physics_simulated_synthetic
BGW-076,3,49.584,production,2073.3,152.5,0.567,7.34,2,2.044,0.257,18.57,46.09,17.68,449.48,46.114,46.722,46484.87,True,physics_simulated_synthetic
BGW-076,3,53.243,production,2073.3,152.5,0.567,7.34,2,2.044,0.257,18.57,46.09,17.68,488.42,46.093,49.256,36537.21,True,physics_simulated_synthetic
BGW-076,3,53.567,production,2073.3,152.5,0.567,7.34,2,2.044,0.257,18.57,46.09,17.68,491.86,46.092,45.088,54403.81,True,physics_simulated_synthetic
BGW-076,3,54.373,production,2073.3,152.5,0.567,7.34,2,2.044,0.257,18.57,46.09,17.68,500.44,46.091,45.088,54403.81,True,physics_simulated_synthetic
BGW-076,3,57.208,production,2073.3,152.5,0.567,7.34,2,2.044,0.257,18.57,46.09,17.68,530.6,46.089,45.816,50710.71,True,physics_simulated_synthetic
BGW-077,5,0.001,soak,758.6,354.7,0.739,10.47,4,2.017,0.292,11.9,46.98,18.4,0.0,167.718,169.536,9.46,True,physics_simulated_synthetic
BGW-077,5,0.166,soak,758.6,354.7,0.739,10.47,4,2.017,0.292,11.9,46.98,18.4,0.0,166.798,170.331,9.09,True,physics_simulated_synthetic
BGW-077,5,0.557,soak,758.6,354.7,0.739,10.47,4,2.017,0.292,11.9,46.98,18.4,0.0,164.649,166.33,11.12,True,physics_simulated_synthetic
BGW-077,5,3.567,soak,758.6,354.7,0.739,10.47,4,2.017,0.292,11.9,46.98,18.4,0.0,149.353,154.18,20.96,True,physics_simulated_synthetic
BGW-077,5,12.334,production,758.6,354.7,0.739,10.47,4,2.017,0.292,11.9,46.98,18.4,31.06,112.519,114.989,212.37,True,physics_simulated_synthetic
BGW-077,5,15.486,production,758.6,354.7,0.739,10.47,4,2.017,0.292,11.9,46.98,18.4,83.7,100.358,103.036,473.7,True,physics_simulated_synthetic
BGW-077,5,21.51,production,758.6,354.7,0.739,10.47,4,2.017,0.292,11.9,46.98,18.4,184.24,76.159,80.292,2532.44,True,physics_simulated_synthetic
BGW-077,5,25.042,production,758.6,354.7,0.739,10.47,4,2.017,0.292,11.9,46.98,18.4,243.2,64.831,67.134,7399.07,True,physics_simulated_synthetic
BGW-077,5,30.692,production,758.6,354.7,0.739,10.47,4,2.017,0.292,11.9,46.98,18.4,337.52,52.723,55.529,20454.89,True,physics_simulated_synthetic
BGW-077,5,33.729,production,758.6,354.7,0.739,10.47,4,2.017,0.292,11.9,46.98,18.4,388.21,49.616,53.433,24768.28,True,physics_simulated_synthetic
BGW-077,5,33.901,production,758.6,354.7,0.739,10.47,4,2.017,0.292,11.9,46.98,18.4,391.08,49.495,49.992,34092.51,True,physics_simulated_synthetic
BGW-077,5,34.106,production,758.6,354.7,0.739,10.47,4,2.017,0.292,11.9,46.98,18.4,394.5,49.357,51.516,29569.7,True,physics_simulated_synthetic
BGW-077,5,39.781,production,758.6,354.7,0.739,10.47,4,2.017,0.292,11.9,46.98,18.4,489.23,47.306,51.026,30950.55,True,physics_simulated_synthetic
BGW-077,5,41.611,production,758.6,354.7,0.739,10.47,4,2.017,0.292,11.9,46.98,18.4,519.78,47.133,49.784,34766.66,True,physics_simulated_synthetic
BGW-077,5,41.908,production,758.6,354.7,0.739,10.47,4,2.017,0.292,11.9,46.98,18.4,524.73,47.115,51.728,28993.4,True,physics_simulated_synthetic
BGW-077,5,42.242,production,758.6,354.7,0.739,10.47,4,2.017,0.292,11.9,46.98,18.4,530.31,47.096,47.449,43366.04,True,physics_simulated_synthetic
BGW-077,5,42.443,production,758.6,354.7,0.739,10.47,4,2.017,0.292,11.9,46.98,18.4,533.67,47.086,47.279,44073.81,True,physics_simulated_synthetic
BGW-077,5,43.062,production,758.6,354.7,0.739,10.47,4,2.017,0.292,11.9,46.98,18.4,544.0,47.06,50.696,31917.12,True,physics_simulated_synthetic
BGW-077,5,44.375,production,758.6,354.7,0.739,10.47,4,2.017,0.292,11.9,46.98,18.4,565.92,47.022,50.793,31630.88,True,physics_simulated_synthetic
BGW-077,5,48.174,production,758.6,354.7,0.739,10.47,4,2.017,0.292,11.9,46.98,18.4,629.33,46.983,49.271,36484.99,True,physics_simulated_synthetic
BGW-077,1,3.989,soak,2089.0,387.1,0.845,11.28,0,1.647,0.283,10.29,47.78,17.82,0.0,166.744,170.453,9.04,True,physics_simulated_synthetic
BGW-077,1,8.061,soak,2089.0,387.1,0.845,11.28,0,1.647,0.283,10.29,47.78,17.82,0.0,148.533,148.745,28.17,True,physics_simulated_synthetic
BGW-077,1,11.273,soak,2089.0,387.1,0.845,11.28,0,1.647,0.283,10.29,47.78,17.82,0.0,136.153,134.579,63.13,True,physics_simulated_synthetic
BGW-077,1,13.395,production,2089.0,387.1,0.845,11.28,0,1.647,0.283,10.29,47.78,17.82,18.08,128.327,130.513,80.43,True,physics_simulated_synthetic
BGW-077,1,14.6,production,2089.0,387.1,0.845,11.28,0,1.647,0.283,10.29,47.78,17.82,28.4,123.959,122.096,134.87,True,physics_simulated_synthetic
BGW-077,1,17.488,production,2089.0,387.1,0.845,11.28,0,1.647,0.283,10.29,47.78,17.82,53.11,113.18,112.834,244.51,True,physics_simulated_synthetic
BGW-077,1,18.051,production,2089.0,387.1,0.845,11.28,0,1.647,0.283,10.29,47.78,17.82,57.92,111.147,112.587,248.53,True,physics_simulated_synthetic
BGW-077,1,21.25,production,2089.0,387.1,0.845,11.28,0,1.647,0.283,10.29,47.78,17.82,85.29,99.145,99.713,597.5,True,physics_simulated_synthetic
BGW-077,1,22.553,production,2089.0,387.1,0.845,11.28,0,1.647,0.283,10.29,47.78,17.82,96.44,94.464,94.908,842.06,True,physics_simulated_synthetic
BGW-077,1,25.461,production,2089.0,387.1,0.845,11.28,0,1.647,0.283,10.29,47.78,17.82,121.32,84.16,83.218,2016.88,True,physics_simulated_synthetic
BGW-077,1,28.148,production,2089.0,387.1,0.845,11.28,0,1.647,0.283,10.29,47.78,17.82,144.31,75.463,76.159,3515.78,True,physics_simulated_synthetic
BGW-077,1,28.388,production,2089.0,387.1,0.845,11.28,0,1.647,0.283,10.29,47.78,17.82,146.36,74.759,76.875,3319.74,True,physics_simulated_synthetic
BGW-077,1,36.222,production,2089.0,387.1,0.845,11.28,0,1.647,0.283,10.29,47.78,17.82,213.39,56.059,56.799,18237.73,True,physics_simulated_synthetic
BGW-077,1,41.791,production,2089.0,387.1,0.845,11.28,0,1.647,0.283,10.29,47.78,17.82,261.04,50.363,49.912,34350.0,True,physics_simulated_synthetic
BGW-077,1,44.65,production,2089.0,387.1,0.845,11.28,0,1.647,0.283,10.29,47.78,17.82,285.5,49.048,48.012,41101.79,True,physics_simulated_synthetic
BGW-077,1,47.427,production,2089.0,387.1,0.845,11.28,0,1.647,0.283,10.29,47.78,17.82,309.26,48.358,47.936,41399.45,True,physics_simulated_synthetic
BGW-077,1,50.204,production,2089.0,387.1,0.845,11.28,0,1.647,0.283,10.29,47.78,17.82,333.02,48.018,49.279,36459.0,True,physics_simulated_synthetic
BGW-077,1,51.106,production,2089.0,387.1,0.845,11.28,0,1.647,0.283,10.29,47.78,17.82,340.73,47.955,49.147,36913.54,True,physics_simulated_synthetic
BGW-077,1,54.844,production,2089.0,387.1,0.845,11.28,0,1.647,0.283,10.29,47.78,17.82,372.72,47.82,47.411,43523.44,True,physics_simulated_synthetic
BGW-077,1,57.985,production,2089.0,387.1,0.845,11.28,0,1.647,0.283,10.29,47.78,17.82,399.59,47.788,46.776,46243.98,True,physics_simulated_synthetic
BGW-077,2,0.182,soak,1516.8,333.3,0.715,10.95,1,1.966,0.261,7.72,47.41,17.26,0.0,187.556,188.025,5.0,True,physics_simulated_synthetic
BGW-077,2,1.594,soak,1516.8,333.3,0.715,10.95,1,1.966,0.261,7.72,47.41,17.26,0.0,177.483,179.744,5.74,True,physics_simulated_synthetic
BGW-077,2,11.589,production,1516.8,333.3,0.715,10.95,1,1.966,0.261,7.72,47.41,17.26,8.04,123.293,124.577,115.55,True,physics_simulated_synthetic
BGW-077,2,13.084,production,1516.8,333.3,0.715,10.95,1,1.966,0.261,7.72,47.41,17.26,26.96,116.99,119.651,157.38,True,physics_simulated_synthetic
BGW-077,2,13.438,production,1516.8,333.3,0.715,10.95,1,1.966,0.261,7.72,47.41,17.26,31.44,115.544,116.217,196.11,True,physics_simulated_synthetic
BGW-077,2,14.154,production,1516.8,333.3,0.715,10.95,1,1.966,0.261,7.72,47.41,17.26,40.5,112.62,118.057,174.23,True,physics_simulated_synthetic
BGW-077,2,20.783,production,1516.8,333.3,0.715,10.95,1,1.966,0.261,7.72,47.41,17.26,124.39,84.341,84.724,1796.43,True,physics_simulated_synthetic
BGW-077,2,22.255,production,1516.8,333.3,0.715,10.95,1,1.966,0.261,7.72,47.41,17.26,143.02,79.154,79.062,2789.94,True,physics_simulated_synthetic
BGW-077,2,25.043,production,1516.8,333.3,0.715,10.95,1,1.966,0.261,7.72,47.41,17.26,178.3,70.08,69.816,5906.97,True,physics_simulated_synthetic
BGW-077,2,29.312,production,1516.8,333.3,0.715,10.95,1,1.966,0.261,7.72,47.41,17.26,232.32,59.114,59.992,13718.46,True,physics_simulated_synthetic
BGW-077,2,30.535,production,1516.8,333.3,0.715,10.95,1,1.966,0.261,7.72,47.41,17.26,247.79,56.849,55.615,20295.64,True,physics_simulated_synthetic
BGW-077,2,31.559,production,1516.8,333.3,0.715,10.95,1,1.966,0.261,7.72,47.41,17.26,260.76,55.2,56.785,18259.43,True,physics_simulated_synthetic
BGW-077,2,34.347,production,1516.8,333.3,0.715,10.95,1,1.966,0.261,7.72,47.41,17.26,296.03,51.7,50.206,33416.89,True,physics_simulated_synthetic
BGW-077,2,34.825,production,1516.8,333.3,0.715,10.95,1,1.966,0.261,7.72,47.41,17.26,302.08,51.256,52.656,26606.37,True,physics_simulated_synthetic
BGW-077,2,42.74,production,1516.8,333.3,0.715,10.95,1,1.966,0.261,7.72,47.41,17.26,402.23,47.738,47.019,45181.05,True,physics_simulated_synthetic
BGW-077,2,48.437,production,1516.8,333.3,0.715,10.95,1,1.966,0.261,7.72,47.41,17.26,474.34,47.437,48.077,40851.84,True,physics_simulated_synthetic
BGW-077,2,50.915,production,1516.8,333.3,0.715,10.95,1,1.966,0.261,7.72,47.41,17.26,505.69,47.416,49.435,35925.73,True,physics_simulated_synthetic
BGW-077,2,53.316,production,1516.8,333.3,0.715,10.95,1,1.966,0.261,7.72,47.41,17.26,536.07,47.409,51.808,28778.97,True,physics_simulated_synthetic
BGW-077,2,58.456,production,1516.8,333.3,0.715,10.95,1,1.966,0.261,7.72,47.41,17.26,601.12,47.407,47.071,44961.13,True,physics_simulated_synthetic
BGW-077,2,59.943,production,1516.8,333.3,0.715,10.95,1,1.966,0.261,7.72,47.41,17.26,619.93,47.406,48.369,39733.0,True,physics_simulated_synthetic
BGW-077,3,0.897,soak,1496.3,372.8,0.691,9.44,2,1.834,0.279,15.44,47.42,18.65,0.0,185.604,187.512,5.0,True,physics_simulated_synthetic
BGW-077,3,1.173,soak,1496.3,372.8,0.691,9.44,2,1.834,0.279,15.44,47.42,18.65,0.0,184.158,185.174,5.0,True,physics_simulated_synthetic
BGW-077,3,4.627,soak,1496.3,372.8,0.691,9.44,2,1.834,0.279,15.44,47.42,18.65,0.0,167.271,169.057,9.69,True,physics_simulated_synthetic
BGW-077,3,6.682,soak,1496.3,372.8,0.691,9.44,2,1.834,0.279,15.44,47.42,18.65,0.0,158.229,159.029,16.21,True,physics_simulated_synthetic
BGW-077,3,11.597,production,1496.3,372.8,0.691,9.44,2,1.834,0.279,15.44,47.42,18.65,33.12,137.222,138.582,49.98,True,physics_simulated_synthetic
BGW-077,3,13.137,production,1496.3,372.8,0.691,9.44,2,1.834,0.279,15.44,47.42,18.65,56.8,130.683,135.984,58.13,True,physics_simulated_synthetic
BGW-077,3,14.11,production,1496.3,372.8,0.691,9.44,2,1.834,0.279,15.44,47.42,18.65,71.76,126.474,128.364,91.59,True,physics_simulated_synthetic
BGW-077,3,14.67,production,1496.3,372.8,0.691,9.44,2,1.834,0.279,15.44,47.42,18.65,80.36,124.027,126.293,103.94,True,physics_simulated_synthetic
BGW-077,3,15.303,production,1496.3,372.8,0.691,9.44,2,1.834,0.279,15.44,47.42,18.65,90.09,121.216,121.864,136.85,True,physics_simulated_synthetic
BGW-077,3,26.104,production,1496.3,372.8,0.691,9.44,2,1.834,0.279,15.44,47.42,18.65,256.12,66.868,69.931,5850.73,True,physics_simulated_synthetic
BGW-077,3,29.883,production,1496.3,372.8,0.691,9.44,2,1.834,0.279,15.44,47.42,18.65,314.2,56.938,59.637,14155.6,True,physics_simulated_synthetic
BGW-077,3,31.305,production,1496.3,372.8,0.691,9.44,2,1.834,0.279,15.44,47.42,18.65,336.06,54.412,57.121,17716.29,True,physics_simulated_synthetic
BGW-077,3,32.443,production,1496.3,372.8,0.691,9.44,2,1.834,0.279,15.44,47.42,18.65,353.56,52.776,54.711,22033.56,True,physics_simulated_synthetic
BGW-077,3,33.929,production,1496.3,372.8,0.691,9.44,2,1.834,0.279,15.44,47.42,18.65,376.4,51.089,54.172,23146.71,True,physics_simulated_synthetic
BGW-077,3,40.778,production,1496.3,372.8,0.691,9.44,2,1.834,0.279,15.44,47.42,18.65,481.69,47.768,51.183,30500.67,True,physics_simulated_synthetic
BGW-077,3,40.908,production,1496.3,372.8,0.691,9.44,2,1.834,0.279,15.44,47.42,18.65,483.68,47.751,49.782,34772.81,True,physics_simulated_synthetic
BGW-077,3,43.555,production,1496.3,372.8,0.691,9.44,2,1.834,0.279,15.44,47.42,18.65,524.37,47.527,49.002,37424.23,True,physics_simulated_synthetic
BGW-077,3,46.549,production,1496.3,372.8,0.691,9.44,2,1.834,0.279,15.44,47.42,18.65,570.39,47.444,50.332,33024.61,True,physics_simulated_synthetic
BGW-077,3,47.529,production,1496.3,372.8,0.691,9.44,2,1.834,0.279,15.44,47.42,18.65,585.46,47.434,47.803,41926.07,True,physics_simulated_synthetic
BGW-077,3,59.244,production,1496.3,372.8,0.691,9.44,2,1.834,0.279,15.44,47.42,18.65,765.53,47.419,48.049,40959.67,True,physics_simulated_synthetic
BGW-077,3,0.237,soak,1535.6,213.0,0.61,10.26,2,2.039,0.278,9.74,47.01,17.05,0.0,170.975,176.384,6.75,True,physics_simulated_synthetic
BGW-077,3,1.071,soak,1535.6,213.0,0.61,10.26,2,2.039,0.278,9.74,47.01,17.05,0.0,165.863,166.92,10.79,True,physics_simulated_synthetic
BGW-077,3,5.014,soak,1535.6,213.0,0.61,10.26,2,2.039,0.278,9.74,47.01,17.05,0.0,144.406,146.671,31.59,True,physics_simulated_synthetic
BGW-077,3,6.687,soak,1535.6,213.0,0.61,10.26,2,2.039,0.278,9.74,47.01,17.05,0.0,136.516,137.078,54.53,True,physics_simulated_synthetic
BGW-077,3,7.797,soak,1535.6,213.0,0.61,10.26,2,2.039,0.278,9.74,47.01,17.05,0.0,131.639,134.013,65.28,True,physics_simulated_synthetic
BGW-077,3,10.29,production,1535.6,213.0,0.61,10.26,2,2.039,0.278,9.74,47.01,17.05,0.39,121.618,124.472,116.3,True,physics_simulated_synthetic
BGW-077,3,11.269,production,1535.6,213.0,0.61,10.26,2,2.039,0.278,9.74,47.01,17.05,11.54,117.913,118.725,166.94,True,physics_simulated_synthetic
BGW-077,3,15.844,production,1535.6,213.0,0.61,10.26,2,2.039,0.278,9.74,47.01,17.05,63.66,100.222,101.78,516.89,True,physics_simulated_synthetic
BGW-077,3,18.58,production,1535.6,213.0,0.61,10.26,2,2.039,0.278,9.74,47.01,17.05,94.85,90.315,90.697,1146.04,True,physics_simulated_synthetic
BGW-077,3,25.428,production,1535.6,213.0,0.61,10.26,2,2.039,0.278,9.74,47.01,17.05,172.87,67.4,67.433,7214.27,True,physics_simulated_synthetic
BGW-077,3,25.552,production,1535.6,213.0,0.61,10.26,2,2.039,0.278,9.74,47.01,17.05,174.28,67.089,70.176,5732.77,True,physics_simulated_synthetic
BGW-077,3,28.289,production,1535.6,213.0,0.61,10.26,2,2.039,0.278,9.74,47.01,17.05,205.47,60.643,61.503,12012.95,True,physics_simulated_synthetic
BGW-077,3,29.142,production,1535.6,213.0,0.61,10.26,2,2.039,0.278,9.74,47.01,17.05,215.18,58.969,57.225,17551.25,True,physics_simulated_synthetic
BGW-077,3,31.095,production,1535.6,213.0,0.61,10.26,2,2.039,0.278,9.74,47.01,17.05,237.44,55.603,59.71,14065.45,True,physics_simulated_synthetic
BGW-077,3,36.65,production,1535.6,213.0,0.61,10.26,2,2.039,0.278,9.74,47.01,17.05,300.74,49.565,50.077,33821.32,True,physics_simulated_synthetic
BGW-077,3,36.995,production,1535.6,213.0,0.61,10.26,2,2.039,0.278,9.74,47.01,17.05,304.66,49.362,50.652,32050.81,True,physics_simulated_synthetic
BGW-077,3,37.584,production,1535.6,213.0,0.61,10.26,2,2.039,0.278,9.74,47.01,17.05,311.38,49.042,52.975,25835.45,True,physics_simulated_synthetic
BGW-077,3,43.515,production,1535.6,213.0,0.61,10.26,2,2.039,0.278,9.74,47.01,17.05,378.96,47.341,48.777,38226.95,True,physics_simulated_synthetic
BGW-077,3,47.084,production,1535.6,213.0,0.61,10.26,2,2.039,0.278,9.74,47.01,17.05,419.63,47.1,48.506,39220.93,True,physics_simulated_synthetic
BGW-077,3,57.94,production,1535.6,213.0,0.61,10.26,2,2.039,0.278,9.74,47.01,17.05,543.32,47.014,46.929,45571.83,True,physics_simulated_synthetic
BGW-077,2,3.105,soak,1848.4,308.1,0.602,7.17,1,1.989,0.317,15.27,46.03,18.41,0.0,170.664,171.67,8.51,True,physics_simulated_synthetic
BGW-077,2,4.008,soak,1848.4,308.1,0.602,7.17,1,1.989,0.317,15.27,46.03,18.41,0.0,166.144,167.246,10.62,True,physics_simulated_synthetic
BGW-077,2,11.819,production,1848.4,308.1,0.602,7.17,1,1.989,0.317,15.27,46.03,18.41,51.79,128.443,131.252,76.94,True,physics_simulated_synthetic
BGW-077,2,11.977,production,1848.4,308.1,0.602,7.17,1,1.989,0.317,15.27,46.03,18.41,53.55,127.75,125.637,108.22,True,physics_simulated_synthetic
BGW-077,2,14.149,production,1848.4,308.1,0.602,7.17,1,1.989,0.317,15.27,46.03,18.41,77.75,117.913,119.129,162.69,True,physics_simulated_synthetic
BGW-077,2,15.052,production,1848.4,308.1,0.602,7.17,1,1.989,0.317,15.27,46.03,18.41,87.8,113.895,114.957,212.81,True,physics_simulated_synthetic
BGW-077,2,15.312,production,1848.4,308.1,0.602,7.17,1,1.989,0.317,15.27,46.03,18.41,90.7,112.749,112.003,258.3,True,physics_simulated_synthetic
BGW-077,2,23.033,production,1848.4,308.1,0.602,7.17,1,1.989,0.317,15.27,46.03,18.41,176.69,77.351,79.465,2702.68,True,physics_simulated_synthetic
BGW-077,2,23.86,production,1848.4,308.1,0.602,7.17,1,1.989,0.317,15.27,46.03,18.41,185.9,74.424,74.582,3992.72,True,physics_simulated_synthetic
BGW-077,2,26.027,production,1848.4,308.1,0.602,7.17,1,1.989,0.317,15.27,46.03,18.41,210.03,67.319,67.993,6881.76,True,physics_simulated_synthetic
BGW-077,2,28.077,production,1848.4,308.1,0.602,7.17,1,1.989,0.317,15.27,46.03,18.41,232.86,61.645,65.406,8570.51,True,physics_simulated_synthetic
BGW-077,2,29.038,production,1848.4,308.1,0.602,7.17,1,1.989,0.317,15.27,46.03,18.41,243.57,59.375,61.962,11540.3,True,physics_simulated_synthetic
BGW-077,2,34.396,production,1848.4,308.1,0.602,7.17,1,1.989,0.317,15.27,46.03,18.41,303.24,50.446,52.424,27182.57,True,physics_simulated_synthetic
BGW-077,2,38.743,production,1848.4,308.1,0.602,7.17,1,1.989,0.317,15.27,46.03,18.41,351.65,47.431,49.138,36947.49,True,physics_simulated_synthetic
BGW-077,2,46.041,production,1848.4,308.1,0.602,7.17,1,1.989,0.317,15.27,46.03,18.41,432.93,46.135,47.077,44931.62,True,physics_simulated_synthetic
BGW-077,2,47.745,production,1848.4,308.1,0.602,7.17,1,1.989,0.317,15.27,46.03,18.41,451.91,46.083,50.055,33892.45,True,physics_simulated_synthetic
BGW-077,2,50.097,production,1848.4,308.1,0.602,7.17,1,1.989,0.317,15.27,46.03,18.41,478.11,46.05,48.346,39820.72,True,physics_simulated_synthetic
BGW-077,2,51.73,production,1848.4,308.1,0.602,7.17,1,1.989,0.317,15.27,46.03,18.41,496.29,46.04,46.164,49042.07,True,physics_simulated_synthetic
BGW-077,2,53.769,production,1848.4,308.1,0.602,7.17,1,1.989,0.317,15.27,46.03,18.41,519.0,46.035,45.248,53568.64,True,physics_simulated_synthetic
BGW-077,2,58.449,production,1848.4,308.1,0.602,7.17,1,1.989,0.317,15.27,46.03,18.41,571.12,46.033,47.999,41152.65,True,physics_simulated_synthetic
BGW-078,4,1.149,soak,1533.9,175.4,0.555,10.26,3,1.904,0.294,8.28,46.81,18.84,0.0,152.193,157.603,17.47,True,physics_simulated_synthetic
BGW-078,4,3.692,soak,1533.9,175.4,0.555,10.26,3,1.904,0.294,8.28,46.81,18.84,0.0,139.656,143.304,38.16,True,physics_simulated_synthetic
BGW-078,4,3.922,soak,1533.9,175.4,0.555,10.26,3,1.904,0.294,8.28,46.81,18.84,0.0,138.595,142.855,39.14,True,physics_simulated_synthetic
BGW-078,4,6.567,soak,1533.9,175.4,0.555,10.26,3,1.904,0.294,8.28,46.81,18.84,0.0,127.261,132.093,73.16,True,physics_simulated_synthetic
BGW-078,4,9.424,soak,1533.9,175.4,0.555,10.26,3,1.904,0.294,8.28,46.81,18.84,0.0,116.587,120.064,153.31,True,physics_simulated_synthetic
BGW-078,4,10.296,production,1533.9,175.4,0.555,10.26,3,1.904,0.294,8.28,46.81,18.84,0.47,113.618,116.044,198.32,True,physics_simulated_synthetic
BGW-078,4,20.679,production,1533.9,175.4,0.555,10.26,3,1.904,0.294,8.28,46.81,18.84,126.94,75.525,78.411,2937.49,True,physics_simulated_synthetic
BGW-078,4,26.019,production,1533.9,175.4,0.555,10.26,3,1.904,0.294,8.28,46.81,18.84,191.98,61.496,65.173,8743.0,True,physics_simulated_synthetic
BGW-078,4,28.823,production,1533.9,175.4,0.555,10.26,3,1.904,0.294,8.28,46.81,18.84,226.14,56.29,61.232,12301.54,True,physics_simulated_synthetic
BGW-078,4,30.556,production,1533.9,175.4,0.555,10.26,3,1.904,0.294,8.28,46.81,18.84,247.25,53.796,59.573,14236.16,True,physics_simulated_synthetic
BGW-078,4,35.672,production,1533.9,175.4,0.555,10.26,3,1.904,0.294,8.28,46.81,18.84,309.56,49.043,51.159,30567.95,True,physics_simulated_synthetic
BGW-078,4,39.149,production,1533.9,175.4,0.555,10.26,3,1.904,0.294,8.28,46.81,18.84,351.91,47.671,50.849,31464.33,True,physics_simulated_synthetic
BGW-078,4,39.208,production,1533.9,175.4,0.555,10.26,3,1.904,0.294,8.28,46.81,18.84,352.62,47.657,51.17,30536.93,True,physics_simulated_synthetic
BGW-078,4,41.737,production,1533.9,175.4,0.555,10.26,3,1.904,0.294,8.28,46.81,18.84,383.43,47.193,52.32,27445.51,True,physics_simulated_synthetic
BGW-078,4,43.025,production,1533.9,175.4,0.555,10.26,3,1.904,0.294,8.28,46.81,18.84,399.11,47.058,50.333,33020.53,True,physics_simulated_synthetic
BGW-078,4,44.966,production,1533.9,175.4,0.555,10.26,3,1.904,0.294,8.28,46.81,18.84,422.75,46.933,50.346,32980.39,True,physics_simulated_synthetic
BGW-078,4,53.766,production,1533.9,175.4,0.555,10.26,3,1.904,0.294,8.28,46.81,18.84,529.94,46.816,48.854,37950.8,True,physics_simulated_synthetic
BGW-078,4,54.388,production,1533.9,175.4,0.555,10.26,3,1.904,0.294,8.28,46.81,18.84,537.52,46.816,51.507,29594.23,True,physics_simulated_synthetic
BGW-078,4,57.122,production,1533.9,175.4,0.555,10.26,3,1.904,0.294,8.28,46.81,18.84,570.82,46.815,50.604,32195.55,True,physics_simulated_synthetic
BGW-078,4,57.729,production,1533.9,175.4,0.555,10.26,3,1.904,0.294,8.28,46.81,18.84,578.21,46.815,49.914,34345.03,True,physics_simulated_synthetic
BGW-078,2,5.212,soak,716.9,391.4,0.803,6.69,1,1.87,0.297,8.69,47.26,17.86,0.0,140.956,142.083,40.89,True,physics_simulated_synthetic
BGW-078,2,10.465,production,716.9,391.4,0.803,6.69,1,1.87,0.297,8.69,47.26,17.86,57.77,117.259,120.096,153.0,True,physics_simulated_synthetic
BGW-078,2,15.686,production,716.9,391.4,0.803,6.69,1,1.87,0.297,8.69,47.26,17.86,137.68,93.888,95.998,778.39,True,physics_simulated_synthetic
BGW-078,2,19.481,production,716.9,391.4,0.803,6.69,1,1.87,0.297,8.69,47.26,17.86,195.76,78.412,80.137,2563.53,True,physics_simulated_synthetic
BGW-078,2,24.04,production,716.9,391.4,0.803,6.69,1,1.87,0.297,8.69,47.26,17.86,265.54,63.266,65.675,8375.87,True,physics_simulated_synthetic
BGW-078,2,24.917,production,716.9,391.4,0.803,6.69,1,1.87,0.297,8.69,47.26,17.86,278.95,61.082,66.652,7707.86,True,physics_simulated_synthetic
BGW-078,2,25.265,production,716.9,391.4,0.803,6.69,1,1.87,0.297,8.69,47.26,17.86,284.29,60.273,63.564,10040.92,True,physics_simulated_synthetic
BGW-078,2,25.398,production,716.9,391.4,0.803,6.69,1,1.87,0.297,8.69,47.26,17.86,286.33,59.972,61.955,11547.69,True,physics_simulated_synthetic
BGW-078,2,25.868,production,716.9,391.4,0.803,6.69,1,1.87,0.297,8.69,47.26,17.86,293.52,58.943,59.474,14362.47,True,physics_simulated_synthetic
BGW-078,2,28.161,production,716.9,391.4,0.803,6.69,1,1.87,0.297,8.69,47.26,17.86,328.6,54.625,55.306,20873.62,True,physics_simulated_synthetic
BGW-078,2,30.553,production,716.9,391.4,0.803,6.69,1,1.87,0.297,8.69,47.26,17.86,365.22,51.475,53.815,23915.99,True,physics_simulated_synthetic
BGW-078,2,30.871,production,716.9,391.4,0.803,6.69,1,1.87,0.297,8.69,47.26,17.86,370.08,51.157,53.361,24932.99,True,physics_simulated_synthetic
BGW-078,2,34.136,production,716.9,391.4,0.803,6.69,1,1.87,0.297,8.69,47.26,17.86,420.06,48.805,51.582,29390.02,True,physics_simulated_synthetic
BGW-078,2,40.65,production,716.9,391.4,0.803,6.69,1,1.87,0.297,8.69,47.26,17.86,519.75,47.387,47.297,43999.95,True,physics_simulated_synthetic
BGW-078,2,41.034,production,716.9,391.4,0.803,6.69,1,1.87,0.297,8.69,47.26,17.86,525.63,47.368,50.33,33030.38,True,physics_simulated_synthetic
BGW-078,2,46.421,production,716.9,391.4,0.803,6.69,1,1.87,0.297,8.69,47.26,17.86,608.08,47.265,51.795,28814.54,True,physics_simulated_synthetic
BGW-078,2,46.599,production,716.9,391.4,0.803,6.69,1,1.87,0.297,8.69,47.26,17.86,610.8,47.264,52.627,26677.26,True,physics_simulated_synthetic
BGW-078,2,49.078,production,716.9,391.4,0.803,6.69,1,1.87,0.297,8.69,47.26,17.86,648.74,47.259,47.698,42349.4,True,physics_simulated_synthetic
BGW-078,2,49.886,production,716.9,391.4,0.803,6.69,1,1.87,0.297,8.69,47.26,17.86,661.11,47.259,49.228,36635.64,True,physics_simulated_synthetic
BGW-078,2,56.066,production,716.9,391.4,0.803,6.69,1,1.87,0.297,8.69,47.26,17.86,755.68,47.258,49.153,36895.21,True,physics_simulated_synthetic
BGW-078,4,3.824,soak,927.1,208.3,0.814,5.14,3,1.943,0.245,10.23,47.35,18.92,0.0,140.029,144.795,35.08,True,physics_simulated_synthetic
BGW-078,4,4.33,soak,927.1,208.3,0.814,5.14,3,1.943,0.245,10.23,47.35,18.92,0.0,137.812,141.116,43.2,True,physics_simulated_synthetic
BGW-078,4,9.893,production,927.1,208.3,0.814,5.14,3,1.943,0.245,10.23,47.35,18.92,55.72,114.156,118.814,165.99,True,physics_simulated_synthetic
BGW-078,4,14.229,production,927.1,208.3,0.814,5.14,3,1.943,0.245,10.23,47.35,18.92,106.51,96.712,101.256,536.14,True,physics_simulated_synthetic
BGW-078,4,17.883,production,927.1,208.3,0.814,5.14,3,1.943,0.245,10.23,47.35,18.92,149.31,82.987,87.097,1499.92,True,physics_simulated_synthetic
BGW-078,4,26.443,production,927.1,208.3,0.814,5.14,3,1.943,0.245,10.23,47.35,18.92,249.57,57.843,62.969,10571.83,True,physics_simulated_synthetic
BGW-078,4,29.17,production,927.1,208.3,0.814,5.14,3,1.943,0.245,10.23,47.35,18.92,281.51,53.638,55.454,20594.37,True,physics_simulated_synthetic
BGW-078,4,29.798,production,927.1,208.3,0.814,5.14,3,1.943,0.245,10.23,47.35,18.92,288.87,52.889,55.413,20671.13,True,physics_simulated_synthetic
BGW-078,4,32.867,production,927.1,208.3,0.814,5.14,3,1.943,0.245,10.23,47.35,18.92,324.81,50.097,53.734,24094.33,True,physics_simulated_synthetic
BGW-078,4,34.686,production,927.1,208.3,0.814,5.14,3,1.943,0.245,10.23,47.35,18.92,346.12,49.074,51.068,30830.37,True,physics_simulated_synthetic
BGW-078,4,36.436,production,927.1,208.3,0.814,5.14,3,1.943,0.245,10.23,47.35,18.92,366.61,48.407,51.852,28661.52,True,physics_simulated_synthetic
BGW-078,4,38.065,production,927.1,208.3,0.814,5.14,3,1.943,0.245,10.23,47.35,18.92,385.7,47.996,51.486,29653.0,True,physics_simulated_synthetic
BGW-078,4,38.167,production,927.1,208.3,0.814,5.14,3,1.943,0.245,10.23,47.35,18.92,386.89,47.976,53.824,23895.83,True,physics_simulated_synthetic
BGW-078,4,40.97,production,927.1,208.3,0.814,5.14,3,1.943,0.245,10.23,47.35,18.92,419.72,47.593,51.807,28782.18,True,physics_simulated_synthetic
BGW-078,4,46.658,production,927.1,208.3,0.814,5.14,3,1.943,0.245,10.23,47.35,18.92,486.34,47.376,52.832,26177.6,True,physics_simulated_synthetic
BGW-078,4,51.307,production,927.1,208.3,0.814,5.14,3,1.943,0.245,10.23,47.35,18.92,540.79,47.357,51.793,28817.35,True,physics_simulated_synthetic
BGW-078,4,53.567,production,927.1,208.3,0.814,5.14,3,1.943,0.245,10.23,47.35,18.92,567.26,47.355,50.62,32146.64,True,physics_simulated_synthetic
BGW-078,4,54.46,production,927.1,208.3,0.814,5.14,3,1.943,0.245,10.23,47.35,18.92,577.72,47.355,51.557,29458.15,True,physics_simulated_synthetic
BGW-078,4,58.14,production,927.1,208.3,0.814,5.14,3,1.943,0.245,10.23,47.35,18.92,620.82,47.355,52.39,27266.99,True,physics_simulated_synthetic
BGW-078,4,59.396,production,927.1,208.3,0.814,5.14,3,1.943,0.245,10.23,47.35,18.92,635.54,47.355,53.04,25680.46,True,physics_simulated_synthetic
BGW-079,1,5.825,production,1722.9,447.7,0.783,5.78,0,1.985,0.235,6.42,46.36,17.21,0.75,147.115,145.944,32.9,True,physics_simulated_synthetic
BGW-079,1,11.756,production,1722.9,447.7,0.783,5.78,0,1.985,0.235,6.42,46.36,17.21,110.45,112.079,109.518,304.7,True,physics_simulated_synthetic
BGW-079,1,17.57,production,1722.9,447.7,0.783,5.78,0,1.985,0.235,6.42,46.36,17.21,218.0,80.971,80.589,2474.24,True,physics_simulated_synthetic
BGW-079,1,25.693,production,1722.9,447.7,0.783,5.78,0,1.985,0.235,6.42,46.36,17.21,368.25,53.572,51.832,28714.68,True,physics_simulated_synthetic
BGW-079,1,28.829,production,1722.9,447.7,0.783,5.78,0,1.985,0.235,6.42,46.36,17.21,426.27,49.522,47.055,45029.38,True,physics_simulated_synthetic
BGW-079,1,29.125,production,1722.9,447.7,0.783,5.78,0,1.985,0.235,6.42,46.36,17.21,431.73,49.269,48.819,38077.71,True,physics_simulated_synthetic
BGW-079,1,29.929,production,1722.9,447.7,0.783,5.78,0,1.985,0.235,6.42,46.36,17.21,446.62,48.657,48.542,39086.92,True,physics_simulated_synthetic
BGW-079,1,31.833,production,1722.9,447.7,0.783,5.78,0,1.985,0.235,6.42,46.36,17.21,481.84,47.606,46.126,49223.33,True,physics_simulated_synthetic
BGW-079,1,34.456,production,1722.9,447.7,0.783,5.78,0,1.985,0.235,6.42,46.36,17.21,530.36,46.835,45.36,52994.44,True,physics_simulated_synthetic
BGW-079,1,41.872,production,1722.9,447.7,0.783,5.78,0,1.985,0.235,6.42,46.36,17.21,667.54,46.371,45.36,52994.44,True,physics_simulated_synthetic
BGW-079,1,45.008,production,1722.9,447.7,0.783,5.78,0,1.985,0.235,6.42,46.36,17.21,725.53,46.361,45.36,52994.44,True,physics_simulated_synthetic
BGW-079,1,45.422,production,1722.9,447.7,0.783,5.78,0,1.985,0.235,6.42,46.36,17.21,733.21,46.361,45.36,52994.44,True,physics_simulated_synthetic
BGW-079,1,47.736,production,1722.9,447.7,0.783,5.78,0,1.985,0.235,6.42,46.36,17.21,776.01,46.36,45.36,52994.44,True,physics_simulated_synthetic
BGW-079,1,48.853,production,1722.9,447.7,0.783,5.78,0,1.985,0.235,6.42,46.36,17.21,796.67,46.36,46.201,48867.55,True,physics_simulated_synthetic
BGW-079,1,49.673,production,1722.9,447.7,0.783,5.78,0,1.985,0.235,6.42,46.36,17.21,811.83,46.36,45.36,52994.44,True,physics_simulated_synthetic
BGW-079,1,49.863,production,1722.9,447.7,0.783,5.78,0,1.985,0.235,6.42,46.36,17.21,815.35,46.36,46.356,48145.7,True,physics_simulated_synthetic
BGW-079,1,50.896,production,1722.9,447.7,0.783,5.78,0,1.985,0.235,6.42,46.36,17.21,834.46,46.36,46.777,46241.79,True,physics_simulated_synthetic
BGW-079,1,52.397,production,1722.9,447.7,0.783,5.78,0,1.985,0.235,6.42,46.36,17.21,862.22,46.36,45.549,52036.38,True,physics_simulated_synthetic
BGW-079,1,56.932,production,1722.9,447.7,0.783,5.78,0,1.985,0.235,6.42,46.36,17.21,946.11,46.36,45.36,52994.44,True,physics_simulated_synthetic
BGW-079,1,59.14,production,1722.9,447.7,0.783,5.78,0,1.985,0.235,6.42,46.36,17.21,986.95,46.36,46.362,48116.01,True,physics_simulated_synthetic
BGW-079,3,2.083,soak,1396.0,202.8,0.734,6.37,2,1.858,0.292,6.25,47.13,17.35,0.0,160.735,161.028,14.6,True,physics_simulated_synthetic
BGW-079,3,2.117,soak,1396.0,202.8,0.734,6.37,2,1.858,0.292,6.25,47.13,17.35,0.0,160.53,159.301,15.98,True,physics_simulated_synthetic
BGW-079,3,10.168,production,1396.0,202.8,0.734,6.37,2,1.858,0.292,6.25,47.13,17.35,66.44,116.6,115.615,203.91,True,physics_simulated_synthetic
BGW-079,3,15.483,production,1396.0,202.8,0.734,6.37,2,1.858,0.292,6.25,47.13,17.35,159.33,90.465,89.693,1234.72,True,physics_simulated_synthetic
BGW-079,3,16.763,production,1396.0,202.8,0.734,6.37,2,1.858,0.292,6.25,47.13,17.35,181.7,84.973,87.399,1466.19,True,physics_simulated_synthetic
BGW-079,3,21.676,production,1396.0,202.8,0.734,6.37,2,1.858,0.292,6.25,47.13,17.35,267.56,65.989,62.892,10643.47,True,physics_simulated_synthetic
BGW-079,3,22.704,production,1396.0,202.8,0.734,6.37,2,1.858,0.292,6.25,47.13,17.35,285.52,63.036,63.208,10355.44,True,physics_simulated_synthetic
BGW-079,3,23.428,production,1396.0,202.8,0.734,6.37,2,1.858,0.292,6.25,47.13,17.35,298.17,61.14,60.256,13403.16,True,physics_simulated_synthetic
BGW-079,3,27.808,production,1396.0,202.8,0.734,6.37,2,1.858,0.292,6.25,47.13,17.35,374.72,52.496,51.069,30825.6,True,physics_simulated_synthetic
BGW-079,3,31.158,production,1396.0,202.8,0.734,6.37,2,1.858,0.292,6.25,47.13,17.35,433.27,49.259,48.34,39842.11,True,physics_simulated_synthetic
BGW-079,3,36.711,production,1396.0,202.8,0.734,6.37,2,1.858,0.292,6.25,47.13,17.35,530.31,47.409,47.813,41886.36,True,physics_simulated_synthetic
BGW-079,3,42.564,production,1396.0,202.8,0.734,6.37,2,1.858,0.292,6.25,47.13,17.35,632.59,47.144,47.628,42631.11,True,physics_simulated_synthetic
BGW-079,3,43.191,production,1396.0,202.8,0.734,6.37,2,1.858,0.292,6.25,47.13,17.35,643.55,47.139,46.87,45832.73,True,physics_simulated_synthetic
BGW-079,3,43.284,production,1396.0,202.8,0.734,6.37,2,1.858,0.292,6.25,47.13,17.35,645.17,47.139,48.139,40611.88,True,physics_simulated_synthetic
BGW-079,3,46.62,production,1396.0,202.8,0.734,6.37,2,1.858,0.292,6.25,47.13,17.35,703.48,47.129,48.376,39708.5,True,physics_simulated_synthetic
BGW-079,3,53.793,production,1396.0,202.8,0.734,6.37,2,1.858,0.292,6.25,47.13,17.35,828.83,47.128,47.741,42176.62,True,physics_simulated_synthetic
BGW-079,3,56.465,production,1396.0,202.8,0.734,6.37,2,1.858,0.292,6.25,47.13,17.35,875.52,47.128,46.128,49213.02,True,physics_simulated_synthetic
BGW-079,3,59.076,production,1396.0,202.8,0.734,6.37,2,1.858,0.292,6.25,47.13,17.35,921.16,47.128,47.29,44027.83,True,physics_simulated_synthetic
BGW-079,3,59.198,production,1396.0,202.8,0.734,6.37,2,1.858,0.292,6.25,47.13,17.35,923.28,47.128,47.297,43999.84,True,physics_simulated_synthetic
BGW-079,3,59.911,production,1396.0,202.8,0.734,6.37,2,1.858,0.292,6.25,47.13,17.35,935.75,47.128,46.128,49213.02,True,physics_simulated_synthetic
BGW-079,2,1.813,soak,1917.3,340.7,0.638,5.99,1,1.773,0.296,17.15,46.07,17.6,0.0,178.842,178.573,6.08,True,physics_simulated_synthetic
BGW-079,2,8.229,production,1917.3,340.7,0.638,5.99,1,1.773,0.296,17.15,46.07,17.6,31.92,149.954,148.662,28.3,True,physics_simulated_synthetic
BGW-079,2,8.972,production,1917.3,340.7,0.638,5.99,1,1.773,0.296,17.15,46.07,17.6,42.53,146.753,144.361,35.95,True,physics_simulated_synthetic
BGW-079,2,10.525,production,1917.3,340.7,0.638,5.99,1,1.773,0.296,17.15,46.07,17.6,64.7,139.796,140.246,45.41,True,physics_simulated_synthetic
BGW-079,2,14.988,production,1917.3,340.7,0.638,5.99,1,1.773,0.296,17.15,46.07,17.6,128.42,117.064,117.095,185.32,True,physics_simulated_synthetic
BGW-079,2,15.562,production,1917.3,340.7,0.638,5.99,1,1.773,0.296,17.15,46.07,17.6,136.61,114.209,111.76,262.47,True,physics_simulated_synthetic
BGW-079,2,20.117,production,1917.3,340.7,0.638,5.99,1,1.773,0.296,17.15,46.07,17.6,201.65,90.146,87.342,1472.46,True,physics_simulated_synthetic
BGW-079,2,25.371,production,1917.3,340.7,0.638,5.99,1,1.773,0.296,17.15,46.07,17.6,276.66,66.947,64.623,9165.62,True,physics_simulated_synthetic
BGW-079,2,27.899,production,1917.3,340.7,0.638,5.99,1,1.773,0.296,17.15,46.07,17.6,312.75,59.31,59.082,14870.52,True,physics_simulated_synthetic
BGW-079,2,28.593,production,1917.3,340.7,0.638,5.99,1,1.773,0.296,17.15,46.07,17.6,322.66,57.629,57.023,17872.92,True,physics_simulated_synthetic
BGW-079,2,29.087,production,1917.3,340.7,0.638,5.99,1,1.773,0.296,17.15,46.07,17.6,329.71,56.528,56.642,18496.35,True,physics_simulated_synthetic
BGW-079,2,35.135,production,1917.3,340.7,0.638,5.99,1,1.773,0.296,17.15,46.07,17.6,416.06,48.173,46.725,46472.13,True,physics_simulated_synthetic
BGW-079,2,37.316,production,1917.3,340.7,0.638,5.99,1,1.773,0.296,17.15,46.07,17.6,447.19,47.115,45.067,54516.68,True,physics_simulated_synthetic
BGW-079,2,44.265,production,1917.3,340.7,0.638,5.99,1,1.773,0.296,17.15,46.07,17.6,546.41,46.123,46.417,47863.42,True,physics_simulated_synthetic
BGW-079,2,44.649,production,1917.3,340.7,0.638,5.99,1,1.773,0.296,17.15,46.07,17.6,551.88,46.113,45.067,54516.68,True,physics_simulated_synthetic
BGW-079,2,48.977,production,1917.3,340.7,0.638,5.99,1,1.773,0.296,17.15,46.07,17.6,613.68,46.071,45.341,53091.68,True,physics_simulated_synthetic
BGW-079,2,52.14,production,1917.3,340.7,0.638,5.99,1,1.773,0.296,17.15,46.07,17.6,658.83,46.067,45.067,54516.68,True,physics_simulated_synthetic
BGW-079,2,53.136,production,1917.3,340.7,0.638,5.99,1,1.773,0.296,17.15,46.07,17.6,673.05,46.067,45.067,54516.68,True,physics_simulated_synthetic
BGW-079,2,56.264,production,1917.3,340.7,0.638,5.99,1,1.773,0.296,17.15,46.07,17.6,717.71,46.067,46.488,47539.16,True,physics_simulated_synthetic
BGW-079,2,59.361,production,1917.3,340.7,0.638,5.99,1,1.773,0.296,17.15,46.07,17.6,761.93,46.067,45.067,54516.68,True,physics_simulated_synthetic
BGW-080,1,2.526,soak,1790.9,368.0,0.63,6.84,0,2.353,0.213,8.56,46.86,17.56,0.0,166.854,166.371,11.1,True,physics_simulated_synthetic
BGW-080,1,4.712,soak,1790.9,368.0,0.63,6.84,0,2.353,0.213,8.56,46.86,17.56,0.0,151.862,151.213,24.61,True,physics_simulated_synthetic
BGW-080,1,7.319,production,1790.9,368.0,0.63,6.84,0,2.353,0.213,8.56,46.86,17.56,9.03,136.227,137.111,54.43,True,physics_simulated_synthetic
BGW-080,1,12.867,production,1790.9,368.0,0.63,6.84,0,2.353,0.213,8.56,46.86,17.56,113.71,104.552,104.802,419.42,True,physics_simulated_synthetic
BGW-080,1,14.654,production,1790.9,368.0,0.63,6.84,0,2.353,0.213,8.56,46.86,17.56,147.44,95.557,96.641,743.28,True,physics_simulated_synthetic
BGW-080,1,18.773,production,1790.9,368.0,0.63,6.84,0,2.353,0.213,8.56,46.86,17.56,225.18,76.225,77.531,3150.38,True,physics_simulated_synthetic
BGW-080,1,19.779,production,1790.9,368.0,0.63,6.84,0,2.353,0.213,8.56,46.86,17.56,244.14,72.34,74.333,4074.34,True,physics_simulated_synthetic
BGW-080,1,20.701,production,1790.9,368.0,0.63,6.84,0,2.353,0.213,8.56,46.86,17.56,261.54,69.026,67.905,6932.62,True,physics_simulated_synthetic
BGW-080,1,26.005,production,1790.9,368.0,0.63,6.84,0,2.353,0.213,8.56,46.86,17.56,361.64,54.456,55.231,21016.51,True,physics_simulated_synthetic
BGW-080,1,31.583,production,1790.9,368.0,0.63,6.84,0,2.353,0.213,8.56,46.86,17.56,466.9,48.375,48.33,39879.56,True,physics_simulated_synthetic
BGW-080,1,36.672,production,1790.9,368.0,0.63,6.84,0,2.353,0.213,8.56,46.86,17.56,562.92,47.067,47.393,43597.56,True,physics_simulated_synthetic
BGW-080,1,38.118,production,1790.9,368.0,0.63,6.84,0,2.353,0.213,8.56,46.86,17.56,590.21,46.969,48.643,38717.27,True,physics_simulated_synthetic
BGW-080,1,38.941,production,1790.9,368.0,0.63,6.84,0,2.353,0.213,8.56,46.86,17.56,605.72,46.934,48.76,38289.7,True,physics_simulated_synthetic
BGW-080,1,41.066,production,1790.9,368.0,0.63,6.84,0,2.353,0.213,8.56,46.86,17.56,645.83,46.885,49.307,36363.83,True,physics_simulated_synthetic
BGW-080,1,41.436,production,1790.9,368.0,0.63,6.84,0,2.353,0.213,8.56,46.86,17.56,652.82,46.88,47.94,41384.69,True,physics_simulated_synthetic
BGW-080,1,42.69,production,1790.9,368.0,0.63,6.84,0,2.353,0.213,8.56,46.86,17.56,676.47,46.87,47.18,44493.08,True,physics_simulated_synthetic
BGW-080,1,43.478,production,1790.9,368.0,0.63,6.84,0,2.353,0.213,8.56,46.86,17.56,691.34,46.866,46.976,45367.82,True,physics_simulated_synthetic
BGW-080,1,45.623,production,1790.9,368.0,0.63,6.84,0,2.353,0.213,8.56,46.86,17.56,731.83,46.862,45.86,50497.34,True,physics_simulated_synthetic
BGW-080,1,46.527,production,1790.9,368.0,0.63,6.84,0,2.353,0.213,8.56,46.86,17.56,748.89,46.861,49.201,36729.34,True,physics_simulated_synthetic
BGW-080,1,48.318,production,1790.9,368.0,0.63,6.84,0,2.353,0.213,8.56,46.86,17.56,782.67,46.86,46.874,45815.88,True,physics_simulated_synthetic
BGW-080,1,3.624,soak,682.5,358.5,0.842,7.64,0,1.462,0.298,9.66,47.99,18.13,0.0,147.023,147.714,29.82,True,physics_simulated_synthetic
BGW-080,1,6.349,soak,682.5,358.5,0.842,7.64,0,1.462,0.298,9.66,47.99,18.13,0.0,137.433,138.298,50.8,True,physics_simulated_synthetic
BGW-080,1,13.787,production,682.5,358.5,0.842,7.64,0,1.462,0.298,9.66,47.99,18.13,71.27,110.035,112.434,251.05,True,physics_simulated_synthetic
BGW-080,1,13.958,production,682.5,358.5,0.842,7.64,0,1.462,0.298,9.66,47.99,18.13,73.26,109.442,110.352,288.18,True,physics_simulated_synthetic
BGW-080,1,14.515,production,682.5,358.5,0.842,7.64,0,1.462,0.298,9.66,47.99,18.13,79.71,107.495,107.083,358.99,True,physics_simulated_synthetic
BGW-080,1,17.498,production,682.5,358.5,0.842,7.64,0,1.462,0.298,9.66,47.99,18.13,114.29,96.509,97.063,721.19,True,physics_simulated_synthetic
BGW-080,1,20.123,production,682.5,358.5,0.842,7.64,0,1.462,0.298,9.66,47.99,18.13,144.71,86.964,85.081,1748.14,True,physics_simulated_synthetic
BGW-080,1,22.643,production,682.5,358.5,0.842,7.64,0,1.462,0.298,9.66,47.99,18.13,173.92,78.256,75.47,3716.21,True,physics_simulated_synthetic
BGW-080,1,27.831,production,682.5,358.5,0.842,7.64,0,1.462,0.298,9.66,47.99,18.13,234.05,62.899,64.527,9241.8,True,physics_simulated_synthetic
BGW-080,1,29.76,production,682.5,358.5,0.842,7.64,0,1.462,0.298,9.66,47.99,18.13,256.41,58.845,58.784,15268.69,True,physics_simulated_synthetic
BGW-080,1,31.26,production,682.5,358.5,0.842,7.64,0,1.462,0.298,9.66,47.99,18.13,273.79,56.257,56.355,18980.97,True,physics_simulated_synthetic
BGW-080,1,41.013,production,682.5,358.5,0.842,7.64,0,1.462,0.298,9.66,47.99,18.13,386.83,48.562,50.189,33469.85,True,physics_simulated_synthetic
BGW-080,1,46.04,production,682.5,358.5,0.842,7.64,0,1.462,0.298,9.66,47.99,18.13,445.1,48.078,50.498,32516.17,True,physics_simulated_synthetic
BGW-080,1,46.768,production,682.5,358.5,0.842,7.64,0,1.462,0.298,9.66,47.99,18.13,453.54,48.055,49.268,36497.49,True,physics_simulated_synthetic
BGW-080,1,50.995,production,682.5,358.5,0.842,7.64,0,1.462,0.298,9.66,47.99,18.13,502.53,48.0,51.163,30556.41,True,physics_simulated_synthetic
BGW-080,1,51.42,production,682.5,358.5,0.842,7.64,0,1.462,0.298,9.66,47.99,18.13,507.45,47.998,49.166,36848.64,True,physics_simulated_synthetic
BGW-080,1,51.682,production,682.5,358.5,0.842,7.64,0,1.462,0.298,9.66,47.99,18.13,510.48,47.998,48.885,37841.34,True,physics_simulated_synthetic
BGW-080,1,52.204,production,682.5,358.5,0.842,7.64,0,1.462,0.298,9.66,47.99,18.13,516.53,47.996,48.797,38157.55,True,physics_simulated_synthetic
BGW-080,1,53.7,production,682.5,358.5,0.842,7.64,0,1.462,0.298,9.66,47.99,18.13,533.87,47.993,46.991,45303.11,True,physics_simulated_synthetic
BGW-080,1,57.727,production,682.5,358.5,0.842,7.64,0,1.462,0.298,9.66,47.99,18.13,580.55,47.991,49.794,34734.35,True,physics_simulated_synthetic
BGW-080,4,7.428,soak,1884.5,150.3,0.708,9.22,3,2.089,0.244,10.14,46.36,18.12,0.0,128.631,131.486,75.86,True,physics_simulated_synthetic
BGW-080,4,15.471,production,1884.5,150.3,0.708,9.22,3,2.089,0.244,10.14,46.36,18.12,111.39,92.464,96.437,754.24,True,physics_simulated_synthetic
BGW-080,4,21.598,production,1884.5,150.3,0.708,9.22,3,2.089,0.244,10.14,46.36,18.12,220.61,68.566,70.377,5637.64,True,physics_simulated_synthetic
BGW-080,4,22.613,production,1884.5,150.3,0.708,9.22,3,2.089,0.244,10.14,46.36,18.12,238.7,65.566,68.806,6427.03,True,physics_simulated_synthetic
BGW-080,4,23.342,production,1884.5,150.3,0.708,9.22,3,2.089,0.244,10.14,46.36,18.12,251.69,63.556,66.149,8044.62,True,physics_simulated_synthetic
BGW-080,4,27.277,production,1884.5,150.3,0.708,9.22,3,2.089,0.244,10.14,46.36,18.12,321.85,54.544,56.556,18640.27,True,physics_simulated_synthetic
BGW-080,4,28.465,production,1884.5,150.3,0.708,9.22,3,2.089,0.244,10.14,46.36,18.12,343.02,52.695,55.595,20333.49,True,physics_simulated_synthetic
BGW-080,4,30.32,production,1884.5,150.3,0.708,9.22,3,2.089,0.244,10.14,46.36,18.12,376.1,50.417,54.842,21772.15,True,physics_simulated_synthetic
BGW-080,4,37.048,production,1884.5,150.3,0.708,9.22,3,2.089,0.244,10.14,46.36,18.12,496.03,46.797,47.755,42121.08,True,physics_simulated_synthetic
BGW-080,4,39.58,production,1884.5,150.3,0.708,9.22,3,2.089,0.244,10.14,46.36,18.12,541.17,46.518,47.025,45158.72,True,physics_simulated_synthetic
BGW-080,4,43.499,production,1884.5,150.3,0.708,9.22,3,2.089,0.244,10.14,46.36,18.12,611.03,46.387,46.811,46089.08,True,physics_simulated_synthetic
BGW-080,4,47.108,production,1884.5,150.3,0.708,9.22,3,2.089,0.244,10.14,46.36,18.12,675.37,46.367,49.609,35343.7,True,physics_simulated_synthetic
BGW-080,4,47.328,production,1884.5,150.3,0.708,9.22,3,2.089,0.244,10.14,46.36,18.12,679.28,46.367,49.797,34722.63,True,physics_simulated_synthetic
BGW-080,4,53.759,production,1884.5,150.3,0.708,9.22,3,2.089,0.244,10.14,46.36,18.12,793.93,46.364,47.462,43312.24,True,physics_simulated_synthetic
BGW-080,4,55.127,production,1884.5,150.3,0.708,9.22,3,2.089,0.244,10.14,46.36,18.12,818.32,46.364,45.364,52970.69,True,physics_simulated_synthetic
BGW-080,4,55.158,production,1884.5,150.3,0.708,9.22,3,2.089,0.244,10.14,46.36,18.12,818.88,46.364,47.269,44116.32,True,physics_simulated_synthetic
BGW-080,4,55.754,production,1884.5,150.3,0.708,9.22,3,2.089,0.244,10.14,46.36,18.12,829.5,46.364,48.981,37499.05,True,physics_simulated_synthetic
BGW-080,4,56.234,production,1884.5,150.3,0.708,9.22,3,2.089,0.244,10.14,46.36,18.12,838.06,46.364,48.12,40682.23,True,physics_simulated_synthetic
BGW-080,4,57.587,production,1884.5,150.3,0.708,9.22,3,2.089,0.244,10.14,46.36,18.12,862.18,46.364,48.466,39369.23,True,physics_simulated_synthetic
BGW-080,4,57.646,production,1884.5,150.3,0.708,9.22,3,2.089,0.244,10.14,46.36,18.12,863.23,46.364,47.481,43233.25,True,physics_simulated_synthetic
BGW-081,4,7.079,soak,1247.4,315.3,0.816,11.3,3,1.74,0.273,9.91,46.9,17.44,0.0,153.076,157.196,17.85,True,physics_simulated_synthetic
BGW-081,4,8.373,soak,1247.4,315.3,0.816,11.3,3,1.74,0.273,9.91,46.9,17.44,0.0,147.259,151.954,23.64,True,physics_simulated_synthetic
BGW-081,4,9.062,soak,1247.4,315.3,0.816,11.3,3,1.74,0.273,9.91,46.9,17.44,0.0,144.293,147.589,30.02,True,physics_simulated_synthetic
BGW-081,4,10.849,soak,1247.4,315.3,0.816,11.3,3,1.74,0.273,9.91,46.9,17.44,0.0,137.002,140.82,43.94,True,physics_simulated_synthetic
BGW-081,4,13.298,production,1247.4,315.3,0.816,11.3,3,1.74,0.273,9.91,46.9,17.44,28.97,126.975,129.211,87.0,True,physics_simulated_synthetic
BGW-081,4,15.595,production,1247.4,315.3,0.816,11.3,3,1.74,0.273,9.91,46.9,17.44,62.31,117.303,119.188,162.08,True,physics_simulated_synthetic
BGW-081,4,16.327,production,1247.4,315.3,0.816,11.3,3,1.74,0.273,9.91,46.9,17.44,72.94,114.258,115.926,199.84,True,physics_simulated_synthetic
BGW-081,4,20.27,production,1247.4,315.3,0.816,11.3,3,1.74,0.273,9.91,46.9,17.44,130.18,96.344,101.02,545.1,True,physics_simulated_synthetic
BGW-081,4,20.981,production,1247.4,315.3,0.816,11.3,3,1.74,0.273,9.91,46.9,17.44,140.5,93.336,96.63,743.88,True,physics_simulated_synthetic
BGW-081,4,31.888,production,1247.4,315.3,0.816,11.3,3,1.74,0.273,9.91,46.9,17.44,298.83,54.296,55.443,20614.47,True,physics_simulated_synthetic
BGW-081,4,33.655,production,1247.4,315.3,0.816,11.3,3,1.74,0.273,9.91,46.9,17.44,324.48,51.877,55.556,20405.27,True,physics_simulated_synthetic
BGW-081,4,34.694,production,1247.4,315.3,0.816,11.3,3,1.74,0.273,9.91,46.9,17.44,339.56,50.773,52.792,26275.33,True,physics_simulated_synthetic
BGW-081,4,36.551,production,1247.4,315.3,0.816,11.3,3,1.74,0.273,9.91,46.9,17.44,366.52,49.268,55.36,20771.34,True,physics_simulated_synthetic
BGW-081,4,42.688,production,1247.4,315.3,0.816,11.3,3,1.74,0.273,9.91,46.9,17.44,455.6,47.185,50.142,33616.95,True,physics_simulated_synthetic
BGW-081,4,42.904,production,1247.4,315.3,0.816,11.3,3,1.74,0.273,9.91,46.9,17.44,458.74,47.163,51.884,28576.17,True,physics_simulated_synthetic
BGW-081,4,45.831,production,1247.4,315.3,0.816,11.3,3,1.74,0.273,9.91,46.9,17.44,501.23,46.978,52.269,27574.05,True,physics_simulated_synthetic
BGW-081,4,49.678,production,1247.4,315.3,0.816,11.3,3,1.74,0.273,9.91,46.9,17.44,557.08,46.913,49.343,36237.74,True,physics_simulated_synthetic
BGW-081,4,50.823,production,1247.4,315.3,0.816,11.3,3,1.74,0.273,9.91,46.9,17.44,573.7,46.908,50.782,31664.05,True,physics_simulated_synthetic
BGW-081,4,53.763,production,1247.4,315.3,0.816,11.3,3,1.74,0.273,9.91,46.9,17.44,616.37,46.903,51.445,29765.5,True,physics_simulated_synthetic
BGW-081,4,59.932,production,1247.4,315.3,0.816,11.3,3,1.74,0.273,9.91,46.9,17.44,705.93,46.902,50.831,31518.65,True,physics_simulated_synthetic
BGW-081,4,15.79,production,1289.3,430.4,0.84,10.14,3,1.567,0.286,6.29,47.65,17.99,62.38,106.306,110.163,291.85,True,physics_simulated_synthetic
BGW-081,4,17.122,production,1289.3,430.4,0.84,10.14,3,1.567,0.286,6.29,47.65,17.99,77.08,100.875,107.25,354.97,True,physics_simulated_synthetic
BGW-081,4,19.699,production,1289.3,430.4,0.84,10.14,3,1.567,0.286,6.29,47.65,17.99,105.54,90.596,92.633,993.74,True,physics_simulated_synthetic
BGW-081,4,22.185,production,1289.3,430.4,0.84,10.14,3,1.567,0.286,6.29,47.65,17.99,132.99,81.395,84.627,1809.8,True,physics_simulated_synthetic
BGW-081,4,22.666,production,1289.3,430.4,0.84,10.14,3,1.567,0.286,6.29,47.65,17.99,138.29,79.763,82.231,2177.0,True,physics_simulated_synthetic
BGW-081,4,26.923,production,1289.3,430.4,0.84,10.14,3,1.567,0.286,6.29,47.65,17.99,185.3,66.414,68.733,6466.67,True,physics_simulated_synthetic
BGW-081,4,27.343,production,1289.3,430.4,0.84,10.14,3,1.567,0.286,6.29,47.65,17.99,189.93,65.357,70.702,5487.62,True,physics_simulated_synthetic
BGW-081,4,31.108,production,1289.3,430.4,0.84,10.14,3,1.567,0.286,6.29,47.65,17.99,231.51,57.229,61.033,12517.18,True,physics_simulated_synthetic
BGW-081,4,31.841,production,1289.3,430.4,0.84,10.14,3,1.567,0.286,6.29,47.65,17.99,239.59,56.054,59.043,14921.96,True,physics_simulated_synthetic
BGW-081,4,33.173,production,1289.3,430.4,0.84,10.14,3,1.567,0.286,6.29,47.65,17.99,254.31,54.169,57.212,17572.93,True,physics_simulated_synthetic
BGW-081,4,36.657,production,1289.3,430.4,0.84,10.14,3,1.567,0.286,6.29,47.65,17.99,292.77,50.658,53.636,24310.94,True,physics_simulated_synthetic
BGW-081,4,44.318,production,1289.3,430.4,0.84,10.14,3,1.567,0.286,6.29,47.65,17.99,377.36,47.94,51.044,30898.38,True,physics_simulated_synthetic
BGW-081,4,48.287,production,1289.3,430.4,0.84,10.14,3,1.567,0.286,6.29,47.65,17.99,421.19,47.715,49.712,35001.98,True,physics_simulated_synthetic
BGW-081,4,50.864,production,1289.3,430.4,0.84,10.14,3,1.567,0.286,6.29,47.65,17.99,449.64,47.673,51.078,30800.6,True,physics_simulated_synthetic
BGW-081,4,51.791,production,1289.3,430.4,0.84,10.14,3,1.567,0.286,6.29,47.65,17.99,459.87,47.666,50.93,31227.95,True,physics_simulated_synthetic
BGW-081,4,53.189,production,1289.3,430.4,0.84,10.14,3,1.567,0.286,6.29,47.65,17.99,475.31,47.66,50.366,32920.11,True,physics_simulated_synthetic
BGW-081,4,54.663,production,1289.3,430.4,0.84,10.14,3,1.567,0.286,6.29,47.65,17.99,491.59,47.656,51.64,29230.84,True,physics_simulated_synthetic
BGW-081,4,56.204,production,1289.3,430.4,0.84,10.14,3,1.567,0.286,6.29,47.65,17.99,508.6,47.654,51.757,28915.01,True,physics_simulated_synthetic
BGW-081,4,57.88,production,1289.3,430.4,0.84,10.14,3,1.567,0.286,6.29,47.65,17.99,527.1,47.653,50.641,32082.85,True,physics_simulated_synthetic
BGW-081,4,59.703,production,1289.3,430.4,0.84,10.14,3,1.567,0.286,6.29,47.65,17.99,547.24,47.653,51.218,30400.75,True,physics_simulated_synthetic
BGW-081,5,2.585,soak,787.7,411.6,0.648,11.65,4,1.647,0.21,13.28,46.46,18.51,0.0,159.088,162.166,13.76,True,physics_simulated_synthetic
BGW-081,5,3.112,soak,787.7,411.6,0.648,11.65,4,1.647,0.21,13.28,46.46,18.51,0.0,156.874,160.095,15.33,True,physics_simulated_synthetic
BGW-081,5,9.403,soak,787.7,411.6,0.648,11.65,4,1.647,0.21,13.28,46.46,18.51,0.0,133.59,136.239,57.27,True,physics_simulated_synthetic
BGW-081,5,11.609,soak,787.7,411.6,0.648,11.65,4,1.647,0.21,13.28,46.46,18.51,0.0,126.646,128.8,89.19,True,physics_simulated_synthetic
BGW-081,5,14.239,production,787.7,411.6,0.648,11.65,4,1.647,0.21,13.28,46.46,18.51,47.36,117.559,122.217,133.85,True,physics_simulated_synthetic
BGW-081,5,18.68,production,787.7,411.6,0.648,11.65,4,1.647,0.21,13.28,46.46,18.51,128.67,99.03,103.543,457.4,True,physics_simulated_synthetic
BGW-081,5,22.479,production,787.7,411.6,0.648,11.65,4,1.647,0.21,13.28,46.46,18.51,198.22,82.486,88.511,1348.63,True,physics_simulated_synthetic
BGW-081,5,25.954,production,787.7,411.6,0.648,11.65,4,1.647,0.21,13.28,46.46,18.51,261.86,68.869,74.556,4001.38,True,physics_simulated_synthetic
BGW-081,5,33.165,production,787.7,411.6,0.648,11.65,4,1.647,0.21,13.28,46.46,18.51,393.88,50.954,58.539,15605.8,True,physics_simulated_synthetic
BGW-081,5,35.359,production,787.7,411.6,0.648,11.65,4,1.647,0.21,13.28,46.46,18.51,434.05,48.867,52.993,25792.55,True,physics_simulated_synthetic
BGW-081,5,35.425,production,787.7,411.6,0.648,11.65,4,1.647,0.21,13.28,46.46,18.51,435.25,48.821,52.685,26535.76,True,physics_simulated_synthetic
BGW-081,5,39.438,production,787.7,411.6,0.648,11.65,4,1.647,0.21,13.28,46.46,18.51,508.74,47.03,49.439,35914.13,True,physics_simulated_synthetic
BGW-081,5,40.338,production,787.7,411.6,0.648,11.65,4,1.647,0.21,13.28,46.46,18.51,525.21,46.86,52.064,28103.36,True,physics_simulated_synthetic
BGW-081,5,40.687,production,787.7,411.6,0.648,11.65,4,1.647,0.21,13.28,46.46,18.51,531.6,46.807,51.202,30446.79,True,physics_simulated_synthetic
BGW-081,5,41.188,production,787.7,411.6,0.648,11.65,4,1.647,0.21,13.28,46.46,18.51,540.78,46.742,51.882,28580.96,True,physics_simulated_synthetic
BGW-081,5,42.518,production,787.7,411.6,0.648,11.65,4,1.647,0.21,13.28,46.46,18.51,565.12,46.616,49.25,36558.44,True,physics_simulated_synthetic
BGW-081,5,43.906,production,787.7,411.6,0.648,11.65,4,1.647,0.21,13.28,46.46,18.51,590.54,46.539,51.261,30281.16,True,physics_simulated_synthetic
BGW-081,5,48.964,production,787.7,411.6,0.648,11.65,4,1.647,0.21,13.28,46.46,18.51,683.14,46.46,50.977,31093.1,True,physics_simulated_synthetic
BGW-081,5,52.027,production,787.7,411.6,0.648,11.65,4,1.647,0.21,13.28,46.46,18.51,739.23,46.456,50.88,31375.1,True,physics_simulated_synthetic
BGW-081,5,59.92,production,787.7,411.6,0.648,11.65,4,1.647,0.21,13.28,46.46,18.51,883.75,46.456,49.728,34949.6,True,physics_simulated_synthetic
BGW-082,4,1.54,soak,723.5,436.3,0.645,6.83,3,1.545,0.21,17.06,46.48,17.57,0.0,159.349,159.046,16.19,True,physics_simulated_synthetic
BGW-082,4,2.898,soak,723.5,436.3,0.645,6.83,3,1.545,0.21,17.06,46.48,17.57,0.0,154.582,155.798,19.23,True,physics_simulated_synthetic
BGW-082,4,6.553,soak,723.5,436.3,0.645,6.83,3,1.545,0.21,17.06,46.48,17.57,0.0,142.719,141.566,42.11,True,physics_simulated_synthetic
BGW-082,4,7.407,production,723.5,436.3,0.645,6.83,3,1.545,0.21,17.06,46.48,17.57,6.16,140.098,139.42,47.62,True,physics_simulated_synthetic
BGW-082,4,8.36,production,723.5,436.3,0.645,6.83,3,1.545,0.21,17.06,46.48,17.57,16.42,137.156,136.858,55.24,True,physics_simulated_synthetic
BGW-082,4,8.523,production,723.5,436.3,0.645,6.83,3,1.545,0.21,17.06,46.48,17.57,18.17,136.656,135.257,60.66,True,physics_simulated_synthetic
BGW-082,4,8.778,production,723.5,436.3,0.645,6.83,3,1.545,0.21,17.06,46.48,17.57,20.92,135.869,135.268,60.62,True,physics_simulated_synthetic
BGW-082,4,10.232,production,723.5,436.3,0.645,6.83,3,1.545,0.21,17.06,46.48,17.57,36.58,131.231,132.159,72.88,True,physics_simulated_synthetic
BGW-082,4,10.908,production,723.5,436.3,0.645,6.83,3,1.545,0.21,17.06,46.48,17.57,43.84,129.054,127.618,95.84,True,physics_simulated_synthetic
BGW-082,4,17.547,production,723.5,436.3,0.645,6.83,3,1.545,0.21,17.06,46.48,17.57,115.31,102.879,102.564,489.46,True,physics_simulated_synthetic
BGW-082,4,19.613,production,723.5,436.3,0.645,6.83,3,1.545,0.21,17.06,46.48,17.57,137.54,94.815,95.492,807.33,True,physics_simulated_synthetic
BGW-082,4,28.742,production,723.5,436.3,0.645,6.83,3,1.545,0.21,17.06,46.48,17.57,235.81,61.632,60.163,13513.89,True,physics_simulated_synthetic
BGW-082,4,40.973,production,723.5,436.3,0.645,6.83,3,1.545,0.21,17.06,46.48,17.57,367.46,47.174,48.392,39647.84,True,physics_simulated_synthetic
BGW-082,4,41.44,production,723.5,436.3,0.645,6.83,3,1.545,0.21,17.06,46.48,17.57,372.49,47.08,46.867,45846.25,True,physics_simulated_synthetic
BGW-082,4,43.028,production,723.5,436.3,0.645,6.83,3,1.545,0.21,17.06,46.48,17.57,389.57,46.836,46.29,48452.81,True,physics_simulated_synthetic
BGW-082,4,46.862,production,723.5,436.3,0.645,6.83,3,1.545,0.21,17.06,46.48,17.57,430.84,46.565,45.481,52377.15,True,physics_simulated_synthetic
BGW-082,4,51.703,production,723.5,436.3,0.645,6.83,3,1.545,0.21,17.06,46.48,17.57,482.95,46.49,45.652,51521.41,True,physics_simulated_synthetic
BGW-082,4,54.378,production,723.5,436.3,0.645,6.83,3,1.545,0.21,17.06,46.48,17.57,511.74,46.483,46.688,46636.94,True,physics_simulated_synthetic
BGW-082,4,55.794,production,723.5,436.3,0.645,6.83,3,1.545,0.21,17.06,46.48,17.57,526.98,46.482,48.61,38836.71,True,physics_simulated_synthetic
BGW-082,4,58.493,production,723.5,436.3,0.645,6.83,3,1.545,0.21,17.06,46.48,17.57,556.03,46.481,46.961,45435.35,True,physics_simulated_synthetic
BGW-082,5,1.0,soak,1528.8,302.4,0.678,9.61,4,2.313,0.272,9.18,46.04,18.24,0.0,183.821,181.987,5.16,True,physics_simulated_synthetic
BGW-082,5,3.959,soak,1528.8,302.4,0.678,9.61,4,2.313,0.272,9.18,46.04,18.24,0.0,162.136,163.678,12.73,True,physics_simulated_synthetic
BGW-082,5,5.877,soak,1528.8,302.4,0.678,9.61,4,2.313,0.272,9.18,46.04,18.24,0.0,149.932,150.136,26.1,True,physics_simulated_synthetic
BGW-082,5,7.037,soak,1528.8,302.4,0.678,9.61,4,2.313,0.272,9.18,46.04,18.24,0.0,143.183,143.243,38.29,True,physics_simulated_synthetic
BGW-082,5,7.208,soak,1528.8,302.4,0.678,9.61,4,2.313,0.272,9.18,46.04,18.24,0.0,142.227,139.661,46.96,True,physics_simulated_synthetic
BGW-082,5,9.934,production,1528.8,302.4,0.678,9.61,4,2.313,0.272,9.18,46.04,18.24,3.29,128.097,128.346,91.68,True,physics_simulated_synthetic
BGW-082,5,10.468,production,1528.8,302.4,0.678,9.61,4,2.313,0.272,9.18,46.04,18.24,8.7,125.55,126.881,100.26,True,physics_simulated_synthetic
BGW-082,5,13.239,production,1528.8,302.4,0.678,9.61,4,2.313,0.272,9.18,46.04,18.24,36.8,112.644,112.46,250.62,True,physics_simulated_synthetic
BGW-082,5,21.219,production,1528.8,302.4,0.678,9.61,4,2.313,0.272,9.18,46.04,18.24,117.72,78.711,80.501,2491.32,True,physics_simulated_synthetic
BGW-082,5,23.854,production,1528.8,302.4,0.678,9.61,4,2.313,0.272,9.18,46.04,18.24,144.44,70.367,72.1,4889.69,True,physics_simulated_synthetic
BGW-082,5,24.488,production,1528.8,302.4,0.678,9.61,4,2.313,0.272,9.18,46.04,18.24,150.87,68.592,67.841,6970.05,True,physics_simulated_synthetic
BGW-082,5,30.101,production,1528.8,302.4,0.678,9.61,4,2.313,0.272,9.18,46.04,18.24,207.79,55.684,58.064,16281.89,True,physics_simulated_synthetic
BGW-082,5,35.53,production,1528.8,302.4,0.678,9.61,4,2.313,0.272,9.18,46.04,18.24,262.84,49.252,49.462,35836.24,True,physics_simulated_synthetic
BGW-082,5,36.647,production,1528.8,302.4,0.678,9.61,4,2.313,0.272,9.18,46.04,18.24,274.18,48.528,48.744,38345.82,True,physics_simulated_synthetic
BGW-082,5,38.863,production,1528.8,302.4,0.678,9.61,4,2.313,0.272,9.18,46.04,18.24,296.65,47.47,47.755,42120.6,True,physics_simulated_synthetic
BGW-082,5,39.648,production,1528.8,302.4,0.678,9.61,4,2.313,0.272,9.18,46.04,18.24,304.6,47.202,47.445,43381.67,True,physics_simulated_synthetic
BGW-082,5,40.092,production,1528.8,302.4,0.678,9.61,4,2.313,0.272,9.18,46.04,18.24,309.1,47.07,45.035,54683.7,True,physics_simulated_synthetic
BGW-082,5,44.129,production,1528.8,302.4,0.678,9.61,4,2.313,0.272,9.18,46.04,18.24,350.04,46.333,46.219,48782.72,True,physics_simulated_synthetic
BGW-082,5,51.876,production,1528.8,302.4,0.678,9.61,4,2.313,0.272,9.18,46.04,18.24,428.6,46.048,45.035,54683.7,True,physics_simulated_synthetic
BGW-082,5,56.403,production,1528.8,302.4,0.678,9.61,4,2.313,0.272,9.18,46.04,18.24,474.51,46.036,48.46,39393.62,True,physics_simulated_synthetic
BGW-083,1,4.713,soak,997.3,238.0,0.765,9.39,0,2.122,0.207,19.91,46.11,18.65,0.0,142.692,143.663,37.39,True,physics_simulated_synthetic
BGW-083,1,8.231,soak,997.3,238.0,0.765,9.39,0,2.122,0.207,19.91,46.11,18.65,0.0,130.254,131.209,77.13,True,physics_simulated_synthetic
BGW-083,1,11.999,production,997.3,238.0,0.765,9.39,0,2.122,0.207,19.91,46.11,18.65,35.68,117.308,119.824,155.66,True,physics_simulated_synthetic
BGW-083,1,14.211,production,997.3,238.0,0.765,9.39,0,2.122,0.207,19.91,46.11,18.65,65.97,109.562,112.629,247.84,True,physics_simulated_synthetic
BGW-083,1,14.405,production,997.3,238.0,0.765,9.39,0,2.122,0.207,19.91,46.11,18.65,68.62,108.896,108.786,320.03,True,physics_simulated_synthetic
BGW-083,1,15.012,production,997.3,238.0,0.765,9.39,0,2.122,0.207,19.91,46.11,18.65,76.93,106.776,107.935,338.89,True,physics_simulated_synthetic
BGW-083,1,26.331,production,997.3,238.0,0.765,9.39,0,2.122,0.207,19.91,46.11,18.65,231.89,62.327,62.662,10858.1,True,physics_simulated_synthetic
BGW-083,1,27.75,production,997.3,238.0,0.765,9.39,0,2.122,0.207,19.91,46.11,18.65,251.32,59.061,58.393,15810.6,True,physics_simulated_synthetic
BGW-083,1,27.787,production,997.3,238.0,0.765,9.39,0,2.122,0.207,19.91,46.11,18.65,251.81,58.985,59.581,14226.94,True,physics_simulated_synthetic
BGW-083,1,29.44,production,997.3,238.0,0.765,9.39,0,2.122,0.207,19.91,46.11,18.65,274.44,55.733,56.889,18089.08,True,physics_simulated_synthetic
BGW-083,1,30.033,production,997.3,238.0,0.765,9.39,0,2.122,0.207,19.91,46.11,18.65,282.57,54.725,55.245,20988.24,True,physics_simulated_synthetic
BGW-083,1,31.724,production,997.3,238.0,0.765,9.39,0,2.122,0.207,19.91,46.11,18.65,305.71,52.222,51.205,30438.69,True,physics_simulated_synthetic
BGW-083,1,35.506,production,997.3,238.0,0.765,9.39,0,2.122,0.207,19.91,46.11,18.65,357.49,48.528,48.095,40779.7,True,physics_simulated_synthetic
BGW-083,1,38.705,production,997.3,238.0,0.765,9.39,0,2.122,0.207,19.91,46.11,18.65,401.29,47.049,46.627,46910.33,True,physics_simulated_synthetic
BGW-083,1,44.391,production,997.3,238.0,0.765,9.39,0,2.122,0.207,19.91,46.11,18.65,479.14,46.217,45.254,53536.08,True,physics_simulated_synthetic
BGW-083,1,44.416,production,997.3,238.0,0.765,9.39,0,2.122,0.207,19.91,46.11,18.65,479.48,46.216,46.872,45824.2,True,physics_simulated_synthetic
BGW-083,1,45.428,production,997.3,238.0,0.765,9.39,0,2.122,0.207,19.91,46.11,18.65,493.33,46.179,46.98,45349.85,True,physics_simulated_synthetic
BGW-083,1,46.83,production,997.3,238.0,0.765,9.39,0,2.122,0.207,19.91,46.11,18.65,512.53,46.146,47.734,42205.33,True,physics_simulated_synthetic
BGW-083,1,47.558,production,997.3,238.0,0.765,9.39,0,2.122,0.207,19.91,46.11,18.65,522.49,46.135,45.151,54074.19,True,physics_simulated_synthetic
BGW-083,1,49.301,production,997.3,238.0,0.765,9.39,0,2.122,0.207,19.91,46.11,18.65,546.36,46.12,45.528,52140.61,True,physics_simulated_synthetic
BGW-084,2,9.813,production,815.1,188.0,0.672,6.45,1,1.401,0.273,13.02,46.15,18.73,50.2,107.003,109.391,307.3,True,physics_simulated_synthetic
BGW-084,2,13.714,production,815.1,188.0,0.672,6.45,1,1.401,0.273,13.02,46.15,18.73,108.44,95.034,97.623,692.9,True,physics_simulated_synthetic
BGW-084,2,17.083,production,815.1,188.0,0.672,6.45,1,1.401,0.273,13.02,46.15,18.73,158.74,84.004,86.904,1522.04,True,physics_simulated_synthetic
BGW-084,2,21.677,production,815.1,188.0,0.672,6.45,1,1.401,0.273,13.02,46.15,18.73,227.34,69.1,73.25,4449.89,True,physics_simulated_synthetic
BGW-084,2,26.046,production,815.1,188.0,0.672,6.45,1,1.401,0.273,13.02,46.15,18.73,292.56,57.875,60.852,12718.21,True,physics_simulated_synthetic
BGW-084,2,29.364,production,815.1,188.0,0.672,6.45,1,1.401,0.273,13.02,46.15,18.73,342.11,52.226,52.858,26114.5,True,physics_simulated_synthetic
BGW-084,2,30.011,production,815.1,188.0,0.672,6.45,1,1.401,0.273,13.02,46.15,18.73,351.76,51.428,53.237,25219.85,True,physics_simulated_synthetic
BGW-084,2,33.096,production,815.1,188.0,0.672,6.45,1,1.401,0.273,13.02,46.15,18.73,397.83,48.577,51.406,29874.95,True,physics_simulated_synthetic
BGW-084,2,38.53,production,815.1,188.0,0.672,6.45,1,1.401,0.273,13.02,46.15,18.73,478.97,46.557,50.727,31827.18,True,physics_simulated_synthetic
BGW-084,2,43.757,production,815.1,188.0,0.672,6.45,1,1.401,0.273,13.02,46.15,18.73,557.0,46.196,50.609,32178.83,True,physics_simulated_synthetic
BGW-084,2,44.082,production,815.1,188.0,0.672,6.45,1,1.401,0.273,13.02,46.15,18.73,561.86,46.19,51.271,30252.54,True,physics_simulated_synthetic
BGW-084,2,46.519,production,815.1,188.0,0.672,6.45,1,1.401,0.273,13.02,46.15,18.73,598.24,46.165,48.943,37631.96,True,physics_simulated_synthetic
BGW-084,2,50.091,production,815.1,188.0,0.672,6.45,1,1.401,0.273,13.02,46.15,18.73,651.58,46.155,49.82,34648.86,True,physics_simulated_synthetic
BGW-084,2,50.931,production,815.1,188.0,0.672,6.45,1,1.401,0.273,13.02,46.15,18.73,664.12,46.155,46.715,46518.65,True,physics_simulated_synthetic
BGW-084,2,51.001,production,815.1,188.0,0.672,6.45,1,1.401,0.273,13.02,46.15,18.73,665.16,46.155,49.353,36206.44,True,physics_simulated_synthetic
BGW-084,2,52.568,production,815.1,188.0,0.672,6.45,1,1.401,0.273,13.02,46.15,18.73,688.56,46.154,47.245,44218.16,True,physics_simulated_synthetic
BGW-084,2,55.892,production,815.1,188.0,0.672,6.45,1,1.401,0.273,13.02,46.15,18.73,738.19,46.154,48.663,38644.29,True,physics_simulated_synthetic
BGW-084,2,57.55,production,815.1,188.0,0.672,6.45,1,1.401,0.273,13.02,46.15,18.73,762.94,46.154,52.992,25794.53,True,physics_simulated_synthetic
BGW-084,2,57.683,production,815.1,188.0,0.672,6.45,1,1.401,0.273,13.02,46.15,18.73,764.93,46.154,49.175,36817.67,True,physics_simulated_synthetic
BGW-084,2,59.253,production,815.1,188.0,0.672,6.45,1,1.401,0.273,13.02,46.15,18.73,788.37,46.154,47.541,42988.15,True,physics_simulated_synthetic
