filename,class_name,class_id,severity,viscosity_cP,spm,stroke_length_in,card_area,peak_load_lbs,min_load_lbs,is_synthetic,data_source
card_00000_normal.png,normal,0,0.0,1955.3,5.407,125.09,96534.62,9343.69,3128.61,True,physics_simulated_synthetic_dynacard
card_00001_normal.png,normal,0,0.0,192.98,5.911,114.44,89382.14,9252.68,3184.05,True,physics_simulated_synthetic_dynacard
card_00002_normal.png,normal,0,0.0,21213.38,7.369,108.74,85174.56,9373.56,3196.68,True,physics_simulated_synthetic_dynacard
card_00003_normal.png,normal,0,0.0,24329.04,7.178,138.84,112764.86,9372.66,3143.22,True,physics_simulated_synthetic_dynacard
card_00004_normal.png,normal,0,0.0,6447.67,3.386,139.73,106896.73,9198.57,3164.85,True,physics_simulated_synthetic_dynacard
card_00005_normal.png,normal,0,0.0,1288.74,4.496,70.98,54794.46,9228.84,3155.91,True,physics_simulated_synthetic_dynacard
card_00006_normal.png,normal,0,0.0,6121.09,2.551,137.55,105856.44,9113.78,3165.92,True,physics_simulated_synthetic_dynacard
card_00007_normal.png,normal,0,0.0,4168.3,4.826,109.95,83113.71,9251.09,3205.19,True,physics_simulated_synthetic_dynacard
card_00008_normal.png,normal,0,0.0,90.51,3.554,93.36,71851.13,9215.05,3177.79,True,physics_simulated_synthetic_dynacard
card_00009_normal.png,normal,0,0.0,79.23,3.651,121.84,95033.74,9230.24,3223.1,True,physics_simulated_synthetic_dynacard
card_00010_normal.png,normal,0,0.0,647.75,2.979,117.75,89614.76,9117.42,3221.58,True,physics_simulated_synthetic_dynacard
card_00011_normal.png,normal,0,0.0,245.4,7.06,138.37,110984.34,9328.15,3154.43,True,physics_simulated_synthetic_dynacard
card_00012_normal.png,normal,0,0.0,9751.04,7.23,64.44,51211.23,9319.67,3052.1,True,physics_simulated_synthetic_dynacard
card_00013_normal.png,normal,0,0.0,414.49,6.973,65.44,52221.88,9392.95,3180.3,True,physics_simulated_synthetic_dynacard
card_00014_normal.png,normal,0,0.0,14982.23,7.401,140.27,111452.0,9339.82,3152.52,True,physics_simulated_synthetic_dynacard
card_00015_normal.png,normal,0,0.0,1104.76,6.14,122.87,96033.65,9302.07,3129.9,True,physics_simulated_synthetic_dynacard
card_00016_normal.png,normal,0,0.0,14682.37,3.139,138.53,106144.56,9195.62,3167.38,True,physics_simulated_synthetic_dynacard
card_00017_normal.png,normal,0,0.0,460.37,3.19,93.18,71787.82,9157.85,3168.78,True,physics_simulated_synthetic_dynacard
card_00018_normal.png,normal,0,0.0,449.91,6.022,117.62,92268.13,9301.71,3167.1,True,physics_simulated_synthetic_dynacard
card_00019_normal.png,normal,0,0.0,1784.56,7.252,134.21,106816.45,9407.89,3143.03,True,physics_simulated_synthetic_dynacard
card_00020_normal.png,normal,0,0.0,1342.25,3.041,79.5,61906.55,9214.95,3163.01,True,physics_simulated_synthetic_dynacard
card_00021_normal.png,normal,0,0.0,555.31,4.5,138.23,107736.87,9215.51,3217.06,True,physics_simulated_synthetic_dynacard
card_00022_normal.png,normal,0,0.0,6122.46,6.838,129.84,103604.24,9405.57,3106.96,True,physics_simulated_synthetic_dynacard
card_00023_normal.png,normal,0,0.0,2411.93,3.461,98.0,75492.54,9232.32,3226.78,True,physics_simulated_synthetic_dynacard
card_00024_normal.png,normal,0,0.0,18439.74,5.583,116.67,91195.59,9305.73,3202.85,True,physics_simulated_synthetic_dynacard
card_00025_normal.png,normal,0,0.0,17061.98,6.295,126.84,100124.25,9325.37,3184.14,True,physics_simulated_synthetic_dynacard
card_00026_normal.png,normal,0,0.0,1271.72,5.862,91.37,71778.86,9339.26,3134.6,True,physics_simulated_synthetic_dynacard
card_00027_normal.png,normal,0,0.0,420.13,2.911,71.26,54195.26,9177.35,3167.03,True,physics_simulated_synthetic_dynacard
card_00028_normal.png,normal,0,0.0,1634.0,5.049,83.06,64727.49,9259.91,3171.05,True,physics_simulated_synthetic_dynacard
card_00029_normal.png,normal,0,0.0,283.27,6.622,71.64,56567.79,9272.0,3132.59,True,physics_simulated_synthetic_dynacard
card_00030_normal.png,normal,0,0.0,18418.27,6.975,136.17,108723.66,9474.76,3116.32,True,physics_simulated_synthetic_dynacard
card_00031_normal.png,normal,0,0.0,2442.8,3.94,82.4,63245.88,9256.83,3191.06,True,physics_simulated_synthetic_dynacard
card_00032_normal.png,normal,0,0.0,1069.99,3.409,131.63,100350.54,9191.03,3143.66,True,physics_simulated_synthetic_dynacard
card_00033_normal.png,normal,0,0.0,1270.7,5.177,69.37,54347.96,9232.53,3135.83,True,physics_simulated_synthetic_dynacard
card_00034_normal.png,normal,0,0.0,112.9,5.028,72.96,57442.78,9238.15,3090.19,True,physics_simulated_synthetic_dynacard
card_00035_normal.png,normal,0,0.0,19629.08,5.242,100.23,80009.33,9316.54,3126.3,True,physics_simulated_synthetic_dynacard
card_00036_normal.png,normal,0,0.0,19525.14,2.7,129.75,98601.23,9208.4,3174.26,True,physics_simulated_synthetic_dynacard
card_00037_normal.png,normal,0,0.0,5155.73,2.935,134.66,102785.69,9163.4,3212.6,True,physics_simulated_synthetic_dynacard
card_00038_normal.png,normal,0,0.0,1091.79,4.648,81.09,63750.25,9242.31,3200.92,True,physics_simulated_synthetic_dynacard
card_00039_normal.png,normal,0,0.0,596.07,7.054,84.23,66258.9,9314.94,3177.86,True,physics_simulated_synthetic_dynacard
card_00040_normal.png,normal,0,0.0,8337.25,7.63,112.54,89097.5,9404.66,3162.14,True,physics_simulated_synthetic_dynacard
card_00041_normal.png,normal,0,0.0,312.55,7.994,121.57,98053.3,9393.54,3083.96,True,physics_simulated_synthetic_dynacard
card_00042_normal.png,normal,0,0.0,1091.17,5.257,133.83,103736.53,9325.83,3167.13,True,physics_simulated_synthetic_dynacard
card_00043_normal.png,normal,0,0.0,7372.9,5.916,93.86,74236.18,9332.18,3193.77,True,physics_simulated_synthetic_dynacard
card_00044_normal.png,normal,0,0.0,16550.77,7.523,103.96,84395.04,9414.01,3203.1,True,physics_simulated_synthetic_dynacard
card_00045_normal.png,normal,0,0.0,2442.28,3.32,110.8,84263.12,9172.25,3170.11,True,physics_simulated_synthetic_dynacard
card_00046_normal.png,normal,0,0.0,146.09,6.344,121.04,95471.25,9268.62,3158.06,True,physics_simulated_synthetic_dynacard
card_00047_normal.png,normal,0,0.0,3178.46,6.665,114.96,91429.73,9307.53,3174.86,True,physics_simulated_synthetic_dynacard
card_00048_normal.png,normal,0,0.0,537.05,5.093,71.23,55410.95,9247.04,3127.3,True,physics_simulated_synthetic_dynacard
card_00049_normal.png,normal,0,0.0,821.87,5.491,100.35,79377.21,9296.46,3115.06,True,physics_simulated_synthetic_dynacard
card_00050_normal.png,normal,0,0.0,7645.14,3.083,137.05,104589.22,9150.84,3175.91,True,physics_simulated_synthetic_dynacard
card_00051_normal.png,normal,0,0.0,3480.5,3.895,139.79,110087.39,9262.39,3172.32,True,physics_simulated_synthetic_dynacard
card_00052_normal.png,normal,0,0.0,52.64,4.323,82.81,64565.51,9258.01,3129.83,True,physics_simulated_synthetic_dynacard
card_00053_normal.png,normal,0,0.0,933.96,3.999,92.17,71906.34,9227.65,3158.0,True,physics_simulated_synthetic_dynacard
card_00054_normal.png,normal,0,0.0,246.04,3.152,131.62,100919.48,9170.25,3148.77,True,physics_simulated_synthetic_dynacard
card_00055_normal.png,normal,0,0.0,10355.21,7.505,141.52,113956.34,9357.12,3159.6,True,physics_simulated_synthetic_dynacard
card_00056_normal.png,normal,0,0.0,5001.65,6.371,109.51,87281.0,9322.25,3199.16,True,physics_simulated_synthetic_dynacard
card_00057_normal.png,normal,0,0.0,65.02,5.145,73.44,57093.49,9254.23,3181.22,True,physics_simulated_synthetic_dynacard
card_00058_normal.png,normal,0,0.0,118.38,6.437,65.05,51099.6,9282.42,3167.54,True,physics_simulated_synthetic_dynacard
card_00059_normal.png,normal,0,0.0,2742.09,5.674,134.08,105171.6,9319.6,3163.17,True,physics_simulated_synthetic_dynacard
card_00060_normal.png,normal,0,0.0,11166.65,4.705,138.91,107823.98,9261.16,3167.86,True,physics_simulated_synthetic_dynacard
card_00061_normal.png,normal,0,0.0,1592.37,5.227,88.12,68613.13,9247.91,3186.38,True,physics_simulated_synthetic_dynacard
card_00062_normal.png,normal,0,0.0,458.51,5.09,70.55,55390.58,9251.0,3179.13,True,physics_simulated_synthetic_dynacard
card_00063_normal.png,normal,0,0.0,7160.05,4.286,115.75,89265.52,9223.44,3207.2,True,physics_simulated_synthetic_dynacard
card_00064_normal.png,normal,0,0.0,68.82,7.767,122.29,96523.25,9411.32,3158.27,True,physics_simulated_synthetic_dynacard
card_00065_normal.png,normal,0,0.0,11667.89,7.243,141.37,113202.65,9319.77,3137.63,True,physics_simulated_synthetic_dynacard
card_00066_normal.png,normal,0,0.0,684.1,6.92,92.87,73521.13,9344.38,3220.01,True,physics_simulated_synthetic_dynacard
card_00067_normal.png,normal,0,0.0,114.0,6.809,99.3,78228.24,9288.91,3143.59,True,physics_simulated_synthetic_dynacard
card_00068_normal.png,normal,0,0.0,17652.91,5.529,108.15,85960.43,9283.16,3164.0,True,physics_simulated_synthetic_dynacard
card_00069_normal.png,normal,0,0.0,1585.6,3.03,117.94,90779.17,9198.9,3239.01,True,physics_simulated_synthetic_dynacard
card_00070_normal.png,normal,0,0.0,3037.69,4.88,130.63,101065.21,9254.55,3220.34,True,physics_simulated_synthetic_dynacard
card_00071_normal.png,normal,0,0.0,210.2,5.337,142.7,112633.58,9275.27,3123.61,True,physics_simulated_synthetic_dynacard
card_00072_normal.png,normal,0,0.0,7764.7,3.457,68.88,53119.84,9268.36,3182.26,True,physics_simulated_synthetic_dynacard
card_00073_normal.png,normal,0,0.0,4690.85,6.781,112.53,88893.08,9309.49,3184.68,True,physics_simulated_synthetic_dynacard
card_00074_normal.png,normal,0,0.0,406.41,5.974,124.15,98539.72,9354.79,3152.05,True,physics_simulated_synthetic_dynacard
card_00075_normal.png,normal,0,0.0,64.28,5.936,78.16,61392.22,9336.64,3173.55,True,physics_simulated_synthetic_dynacard
card_00076_normal.png,normal,0,0.0,139.68,5.656,75.02,58648.27,9253.07,3152.48,True,physics_simulated_synthetic_dynacard
card_00077_normal.png,normal,0,0.0,24781.16,6.193,138.52,107576.1,9317.04,3134.94,True,physics_simulated_synthetic_dynacard
card_00078_normal.png,normal,0,0.0,105.7,3.495,98.98,75358.58,9189.96,3117.96,True,physics_simulated_synthetic_dynacard
card_00079_normal.png,normal,0,0.0,4101.28,4.891,114.1,89193.24,9233.19,3193.71,True,physics_simulated_synthetic_dynacard
card_00080_normal.png,normal,0,0.0,19861.01,6.46,84.71,66606.25,9362.4,3160.38,True,physics_simulated_synthetic_dynacard
card_00081_normal.png,normal,0,0.0,18904.97,6.562,138.02,107657.32,9305.15,3169.51,True,physics_simulated_synthetic_dynacard
card_00082_normal.png,normal,0,0.0,12170.4,7.308,100.26,79339.01,9301.82,3121.84,True,physics_simulated_synthetic_dynacard
card_00083_normal.png,normal,0,0.0,1735.08,4.912,73.22,56453.76,9241.73,3204.43,True,physics_simulated_synthetic_dynacard
card_00084_normal.png,normal,0,0.0,2225.19,5.552,69.93,55130.62,9318.86,3143.6,True,physics_simulated_synthetic_dynacard
card_00085_normal.png,normal,0,0.0,12436.07,4.085,110.01,84875.57,9292.25,3218.11,True,physics_simulated_synthetic_dynacard
card_00086_normal.png,normal,0,0.0,293.13,4.595,143.86,111636.69,9328.72,3161.13,True,physics_simulated_synthetic_dynacard
card_00087_normal.png,normal,0,0.0,6710.82,4.715,141.66,111399.55,9264.4,3191.12,True,physics_simulated_synthetic_dynacard
card_00088_normal.png,normal,0,0.0,2389.73,2.921,71.3,54101.5,9218.52,3209.46,True,physics_simulated_synthetic_dynacard
card_00089_normal.png,normal,0,0.0,230.5,7.44,113.81,90675.87,9346.88,3148.11,True,physics_simulated_synthetic_dynacard
card_00090_normal.png,normal,0,0.0,482.37,7.114,139.88,109888.25,9353.42,3180.65,True,physics_simulated_synthetic_dynacard
card_00091_normal.png,normal,0,0.0,8512.34,6.887,74.78,59477.43,9363.43,3212.64,True,physics_simulated_synthetic_dynacard
card_00092_normal.png,normal,0,0.0,979.69,5.061,127.81,99519.41,9250.18,3166.65,True,physics_simulated_synthetic_dynacard
card_00093_normal.png,normal,0,0.0,356.92,4.573,141.77,109253.36,9233.58,3189.27,True,physics_simulated_synthetic_dynacard
card_00094_normal.png,normal,0,0.0,182.83,5.595,107.39,83072.81,9257.29,3242.59,True,physics_simulated_synthetic_dynacard
card_00095_normal.png,normal,0,0.0,22485.76,3.488,107.39,82085.35,9226.41,3159.39,True,physics_simulated_synthetic_dynacard
card_00096_normal.png,normal,0,0.0,1086.49,5.711,80.14,62304.39,9294.68,3121.25,True,physics_simulated_synthetic_dynacard
card_00097_normal.png,normal,0,0.0,22592.02,4.629,85.45,66078.99,9235.33,3202.25,True,physics_simulated_synthetic_dynacard
card_00098_normal.png,normal,0,0.0,138.97,7.948,90.36,71622.93,9355.65,3136.66,True,physics_simulated_synthetic_dynacard
card_00099_normal.png,normal,0,0.0,269.79,3.608,139.43,108675.2,9208.46,3176.31,True,physics_simulated_synthetic_dynacard
card_00100_normal.png,normal,0,0.0,688.12,5.233,64.27,50144.59,9227.16,3147.97,True,physics_simulated_synthetic_dynacard
card_00101_normal.png,normal,0,0.0,15042.42,7.216,92.79,73865.14,9371.3,3191.76,True,physics_simulated_synthetic_dynacard
card_00102_normal.png,normal,0,0.0,21632.65,7.159,118.86,93932.07,9303.44,3093.77,True,physics_simulated_synthetic_dynacard
card_00103_normal.png,normal,0,0.0,1609.39,3.446,64.06,50128.68,9166.89,3212.06,True,physics_simulated_synthetic_dynacard
card_00104_normal.png,normal,0,0.0,2201.26,4.147,123.67,95774.74,9166.46,3164.55,True,physics_simulated_synthetic_dynacard
card_00105_normal.png,normal,0,0.0,15474.88,3.618,74.71,57865.58,9225.32,3111.13,True,physics_simulated_synthetic_dynacard
card_00106_normal.png,normal,0,0.0,99.84,2.902,101.76,78632.58,9219.28,3186.63,True,physics_simulated_synthetic_dynacard
card_00107_normal.png,normal,0,0.0,70.31,4.481,106.99,83158.11,9231.62,3178.96,True,physics_simulated_synthetic_dynacard
card_00108_normal.png,normal,0,0.0,550.38,7.516,132.86,106485.92,9323.2,3144.69,True,physics_simulated_synthetic_dynacard
card_00109_normal.png,normal,0,0.0,62.87,7.034,141.52,112625.12,9250.82,3191.4,True,physics_simulated_synthetic_dynacard
card_00110_normal.png,normal,0,0.0,153.89,4.5,125.25,97633.42,9245.31,3130.93,True,physics_simulated_synthetic_dynacard
card_00111_normal.png,normal,0,0.0,861.42,6.182,74.01,59347.88,9348.95,3127.01,True,physics_simulated_synthetic_dynacard
card_00112_normal.png,normal,0,0.0,27825.4,6.109,122.35,97366.27,9279.84,3165.41,True,physics_simulated_synthetic_dynacard
card_00113_normal.png,normal,0,0.0,15520.16,2.885,117.05,88274.65,9153.85,3171.35,True,physics_simulated_synthetic_dynacard
card_00114_normal.png,normal,0,0.0,94.31,6.81,77.03,61164.66,9335.89,3201.02,True,physics_simulated_synthetic_dynacard
card_00115_normal.png,normal,0,0.0,10773.61,4.886,120.03,93514.72,9276.77,3108.24,True,physics_simulated_synthetic_dynacard
card_00116_normal.png,normal,0,0.0,1829.27,5.957,75.14,59017.63,9287.85,3129.7,True,physics_simulated_synthetic_dynacard
card_00117_normal.png,normal,0,0.0,2991.62,6.302,78.59,63227.85,9395.61,3136.82,True,physics_simulated_synthetic_dynacard
card_00118_normal.png,normal,0,0.0,94.04,7.514,82.97,65666.98,9320.41,3144.55,True,physics_simulated_synthetic_dynacard
card_00119_normal.png,normal,0,0.0,5717.82,7.993,123.5,100108.47,9449.04,3142.5,True,physics_simulated_synthetic_dynacard
card_00120_normal.png,normal,0,0.0,235.05,5.346,108.04,85731.78,9265.54,3170.62,True,physics_simulated_synthetic_dynacard
card_00121_normal.png,normal,0,0.0,2056.8,7.389,140.03,109349.87,9377.46,3129.93,True,physics_simulated_synthetic_dynacard
card_00122_normal.png,normal,0,0.0,4765.44,7.406,129.03,104180.29,9326.16,3158.62,True,physics_simulated_synthetic_dynacard
card_00123_normal.png,normal,0,0.0,1603.89,3.628,93.27,71740.92,9213.9,3199.31,True,physics_simulated_synthetic_dynacard
card_00124_normal.png,normal,0,0.0,15323.0,5.908,85.16,66754.67,9271.59,3201.49,True,physics_simulated_synthetic_dynacard
card_00125_normal.png,normal,0,0.0,2083.12,3.951,118.0,90733.52,9218.85,3158.34,True,physics_simulated_synthetic_dynacard
card_00126_normal.png,normal,0,0.0,595.5,3.381,82.73,62833.82,9191.18,3164.13,True,physics_simulated_synthetic_dynacard
card_00127_normal.png,normal,0,0.0,125.36,2.784,83.79,63301.74,9126.29,3196.81,True,physics_simulated_synthetic_dynacard
card_00128_normal.png,normal,0,0.0,11900.64,4.0,139.72,109083.04,9252.12,3196.79,True,physics_simulated_synthetic_dynacard
card_00129_normal.png,normal,0,0.0,241.67,3.693,81.5,63501.96,9240.31,3205.04,True,physics_simulated_synthetic_dynacard
card_00130_normal.png,normal,0,0.0,26955.35,6.079,142.73,110638.25,9318.91,3132.88,True,physics_simulated_synthetic_dynacard
card_00131_normal.png,normal,0,0.0,195.08,6.02,94.37,73386.12,9332.91,3152.72,True,physics_simulated_synthetic_dynacard
card_00132_normal.png,normal,0,0.0,19757.16,6.594,67.28,52216.72,9314.48,3201.39,True,physics_simulated_synthetic_dynacard
card_00133_normal.png,normal,0,0.0,1062.78,2.66,134.04,102984.49,9202.28,3212.02,True,physics_simulated_synthetic_dynacard
card_00134_normal.png,normal,0,0.0,3042.28,3.005,66.52,50698.93,9158.39,3155.36,True,physics_simulated_synthetic_dynacard
card_00135_normal.png,normal,0,0.0,21704.29,7.577,136.83,109341.87,9433.8,3130.47,True,physics_simulated_synthetic_dynacard
card_00136_normal.png,normal,0,0.0,3239.94,4.003,78.95,61576.54,9207.04,3215.64,True,physics_simulated_synthetic_dynacard
card_00137_normal.png,normal,0,0.0,125.82,7.614,89.26,72474.66,9346.17,3144.43,True,physics_simulated_synthetic_dynacard
card_00138_normal.png,normal,0,0.0,158.55,4.055,95.4,73625.46,9214.57,3188.69,True,physics_simulated_synthetic_dynacard
card_00139_normal.png,normal,0,0.0,638.75,7.203,88.94,70599.36,9350.05,3136.59,True,physics_simulated_synthetic_dynacard
card_00140_normal.png,normal,0,0.0,3903.71,7.593,119.18,93781.07,9448.29,3150.08,True,physics_simulated_synthetic_dynacard
card_00141_normal.png,normal,0,0.0,13510.24,2.87,133.21,99992.27,9194.61,3206.28,True,physics_simulated_synthetic_dynacard
card_00142_normal.png,normal,0,0.0,1155.27,4.927,118.39,92497.58,9305.32,3177.73,True,physics_simulated_synthetic_dynacard
card_00143_normal.png,normal,0,0.0,28055.63,5.179,74.27,58970.08,9304.26,3100.66,True,physics_simulated_synthetic_dynacard
card_00144_normal.png,normal,0,0.0,4160.94,2.742,125.82,96101.21,9165.07,3246.87,True,physics_simulated_synthetic_dynacard
card_00145_normal.png,normal,0,0.0,3138.9,5.331,116.91,91784.11,9320.58,3157.52,True,physics_simulated_synthetic_dynacard
card_00146_normal.png,normal,0,0.0,8309.69,3.614,78.54,59027.19,9225.85,3211.32,True,physics_simulated_synthetic_dynacard
card_00147_normal.png,normal,0,0.0,634.81,3.793,141.25,110247.99,9179.07,3153.48,True,physics_simulated_synthetic_dynacard
card_00148_normal.png,normal,0,0.0,3557.78,7.716,83.19,66317.66,9402.44,3222.91,True,physics_simulated_synthetic_dynacard
card_00149_normal.png,normal,0,0.0,2743.26,7.766,141.03,110405.52,9371.93,3196.15,True,physics_simulated_synthetic_dynacard
card_00150_normal.png,normal,0,0.0,1299.18,5.853,140.72,110894.84,9339.87,3134.98,True,physics_simulated_synthetic_dynacard
card_00151_normal.png,normal,0,0.0,11454.81,3.666,97.7,75732.88,9251.62,3190.5,True,physics_simulated_synthetic_dynacard
card_00152_normal.png,normal,0,0.0,13931.33,4.861,111.75,88409.73,9329.13,3172.59,True,physics_simulated_synthetic_dynacard
card_00153_normal.png,normal,0,0.0,833.17,4.075,139.41,107345.62,9264.56,3217.71,True,physics_simulated_synthetic_dynacard
card_00154_normal.png,normal,0,0.0,1310.51,7.503,113.56,92245.9,9360.88,3158.32,True,physics_simulated_synthetic_dynacard
card_00155_normal.png,normal,0,0.0,15507.76,2.724,77.99,60533.34,9206.09,3166.7,True,physics_simulated_synthetic_dynacard
card_00156_normal.png,normal,0,0.0,8576.03,7.254,105.91,83387.99,9339.63,3180.35,True,physics_simulated_synthetic_dynacard
card_00157_normal.png,normal,0,0.0,5191.04,3.555,91.32,70991.07,9210.65,3173.23,True,physics_simulated_synthetic_dynacard
card_00158_normal.png,normal,0,0.0,12459.62,3.552,77.2,60171.16,9212.12,3190.25,True,physics_simulated_synthetic_dynacard
card_00159_normal.png,normal,0,0.0,141.26,3.004,80.44,62702.59,9240.45,3102.99,True,physics_simulated_synthetic_dynacard
card_00160_normal.png,normal,0,0.0,413.78,2.522,127.02,96478.86,9180.82,3165.21,True,physics_simulated_synthetic_dynacard
card_00161_normal.png,normal,0,0.0,622.09,3.381,72.89,56434.09,9186.13,3162.77,True,physics_simulated_synthetic_dynacard
card_00162_normal.png,normal,0,0.0,21405.12,6.695,128.17,100489.29,9339.36,3219.5,True,physics_simulated_synthetic_dynacard
card_00163_normal.png,normal,0,0.0,685.75,3.737,103.57,80679.8,9174.25,3172.57,True,physics_simulated_synthetic_dynacard
card_00164_normal.png,normal,0,0.0,147.95,3.2,99.41,77473.12,9179.55,3209.33,True,physics_simulated_synthetic_dynacard
card_00165_normal.png,normal,0,0.0,4229.96,4.744,109.79,85340.71,9261.78,3126.85,True,physics_simulated_synthetic_dynacard
card_00166_normal.png,normal,0,0.0,202.67,5.304,124.21,96959.76,9271.51,3157.84,True,physics_simulated_synthetic_dynacard
card_00167_normal.png,normal,0,0.0,3061.5,5.362,86.03,67535.43,9271.98,3165.82,True,physics_simulated_synthetic_dynacard
card_00168_normal.png,normal,0,0.0,108.83,5.984,72.71,57256.66,9344.67,3183.16,True,physics_simulated_synthetic_dynacard
card_00169_normal.png,normal,0,0.0,276.61,3.984,135.42,102874.1,9176.3,3197.64,True,physics_simulated_synthetic_dynacard
card_00170_normal.png,normal,0,0.0,3532.3,5.232,100.15,76933.29,9230.21,3168.12,True,physics_simulated_synthetic_dynacard
card_00171_normal.png,normal,0,0.0,5020.17,2.947,66.95,51670.24,9180.32,3178.3,True,physics_simulated_synthetic_dynacard
card_00172_normal.png,normal,0,0.0,23034.18,7.137,107.8,87175.32,9317.13,3155.13,True,physics_simulated_synthetic_dynacard
card_00173_normal.png,normal,0,0.0,5753.19,5.834,142.84,114739.82,9298.57,3214.12,True,physics_simulated_synthetic_dynacard
card_00174_normal.png,normal,0,0.0,726.17,3.589,102.82,78996.82,9187.97,3142.92,True,physics_simulated_synthetic_dynacard
card_00175_normal.png,normal,0,0.0,20337.16,4.67,134.67,106691.97,9226.12,3201.09,True,physics_simulated_synthetic_dynacard
card_00176_normal.png,normal,0,0.0,28556.78,6.911,114.74,90655.07,9331.69,3197.28,True,physics_simulated_synthetic_dynacard
card_00177_normal.png,normal,0,0.0,2702.6,7.914,135.12,107035.11,9342.8,3174.59,True,physics_simulated_synthetic_dynacard
card_00178_normal.png,normal,0,0.0,719.85,2.655,121.94,94551.79,9187.06,3160.61,True,physics_simulated_synthetic_dynacard
card_00179_normal.png,normal,0,0.0,117.8,6.099,81.82,63617.74,9258.73,3200.28,True,physics_simulated_synthetic_dynacard
card_00180_normal.png,normal,0,0.0,12954.31,3.763,82.05,64483.28,9215.65,3163.14,True,physics_simulated_synthetic_dynacard
card_00181_normal.png,normal,0,0.0,103.85,2.643,109.71,84800.67,9180.9,3157.79,True,physics_simulated_synthetic_dynacard
card_00182_normal.png,normal,0,0.0,138.28,3.561,116.84,90182.02,9151.27,3115.03,True,physics_simulated_synthetic_dynacard
card_00183_normal.png,normal,0,0.0,596.91,4.741,133.05,103687.63,9237.19,3143.08,True,physics_simulated_synthetic_dynacard
card_00184_normal.png,normal,0,0.0,3326.82,6.214,142.34,112334.71,9348.52,3137.36,True,physics_simulated_synthetic_dynacard
card_00185_normal.png,normal,0,0.0,16696.99,6.156,77.37,60971.61,9299.63,3122.11,True,physics_simulated_synthetic_dynacard
card_00186_normal.png,normal,0,0.0,226.39,3.181,96.27,74365.22,9179.98,3166.73,True,physics_simulated_synthetic_dynacard
card_00187_normal.png,normal,0,0.0,105.97,3.784,110.59,85925.63,9251.19,3222.7,True,physics_simulated_synthetic_dynacard
card_00188_normal.png,normal,0,0.0,5923.45,4.977,87.51,67461.58,9246.85,3159.79,True,physics_simulated_synthetic_dynacard
card_00189_normal.png,normal,0,0.0,10355.86,4.037,128.12,97875.7,9305.61,3204.34,True,physics_simulated_synthetic_dynacard
card_00190_normal.png,normal,0,0.0,800.67,6.879,66.07,52972.93,9359.78,3161.12,True,physics_simulated_synthetic_dynacard
card_00191_normal.png,normal,0,0.0,3445.24,7.226,119.85,95817.1,9363.95,3179.42,True,physics_simulated_synthetic_dynacard
card_00192_normal.png,normal,0,0.0,370.69,4.34,84.86,65843.7,9236.78,3154.31,True,physics_simulated_synthetic_dynacard
card_00193_normal.png,normal,0,0.0,16992.78,3.315,124.77,95614.36,9163.89,3175.51,True,physics_simulated_synthetic_dynacard
card_00194_normal.png,normal,0,0.0,82.66,4.557,72.73,56210.92,9238.22,3165.69,True,physics_simulated_synthetic_dynacard
card_00195_normal.png,normal,0,0.0,445.52,4.812,64.57,50262.69,9292.49,3168.95,True,physics_simulated_synthetic_dynacard
card_00196_normal.png,normal,0,0.0,74.41,7.785,100.63,80689.0,9382.06,3191.39,True,physics_simulated_synthetic_dynacard
card_00197_normal.png,normal,0,0.0,438.44,4.807,89.27,67915.76,9259.73,3139.22,True,physics_simulated_synthetic_dynacard
card_00198_normal.png,normal,0,0.0,3679.7,7.99,108.29,86281.55,9335.03,3132.02,True,physics_simulated_synthetic_dynacard
card_00199_normal.png,normal,0,0.0,7375.95,6.259,74.52,58847.34,9305.27,3143.71,True,physics_simulated_synthetic_dynacard
card_00200_normal.png,normal,0,0.0,206.11,5.102,115.22,89120.93,9278.89,3135.21,True,physics_simulated_synthetic_dynacard
card_00201_normal.png,normal,0,0.0,283.82,7.313,80.41,64556.36,9361.09,3133.66,True,physics_simulated_synthetic_dynacard
card_00202_normal.png,normal,0,0.0,1263.36,3.294,96.99,75932.18,9240.61,3166.38,True,physics_simulated_synthetic_dynacard
card_00203_normal.png,normal,0,0.0,1428.7,2.85,87.12,67736.54,9163.97,3137.41,True,physics_simulated_synthetic_dynacard
card_00204_normal.png,normal,0,0.0,588.46,4.752,75.71,58931.99,9238.89,3157.56,True,physics_simulated_synthetic_dynacard
card_00205_normal.png,normal,0,0.0,1391.98,6.033,84.52,66716.77,9294.43,3181.23,True,physics_simulated_synthetic_dynacard
card_00206_normal.png,normal,0,0.0,12492.83,4.653,139.45,108806.21,9300.86,3212.33,True,physics_simulated_synthetic_dynacard
card_00207_normal.png,normal,0,0.0,115.19,6.246,78.19,61297.41,9425.56,3151.2,True,physics_simulated_synthetic_dynacard
card_00208_normal.png,normal,0,0.0,17754.32,7.159,86.55,68808.95,9484.17,3192.4,True,physics_simulated_synthetic_dynacard
card_00209_normal.png,normal,0,0.0,748.49,7.768,109.44,86936.53,9350.67,3146.27,True,physics_simulated_synthetic_dynacard
card_00210_normal.png,normal,0,0.0,3136.55,7.326,113.47,90218.68,9411.58,3155.93,True,physics_simulated_synthetic_dynacard
card_00211_normal.png,normal,0,0.0,393.08,7.955,100.7,79592.22,9396.14,3161.97,True,physics_simulated_synthetic_dynacard
card_00212_normal.png,normal,0,0.0,689.16,5.638,88.64,69371.45,9284.37,3165.74,True,physics_simulated_synthetic_dynacard
card_00213_normal.png,normal,0,0.0,570.39,3.187,83.24,62899.19,9255.75,3158.26,True,physics_simulated_synthetic_dynacard
card_00214_normal.png,normal,0,0.0,845.96,3.985,117.51,91135.77,9206.1,3186.92,True,physics_simulated_synthetic_dynacard
card_00215_normal.png,normal,0,0.0,4278.83,6.39,111.02,87307.67,9312.21,3178.47,True,physics_simulated_synthetic_dynacard
card_00216_normal.png,normal,0,0.0,103.05,4.082,68.98,53566.21,9245.33,3191.89,True,physics_simulated_synthetic_dynacard
card_00217_normal.png,normal,0,0.0,417.16,4.024,79.45,61929.1,9189.28,3221.46,True,physics_simulated_synthetic_dynacard
card_00218_normal.png,normal,0,0.0,9265.46,3.209,141.35,108417.72,9169.88,3159.84,True,physics_simulated_synthetic_dynacard
card_00219_normal.png,normal,0,0.0,15208.52,3.92,143.02,111920.48,9166.97,3235.41,True,physics_simulated_synthetic_dynacard
card_00220_normal.png,normal,0,0.0,8914.14,3.23,114.76,87327.4,9186.36,3158.38,True,physics_simulated_synthetic_dynacard
card_00221_normal.png,normal,0,0.0,55.07,5.873,113.86,89143.5,9264.68,3175.08,True,physics_simulated_synthetic_dynacard
card_00222_normal.png,normal,0,0.0,7804.41,4.401,92.34,70873.74,9243.84,3202.87,True,physics_simulated_synthetic_dynacard
card_00223_normal.png,normal,0,0.0,20249.95,5.278,128.08,99686.18,9282.68,3138.28,True,physics_simulated_synthetic_dynacard
card_00224_normal.png,normal,0,0.0,11572.73,6.848,117.58,92730.79,9358.74,3208.59,True,physics_simulated_synthetic_dynacard
card_00225_normal.png,normal,0,0.0,4718.11,4.59,138.44,109406.72,9226.13,3147.17,True,physics_simulated_synthetic_dynacard
card_00226_normal.png,normal,0,0.0,1130.01,4.417,112.98,88074.86,9234.65,3185.63,True,physics_simulated_synthetic_dynacard
card_00227_normal.png,normal,0,0.0,1705.51,3.572,81.67,63485.95,9177.39,3203.71,True,physics_simulated_synthetic_dynacard
card_00228_normal.png,normal,0,0.0,21100.24,6.493,117.35,90531.72,9402.84,3196.31,True,physics_simulated_synthetic_dynacard
card_00229_normal.png,normal,0,0.0,856.34,5.185,140.49,110956.34,9275.32,3174.39,True,physics_simulated_synthetic_dynacard
card_00230_normal.png,normal,0,0.0,6310.42,7.561,96.07,76958.39,9331.11,3130.22,True,physics_simulated_synthetic_dynacard
card_00231_normal.png,normal,0,0.0,66.88,4.013,132.26,100944.75,9231.82,3174.79,True,physics_simulated_synthetic_dynacard
card_00232_normal.png,normal,0,0.0,104.67,5.787,80.68,63085.51,9288.43,3168.81,True,physics_simulated_synthetic_dynacard
card_00233_normal.png,normal,0,0.0,3740.9,3.027,76.63,59472.49,9197.36,3132.24,True,physics_simulated_synthetic_dynacard
card_00234_normal.png,normal,0,0.0,306.91,6.779,64.61,50681.19,9297.16,3162.73,True,physics_simulated_synthetic_dynacard
card_00235_normal.png,normal,0,0.0,177.18,4.902,124.97,96471.26,9250.78,3175.33,True,physics_simulated_synthetic_dynacard
card_00236_normal.png,normal,0,0.0,75.38,3.816,103.84,80522.06,9194.75,3161.34,True,physics_simulated_synthetic_dynacard
card_00237_normal.png,normal,0,0.0,15076.42,4.848,140.38,109323.22,9247.85,3123.39,True,physics_simulated_synthetic_dynacard
card_00238_normal.png,normal,0,0.0,241.59,7.429,129.29,103374.9,9363.87,3109.92,True,physics_simulated_synthetic_dynacard
card_00239_normal.png,normal,0,0.0,4879.46,3.51,143.07,111796.54,9182.62,3185.72,True,physics_simulated_synthetic_dynacard
card_00240_normal.png,normal,0,0.0,530.01,4.08,109.97,86670.61,9212.24,3143.23,True,physics_simulated_synthetic_dynacard
card_00241_normal.png,normal,0,0.0,2909.2,4.396,142.92,110795.08,9210.89,3127.58,True,physics_simulated_synthetic_dynacard
card_00242_normal.png,normal,0,0.0,29885.68,6.241,107.08,85709.8,9323.5,3121.92,True,physics_simulated_synthetic_dynacard
card_00243_normal.png,normal,0,0.0,1209.2,6.81,77.13,59658.2,9376.26,3140.22,True,physics_simulated_synthetic_dynacard
card_00244_normal.png,normal,0,0.0,21319.26,4.25,65.31,50217.18,9219.52,3192.07,True,physics_simulated_synthetic_dynacard
card_00245_normal.png,normal,0,0.0,12139.78,2.685,76.18,58631.21,9117.07,3159.03,True,physics_simulated_synthetic_dynacard
card_00246_normal.png,normal,0,0.0,211.83,7.917,70.78,56307.55,9387.79,3206.21,True,physics_simulated_synthetic_dynacard
card_00247_normal.png,normal,0,0.0,1089.66,2.718,85.42,66517.09,9214.43,3205.44,True,physics_simulated_synthetic_dynacard
card_00248_normal.png,normal,0,0.0,182.19,3.723,96.41,74337.55,9180.25,3157.66,True,physics_simulated_synthetic_dynacard
card_00249_normal.png,normal,0,0.0,4157.91,6.509,69.97,56700.41,9302.32,3170.21,True,physics_simulated_synthetic_dynacard
card_00250_normal.png,normal,0,0.0,761.76,7.861,73.91,58079.34,9369.66,3188.1,True,physics_simulated_synthetic_dynacard
card_00251_normal.png,normal,0,0.0,533.23,5.157,134.36,104928.11,9267.35,3176.08,True,physics_simulated_synthetic_dynacard
card_00252_normal.png,normal,0,0.0,386.73,7.558,64.26,51532.53,9350.44,3134.55,True,physics_simulated_synthetic_dynacard
card_00253_normal.png,normal,0,0.0,24111.0,4.426,67.9,53090.18,9236.39,3198.8,True,physics_simulated_synthetic_dynacard
card_00254_normal.png,normal,0,0.0,197.95,5.263,120.06,93334.55,9284.78,3183.86,True,physics_simulated_synthetic_dynacard
card_00255_normal.png,normal,0,0.0,614.01,4.451,128.99,100877.89,9291.06,3174.03,True,physics_simulated_synthetic_dynacard
card_00256_normal.png,normal,0,0.0,100.81,2.791,131.18,100797.76,9135.63,3156.16,True,physics_simulated_synthetic_dynacard
card_00257_normal.png,normal,0,0.0,5377.11,7.378,121.02,95924.2,9354.03,3165.04,True,physics_simulated_synthetic_dynacard
card_00258_normal.png,normal,0,0.0,8388.42,7.7,78.51,63755.15,9345.39,3149.06,True,physics_simulated_synthetic_dynacard
card_00259_normal.png,normal,0,0.0,208.54,7.049,137.55,109222.05,9333.52,3121.35,True,physics_simulated_synthetic_dynacard
card_00260_rod_floating.png,rod_floating,1,0.942,3537.89,5.833,103.59,47571.42,9268.7,3161.5,True,physics_simulated_synthetic_dynacard
card_00261_rod_floating.png,rod_floating,1,0.676,903.32,2.673,125.42,67092.89,9148.87,3178.56,True,physics_simulated_synthetic_dynacard
card_00262_rod_floating.png,rod_floating,1,0.548,1470.0,5.955,122.12,72442.98,9270.38,3182.8,True,physics_simulated_synthetic_dynacard
card_00263_rod_floating.png,rod_floating,1,0.493,2534.21,2.666,96.36,58076.2,9125.21,3179.36,True,physics_simulated_synthetic_dynacard
card_00264_rod_floating.png,rod_floating,1,0.793,257.38,5.344,139.15,70225.29,9237.47,3251.18,True,physics_simulated_synthetic_dynacard
card_00265_rod_floating.png,rod_floating,1,0.908,247.04,7.08,129.21,60680.5,9346.53,3155.07,True,physics_simulated_synthetic_dynacard
card_00266_rod_floating.png,rod_floating,1,0.891,977.14,6.738,103.58,47873.46,9278.29,3203.97,True,physics_simulated_synthetic_dynacard
card_00267_rod_floating.png,rod_floating,1,0.384,12053.12,3.507,99.52,64412.4,9173.5,3181.04,True,physics_simulated_synthetic_dynacard
card_00268_rod_floating.png,rod_floating,1,0.959,5822.63,7.685,77.02,35281.32,9361.07,3137.84,True,physics_simulated_synthetic_dynacard
card_00269_rod_floating.png,rod_floating,1,0.754,1186.89,7.792,128.42,67623.63,9319.14,3096.85,True,physics_simulated_synthetic_dynacard
card_00270_rod_floating.png,rod_floating,1,0.258,8487.8,7.22,120.07,83267.26,9370.8,3186.63,True,physics_simulated_synthetic_dynacard
card_00271_rod_floating.png,rod_floating,1,0.447,27168.56,7.104,129.66,82779.39,9342.29,3167.76,True,physics_simulated_synthetic_dynacard
card_00272_rod_floating.png,rod_floating,1,0.413,7740.59,4.347,67.16,42362.72,9263.3,3089.86,True,physics_simulated_synthetic_dynacard
card_00273_rod_floating.png,rod_floating,1,0.897,1054.96,6.193,69.3,32564.98,9331.86,3218.08,True,physics_simulated_synthetic_dynacard
card_00274_rod_floating.png,rod_floating,1,0.554,2304.1,5.396,111.86,65431.92,9255.69,3159.41,True,physics_simulated_synthetic_dynacard
card_00275_rod_floating.png,rod_floating,1,0.653,3728.22,5.216,103.52,56697.59,9286.28,3175.14,True,physics_simulated_synthetic_dynacard
card_00276_rod_floating.png,rod_floating,1,0.424,7708.7,6.988,64.9,41965.2,9342.09,3158.06,True,physics_simulated_synthetic_dynacard
card_00277_rod_floating.png,rod_floating,1,0.633,364.24,5.154,125.75,69941.82,9272.87,3186.38,True,physics_simulated_synthetic_dynacard
card_00278_rod_floating.png,rod_floating,1,0.618,70.12,2.639,64.2,35337.57,9136.69,3213.36,True,physics_simulated_synthetic_dynacard
card_00279_rod_floating.png,rod_floating,1,0.286,111.72,3.132,97.06,65058.29,9165.96,3154.03,True,physics_simulated_synthetic_dynacard
card_00280_rod_floating.png,rod_floating,1,0.536,132.81,7.372,102.15,59744.53,9415.98,3137.07,True,physics_simulated_synthetic_dynacard
card_00281_rod_floating.png,rod_floating,1,0.837,587.49,7.981,71.21,35819.96,9347.98,3115.75,True,physics_simulated_synthetic_dynacard
card_00282_rod_floating.png,rod_floating,1,0.61,1237.78,4.518,73.75,41581.09,9247.53,3192.58,True,physics_simulated_synthetic_dynacard
card_00283_rod_floating.png,rod_floating,1,0.664,29104.82,5.746,140.2,79119.25,9305.46,3173.93,True,physics_simulated_synthetic_dynacard
card_00284_rod_floating.png,rod_floating,1,0.835,16963.08,5.829,113.4,56968.03,9301.31,3120.28,True,physics_simulated_synthetic_dynacard
card_00285_rod_floating.png,rod_floating,1,0.521,10192.63,4.392,103.8,62127.69,9256.61,3138.87,True,physics_simulated_synthetic_dynacard
card_00286_rod_floating.png,rod_floating,1,0.346,158.2,2.741,131.39,85318.79,9200.97,3215.32,True,physics_simulated_synthetic_dynacard
card_00287_rod_floating.png,rod_floating,1,0.522,19217.76,5.191,143.08,85249.92,9273.32,3087.81,True,physics_simulated_synthetic_dynacard
card_00288_rod_floating.png,rod_floating,1,0.983,7820.52,5.091,69.43,30285.27,9308.15,3139.8,True,physics_simulated_synthetic_dynacard
card_00289_rod_floating.png,rod_floating,1,0.312,1257.3,4.296,100.03,68861.57,9237.59,3124.92,True,physics_simulated_synthetic_dynacard
card_00290_rod_floating.png,rod_floating,1,0.652,466.37,5.386,114.87,63284.64,9273.65,3218.76,True,physics_simulated_synthetic_dynacard
card_00291_rod_floating.png,rod_floating,1,0.72,1109.08,4.669,108.86,56788.46,9299.23,3229.88,True,physics_simulated_synthetic_dynacard
card_00292_rod_floating.png,rod_floating,1,0.293,735.62,4.459,141.63,96556.55,9224.84,3198.7,True,physics_simulated_synthetic_dynacard
card_00293_rod_floating.png,rod_floating,1,0.519,4672.99,4.278,138.95,82813.05,9241.79,3212.19,True,physics_simulated_synthetic_dynacard
card_00294_rod_floating.png,rod_floating,1,0.654,78.24,7.409,92.0,52267.99,9372.05,3158.9,True,physics_simulated_synthetic_dynacard
card_00295_rod_floating.png,rod_floating,1,0.848,60.89,3.288,76.85,36383.09,9196.16,3155.94,True,physics_simulated_synthetic_dynacard
card_00296_rod_floating.png,rod_floating,1,0.543,98.46,3.769,100.95,58582.96,9214.09,3127.09,True,physics_simulated_synthetic_dynacard
card_00297_rod_floating.png,rod_floating,1,0.92,65.11,7.357,138.97,63783.54,9344.93,3172.17,True,physics_simulated_synthetic_dynacard
card_00298_rod_floating.png,rod_floating,1,0.293,14109.12,3.948,108.19,72767.58,9263.79,3203.99,True,physics_simulated_synthetic_dynacard
card_00299_rod_floating.png,rod_floating,1,0.411,3088.96,3.707,101.94,63203.53,9259.24,3229.51,True,physics_simulated_synthetic_dynacard
card_00300_rod_floating.png,rod_floating,1,0.867,296.8,5.804,140.76,67078.79,9275.93,3169.63,True,physics_simulated_synthetic_dynacard
card_00301_rod_floating.png,rod_floating,1,0.269,13957.0,5.263,122.35,83478.98,9300.12,3161.26,True,physics_simulated_synthetic_dynacard
card_00302_rod_floating.png,rod_floating,1,0.322,849.07,6.924,122.42,83827.36,9322.63,3177.84,True,physics_simulated_synthetic_dynacard
card_00303_rod_floating.png,rod_floating,1,0.317,14511.54,6.832,98.06,66406.19,9360.99,3137.27,True,physics_simulated_synthetic_dynacard
card_00304_rod_floating.png,rod_floating,1,0.877,1085.77,3.45,108.41,50674.13,9188.61,3153.12,True,physics_simulated_synthetic_dynacard
card_00305_rod_floating.png,rod_floating,1,0.981,484.9,5.194,134.39,58573.06,9292.53,3171.24,True,physics_simulated_synthetic_dynacard
card_00306_rod_floating.png,rod_floating,1,0.309,8738.74,3.052,71.94,47290.81,9177.93,3150.3,True,physics_simulated_synthetic_dynacard
card_00307_rod_floating.png,rod_floating,1,0.342,129.22,3.375,85.44,56129.32,9181.19,3140.83,True,physics_simulated_synthetic_dynacard
card_00308_rod_floating.png,rod_floating,1,0.756,10528.98,6.526,99.53,51084.91,9306.4,3217.87,True,physics_simulated_synthetic_dynacard
card_00309_rod_floating.png,rod_floating,1,0.483,3135.45,7.44,135.27,85667.82,9404.07,3141.59,True,physics_simulated_synthetic_dynacard
card_00310_rod_floating.png,rod_floating,1,0.727,87.28,6.691,93.39,50621.32,9325.84,3113.66,True,physics_simulated_synthetic_dynacard
card_00311_rod_floating.png,rod_floating,1,0.452,2612.96,6.85,112.37,71677.87,9359.96,3125.69,True,physics_simulated_synthetic_dynacard
card_00312_rod_floating.png,rod_floating,1,0.662,12174.92,6.026,97.63,53871.53,9299.84,3202.87,True,physics_simulated_synthetic_dynacard
card_00313_rod_floating.png,rod_floating,1,0.281,7628.88,2.873,109.17,73267.17,9247.32,3150.8,True,physics_simulated_synthetic_dynacard
card_00314_rod_floating.png,rod_floating,1,0.809,1419.09,4.971,94.65,47270.35,9284.14,3182.42,True,physics_simulated_synthetic_dynacard
card_00315_rod_floating.png,rod_floating,1,0.643,63.07,3.043,126.51,67328.76,9153.93,3175.4,True,physics_simulated_synthetic_dynacard
card_00316_rod_floating.png,rod_floating,1,0.291,2248.41,7.603,66.81,46472.13,9392.21,3149.75,True,physics_simulated_synthetic_dynacard
card_00317_rod_floating.png,rod_floating,1,0.696,719.52,5.517,89.54,48158.21,9291.43,3210.66,True,physics_simulated_synthetic_dynacard
card_00318_rod_floating.png,rod_floating,1,0.671,25014.67,4.204,68.61,37714.85,9203.61,3145.84,True,physics_simulated_synthetic_dynacard
card_00319_rod_floating.png,rod_floating,1,0.41,247.82,7.929,120.25,77997.44,9369.35,3118.2,True,physics_simulated_synthetic_dynacard
card_00320_rod_floating.png,rod_floating,1,0.36,1069.08,7.673,83.78,56889.21,9356.1,3139.29,True,physics_simulated_synthetic_dynacard
card_00321_rod_floating.png,rod_floating,1,0.786,138.78,3.588,141.71,71108.19,9153.9,3171.82,True,physics_simulated_synthetic_dynacard
card_00322_rod_floating.png,rod_floating,1,0.513,1146.2,7.711,66.34,41102.84,9417.01,3118.35,True,physics_simulated_synthetic_dynacard
card_00323_rod_floating.png,rod_floating,1,0.832,2406.94,2.925,89.81,43648.02,9151.14,3012.68,True,physics_simulated_synthetic_dynacard
card_00324_rod_floating.png,rod_floating,1,0.819,502.0,4.73,124.2,62547.74,9213.65,3183.7,True,physics_simulated_synthetic_dynacard
card_00325_rod_floating.png,rod_floating,1,0.866,57.54,4.67,118.96,58344.14,9204.0,3174.01,True,physics_simulated_synthetic_dynacard
card_00326_rod_floating.png,rod_floating,1,0.36,5534.3,4.756,124.05,79210.7,9260.78,3126.84,True,physics_simulated_synthetic_dynacard
card_00327_rod_floating.png,rod_floating,1,0.495,2961.95,7.06,95.29,59805.11,9323.4,3156.91,True,physics_simulated_synthetic_dynacard
card_00328_rod_floating.png,rod_floating,1,0.407,242.3,7.624,92.01,60356.08,9361.88,3183.86,True,physics_simulated_synthetic_dynacard
card_00329_rod_floating.png,rod_floating,1,0.635,2815.42,6.663,142.09,78443.37,9311.43,3130.73,True,physics_simulated_synthetic_dynacard
card_00330_rod_floating.png,rod_floating,1,0.744,8974.34,4.892,71.65,37680.32,9299.15,3220.15,True,physics_simulated_synthetic_dynacard
card_00331_rod_floating.png,rod_floating,1,0.926,696.7,4.56,129.14,57849.02,9333.55,3185.62,True,physics_simulated_synthetic_dynacard
card_00332_rod_floating.png,rod_floating,1,0.407,3608.11,6.811,122.07,78548.04,9404.95,3077.99,True,physics_simulated_synthetic_dynacard
card_00333_rod_floating.png,rod_floating,1,0.96,464.41,3.721,74.53,33371.39,9184.17,3151.19,True,physics_simulated_synthetic_dynacard
card_00334_rod_floating.png,rod_floating,1,0.433,121.06,3.22,64.13,39296.1,9132.69,3105.62,True,physics_simulated_synthetic_dynacard
card_00335_rod_floating.png,rod_floating,1,0.962,141.61,6.989,123.78,57691.33,9359.86,3155.21,True,physics_simulated_synthetic_dynacard
card_00336_rod_floating.png,rod_floating,1,0.634,28480.33,4.921,137.24,77162.99,9319.99,3136.58,True,physics_simulated_synthetic_dynacard
card_00337_rod_floating.png,rod_floating,1,0.541,516.27,3.562,94.01,56727.56,9176.31,3140.44,True,physics_simulated_synthetic_dynacard
card_00338_rod_floating.png,rod_floating,1,0.861,10122.53,5.413,140.65,66613.36,9239.76,3129.8,True,physics_simulated_synthetic_dynacard
card_00339_rod_floating.png,rod_floating,1,0.806,67.34,7.624,103.57,52976.88,9388.95,3196.71,True,physics_simulated_synthetic_dynacard
card_00340_rod_floating.png,rod_floating,1,0.528,116.73,5.988,117.48,69882.72,9331.8,3159.97,True,physics_simulated_synthetic_dynacard
card_00341_rod_floating.png,rod_floating,1,0.31,6825.55,4.955,78.93,53241.4,9270.56,3149.18,True,physics_simulated_synthetic_dynacard
card_00342_rod_floating.png,rod_floating,1,0.62,10080.95,2.54,114.4,62401.71,9136.22,3127.03,True,physics_simulated_synthetic_dynacard
card_00343_rod_floating.png,rod_floating,1,0.854,211.93,4.036,90.92,43729.51,9166.61,3212.63,True,physics_simulated_synthetic_dynacard
card_00344_rod_floating.png,rod_floating,1,0.745,1683.87,5.492,74.87,38976.85,9276.11,3170.92,True,physics_simulated_synthetic_dynacard
card_00345_rod_floating.png,rod_floating,1,0.511,9187.51,4.248,143.29,85321.27,9193.7,3227.42,True,physics_simulated_synthetic_dynacard
card_00346_rod_floating.png,rod_floating,1,0.585,58.5,4.378,115.97,66577.7,9216.49,3168.56,True,physics_simulated_synthetic_dynacard
card_00347_rod_floating.png,rod_floating,1,0.314,1170.32,7.753,117.38,79515.83,9386.07,3167.98,True,physics_simulated_synthetic_dynacard
card_00348_rod_floating.png,rod_floating,1,0.712,3569.83,2.988,93.11,48972.39,9156.9,3152.5,True,physics_simulated_synthetic_dynacard
card_00349_rod_floating.png,rod_floating,1,0.347,22386.65,2.904,128.58,85683.41,9234.45,3199.67,True,physics_simulated_synthetic_dynacard
card_00350_rod_floating.png,rod_floating,1,0.587,3917.02,7.77,99.27,57056.33,9368.16,3181.69,True,physics_simulated_synthetic_dynacard
card_00351_rod_floating.png,rod_floating,1,0.527,3778.81,6.813,133.56,82257.23,9347.87,3080.58,True,physics_simulated_synthetic_dynacard
card_00352_rod_floating.png,rod_floating,1,0.359,275.31,2.939,101.83,66350.08,9218.5,3072.82,True,physics_simulated_synthetic_dynacard
card_00353_rod_floating.png,rod_floating,1,0.32,12233.86,2.561,125.98,82192.58,9124.15,3218.37,True,physics_simulated_synthetic_dynacard
card_00354_rod_floating.png,rod_floating,1,0.618,6966.95,7.531,106.82,62139.89,9320.4,3041.87,True,physics_simulated_synthetic_dynacard
card_00355_rod_floating.png,rod_floating,1,0.338,5744.55,6.307,98.78,66032.23,9287.94,3156.98,True,physics_simulated_synthetic_dynacard
card_00356_rod_floating.png,rod_floating,1,0.534,5716.29,4.429,130.79,77675.49,9296.21,3208.61,True,physics_simulated_synthetic_dynacard
card_00357_rod_floating.png,rod_floating,1,0.373,8858.86,4.239,80.02,51257.71,9248.53,3174.78,True,physics_simulated_synthetic_dynacard
card_00358_rod_floating.png,rod_floating,1,0.498,15155.06,2.938,106.11,64047.44,9195.84,3193.42,True,physics_simulated_synthetic_dynacard
card_00359_rod_floating.png,rod_floating,1,0.835,557.79,2.934,67.96,32152.43,9172.83,3188.6,True,physics_simulated_synthetic_dynacard
card_00360_rod_floating.png,rod_floating,1,0.482,4623.4,6.216,69.93,43207.24,9262.62,3112.06,True,physics_simulated_synthetic_dynacard
card_00361_rod_floating.png,rod_floating,1,0.518,12678.54,4.985,143.4,86139.4,9258.91,3185.99,True,physics_simulated_synthetic_dynacard
card_00362_rod_floating.png,rod_floating,1,0.568,63.4,6.298,141.6,82912.4,9385.73,3172.64,True,physics_simulated_synthetic_dynacard
card_00363_rod_floating.png,rod_floating,1,0.413,1501.45,6.689,121.27,76632.89,9328.51,3171.9,True,physics_simulated_synthetic_dynacard
card_00364_rod_floating.png,rod_floating,1,0.76,3696.67,4.677,133.47,68917.21,9261.29,3165.43,True,physics_simulated_synthetic_dynacard
card_00365_rod_floating.png,rod_floating,1,0.922,338.35,2.611,127.2,57582.79,9164.72,3188.17,True,physics_simulated_synthetic_dynacard
card_00366_rod_floating.png,rod_floating,1,0.936,1377.63,3.23,67.39,30554.52,9198.1,3202.44,True,physics_simulated_synthetic_dynacard
card_00367_rod_floating.png,rod_floating,1,0.328,1585.74,7.27,100.98,68270.93,9302.77,3136.6,True,physics_simulated_synthetic_dynacard
card_00368_rod_floating.png,rod_floating,1,0.571,7846.62,2.871,112.9,64774.58,9193.97,3165.78,True,physics_simulated_synthetic_dynacard
card_00369_rod_floating.png,rod_floating,1,0.67,461.93,5.123,140.71,76938.98,9247.27,3123.49,True,physics_simulated_synthetic_dynacard
card_00370_rod_floating.png,rod_floating,1,0.942,9957.45,6.886,119.98,54965.11,9338.24,3156.47,True,physics_simulated_synthetic_dynacard
card_00371_rod_floating.png,rod_floating,1,0.415,979.37,5.389,142.89,91126.36,9315.18,3188.59,True,physics_simulated_synthetic_dynacard
card_00372_rod_floating.png,rod_floating,1,0.276,1052.34,5.095,91.16,62702.29,9254.26,3156.92,True,physics_simulated_synthetic_dynacard
card_00373_rod_floating.png,rod_floating,1,0.695,12417.49,5.183,97.79,51219.97,9295.16,3201.02,True,physics_simulated_synthetic_dynacard
card_00374_rod_floating.png,rod_floating,1,0.397,1754.8,7.835,72.78,48309.31,9380.91,3111.04,True,physics_simulated_synthetic_dynacard
card_00375_rod_floating.png,rod_floating,1,0.32,11780.17,2.612,129.33,85091.82,9152.66,3119.61,True,physics_simulated_synthetic_dynacard
card_00376_rod_floating.png,rod_floating,1,0.944,138.69,4.559,91.5,40189.53,9199.91,3059.05,True,physics_simulated_synthetic_dynacard
card_00377_rod_floating.png,rod_floating,1,0.329,5498.16,7.111,112.89,75609.24,9394.8,3154.25,True,physics_simulated_synthetic_dynacard
card_00378_rod_floating.png,rod_floating,1,0.805,358.81,5.284,76.16,37540.22,9265.72,3160.85,True,physics_simulated_synthetic_dynacard
card_00379_rod_floating.png,rod_floating,1,0.765,8559.5,4.885,122.76,63836.03,9278.77,3170.91,True,physics_simulated_synthetic_dynacard
card_00380_rod_floating.png,rod_floating,1,0.769,304.06,4.249,77.2,38602.52,9203.08,3188.35,True,physics_simulated_synthetic_dynacard
card_00381_rod_floating.png,rod_floating,1,0.314,1350.41,2.575,86.64,57051.64,9179.13,3181.01,True,physics_simulated_synthetic_dynacard
card_00382_rod_floating.png,rod_floating,1,0.909,8621.41,3.71,112.51,51571.03,9190.55,3208.82,True,physics_simulated_synthetic_dynacard
card_00383_rod_floating.png,rod_floating,1,0.774,186.11,7.28,119.98,61976.4,9365.64,3163.95,True,physics_simulated_synthetic_dynacard
card_00384_rod_floating.png,rod_floating,1,0.402,156.03,3.437,137.94,87683.89,9126.54,3184.12,True,physics_simulated_synthetic_dynacard
card_00385_rod_floating.png,rod_floating,1,0.391,9549.99,2.769,93.87,61631.7,9171.29,3122.68,True,physics_simulated_synthetic_dynacard
card_00386_rod_floating.png,rod_floating,1,0.654,854.35,7.863,124.72,69748.98,9326.49,3152.04,True,physics_simulated_synthetic_dynacard
card_00387_rod_floating.png,rod_floating,1,0.916,11106.13,5.973,139.59,67139.28,9308.02,3239.53,True,physics_simulated_synthetic_dynacard
card_00388_rod_floating.png,rod_floating,1,0.405,137.62,4.84,112.39,70424.96,9287.86,3184.4,True,physics_simulated_synthetic_dynacard
card_00389_rod_floating.png,rod_floating,1,0.479,2361.51,2.98,125.09,75543.3,9195.7,3212.51,True,physics_simulated_synthetic_dynacard
card_00390_rod_floating.png,rod_floating,1,0.313,189.21,6.352,119.86,80008.14,9264.89,3157.62,True,physics_simulated_synthetic_dynacard
card_00391_rod_floating.png,rod_floating,1,0.935,418.6,4.76,87.99,39874.1,9288.2,3227.37,True,physics_simulated_synthetic_dynacard
card_00392_rod_floating.png,rod_floating,1,0.484,329.02,5.839,103.55,64460.12,9329.54,3197.4,True,physics_simulated_synthetic_dynacard
card_00393_rod_floating.png,rod_floating,1,0.659,4005.45,3.313,128.04,69377.51,9220.88,3182.74,True,physics_simulated_synthetic_dynacard
card_00394_rod_floating.png,rod_floating,1,0.917,526.66,5.739,98.65,44213.79,9261.09,3219.49,True,physics_simulated_synthetic_dynacard
card_00395_rod_floating.png,rod_floating,1,0.507,12456.38,6.879,123.33,74953.34,9340.72,3194.35,True,physics_simulated_synthetic_dynacard
card_00396_rod_floating.png,rod_floating,1,0.619,149.76,7.772,72.75,41554.12,9337.86,3162.11,True,physics_simulated_synthetic_dynacard
card_00397_rod_floating.png,rod_floating,1,0.617,71.48,3.231,130.22,72430.75,9181.1,3150.82,True,physics_simulated_synthetic_dynacard
card_00398_rod_floating.png,rod_floating,1,0.281,452.93,3.845,88.46,60066.52,9201.2,3201.71,True,physics_simulated_synthetic_dynacard
card_00399_rod_floating.png,rod_floating,1,0.952,624.12,4.32,70.8,32442.71,9213.53,3182.24,True,physics_simulated_synthetic_dynacard
card_00400_rod_floating.png,rod_floating,1,0.943,1783.46,7.033,139.67,64298.48,9353.93,3178.55,True,physics_simulated_synthetic_dynacard
card_00401_rod_floating.png,rod_floating,1,0.456,57.69,5.94,106.23,66553.05,9294.32,3166.61,True,physics_simulated_synthetic_dynacard
card_00402_rod_floating.png,rod_floating,1,0.438,53.99,6.339,109.25,68822.61,9285.96,3180.2,True,physics_simulated_synthetic_dynacard
card_00403_rod_floating.png,rod_floating,1,0.891,177.84,5.453,124.36,58214.82,9215.12,3169.23,True,physics_simulated_synthetic_dynacard
card_00404_rod_floating.png,rod_floating,1,0.33,763.61,2.704,109.39,72173.31,9173.77,3105.82,True,physics_simulated_synthetic_dynacard
card_00405_rod_floating.png,rod_floating,1,0.714,119.59,6.139,121.53,64566.63,9282.58,3183.36,True,physics_simulated_synthetic_dynacard
card_00406_rod_floating.png,rod_floating,1,0.782,4777.62,5.568,93.75,49217.68,9388.46,3128.35,True,physics_simulated_synthetic_dynacard
card_00407_rod_floating.png,rod_floating,1,0.869,4804.86,6.646,130.36,63374.43,9357.83,3128.02,True,physics_simulated_synthetic_dynacard
card_00408_rod_floating.png,rod_floating,1,0.66,613.35,2.66,121.9,67033.33,9168.43,3133.04,True,physics_simulated_synthetic_dynacard
card_00409_rod_floating.png,rod_floating,1,0.912,55.72,4.525,109.11,50522.77,9243.14,3129.06,True,physics_simulated_synthetic_dynacard
card_00410_rod_floating.png,rod_floating,1,0.935,4803.04,5.675,80.86,37823.57,9258.59,3169.97,True,physics_simulated_synthetic_dynacard
card_00411_rod_floating.png,rod_floating,1,0.302,903.69,5.389,73.31,50293.22,9276.29,3165.63,True,physics_simulated_synthetic_dynacard
card_00412_rod_floating.png,rod_floating,1,0.729,1588.23,5.876,133.28,70504.14,9288.18,3211.01,True,physics_simulated_synthetic_dynacard
card_00413_rod_floating.png,rod_floating,1,0.902,106.86,3.675,90.27,42005.74,9216.17,3166.3,True,physics_simulated_synthetic_dynacard
card_00414_rod_floating.png,rod_floating,1,0.978,680.09,5.045,105.94,45479.88,9255.98,3197.8,True,physics_simulated_synthetic_dynacard
card_00415_rod_floating.png,rod_floating,1,0.53,2524.11,6.368,127.67,77340.88,9445.02,3183.55,True,physics_simulated_synthetic_dynacard
card_00416_rod_floating.png,rod_floating,1,0.785,9174.01,5.647,110.1,57271.57,9343.92,3064.41,True,physics_simulated_synthetic_dynacard
card_00417_rod_floating.png,rod_floating,1,0.877,54.1,6.093,120.44,57237.23,9295.15,3192.02,True,physics_simulated_synthetic_dynacard
card_00418_rod_floating.png,rod_floating,1,0.3,3829.39,5.249,70.57,48118.39,9287.32,3175.59,True,physics_simulated_synthetic_dynacard
card_00419_rod_floating.png,rod_floating,1,0.341,288.7,6.826,106.58,72814.0,9372.23,3045.5,True,physics_simulated_synthetic_dynacard
card_00420_rod_floating.png,rod_floating,1,0.357,25888.44,7.153,131.18,87624.6,9341.8,3205.28,True,physics_simulated_synthetic_dynacard
card_00421_rod_floating.png,rod_floating,1,0.745,3573.92,7.05,84.89,44654.73,9423.08,3152.72,True,physics_simulated_synthetic_dynacard
card_00422_rod_floating.png,rod_floating,1,0.393,6945.68,4.306,91.38,58429.86,9292.86,3154.14,True,physics_simulated_synthetic_dynacard
card_00423_rod_floating.png,rod_floating,1,0.629,388.59,6.05,96.27,54614.64,9301.8,3111.81,True,physics_simulated_synthetic_dynacard
card_00424_rod_floating.png,rod_floating,1,0.709,12746.53,5.837,71.15,37840.52,9265.91,3157.85,True,physics_simulated_synthetic_dynacard
card_00425_rod_floating.png,rod_floating,1,0.874,231.03,5.701,116.83,56487.69,9278.18,3148.68,True,physics_simulated_synthetic_dynacard
card_00426_rod_floating.png,rod_floating,1,0.574,2547.99,7.087,94.9,55840.22,9302.3,3210.69,True,physics_simulated_synthetic_dynacard
card_00427_rod_floating.png,rod_floating,1,0.653,147.86,3.338,123.62,68183.55,9216.27,3188.05,True,physics_simulated_synthetic_dynacard
card_00428_rod_floating.png,rod_floating,1,0.442,15914.3,4.641,137.06,85270.93,9248.44,3193.24,True,physics_simulated_synthetic_dynacard
card_00429_rod_floating.png,rod_floating,1,0.66,139.08,5.646,93.68,52213.51,9268.18,3075.25,True,physics_simulated_synthetic_dynacard
card_00430_rod_floating.png,rod_floating,1,0.524,643.68,5.411,83.27,49576.35,9357.38,3171.04,True,physics_simulated_synthetic_dynacard
card_00431_rod_floating.png,rod_floating,1,0.889,1684.57,5.073,66.3,30934.79,9278.21,3086.05,True,physics_simulated_synthetic_dynacard
card_00432_rod_floating.png,rod_floating,1,0.264,22357.89,6.589,65.81,45376.04,9330.63,3165.5,True,physics_simulated_synthetic_dynacard
card_00433_rod_floating.png,rod_floating,1,0.72,1135.07,6.505,105.59,58370.97,9290.6,3140.11,True,physics_simulated_synthetic_dynacard
card_00434_rod_floating.png,rod_floating,1,0.525,104.08,5.822,84.9,50733.26,9240.24,3125.27,True,physics_simulated_synthetic_dynacard
card_00435_rod_floating.png,rod_floating,1,0.508,129.06,3.393,137.56,81819.85,9178.61,3098.42,True,physics_simulated_synthetic_dynacard
card_00436_rod_floating.png,rod_floating,1,0.855,187.84,5.914,142.13,70391.58,9285.55,3139.64,True,physics_simulated_synthetic_dynacard
card_00437_rod_floating.png,rod_floating,1,0.278,794.87,6.732,132.18,91905.19,9335.83,3117.98,True,physics_simulated_synthetic_dynacard
card_00438_rod_floating.png,rod_floating,1,0.356,2064.76,3.666,77.08,49169.05,9223.64,3170.55,True,physics_simulated_synthetic_dynacard
card_00439_rod_floating.png,rod_floating,1,0.291,1877.0,6.593,135.25,90390.84,9304.74,3225.78,True,physics_simulated_synthetic_dynacard
card_00440_rod_floating.png,rod_floating,1,0.337,58.95,5.158,133.57,88961.06,9242.47,3163.36,True,physics_simulated_synthetic_dynacard
card_00441_rod_floating.png,rod_floating,1,0.579,11402.99,4.298,106.65,62826.43,9269.84,3198.55,True,physics_simulated_synthetic_dynacard
card_00442_rod_floating.png,rod_floating,1,0.894,121.43,5.841,96.92,44875.6,9267.1,3163.98,True,physics_simulated_synthetic_dynacard
card_00443_rod_floating.png,rod_floating,1,0.861,10857.7,3.487,94.17,45376.87,9179.33,3176.69,True,physics_simulated_synthetic_dynacard
card_00444_rod_floating.png,rod_floating,1,0.764,8998.0,7.231,125.52,66412.64,9350.33,3122.83,True,physics_simulated_synthetic_dynacard
card_00445_rod_floating.png,rod_floating,1,0.365,11673.76,5.11,89.59,59249.31,9288.16,3153.12,True,physics_simulated_synthetic_dynacard
card_00446_rod_floating.png,rod_floating,1,0.898,25089.96,5.871,93.13,44520.71,9312.76,3134.72,True,physics_simulated_synthetic_dynacard
card_00447_rod_floating.png,rod_floating,1,0.665,8960.03,5.406,82.95,46808.57,9313.77,3178.49,True,physics_simulated_synthetic_dynacard
card_00448_rod_floating.png,rod_floating,1,0.26,51.56,4.467,120.35,84257.25,9272.3,3203.08,True,physics_simulated_synthetic_dynacard
card_00449_rod_floating.png,rod_floating,1,0.539,23272.47,7.473,126.08,74917.6,9386.18,3180.71,True,physics_simulated_synthetic_dynacard
card_00450_rod_floating.png,rod_floating,1,0.259,1770.48,5.07,66.73,45739.61,9263.38,3157.08,True,physics_simulated_synthetic_dynacard
card_00451_rod_floating.png,rod_floating,1,0.878,179.85,7.509,93.42,44415.25,9364.23,3222.37,True,physics_simulated_synthetic_dynacard
card_00452_rod_floating.png,rod_floating,1,0.911,239.28,7.778,81.81,39109.21,9379.44,3167.71,True,physics_simulated_synthetic_dynacard
card_00453_rod_floating.png,rod_floating,1,0.597,23088.27,4.297,68.26,39099.08,9235.62,3230.01,True,physics_simulated_synthetic_dynacard
card_00454_rod_floating.png,rod_floating,1,0.869,20447.27,3.777,110.16,52394.12,9249.22,3156.52,True,physics_simulated_synthetic_dynacard
card_00455_rod_floating.png,rod_floating,1,0.675,1578.25,3.961,93.31,50579.81,9190.43,3195.25,True,physics_simulated_synthetic_dynacard
card_00456_rod_floating.png,rod_floating,1,0.952,979.42,5.497,76.18,33956.08,9281.38,3153.61,True,physics_simulated_synthetic_dynacard
card_00457_rod_floating.png,rod_floating,1,0.361,1093.85,7.654,72.98,48708.65,9376.47,3116.76,True,physics_simulated_synthetic_dynacard
card_00458_rod_floating.png,rod_floating,1,0.468,1618.75,3.188,119.66,73708.44,9327.9,3146.77,True,physics_simulated_synthetic_dynacard
card_00459_rod_floating.png,rod_floating,1,0.807,1858.88,5.577,85.92,43178.65,9301.89,3162.82,True,physics_simulated_synthetic_dynacard
card_00460_rod_floating.png,rod_floating,1,0.714,3924.05,3.562,121.7,62998.42,9208.95,3157.28,True,physics_simulated_synthetic_dynacard
card_00461_rod_floating.png,rod_floating,1,0.338,401.71,4.925,81.73,53545.49,9300.96,3197.03,True,physics_simulated_synthetic_dynacard
card_00462_rod_floating.png,rod_floating,1,0.463,1065.97,2.863,117.05,71136.0,9124.08,3193.65,True,physics_simulated_synthetic_dynacard
card_00463_rod_floating.png,rod_floating,1,0.44,136.13,6.762,96.55,61549.68,9371.32,3157.71,True,physics_simulated_synthetic_dynacard
card_00464_rod_floating.png,rod_floating,1,0.311,11484.6,7.02,87.4,60894.13,9363.0,3122.69,True,physics_simulated_synthetic_dynacard
card_00465_rod_floating.png,rod_floating,1,0.715,430.84,3.963,65.6,34460.21,9229.37,3103.44,True,physics_simulated_synthetic_dynacard
card_00466_rod_floating.png,rod_floating,1,0.908,186.49,4.606,64.08,30126.65,9216.13,3216.99,True,physics_simulated_synthetic_dynacard
card_00467_rod_floating.png,rod_floating,1,0.356,8350.38,5.163,106.84,70000.85,9252.03,3184.86,True,physics_simulated_synthetic_dynacard
card_00468_rod_floating.png,rod_floating,1,0.303,3995.17,4.682,71.68,48469.85,9311.26,3156.92,True,physics_simulated_synthetic_dynacard
card_00469_rod_floating.png,rod_floating,1,0.39,12343.22,5.877,92.72,60296.7,9379.69,3156.04,True,physics_simulated_synthetic_dynacard
card_00470_rod_floating.png,rod_floating,1,0.481,102.69,7.859,122.0,77151.43,9369.68,3101.29,True,physics_simulated_synthetic_dynacard
card_00471_rod_floating.png,rod_floating,1,0.785,1852.55,7.05,103.34,53747.15,9372.06,3077.27,True,physics_simulated_synthetic_dynacard
card_00472_rod_floating.png,rod_floating,1,0.688,59.2,7.315,114.26,64760.3,9312.97,3190.74,True,physics_simulated_synthetic_dynacard
card_00473_rod_floating.png,rod_floating,1,0.276,26129.7,4.338,72.04,49484.72,9271.9,3191.3,True,physics_simulated_synthetic_dynacard
card_00474_rod_floating.png,rod_floating,1,0.379,118.09,5.005,72.05,46544.19,9249.52,3176.04,True,physics_simulated_synthetic_dynacard
card_00475_rod_floating.png,rod_floating,1,0.368,2957.04,4.676,104.55,69178.88,9271.51,3125.94,True,physics_simulated_synthetic_dynacard
card_00476_rod_floating.png,rod_floating,1,0.688,60.86,7.016,127.5,68947.2,9344.26,3186.44,True,physics_simulated_synthetic_dynacard
card_00477_rod_floating.png,rod_floating,1,0.301,28036.72,4.24,104.64,69493.56,9231.07,3142.88,True,physics_simulated_synthetic_dynacard
card_00478_rod_floating.png,rod_floating,1,0.94,1180.8,7.638,75.95,35052.02,9317.46,3142.0,True,physics_simulated_synthetic_dynacard
card_00479_rod_floating.png,rod_floating,1,0.711,912.08,7.148,83.67,45292.84,9303.08,3151.0,True,physics_simulated_synthetic_dynacard
card_00480_rod_floating.png,rod_floating,1,0.923,5369.59,5.581,99.96,45825.63,9279.69,3231.79,True,physics_simulated_synthetic_dynacard
card_00481_rod_floating.png,rod_floating,1,0.748,541.45,5.928,65.09,33687.07,9313.03,3137.37,True,physics_simulated_synthetic_dynacard
card_00482_rod_floating.png,rod_floating,1,0.711,7115.82,6.338,70.62,37430.5,9343.64,3162.13,True,physics_simulated_synthetic_dynacard
card_00483_rod_floating.png,rod_floating,1,0.633,566.13,7.614,96.26,54970.13,9284.02,3175.16,True,physics_simulated_synthetic_dynacard
card_00484_rod_floating.png,rod_floating,1,0.887,228.94,6.549,95.53,46038.28,9314.14,3129.0,True,physics_simulated_synthetic_dynacard
card_00485_rod_floating.png,rod_floating,1,0.609,353.55,7.581,110.39,62375.02,9333.51,3168.23,True,physics_simulated_synthetic_dynacard
card_00486_rod_floating.png,rod_floating,1,0.369,741.8,6.353,83.21,55263.79,9311.72,3189.54,True,physics_simulated_synthetic_dynacard
card_00487_rod_floating.png,rod_floating,1,0.751,1065.21,4.709,69.6,35948.04,9262.97,3149.93,True,physics_simulated_synthetic_dynacard
card_00488_rod_floating.png,rod_floating,1,0.59,131.89,5.84,114.94,66234.24,9308.31,3135.69,True,physics_simulated_synthetic_dynacard
card_00489_rod_floating.png,rod_floating,1,0.443,115.82,2.837,126.8,79228.8,9137.04,3167.54,True,physics_simulated_synthetic_dynacard
card_00490_rod_floating.png,rod_floating,1,0.964,1631.37,3.081,75.72,33068.43,9196.8,3110.65,True,physics_simulated_synthetic_dynacard
card_00491_rod_floating.png,rod_floating,1,0.607,12971.35,3.509,71.56,40930.45,9215.38,3155.81,True,physics_simulated_synthetic_dynacard
card_00492_rod_floating.png,rod_floating,1,0.559,663.3,7.548,73.78,43707.53,9378.06,3183.68,True,physics_simulated_synthetic_dynacard
card_00493_rod_floating.png,rod_floating,1,0.663,1238.0,6.37,114.51,63596.72,9267.29,3192.01,True,physics_simulated_synthetic_dynacard
card_00494_rod_floating.png,rod_floating,1,0.759,3383.03,6.566,102.87,53922.67,9358.38,3159.7,True,physics_simulated_synthetic_dynacard
card_00495_rod_floating.png,rod_floating,1,0.886,79.99,2.587,87.04,40734.26,9154.31,3185.37,True,physics_simulated_synthetic_dynacard
card_00496_rod_floating.png,rod_floating,1,0.846,16787.02,2.948,83.37,39877.69,9185.69,3190.64,True,physics_simulated_synthetic_dynacard
card_00497_rod_floating.png,rod_floating,1,0.75,533.85,7.759,130.26,69284.0,9363.59,3169.65,True,physics_simulated_synthetic_dynacard
card_00498_rod_floating.png,rod_floating,1,0.346,15301.75,5.957,87.92,58696.69,9325.09,3128.3,True,physics_simulated_synthetic_dynacard
card_00499_rod_floating.png,rod_floating,1,0.937,9326.27,5.471,94.98,43073.0,9221.46,3167.74,True,physics_simulated_synthetic_dynacard
card_00500_rod_floating.png,rod_floating,1,0.434,763.7,4.444,128.04,81133.03,9249.04,3159.96,True,physics_simulated_synthetic_dynacard
card_00501_rod_floating.png,rod_floating,1,0.774,147.45,4.763,96.36,49565.92,9214.73,3146.95,True,physics_simulated_synthetic_dynacard
card_00502_rod_floating.png,rod_floating,1,0.939,418.98,5.205,73.41,34081.79,9214.54,3184.88,True,physics_simulated_synthetic_dynacard
card_00503_rod_floating.png,rod_floating,1,0.315,64.9,4.533,71.05,47962.97,9218.76,3183.15,True,physics_simulated_synthetic_dynacard
card_00504_rod_floating.png,rod_floating,1,0.257,1495.89,2.944,84.83,57920.88,9157.56,3160.7,True,physics_simulated_synthetic_dynacard
card_00505_rod_floating.png,rod_floating,1,0.719,887.1,7.478,95.06,49942.58,9392.89,3195.95,True,physics_simulated_synthetic_dynacard
card_00506_rod_floating.png,rod_floating,1,0.616,53.83,3.551,78.9,44204.44,9164.44,3183.26,True,physics_simulated_synthetic_dynacard
card_00507_rod_floating.png,rod_floating,1,0.336,4692.07,4.65,108.9,71716.76,9280.83,3171.73,True,physics_simulated_synthetic_dynacard
card_00508_rod_floating.png,rod_floating,1,0.825,1612.95,7.615,90.39,45196.48,9328.58,3178.36,True,physics_simulated_synthetic_dynacard
card_00509_rod_floating.png,rod_floating,1,0.838,136.02,7.864,126.59,63873.23,9382.22,3179.19,True,physics_simulated_synthetic_dynacard
card_00510_rod_floating.png,rod_floating,1,0.419,6865.46,6.645,93.5,59951.84,9313.98,3190.12,True,physics_simulated_synthetic_dynacard
card_00511_rod_floating.png,rod_floating,1,0.836,246.03,3.764,70.37,34028.5,9199.16,3234.01,True,physics_simulated_synthetic_dynacard
card_00512_rod_floating.png,rod_floating,1,0.594,9759.01,5.049,92.31,52288.59,9247.98,3161.54,True,physics_simulated_synthetic_dynacard
card_00513_rod_floating.png,rod_floating,1,0.871,3514.34,6.347,127.58,61964.19,9371.73,3191.49,True,physics_simulated_synthetic_dynacard
card_00514_rod_floating.png,rod_floating,1,0.653,8477.71,4.009,143.77,80188.57,9256.88,3074.69,True,physics_simulated_synthetic_dynacard
card_00515_rod_floating.png,rod_floating,1,0.79,6417.63,5.65,105.34,52425.24,9293.42,3205.65,True,physics_simulated_synthetic_dynacard
card_00516_rod_floating.png,rod_floating,1,0.523,78.43,3.706,99.36,57682.77,9229.5,3166.1,True,physics_simulated_synthetic_dynacard
card_00517_rod_floating.png,rod_floating,1,0.463,171.34,7.63,122.35,77433.32,9376.04,3129.39,True,physics_simulated_synthetic_dynacard
card_00518_rod_floating.png,rod_floating,1,0.339,878.74,6.689,75.76,51860.04,9335.22,3150.69,True,physics_simulated_synthetic_dynacard
card_00519_rod_floating.png,rod_floating,1,0.616,68.58,3.398,88.23,48936.3,9192.46,3123.93,True,physics_simulated_synthetic_dynacard
card_00520_gas_interference.png,gas_interference,2,0.914,27532.64,6.342,88.41,28171.21,9336.8,3135.97,True,physics_simulated_synthetic_dynacard
card_00521_gas_interference.png,gas_interference,2,0.693,9647.94,3.515,98.15,5236.57,9249.25,3222.01,True,physics_simulated_synthetic_dynacard
card_00522_gas_interference.png,gas_interference,2,0.971,353.84,6.004,80.79,31335.5,9283.04,3118.26,True,physics_simulated_synthetic_dynacard
card_00523_gas_interference.png,gas_interference,2,0.301,3991.03,3.562,67.56,27204.24,9220.82,3123.25,True,physics_simulated_synthetic_dynacard
card_00524_gas_interference.png,gas_interference,2,0.409,380.32,7.988,130.37,37748.7,9366.68,3193.73,True,physics_simulated_synthetic_dynacard
card_00525_gas_interference.png,gas_interference,2,0.917,149.67,6.246,112.72,34597.32,9350.63,3138.41,True,physics_simulated_synthetic_dynacard
card_00526_gas_interference.png,gas_interference,2,0.569,597.2,6.57,110.19,11071.07,9323.79,3151.77,True,physics_simulated_synthetic_dynacard
card_00527_gas_interference.png,gas_interference,2,0.272,187.58,6.916,83.74,36392.1,9361.71,3163.87,True,physics_simulated_synthetic_dynacard
card_00528_gas_interference.png,gas_interference,2,0.703,146.94,5.346,129.94,8657.32,9294.09,3182.86,True,physics_simulated_synthetic_dynacard
card_00529_gas_interference.png,gas_interference,2,0.676,18783.3,5.073,131.34,3149.79,9306.5,3237.81,True,physics_simulated_synthetic_dynacard
card_00530_gas_interference.png,gas_interference,2,0.889,9452.22,7.611,106.85,32332.58,9390.51,3180.07,True,physics_simulated_synthetic_dynacard
card_00531_gas_interference.png,gas_interference,2,0.562,755.56,5.09,88.69,9965.08,9245.29,3220.24,True,physics_simulated_synthetic_dynacard
card_00532_gas_interference.png,gas_interference,2,0.321,4437.2,6.075,118.71,46797.66,9286.89,3130.02,True,physics_simulated_synthetic_dynacard
card_00533_gas_interference.png,gas_interference,2,0.522,490.56,6.239,72.08,11398.59,9348.88,3097.8,True,physics_simulated_synthetic_dynacard
card_00534_gas_interference.png,gas_interference,2,0.286,3092.08,4.309,87.56,40232.7,9218.7,3147.57,True,physics_simulated_synthetic_dynacard
card_00535_gas_interference.png,gas_interference,2,0.98,707.16,3.253,129.17,48512.03,9260.07,3167.04,True,physics_simulated_synthetic_dynacard
card_00536_gas_interference.png,gas_interference,2,0.315,17585.7,7.945,70.59,28924.35,9421.26,3114.09,True,physics_simulated_synthetic_dynacard
card_00537_gas_interference.png,gas_interference,2,0.95,9735.37,7.577,78.64,29181.62,9455.96,3138.39,True,physics_simulated_synthetic_dynacard
card_00538_gas_interference.png,gas_interference,2,0.552,406.05,6.017,116.95,13882.33,9260.46,3177.68,True,physics_simulated_synthetic_dynacard
card_00539_gas_interference.png,gas_interference,2,0.629,1335.38,5.296,86.98,2162.03,9266.44,3176.41,True,physics_simulated_synthetic_dynacard
card_00540_gas_interference.png,gas_interference,2,0.831,411.23,7.058,132.92,28258.63,9390.55,3212.2,True,physics_simulated_synthetic_dynacard
card_00541_gas_interference.png,gas_interference,2,0.864,59.26,2.622,140.79,36386.18,9104.78,3212.75,True,physics_simulated_synthetic_dynacard
card_00542_gas_interference.png,gas_interference,2,0.625,9535.55,4.367,68.05,1156.62,9231.96,3177.72,True,physics_simulated_synthetic_dynacard
card_00543_gas_interference.png,gas_interference,2,0.26,988.71,5.015,139.72,66045.29,9273.73,3139.32,True,physics_simulated_synthetic_dynacard
card_00544_gas_interference.png,gas_interference,2,0.559,69.68,6.739,129.59,13162.28,9300.33,3126.76,True,physics_simulated_synthetic_dynacard
card_00545_gas_interference.png,gas_interference,2,0.671,449.48,2.689,122.0,2896.14,9150.29,3161.29,True,physics_simulated_synthetic_dynacard
card_00546_gas_interference.png,gas_interference,2,0.29,58.83,5.831,91.46,40237.45,9295.09,3180.64,True,physics_simulated_synthetic_dynacard
card_00547_gas_interference.png,gas_interference,2,0.31,97.88,4.159,103.76,41690.54,9303.66,3205.08,True,physics_simulated_synthetic_dynacard
card_00548_gas_interference.png,gas_interference,2,0.722,12116.68,4.341,96.58,9861.35,9204.81,3111.78,True,physics_simulated_synthetic_dynacard
card_00549_gas_interference.png,gas_interference,2,0.738,141.85,6.033,94.39,10022.88,9363.2,3171.95,True,physics_simulated_synthetic_dynacard
card_00550_gas_interference.png,gas_interference,2,0.314,1918.32,2.59,92.62,37366.53,9163.03,3201.3,True,physics_simulated_synthetic_dynacard
card_00551_gas_interference.png,gas_interference,2,0.698,29368.81,4.108,65.28,3663.43,9265.73,3161.68,True,physics_simulated_synthetic_dynacard
card_00552_gas_interference.png,gas_interference,2,0.305,171.25,3.713,105.37,42984.72,9209.09,3184.49,True,physics_simulated_synthetic_dynacard
card_00553_gas_interference.png,gas_interference,2,0.712,1005.84,5.171,85.31,6261.57,9273.59,3180.65,True,physics_simulated_synthetic_dynacard
card_00554_gas_interference.png,gas_interference,2,0.654,74.23,4.85,87.63,259.36,9217.6,3182.5,True,physics_simulated_synthetic_dynacard
card_00555_gas_interference.png,gas_interference,2,0.66,77.97,4.659,130.83,1695.68,9275.48,3198.47,True,physics_simulated_synthetic_dynacard
card_00556_gas_interference.png,gas_interference,2,0.588,861.32,5.872,110.38,7633.05,9298.23,3147.44,True,physics_simulated_synthetic_dynacard
card_00557_gas_interference.png,gas_interference,2,0.683,222.3,5.935,69.11,2681.66,9281.94,3189.08,True,physics_simulated_synthetic_dynacard
card_00558_gas_interference.png,gas_interference,2,0.351,678.99,4.041,97.16,35393.42,9289.95,3202.13,True,physics_simulated_synthetic_dynacard
card_00559_gas_interference.png,gas_interference,2,0.397,241.03,5.865,86.57,25699.57,9277.44,3133.63,True,physics_simulated_synthetic_dynacard
card_00560_gas_interference.png,gas_interference,2,0.771,135.15,6.788,121.77,17516.03,9327.94,3187.57,True,physics_simulated_synthetic_dynacard
card_00561_gas_interference.png,gas_interference,2,0.516,154.59,5.62,133.31,20878.24,9270.1,3219.22,True,physics_simulated_synthetic_dynacard
card_00562_gas_interference.png,gas_interference,2,0.851,4344.26,7.524,141.1,34005.08,9311.23,3085.66,True,physics_simulated_synthetic_dynacard
card_00563_gas_interference.png,gas_interference,2,0.311,1850.82,3.099,116.46,46716.37,9179.35,3170.88,True,physics_simulated_synthetic_dynacard
card_00564_gas_interference.png,gas_interference,2,0.728,697.06,2.622,113.4,9000.89,9225.2,3181.05,True,physics_simulated_synthetic_dynacard
card_00565_gas_interference.png,gas_interference,2,0.543,8167.21,7.179,119.49,16449.76,9374.92,3178.96,True,physics_simulated_synthetic_dynacard
card_00566_gas_interference.png,gas_interference,2,0.99,4566.63,6.407,125.31,52839.64,9331.41,3168.67,True,physics_simulated_synthetic_dynacard
card_00567_gas_interference.png,gas_interference,2,0.497,356.81,3.057,134.3,21567.86,9171.25,3177.24,True,physics_simulated_synthetic_dynacard
card_00568_gas_interference.png,gas_interference,2,0.892,10706.58,7.022,106.24,31105.94,9383.36,3136.35,True,physics_simulated_synthetic_dynacard
card_00569_gas_interference.png,gas_interference,2,0.666,148.94,3.369,96.55,2247.73,9141.75,3141.16,True,physics_simulated_synthetic_dynacard
card_00570_gas_interference.png,gas_interference,2,0.453,904.0,3.56,126.82,30061.61,9213.48,3162.21,True,physics_simulated_synthetic_dynacard
card_00571_gas_interference.png,gas_interference,2,0.539,7297.54,3.898,131.08,17607.44,9292.64,3153.09,True,physics_simulated_synthetic_dynacard
card_00572_gas_interference.png,gas_interference,2,0.888,169.13,3.002,101.37,28216.99,9174.17,3206.6,True,physics_simulated_synthetic_dynacard
card_00573_gas_interference.png,gas_interference,2,0.743,9820.61,7.903,68.18,6856.58,9392.95,3150.95,True,physics_simulated_synthetic_dynacard
card_00574_gas_interference.png,gas_interference,2,0.445,717.39,2.979,127.59,31778.24,9146.49,3210.31,True,physics_simulated_synthetic_dynacard
card_00575_gas_interference.png,gas_interference,2,0.58,869.3,7.203,89.25,7572.88,9297.36,3122.45,True,physics_simulated_synthetic_dynacard
card_00576_gas_interference.png,gas_interference,2,0.357,7695.39,3.993,66.55,24117.3,9257.45,3194.38,True,physics_simulated_synthetic_dynacard
card_00577_gas_interference.png,gas_interference,2,0.955,50.97,4.649,126.32,46677.09,9291.93,3160.88,True,physics_simulated_synthetic_dynacard
card_00578_gas_interference.png,gas_interference,2,0.53,8373.92,6.26,111.53,16881.38,9349.16,3153.47,True,physics_simulated_synthetic_dynacard
card_00579_gas_interference.png,gas_interference,2,0.765,19754.92,5.57,105.0,13923.12,9316.11,3185.49,True,physics_simulated_synthetic_dynacard
card_00580_gas_interference.png,gas_interference,2,0.67,395.62,4.014,82.63,1832.19,9206.92,3140.88,True,physics_simulated_synthetic_dynacard
card_00581_gas_interference.png,gas_interference,2,0.831,3788.07,5.94,81.02,17842.26,9280.46,3150.87,True,physics_simulated_synthetic_dynacard
card_00582_gas_interference.png,gas_interference,2,0.326,889.05,4.464,109.36,42793.87,9220.02,3133.22,True,physics_simulated_synthetic_dynacard
card_00583_gas_interference.png,gas_interference,2,0.613,182.28,4.359,99.18,4624.92,9256.52,3131.39,True,physics_simulated_synthetic_dynacard
card_00584_gas_interference.png,gas_interference,2,0.853,334.44,7.752,68.21,16997.1,9332.04,3212.41,True,physics_simulated_synthetic_dynacard
card_00585_gas_interference.png,gas_interference,2,0.446,18232.02,7.468,105.15,25862.99,9355.72,3181.21,True,physics_simulated_synthetic_dynacard
card_00586_gas_interference.png,gas_interference,2,0.385,325.49,3.718,94.29,28536.81,9193.15,3221.94,True,physics_simulated_synthetic_dynacard
card_00587_gas_interference.png,gas_interference,2,0.792,10647.62,7.553,114.9,18832.33,9417.13,3203.16,True,physics_simulated_synthetic_dynacard
card_00588_gas_interference.png,gas_interference,2,0.672,151.38,3.201,114.9,2142.39,9238.75,3208.69,True,physics_simulated_synthetic_dynacard
card_00589_gas_interference.png,gas_interference,2,0.956,1500.26,7.168,115.76,42694.69,9304.3,3152.83,True,physics_simulated_synthetic_dynacard
card_00590_gas_interference.png,gas_interference,2,0.832,1719.05,3.006,83.42,18506.29,9223.96,3178.58,True,physics_simulated_synthetic_dynacard
card_00591_gas_interference.png,gas_interference,2,0.893,18444.47,7.181,117.34,33188.39,9413.62,3183.91,True,physics_simulated_synthetic_dynacard
card_00592_gas_interference.png,gas_interference,2,0.753,258.47,5.233,87.04,10589.32,9274.45,3157.85,True,physics_simulated_synthetic_dynacard
card_00593_gas_interference.png,gas_interference,2,0.556,10375.69,7.774,136.27,17351.24,9375.1,3130.77,True,physics_simulated_synthetic_dynacard
card_00594_gas_interference.png,gas_interference,2,0.455,3951.74,6.25,72.38,16615.3,9304.54,3207.86,True,physics_simulated_synthetic_dynacard
card_00595_gas_interference.png,gas_interference,2,0.75,587.15,6.239,108.8,13702.98,9284.61,3188.82,True,physics_simulated_synthetic_dynacard
card_00596_gas_interference.png,gas_interference,2,0.539,15390.46,6.23,100.54,14213.19,9338.57,3192.01,True,physics_simulated_synthetic_dynacard
card_00597_gas_interference.png,gas_interference,2,0.502,668.47,3.013,77.18,13056.28,9200.64,3168.55,True,physics_simulated_synthetic_dynacard
card_00598_gas_interference.png,gas_interference,2,0.666,13394.27,4.279,77.05,1679.23,9282.87,3232.07,True,physics_simulated_synthetic_dynacard
card_00599_gas_interference.png,gas_interference,2,0.764,521.89,7.08,83.01,11535.14,9349.17,3208.58,True,physics_simulated_synthetic_dynacard
card_00600_gas_interference.png,gas_interference,2,0.915,1171.29,3.501,111.52,36197.93,9248.25,3230.0,True,physics_simulated_synthetic_dynacard
card_00601_gas_interference.png,gas_interference,2,0.439,3994.43,6.754,105.29,26995.61,9350.88,3139.04,True,physics_simulated_synthetic_dynacard
card_00602_gas_interference.png,gas_interference,2,0.794,7093.45,3.759,105.56,18005.12,9226.97,3176.88,True,physics_simulated_synthetic_dynacard
card_00603_gas_interference.png,gas_interference,2,0.948,9527.83,5.16,94.1,33229.99,9311.96,3138.54,True,physics_simulated_synthetic_dynacard
card_00604_gas_interference.png,gas_interference,2,0.32,23612.46,6.146,132.98,53398.33,9358.92,3193.5,True,physics_simulated_synthetic_dynacard
card_00605_gas_interference.png,gas_interference,2,0.355,7386.51,4.657,81.67,29988.2,9220.25,3155.79,True,physics_simulated_synthetic_dynacard
card_00606_gas_interference.png,gas_interference,2,0.515,349.2,3.967,96.68,16014.43,9212.9,3187.87,True,physics_simulated_synthetic_dynacard
card_00607_gas_interference.png,gas_interference,2,0.567,7330.14,3.061,68.32,6715.45,9215.77,3146.03,True,physics_simulated_synthetic_dynacard
card_00608_gas_interference.png,gas_interference,2,0.323,18672.59,5.852,105.94,42120.51,9271.47,3184.22,True,physics_simulated_synthetic_dynacard
card_00609_gas_interference.png,gas_interference,2,0.748,3436.72,4.42,116.48,12059.38,9217.63,3133.22,True,physics_simulated_synthetic_dynacard
card_00610_gas_interference.png,gas_interference,2,0.393,1069.99,3.59,84.33,26261.11,9253.48,3181.91,True,physics_simulated_synthetic_dynacard
card_00611_gas_interference.png,gas_interference,2,0.531,2297.31,7.356,133.08,18777.32,9352.47,3171.98,True,physics_simulated_synthetic_dynacard
card_00612_gas_interference.png,gas_interference,2,0.722,2022.75,7.541,106.28,8738.49,9437.87,3127.03,True,physics_simulated_synthetic_dynacard
card_00613_gas_interference.png,gas_interference,2,0.599,370.52,3.205,120.36,8502.77,9260.27,3237.74,True,physics_simulated_synthetic_dynacard
card_00614_gas_interference.png,gas_interference,2,0.512,11302.71,2.889,132.42,21162.06,9155.43,3123.37,True,physics_simulated_synthetic_dynacard
card_00615_gas_interference.png,gas_interference,2,0.626,16787.87,4.936,108.23,2591.74,9263.83,3079.56,True,physics_simulated_synthetic_dynacard
card_00616_gas_interference.png,gas_interference,2,0.468,183.96,3.604,133.09,30213.59,9187.16,3183.38,True,physics_simulated_synthetic_dynacard
card_00617_gas_interference.png,gas_interference,2,0.613,146.04,6.998,74.2,2778.98,9313.8,3160.02,True,physics_simulated_synthetic_dynacard
card_00618_gas_interference.png,gas_interference,2,0.774,635.49,3.723,112.87,16363.8,9196.71,3129.24,True,physics_simulated_synthetic_dynacard
card_00619_gas_interference.png,gas_interference,2,0.993,16071.97,6.919,137.53,56801.65,9313.05,3135.01,True,physics_simulated_synthetic_dynacard
card_00620_gas_interference.png,gas_interference,2,0.876,13884.03,3.207,142.42,37169.15,9157.72,3209.56,True,physics_simulated_synthetic_dynacard
card_00621_gas_interference.png,gas_interference,2,0.28,1928.04,4.782,118.86,53753.05,9342.28,3239.14,True,physics_simulated_synthetic_dynacard
card_00622_gas_interference.png,gas_interference,2,0.742,7742.13,5.437,125.23,14739.16,9275.62,3149.75,True,physics_simulated_synthetic_dynacard
card_00623_gas_interference.png,gas_interference,2,0.365,229.96,4.552,119.97,40794.2,9221.49,3156.93,True,physics_simulated_synthetic_dynacard
card_00624_gas_interference.png,gas_interference,2,0.784,29956.2,4.952,88.77,14406.94,9281.76,3153.0,True,physics_simulated_synthetic_dynacard
card_00625_gas_interference.png,gas_interference,2,0.267,2574.64,5.604,65.92,30346.03,9298.57,3201.44,True,physics_simulated_synthetic_dynacard
card_00626_gas_interference.png,gas_interference,2,0.7,10043.5,6.367,117.18,6699.77,9408.94,3132.67,True,physics_simulated_synthetic_dynacard
card_00627_gas_interference.png,gas_interference,2,0.945,19217.81,7.762,81.38,28911.98,9366.7,3128.62,True,physics_simulated_synthetic_dynacard
card_00628_gas_interference.png,gas_interference,2,0.598,51.49,3.354,66.4,4576.62,9182.54,3135.54,True,physics_simulated_synthetic_dynacard
card_00629_gas_interference.png,gas_interference,2,0.669,3366.8,7.235,68.15,1707.81,9391.69,3077.53,True,physics_simulated_synthetic_dynacard
card_00630_gas_interference.png,gas_interference,2,0.271,200.27,5.98,65.64,30851.18,9305.42,3176.01,True,physics_simulated_synthetic_dynacard
card_00631_gas_interference.png,gas_interference,2,0.927,381.95,5.868,68.41,23360.51,9311.34,3195.15,True,physics_simulated_synthetic_dynacard
card_00632_gas_interference.png,gas_interference,2,0.493,425.44,2.809,74.56,14596.55,9142.71,3171.23,True,physics_simulated_synthetic_dynacard
card_00633_gas_interference.png,gas_interference,2,0.321,8017.96,3.141,91.79,36375.65,9230.91,3197.11,True,physics_simulated_synthetic_dynacard
card_00634_gas_interference.png,gas_interference,2,0.954,1303.76,6.999,128.12,48339.06,9315.06,3191.52,True,physics_simulated_synthetic_dynacard
card_00635_gas_interference.png,gas_interference,2,0.275,77.24,5.324,138.09,61895.15,9242.98,3131.27,True,physics_simulated_synthetic_dynacard
card_00636_gas_interference.png,gas_interference,2,0.304,1203.85,5.614,94.17,38301.13,9289.65,3177.55,True,physics_simulated_synthetic_dynacard
card_00637_gas_interference.png,gas_interference,2,0.422,58.21,7.764,134.82,39539.32,9394.75,3168.17,True,physics_simulated_synthetic_dynacard
card_00638_gas_interference.png,gas_interference,2,0.956,19581.48,5.577,128.79,49386.41,9232.09,3114.6,True,physics_simulated_synthetic_dynacard
card_00639_gas_interference.png,gas_interference,2,0.526,2657.64,4.609,138.94,19137.94,9265.24,3184.16,True,physics_simulated_synthetic_dynacard
card_00640_gas_interference.png,gas_interference,2,0.469,80.69,6.151,124.78,26522.81,9271.95,3186.94,True,physics_simulated_synthetic_dynacard
card_00641_gas_interference.png,gas_interference,2,0.976,28184.21,3.109,103.47,40994.07,9198.88,3140.07,True,physics_simulated_synthetic_dynacard
card_00642_gas_interference.png,gas_interference,2,0.628,1401.95,7.807,66.18,2318.92,9394.5,3114.13,True,physics_simulated_synthetic_dynacard
card_00643_gas_interference.png,gas_interference,2,0.639,397.51,3.643,135.67,2080.68,9242.74,3066.51,True,physics_simulated_synthetic_dynacard
card_00644_gas_interference.png,gas_interference,2,0.771,783.01,5.974,114.34,16989.99,9292.57,3173.59,True,physics_simulated_synthetic_dynacard
card_00645_gas_interference.png,gas_interference,2,0.545,12064.24,3.827,83.21,9781.24,9210.78,3196.48,True,physics_simulated_synthetic_dynacard
card_00646_gas_interference.png,gas_interference,2,0.759,24007.8,5.446,65.01,8185.09,9273.92,3157.52,True,physics_simulated_synthetic_dynacard
card_00647_gas_interference.png,gas_interference,2,0.368,1358.4,6.626,86.51,29956.69,9342.32,3179.15,True,physics_simulated_synthetic_dynacard
card_00648_gas_interference.png,gas_interference,2,0.998,1071.44,6.379,104.33,44344.94,9326.05,3135.5,True,physics_simulated_synthetic_dynacard
card_00649_gas_interference.png,gas_interference,2,0.895,1562.61,6.644,96.71,28674.06,9355.88,3160.24,True,physics_simulated_synthetic_dynacard
card_00650_gas_interference.png,gas_interference,2,0.361,248.93,4.033,94.98,32742.58,9233.08,3148.12,True,physics_simulated_synthetic_dynacard
card_00651_gas_interference.png,gas_interference,2,0.472,349.19,2.86,138.48,27513.28,9136.18,3217.94,True,physics_simulated_synthetic_dynacard
card_00652_gas_interference.png,gas_interference,2,0.88,24934.86,4.127,79.64,20848.56,9270.59,3218.6,True,physics_simulated_synthetic_dynacard
card_00653_gas_interference.png,gas_interference,2,0.521,3078.85,5.337,66.61,9591.05,9264.82,3203.65,True,physics_simulated_synthetic_dynacard
card_00654_gas_interference.png,gas_interference,2,0.544,2670.65,3.019,136.99,16025.91,9210.63,3233.89,True,physics_simulated_synthetic_dynacard
card_00655_gas_interference.png,gas_interference,2,0.303,120.62,3.196,68.89,28093.59,9205.36,3219.93,True,physics_simulated_synthetic_dynacard
card_00656_gas_interference.png,gas_interference,2,0.98,1575.83,4.555,94.25,36149.58,9262.53,3134.85,True,physics_simulated_synthetic_dynacard
card_00657_gas_interference.png,gas_interference,2,0.492,19326.11,6.219,87.77,16631.23,9280.67,3162.97,True,physics_simulated_synthetic_dynacard
card_00658_gas_interference.png,gas_interference,2,0.791,2075.51,6.168,126.27,20399.83,9342.63,3194.05,True,physics_simulated_synthetic_dynacard
card_00659_gas_interference.png,gas_interference,2,0.847,22867.25,3.165,67.18,16340.97,9186.82,3201.44,True,physics_simulated_synthetic_dynacard
card_00660_gas_interference.png,gas_interference,2,0.946,114.73,4.003,133.72,48644.86,9203.33,3174.81,True,physics_simulated_synthetic_dynacard
card_00661_gas_interference.png,gas_interference,2,0.361,1250.93,2.949,132.34,46025.73,9130.45,3201.75,True,physics_simulated_synthetic_dynacard
card_00662_gas_interference.png,gas_interference,2,0.412,8160.13,3.823,137.6,38226.72,9244.52,3214.68,True,physics_simulated_synthetic_dynacard
card_00663_gas_interference.png,gas_interference,2,0.903,24591.6,3.262,85.69,25988.71,9203.73,3220.42,True,physics_simulated_synthetic_dynacard
card_00664_gas_interference.png,gas_interference,2,0.843,15979.11,5.82,121.2,29241.59,9344.46,3189.57,True,physics_simulated_synthetic_dynacard
card_00665_gas_interference.png,gas_interference,2,0.471,1415.58,4.871,105.46,22947.47,9267.56,3118.86,True,physics_simulated_synthetic_dynacard
card_00666_gas_interference.png,gas_interference,2,0.757,10835.79,4.577,104.98,14073.89,9242.02,3251.54,True,physics_simulated_synthetic_dynacard
card_00667_gas_interference.png,gas_interference,2,0.318,3229.16,5.706,75.29,31578.87,9299.09,3167.14,True,physics_simulated_synthetic_dynacard
card_00668_gas_interference.png,gas_interference,2,0.581,305.03,6.887,96.93,8695.47,9351.02,3201.43,True,physics_simulated_synthetic_dynacard
card_00669_gas_interference.png,gas_interference,2,0.714,6132.76,5.713,107.35,7719.54,9294.24,3142.8,True,physics_simulated_synthetic_dynacard
card_00670_gas_interference.png,gas_interference,2,0.882,516.02,4.903,101.04,27701.26,9230.42,3194.74,True,physics_simulated_synthetic_dynacard
card_00671_gas_interference.png,gas_interference,2,0.931,675.78,2.829,73.17,23887.38,9190.48,3139.98,True,physics_simulated_synthetic_dynacard
card_00672_gas_interference.png,gas_interference,2,0.838,346.7,3.44,109.45,24780.26,9172.73,3161.65,True,physics_simulated_synthetic_dynacard
card_00673_gas_interference.png,gas_interference,2,0.271,17008.68,5.019,101.41,46278.03,9292.56,3136.64,True,physics_simulated_synthetic_dynacard
card_00674_gas_interference.png,gas_interference,2,0.774,989.85,3.757,80.78,11496.63,9179.63,3186.37,True,physics_simulated_synthetic_dynacard
card_00675_gas_interference.png,gas_interference,2,0.619,198.2,6.63,97.63,3399.7,9375.31,3166.17,True,physics_simulated_synthetic_dynacard
card_00676_gas_interference.png,gas_interference,2,0.357,610.94,2.817,68.97,23668.79,9184.6,3156.68,True,physics_simulated_synthetic_dynacard
card_00677_gas_interference.png,gas_interference,2,0.46,251.42,6.79,143.48,31295.93,9357.14,3115.44,True,physics_simulated_synthetic_dynacard
card_00678_gas_interference.png,gas_interference,2,0.572,5219.07,4.532,92.23,9221.87,9311.14,3184.52,True,physics_simulated_synthetic_dynacard
card_00679_gas_interference.png,gas_interference,2,0.646,177.38,7.185,97.07,427.97,9315.07,3082.05,True,physics_simulated_synthetic_dynacard
card_00680_gas_interference.png,gas_interference,2,0.977,56.9,7.685,115.49,45334.51,9331.99,3110.54,True,physics_simulated_synthetic_dynacard
card_00681_gas_interference.png,gas_interference,2,0.319,3006.48,6.845,70.53,28877.04,9299.22,3169.03,True,physics_simulated_synthetic_dynacard
card_00682_gas_interference.png,gas_interference,2,0.498,370.43,5.801,135.92,25398.12,9329.72,3142.19,True,physics_simulated_synthetic_dynacard
card_00683_gas_interference.png,gas_interference,2,0.524,628.87,5.82,136.63,20551.45,9303.35,3222.53,True,physics_simulated_synthetic_dynacard
card_00684_gas_interference.png,gas_interference,2,0.39,1280.45,3.371,106.99,32580.58,9204.9,3239.04,True,physics_simulated_synthetic_dynacard
card_00685_gas_interference.png,gas_interference,2,0.827,9702.8,3.747,104.07,22344.07,9240.04,3202.02,True,physics_simulated_synthetic_dynacard
card_00686_gas_interference.png,gas_interference,2,0.588,306.13,6.491,132.73,10309.19,9272.99,3171.23,True,physics_simulated_synthetic_dynacard
card_00687_gas_interference.png,gas_interference,2,0.668,78.66,7.677,80.7,987.96,9369.89,3134.51,True,physics_simulated_synthetic_dynacard
card_00688_gas_interference.png,gas_interference,2,0.89,7696.14,4.195,132.44,37839.48,9225.79,3182.61,True,physics_simulated_synthetic_dynacard
card_00689_gas_interference.png,gas_interference,2,0.42,241.43,4.873,92.04,24676.81,9247.86,3171.7,True,physics_simulated_synthetic_dynacard
card_00690_gas_interference.png,gas_interference,2,0.345,571.75,3.608,95.29,34779.41,9232.06,3146.13,True,physics_simulated_synthetic_dynacard
card_00691_gas_interference.png,gas_interference,2,0.328,6814.48,6.107,85.6,32960.29,9308.23,3177.38,True,physics_simulated_synthetic_dynacard
card_00692_gas_interference.png,gas_interference,2,0.329,27413.26,7.799,134.87,53116.44,9381.74,3122.8,True,physics_simulated_synthetic_dynacard
card_00693_gas_interference.png,gas_interference,2,0.771,5165.07,6.004,81.6,11900.68,9281.13,3142.54,True,physics_simulated_synthetic_dynacard
card_00694_gas_interference.png,gas_interference,2,0.946,16552.71,4.369,75.36,27308.08,9222.23,3178.79,True,physics_simulated_synthetic_dynacard
card_00695_gas_interference.png,gas_interference,2,0.482,378.12,6.084,94.53,18867.57,9241.12,3179.78,True,physics_simulated_synthetic_dynacard
card_00696_gas_interference.png,gas_interference,2,0.96,517.47,6.831,104.3,39932.47,9276.35,3186.81,True,physics_simulated_synthetic_dynacard
card_00697_gas_interference.png,gas_interference,2,0.644,1237.65,6.558,96.58,211.56,9254.72,3142.31,True,physics_simulated_synthetic_dynacard
card_00698_gas_interference.png,gas_interference,2,0.952,2064.71,4.209,140.45,51785.51,9210.64,3206.98,True,physics_simulated_synthetic_dynacard
card_00699_gas_interference.png,gas_interference,2,0.442,28475.94,3.713,108.53,27316.17,9322.12,3182.84,True,physics_simulated_synthetic_dynacard
card_00700_gas_interference.png,gas_interference,2,0.885,169.03,5.99,128.6,35763.26,9320.79,3181.63,True,physics_simulated_synthetic_dynacard
card_00701_gas_interference.png,gas_interference,2,0.479,18040.08,6.528,124.21,23986.16,9379.2,3136.17,True,physics_simulated_synthetic_dynacard
card_00702_gas_interference.png,gas_interference,2,0.88,16275.39,7.36,129.16,35429.98,9347.27,3211.72,True,physics_simulated_synthetic_dynacard
card_00703_gas_interference.png,gas_interference,2,0.643,249.49,4.621,102.29,1117.4,9316.14,3187.84,True,physics_simulated_synthetic_dynacard
card_00704_gas_interference.png,gas_interference,2,0.649,386.65,5.479,77.84,829.67,9262.04,3088.32,True,physics_simulated_synthetic_dynacard
card_00705_gas_interference.png,gas_interference,2,0.435,183.54,4.543,131.56,35781.08,9295.82,3159.92,True,physics_simulated_synthetic_dynacard
card_00706_gas_interference.png,gas_interference,2,0.794,3346.62,4.654,139.41,24337.05,9225.63,3186.26,True,physics_simulated_synthetic_dynacard
card_00707_gas_interference.png,gas_interference,2,0.711,2652.39,3.234,77.17,5211.19,9178.21,3141.69,True,physics_simulated_synthetic_dynacard
card_00708_gas_interference.png,gas_interference,2,0.714,669.85,5.738,107.54,8286.17,9304.56,3218.55,True,physics_simulated_synthetic_dynacard
card_00709_gas_interference.png,gas_interference,2,0.529,261.3,3.261,68.12,9581.65,9172.34,3216.91,True,physics_simulated_synthetic_dynacard
card_00710_gas_interference.png,gas_interference,2,0.671,58.86,6.341,78.75,1133.54,9318.43,3158.81,True,physics_simulated_synthetic_dynacard
card_00711_gas_interference.png,gas_interference,2,0.49,133.34,4.147,90.87,16046.3,9202.73,3153.63,True,physics_simulated_synthetic_dynacard
card_00712_gas_interference.png,gas_interference,2,0.397,1350.29,2.768,88.43,25781.37,9119.22,3158.84,True,physics_simulated_synthetic_dynacard
card_00713_gas_interference.png,gas_interference,2,0.525,10293.76,3.409,121.7,17548.66,9231.87,3153.41,True,physics_simulated_synthetic_dynacard
card_00714_gas_interference.png,gas_interference,2,0.648,3629.12,6.986,94.04,299.68,9295.48,3199.9,True,physics_simulated_synthetic_dynacard
card_00715_gas_interference.png,gas_interference,2,0.255,212.6,7.015,67.28,31590.63,9339.08,3125.82,True,physics_simulated_synthetic_dynacard
card_00716_gas_interference.png,gas_interference,2,0.847,2261.08,7.69,138.76,33621.94,9343.93,3210.51,True,physics_simulated_synthetic_dynacard
card_00717_gas_interference.png,gas_interference,2,0.863,389.29,4.212,139.73,34931.39,9221.23,3161.31,True,physics_simulated_synthetic_dynacard
card_00718_gas_interference.png,gas_interference,2,0.98,1760.62,7.95,108.41,44909.79,9367.46,3170.19,True,physics_simulated_synthetic_dynacard
card_00719_gas_interference.png,gas_interference,2,0.825,4566.59,3.964,98.59,21387.52,9185.52,3211.1,True,physics_simulated_synthetic_dynacard
card_00720_gas_interference.png,gas_interference,2,0.977,184.7,6.621,81.06,32189.65,9252.01,3159.55,True,physics_simulated_synthetic_dynacard
card_00721_gas_interference.png,gas_interference,2,0.763,91.07,7.87,141.85,18669.4,9352.12,3127.76,True,physics_simulated_synthetic_dynacard
card_00722_gas_interference.png,gas_interference,2,0.673,724.72,5.403,78.97,2802.42,9292.04,3168.13,True,physics_simulated_synthetic_dynacard
card_00723_gas_interference.png,gas_interference,2,0.976,281.61,7.312,127.25,49698.33,9409.99,3151.34,True,physics_simulated_synthetic_dynacard
card_00724_gas_interference.png,gas_interference,2,0.748,19708.89,5.199,95.74,11324.58,9277.67,3185.56,True,physics_simulated_synthetic_dynacard
card_00725_gas_interference.png,gas_interference,2,0.628,1777.74,3.555,116.05,3010.67,9193.55,3146.38,True,physics_simulated_synthetic_dynacard
card_00726_gas_interference.png,gas_interference,2,0.595,1180.36,4.823,64.43,4679.67,9204.12,3177.58,True,physics_simulated_synthetic_dynacard
card_00727_gas_interference.png,gas_interference,2,0.892,88.99,6.025,143.32,41364.21,9246.79,3179.61,True,physics_simulated_synthetic_dynacard
card_00728_gas_interference.png,gas_interference,2,0.419,196.51,2.741,109.12,30030.03,9188.73,3164.08,True,physics_simulated_synthetic_dynacard
card_00729_gas_interference.png,gas_interference,2,0.763,6124.33,3.18,90.56,11230.69,9182.55,3156.88,True,physics_simulated_synthetic_dynacard
card_00730_gas_interference.png,gas_interference,2,0.977,3329.92,5.533,69.19,26691.67,9270.78,3187.14,True,physics_simulated_synthetic_dynacard
card_00731_gas_interference.png,gas_interference,2,0.3,141.02,6.09,81.34,34662.12,9307.14,3156.03,True,physics_simulated_synthetic_dynacard
card_00732_gas_interference.png,gas_interference,2,0.922,404.57,5.305,120.05,38839.15,9258.55,3196.97,True,physics_simulated_synthetic_dynacard
card_00733_gas_interference.png,gas_interference,2,0.745,17263.05,2.656,137.77,15733.19,9164.94,3164.77,True,physics_simulated_synthetic_dynacard
card_00734_gas_interference.png,gas_interference,2,0.425,761.16,5.054,143.48,41035.56,9274.28,3178.26,True,physics_simulated_synthetic_dynacard
card_00735_gas_interference.png,gas_interference,2,0.359,3727.95,7.805,91.48,31471.19,9461.56,3154.0,True,physics_simulated_synthetic_dynacard
card_00736_gas_interference.png,gas_interference,2,0.839,66.8,7.053,99.38,22982.45,9286.01,3117.34,True,physics_simulated_synthetic_dynacard
card_00737_gas_interference.png,gas_interference,2,0.93,1725.27,4.37,78.67,25880.6,9193.68,3210.6,True,physics_simulated_synthetic_dynacard
card_00738_gas_interference.png,gas_interference,2,0.813,123.77,4.885,111.94,21180.47,9247.62,3187.22,True,physics_simulated_synthetic_dynacard
card_00739_gas_interference.png,gas_interference,2,0.652,14482.92,3.193,89.78,79.02,9165.48,3147.8,True,physics_simulated_synthetic_dynacard
card_00740_gas_interference.png,gas_interference,2,0.64,1620.77,6.026,138.41,2156.79,9277.49,3162.75,True,physics_simulated_synthetic_dynacard
card_00741_gas_interference.png,gas_interference,2,0.77,124.54,4.878,125.45,19498.08,9250.73,3199.92,True,physics_simulated_synthetic_dynacard
card_00742_gas_interference.png,gas_interference,2,0.33,315.09,2.685,138.04,51166.25,9156.72,3167.62,True,physics_simulated_synthetic_dynacard
card_00743_gas_interference.png,gas_interference,2,0.549,2113.57,7.568,128.98,17652.0,9441.29,3167.12,True,physics_simulated_synthetic_dynacard
card_00744_gas_interference.png,gas_interference,2,0.627,217.7,4.589,130.4,2986.77,9279.09,3252.49,True,physics_simulated_synthetic_dynacard
card_00745_gas_interference.png,gas_interference,2,0.985,372.53,4.735,135.6,53521.07,9231.25,3222.88,True,physics_simulated_synthetic_dynacard
card_00746_gas_interference.png,gas_interference,2,0.994,62.18,2.988,90.38,37113.06,9191.49,3235.27,True,physics_simulated_synthetic_dynacard
card_00747_gas_interference.png,gas_interference,2,0.443,7459.92,4.979,131.93,32997.51,9262.15,3153.49,True,physics_simulated_synthetic_dynacard
card_00748_gas_interference.png,gas_interference,2,0.991,1326.71,7.812,87.04,35585.33,9341.9,3141.81,True,physics_simulated_synthetic_dynacard
card_00749_gas_interference.png,gas_interference,2,0.396,215.55,5.192,87.74,26633.27,9243.15,3100.26,True,physics_simulated_synthetic_dynacard
card_00750_gas_interference.png,gas_interference,2,0.847,14801.15,3.597,85.02,19926.87,9224.47,3217.36,True,physics_simulated_synthetic_dynacard
card_00751_gas_interference.png,gas_interference,2,0.576,62.97,6.937,91.01,7412.47,9311.86,3153.11,True,physics_simulated_synthetic_dynacard
card_00752_gas_interference.png,gas_interference,2,0.771,9110.89,5.754,133.03,18663.34,9244.11,3162.89,True,physics_simulated_synthetic_dynacard
card_00753_gas_interference.png,gas_interference,2,0.682,494.03,4.196,127.8,3756.78,9147.9,3134.5,True,physics_simulated_synthetic_dynacard
card_00754_gas_interference.png,gas_interference,2,0.553,1215.54,4.836,124.37,14245.25,9242.08,3150.67,True,physics_simulated_synthetic_dynacard
card_00755_gas_interference.png,gas_interference,2,0.696,5663.28,5.329,121.95,6221.57,9293.36,3094.35,True,physics_simulated_synthetic_dynacard
card_00756_gas_interference.png,gas_interference,2,0.69,2300.03,6.903,96.93,4152.53,9325.66,3205.1,True,physics_simulated_synthetic_dynacard
card_00757_gas_interference.png,gas_interference,2,0.432,12250.88,4.635,81.22,21447.97,9172.04,3169.07,True,physics_simulated_synthetic_dynacard
card_00758_gas_interference.png,gas_interference,2,0.484,1006.04,5.311,118.01,24067.15,9302.74,3169.44,True,physics_simulated_synthetic_dynacard
card_00759_gas_interference.png,gas_interference,2,0.53,75.61,2.947,129.42,17439.77,9195.46,3165.15,True,physics_simulated_synthetic_dynacard
card_00760_gas_interference.png,gas_interference,2,0.258,3417.09,7.285,124.96,60845.19,9378.93,3130.89,True,physics_simulated_synthetic_dynacard
card_00761_gas_interference.png,gas_interference,2,0.623,6093.69,7.937,122.01,2906.61,9390.69,3180.98,True,physics_simulated_synthetic_dynacard
card_00762_gas_interference.png,gas_interference,2,0.46,18433.41,7.942,143.71,33950.29,9374.07,3177.43,True,physics_simulated_synthetic_dynacard
card_00763_gas_interference.png,gas_interference,2,0.5,9279.23,4.077,130.74,23842.42,9290.74,3140.0,True,physics_simulated_synthetic_dynacard
card_00764_gas_interference.png,gas_interference,2,0.794,19499.38,7.096,130.91,21903.2,9321.3,3146.35,True,physics_simulated_synthetic_dynacard
card_00765_gas_interference.png,gas_interference,2,0.949,539.22,5.978,82.59,30041.01,9391.48,3181.54,True,physics_simulated_synthetic_dynacard
card_00766_gas_interference.png,gas_interference,2,0.905,21579.98,5.652,140.53,43265.83,9257.96,3203.8,True,physics_simulated_synthetic_dynacard
card_00767_gas_interference.png,gas_interference,2,0.488,534.24,4.674,82.55,16309.31,9224.96,3116.59,True,physics_simulated_synthetic_dynacard
card_00768_gas_interference.png,gas_interference,2,0.922,671.42,6.513,106.75,34350.52,9346.18,3171.65,True,physics_simulated_synthetic_dynacard
card_00769_gas_interference.png,gas_interference,2,0.302,7059.97,7.802,69.66,29675.27,9349.64,3187.67,True,physics_simulated_synthetic_dynacard
card_00770_gas_interference.png,gas_interference,2,0.965,4485.83,4.613,139.77,53093.71,9294.96,3198.7,True,physics_simulated_synthetic_dynacard
card_00771_gas_interference.png,gas_interference,2,0.593,149.53,5.777,96.93,6841.04,9213.75,3181.86,True,physics_simulated_synthetic_dynacard
card_00772_gas_interference.png,gas_interference,2,0.279,8641.15,7.182,65.01,29393.52,9315.99,3086.52,True,physics_simulated_synthetic_dynacard
card_00773_gas_interference.png,gas_interference,2,0.522,556.41,2.678,137.59,21520.38,9219.42,3202.8,True,physics_simulated_synthetic_dynacard
card_00774_gas_interference.png,gas_interference,2,0.872,354.42,7.194,109.21,29453.28,9339.66,3113.22,True,physics_simulated_synthetic_dynacard
card_00775_gas_interference.png,gas_interference,2,0.913,12912.34,6.674,139.69,45405.01,9338.37,3179.19,True,physics_simulated_synthetic_dynacard
card_00776_gas_interference.png,gas_interference,2,0.556,366.87,5.925,82.58,9906.76,9251.48,3185.42,True,physics_simulated_synthetic_dynacard
card_00777_gas_interference.png,gas_interference,2,0.865,77.72,3.7,139.29,34779.67,9230.79,3219.89,True,physics_simulated_synthetic_dynacard
card_00778_gas_interference.png,gas_interference,2,0.784,68.0,3.611,91.26,14645.98,9193.05,3239.47,True,physics_simulated_synthetic_dynacard
card_00779_gas_interference.png,gas_interference,2,0.979,4494.4,2.549,96.43,36863.3,9174.81,3178.58,True,physics_simulated_synthetic_dynacard
card_00780_pump_off.png,pump_off,3,0.396,193.82,3.248,125.7,38389.88,5182.02,3204.77,True,physics_simulated_synthetic_dynacard
card_00781_pump_off.png,pump_off,3,0.777,7389.99,4.192,87.28,21315.27,4618.44,3204.26,True,physics_simulated_synthetic_dynacard
card_00782_pump_off.png,pump_off,3,0.592,4565.5,5.791,125.78,33547.82,5012.17,3176.15,True,physics_simulated_synthetic_dynacard
card_00783_pump_off.png,pump_off,3,0.959,12475.6,7.434,100.74,20232.42,4352.64,3151.52,True,physics_simulated_synthetic_dynacard
card_00784_pump_off.png,pump_off,3,0.972,1638.99,5.342,117.09,21973.74,4381.19,3199.84,True,physics_simulated_synthetic_dynacard
card_00785_pump_off.png,pump_off,3,0.711,210.55,5.545,98.3,24402.62,4713.85,3202.84,True,physics_simulated_synthetic_dynacard
card_00786_pump_off.png,pump_off,3,0.752,7998.41,7.234,127.6,31547.45,4688.18,3150.56,True,physics_simulated_synthetic_dynacard
card_00787_pump_off.png,pump_off,3,0.993,547.18,7.93,119.31,22610.78,4327.95,3173.93,True,physics_simulated_synthetic_dynacard
card_00788_pump_off.png,pump_off,3,0.783,15346.15,4.33,72.46,17178.63,4659.58,3134.86,True,physics_simulated_synthetic_dynacard
card_00789_pump_off.png,pump_off,3,0.824,1245.23,3.849,96.36,22442.46,4552.4,3151.38,True,physics_simulated_synthetic_dynacard
card_00790_pump_off.png,pump_off,3,0.878,1972.8,5.888,66.5,13489.64,4460.89,3129.81,True,physics_simulated_synthetic_dynacard
card_00791_pump_off.png,pump_off,3,0.931,1871.38,6.435,90.71,18196.82,4411.12,3154.84,True,physics_simulated_synthetic_dynacard
card_00792_pump_off.png,pump_off,3,0.811,2200.9,3.183,97.21,21215.65,4601.94,3147.01,True,physics_simulated_synthetic_dynacard
card_00793_pump_off.png,pump_off,3,0.761,203.13,5.165,141.06,32130.51,4636.16,3209.47,True,physics_simulated_synthetic_dynacard
card_00794_pump_off.png,pump_off,3,0.908,3396.17,7.897,137.89,29380.34,4431.77,3182.57,True,physics_simulated_synthetic_dynacard
card_00795_pump_off.png,pump_off,3,0.671,18740.77,6.565,101.13,26422.9,4848.01,3172.19,True,physics_simulated_synthetic_dynacard
card_00796_pump_off.png,pump_off,3,0.504,103.11,5.63,87.27,24463.07,5128.01,3197.35,True,physics_simulated_synthetic_dynacard
card_00797_pump_off.png,pump_off,3,0.841,750.84,6.24,123.02,30366.99,4511.42,3120.36,True,physics_simulated_synthetic_dynacard
card_00798_pump_off.png,pump_off,3,0.758,372.2,6.863,99.02,23330.57,4651.75,3136.68,True,physics_simulated_synthetic_dynacard
card_00799_pump_off.png,pump_off,3,0.95,24246.78,6.615,130.35,25348.1,4382.35,3116.15,True,physics_simulated_synthetic_dynacard
card_00800_pump_off.png,pump_off,3,0.48,7964.07,6.178,73.63,22329.48,5130.05,3103.73,True,physics_simulated_synthetic_dynacard
card_00801_pump_off.png,pump_off,3,0.34,1477.44,6.686,106.27,34642.87,5334.46,3128.33,True,physics_simulated_synthetic_dynacard
card_00802_pump_off.png,pump_off,3,0.833,141.23,6.6,128.59,29770.88,4545.81,3159.58,True,physics_simulated_synthetic_dynacard
card_00803_pump_off.png,pump_off,3,0.628,8062.33,2.91,131.67,34709.84,4872.83,3182.3,True,physics_simulated_synthetic_dynacard
card_00804_pump_off.png,pump_off,3,0.351,1229.41,7.705,83.46,26209.16,5398.19,3114.27,True,physics_simulated_synthetic_dynacard
card_00805_pump_off.png,pump_off,3,0.639,5014.15,3.981,89.16,23767.1,4845.28,3187.14,True,physics_simulated_synthetic_dynacard
card_00806_pump_off.png,pump_off,3,0.813,10771.63,5.624,108.99,25573.71,4590.86,3179.31,True,physics_simulated_synthetic_dynacard
card_00807_pump_off.png,pump_off,3,0.804,92.41,2.817,141.3,32589.48,4619.01,3169.66,True,physics_simulated_synthetic_dynacard
card_00808_pump_off.png,pump_off,3,0.864,2435.5,5.14,121.41,25831.22,4487.27,3230.65,True,physics_simulated_synthetic_dynacard
card_00809_pump_off.png,pump_off,3,0.777,26006.98,6.393,92.82,20091.97,4637.2,3146.59,True,physics_simulated_synthetic_dynacard
card_00810_pump_off.png,pump_off,3,0.744,9163.36,7.97,86.96,21299.55,4670.12,3129.87,True,physics_simulated_synthetic_dynacard
card_00811_pump_off.png,pump_off,3,0.946,6138.47,3.135,108.95,20878.28,4375.35,3214.67,True,physics_simulated_synthetic_dynacard
card_00812_pump_off.png,pump_off,3,0.334,280.92,6.449,80.13,25851.86,5325.96,3115.0,True,physics_simulated_synthetic_dynacard
card_00813_pump_off.png,pump_off,3,0.331,690.93,4.13,94.85,31033.38,5351.02,3158.69,True,physics_simulated_synthetic_dynacard
card_00814_pump_off.png,pump_off,3,0.583,86.82,4.247,141.96,38272.73,4973.62,3186.22,True,physics_simulated_synthetic_dynacard
card_00815_pump_off.png,pump_off,3,0.638,773.08,4.19,128.47,34843.13,4865.99,3210.35,True,physics_simulated_synthetic_dynacard
card_00816_pump_off.png,pump_off,3,0.389,106.62,7.445,68.99,22715.53,5269.43,3141.6,True,physics_simulated_synthetic_dynacard
card_00817_pump_off.png,pump_off,3,0.494,1237.87,5.436,140.28,41337.07,5059.7,3150.22,True,physics_simulated_synthetic_dynacard
card_00818_pump_off.png,pump_off,3,0.719,1236.06,7.406,138.96,34844.65,4726.12,3146.92,True,physics_simulated_synthetic_dynacard
card_00819_pump_off.png,pump_off,3,0.878,17396.18,7.722,95.26,21169.97,4471.14,3140.32,True,physics_simulated_synthetic_dynacard
card_00820_pump_off.png,pump_off,3,0.89,85.53,6.494,128.2,27138.09,4523.81,3183.37,True,physics_simulated_synthetic_dynacard
card_00821_pump_off.png,pump_off,3,0.427,26658.82,5.634,112.5,35806.05,5166.0,3140.82,True,physics_simulated_synthetic_dynacard
card_00822_pump_off.png,pump_off,3,0.651,323.24,7.411,141.79,38986.53,4822.35,3075.39,True,physics_simulated_synthetic_dynacard
card_00823_pump_off.png,pump_off,3,0.463,14683.8,5.957,139.44,42778.6,5124.42,3206.04,True,physics_simulated_synthetic_dynacard
card_00824_pump_off.png,pump_off,3,0.694,128.17,4.988,87.9,22966.57,4750.95,3128.29,True,physics_simulated_synthetic_dynacard
card_00825_pump_off.png,pump_off,3,0.265,3313.33,7.17,72.09,24789.2,5446.06,3170.02,True,physics_simulated_synthetic_dynacard
card_00826_pump_off.png,pump_off,3,0.386,72.74,3.769,133.73,40992.71,5206.64,3133.01,True,physics_simulated_synthetic_dynacard
card_00827_pump_off.png,pump_off,3,0.709,1405.31,2.515,76.63,19060.18,4767.49,3180.93,True,physics_simulated_synthetic_dynacard
card_00828_pump_off.png,pump_off,3,0.944,125.41,3.492,75.61,13901.91,4352.27,3172.91,True,physics_simulated_synthetic_dynacard
card_00829_pump_off.png,pump_off,3,0.561,218.41,6.88,88.93,25157.11,5039.0,3158.63,True,physics_simulated_synthetic_dynacard
card_00830_pump_off.png,pump_off,3,0.716,5091.62,6.739,106.15,26289.4,4702.08,3169.7,True,physics_simulated_synthetic_dynacard
card_00831_pump_off.png,pump_off,3,0.875,14128.73,5.646,133.63,27897.74,4509.51,3198.06,True,physics_simulated_synthetic_dynacard
card_00832_pump_off.png,pump_off,3,0.261,18453.74,5.795,84.05,28080.42,5484.46,3136.38,True,physics_simulated_synthetic_dynacard
card_00833_pump_off.png,pump_off,3,0.365,6617.33,5.947,133.14,41860.01,5322.7,3153.2,True,physics_simulated_synthetic_dynacard
card_00834_pump_off.png,pump_off,3,0.952,22248.22,5.973,123.72,23317.63,4358.95,3166.75,True,physics_simulated_synthetic_dynacard
card_00835_pump_off.png,pump_off,3,0.575,268.71,7.17,72.95,19685.52,4917.61,3199.11,True,physics_simulated_synthetic_dynacard
card_00836_pump_off.png,pump_off,3,0.437,280.66,6.947,133.68,40832.94,5164.29,3151.8,True,physics_simulated_synthetic_dynacard
card_00837_pump_off.png,pump_off,3,0.926,192.23,4.128,69.68,13984.03,4398.68,3185.06,True,physics_simulated_synthetic_dynacard
card_00838_pump_off.png,pump_off,3,0.405,1154.04,6.179,98.14,30065.48,5256.2,3098.97,True,physics_simulated_synthetic_dynacard
card_00839_pump_off.png,pump_off,3,0.749,126.7,3.266,111.74,27356.08,4688.21,3113.8,True,physics_simulated_synthetic_dynacard
card_00840_pump_off.png,pump_off,3,0.703,715.85,4.131,122.31,30833.8,4737.95,3232.92,True,physics_simulated_synthetic_dynacard
card_00841_pump_off.png,pump_off,3,0.587,89.98,6.855,99.8,27402.72,4946.68,3130.39,True,physics_simulated_synthetic_dynacard
card_00842_pump_off.png,pump_off,3,0.721,250.71,3.997,79.63,18707.4,4693.86,3115.61,True,physics_simulated_synthetic_dynacard
card_00843_pump_off.png,pump_off,3,0.399,6650.82,7.859,108.75,33232.52,5231.53,3191.17,True,physics_simulated_synthetic_dynacard
card_00844_pump_off.png,pump_off,3,0.263,6726.8,5.814,122.23,41470.76,5450.26,3155.58,True,physics_simulated_synthetic_dynacard
card_00845_pump_off.png,pump_off,3,0.518,647.5,6.888,101.36,28862.91,5043.58,3191.23,True,physics_simulated_synthetic_dynacard
card_00846_pump_off.png,pump_off,3,0.258,101.01,3.144,114.07,37611.98,5445.82,3119.08,True,physics_simulated_synthetic_dynacard
card_00847_pump_off.png,pump_off,3,0.719,435.6,5.991,86.87,20900.92,4730.46,3168.91,True,physics_simulated_synthetic_dynacard
card_00848_pump_off.png,pump_off,3,0.533,205.95,6.59,64.77,17920.72,4998.82,3190.39,True,physics_simulated_synthetic_dynacard
card_00849_pump_off.png,pump_off,3,0.748,186.24,7.385,79.0,19760.59,4650.06,3182.8,True,physics_simulated_synthetic_dynacard
card_00850_pump_off.png,pump_off,3,0.554,15894.7,3.444,67.85,18340.0,5041.17,3226.11,True,physics_simulated_synthetic_dynacard
card_00851_pump_off.png,pump_off,3,0.906,112.84,6.712,67.3,13753.52,4425.47,3149.28,True,physics_simulated_synthetic_dynacard
card_00852_pump_off.png,pump_off,3,0.847,21501.76,5.725,75.58,16137.12,4541.31,3179.9,True,physics_simulated_synthetic_dynacard
card_00853_pump_off.png,pump_off,3,0.515,177.41,5.867,74.31,21162.08,5010.06,3161.88,True,physics_simulated_synthetic_dynacard
card_00854_pump_off.png,pump_off,3,0.821,21382.25,7.086,94.45,22697.57,4571.43,3202.01,True,physics_simulated_synthetic_dynacard
card_00855_pump_off.png,pump_off,3,0.4,213.07,6.993,67.14,20096.91,5260.71,3151.65,True,physics_simulated_synthetic_dynacard
card_00856_pump_off.png,pump_off,3,0.467,62.26,4.199,136.18,40930.23,5087.93,3217.23,True,physics_simulated_synthetic_dynacard
card_00857_pump_off.png,pump_off,3,0.797,1136.7,5.72,64.39,14362.11,4619.13,3091.29,True,physics_simulated_synthetic_dynacard
card_00858_pump_off.png,pump_off,3,0.281,1566.63,6.313,140.02,46024.74,5392.18,3174.67,True,physics_simulated_synthetic_dynacard
card_00859_pump_off.png,pump_off,3,0.493,553.07,5.843,127.4,36447.98,5055.27,3124.75,True,physics_simulated_synthetic_dynacard
card_00860_pump_off.png,pump_off,3,0.298,19232.83,2.953,93.74,29813.18,5438.53,3218.94,True,physics_simulated_synthetic_dynacard
card_00861_pump_off.png,pump_off,3,0.521,5925.92,7.236,114.34,33244.38,5011.05,3125.87,True,physics_simulated_synthetic_dynacard
card_00862_pump_off.png,pump_off,3,0.369,11107.43,7.641,66.91,21458.81,5316.55,3149.75,True,physics_simulated_synthetic_dynacard
card_00863_pump_off.png,pump_off,3,0.502,361.85,4.154,79.3,22721.48,5069.0,3202.86,True,physics_simulated_synthetic_dynacard
card_00864_pump_off.png,pump_off,3,0.705,11082.27,6.455,65.31,17144.66,4809.62,3134.05,True,physics_simulated_synthetic_dynacard
card_00865_pump_off.png,pump_off,3,0.72,520.56,4.728,140.65,36769.71,4767.75,3121.64,True,physics_simulated_synthetic_dynacard
card_00866_pump_off.png,pump_off,3,0.904,26074.66,7.062,73.01,14507.3,4461.16,3193.98,True,physics_simulated_synthetic_dynacard
card_00867_pump_off.png,pump_off,3,0.637,23603.97,2.52,75.79,19687.35,4850.93,3184.81,True,physics_simulated_synthetic_dynacard
card_00868_pump_off.png,pump_off,3,0.303,919.84,6.458,132.57,42463.65,5372.11,3176.11,True,physics_simulated_synthetic_dynacard
card_00869_pump_off.png,pump_off,3,0.785,16310.06,3.989,73.96,16821.74,4625.75,3190.92,True,physics_simulated_synthetic_dynacard
card_00870_pump_off.png,pump_off,3,0.44,6164.15,7.819,132.4,39077.05,5187.23,3202.11,True,physics_simulated_synthetic_dynacard
card_00871_pump_off.png,pump_off,3,0.713,29308.57,3.925,116.27,29163.09,4752.01,3207.79,True,physics_simulated_synthetic_dynacard
card_00872_pump_off.png,pump_off,3,0.323,210.71,3.565,87.37,27617.46,5325.16,3216.49,True,physics_simulated_synthetic_dynacard
card_00873_pump_off.png,pump_off,3,0.615,318.5,6.789,125.61,33231.68,4847.39,3137.49,True,physics_simulated_synthetic_dynacard
card_00874_pump_off.png,pump_off,3,0.745,189.9,3.271,70.36,17941.52,4679.52,3156.45,True,physics_simulated_synthetic_dynacard
card_00875_pump_off.png,pump_off,3,0.525,239.48,3.931,98.4,28124.78,5009.36,3230.34,True,physics_simulated_synthetic_dynacard
card_00876_pump_off.png,pump_off,3,0.795,1570.79,3.899,118.62,26973.71,4627.26,3125.15,True,physics_simulated_synthetic_dynacard
card_00877_pump_off.png,pump_off,3,0.596,4013.39,2.622,119.85,31505.73,4952.19,3215.48,True,physics_simulated_synthetic_dynacard
card_00878_pump_off.png,pump_off,3,0.878,71.52,4.365,140.83,29597.76,4533.61,3187.34,True,physics_simulated_synthetic_dynacard
card_00879_pump_off.png,pump_off,3,0.269,70.84,5.281,108.41,36486.88,5414.16,3142.33,True,physics_simulated_synthetic_dynacard
card_00880_pump_off.png,pump_off,3,0.921,2874.91,5.84,139.2,27119.18,4400.9,3220.27,True,physics_simulated_synthetic_dynacard
card_00881_pump_off.png,pump_off,3,0.501,326.99,7.961,86.65,25716.94,5067.31,3143.51,True,physics_simulated_synthetic_dynacard
card_00882_pump_off.png,pump_off,3,0.459,22481.8,5.608,120.01,36475.29,5143.56,3173.8,True,physics_simulated_synthetic_dynacard
card_00883_pump_off.png,pump_off,3,0.788,704.6,7.497,136.52,31930.58,4628.33,3120.66,True,physics_simulated_synthetic_dynacard
card_00884_pump_off.png,pump_off,3,0.804,2324.08,2.52,120.07,26880.15,4580.67,3180.8,True,physics_simulated_synthetic_dynacard
card_00885_pump_off.png,pump_off,3,0.848,594.93,6.754,92.55,21006.77,4548.14,3195.25,True,physics_simulated_synthetic_dynacard
card_00886_pump_off.png,pump_off,3,0.784,2550.27,7.393,108.47,26066.68,4639.16,3098.68,True,physics_simulated_synthetic_dynacard
card_00887_pump_off.png,pump_off,3,0.856,13591.13,5.542,65.28,14407.8,4515.94,3165.19,True,physics_simulated_synthetic_dynacard
card_00888_pump_off.png,pump_off,3,0.704,163.16,3.032,122.29,30399.38,4732.56,3208.71,True,physics_simulated_synthetic_dynacard
card_00889_pump_off.png,pump_off,3,0.291,157.84,5.602,96.95,31954.36,5406.03,3197.13,True,physics_simulated_synthetic_dynacard
card_00890_pump_off.png,pump_off,3,0.396,5438.26,7.031,86.12,25237.93,5258.13,3147.12,True,physics_simulated_synthetic_dynacard
card_00891_pump_off.png,pump_off,3,0.367,628.6,7.204,108.73,34013.62,5299.25,3121.2,True,physics_simulated_synthetic_dynacard
card_00892_pump_off.png,pump_off,3,0.582,24806.49,6.299,96.08,27289.23,4956.74,3171.52,True,physics_simulated_synthetic_dynacard
card_00893_pump_off.png,pump_off,3,0.507,81.87,4.061,140.24,40978.36,5062.24,3098.88,True,physics_simulated_synthetic_dynacard
card_00894_pump_off.png,pump_off,3,0.606,229.66,4.523,79.12,22058.02,4904.16,3169.31,True,physics_simulated_synthetic_dynacard
card_00895_pump_off.png,pump_off,3,0.968,1661.14,6.789,141.27,27094.69,4350.93,3144.32,True,physics_simulated_synthetic_dynacard
card_00896_pump_off.png,pump_off,3,0.646,4115.73,4.823,111.95,28664.31,4847.16,3152.93,True,physics_simulated_synthetic_dynacard
card_00897_pump_off.png,pump_off,3,0.839,7420.76,2.993,100.05,21957.1,4524.0,3171.34,True,physics_simulated_synthetic_dynacard
card_00898_pump_off.png,pump_off,3,0.877,19248.89,6.889,114.8,25698.84,4464.08,3159.08,True,physics_simulated_synthetic_dynacard
card_00899_pump_off.png,pump_off,3,0.363,1378.67,6.919,96.97,30451.58,5282.84,3177.69,True,physics_simulated_synthetic_dynacard
card_00900_pump_off.png,pump_off,3,0.868,9640.75,6.121,120.2,25463.85,4437.0,3133.11,True,physics_simulated_synthetic_dynacard
card_00901_pump_off.png,pump_off,3,0.902,116.75,5.087,91.05,18914.38,4488.3,3170.04,True,physics_simulated_synthetic_dynacard
card_00902_pump_off.png,pump_off,3,0.692,81.05,6.607,119.69,31888.53,4829.66,3119.47,True,physics_simulated_synthetic_dynacard
card_00903_pump_off.png,pump_off,3,0.398,250.19,7.196,115.32,36109.21,5228.39,3128.29,True,physics_simulated_synthetic_dynacard
card_00904_pump_off.png,pump_off,3,0.719,1937.23,4.947,138.22,34629.56,4700.18,3130.7,True,physics_simulated_synthetic_dynacard
card_00905_pump_off.png,pump_off,3,0.763,5849.22,5.487,95.67,22279.88,4675.85,3164.87,True,physics_simulated_synthetic_dynacard
card_00906_pump_off.png,pump_off,3,0.373,8832.41,6.626,98.99,31670.28,5298.35,3170.82,True,physics_simulated_synthetic_dynacard
card_00907_pump_off.png,pump_off,3,0.929,17528.67,5.589,121.8,23363.66,4446.88,3194.6,True,physics_simulated_synthetic_dynacard
card_00908_pump_off.png,pump_off,3,0.729,625.96,5.922,122.91,29654.81,4717.72,3227.22,True,physics_simulated_synthetic_dynacard
card_00909_pump_off.png,pump_off,3,0.463,100.17,4.94,64.94,18352.11,5157.5,3148.86,True,physics_simulated_synthetic_dynacard
card_00910_pump_off.png,pump_off,3,0.995,2568.94,2.828,88.12,15821.26,4293.16,3162.41,True,physics_simulated_synthetic_dynacard
card_00911_pump_off.png,pump_off,3,0.993,1826.12,7.803,104.66,18515.91,4269.7,3199.0,True,physics_simulated_synthetic_dynacard
card_00912_pump_off.png,pump_off,3,0.998,11783.91,5.544,92.74,16195.78,4309.79,3140.62,True,physics_simulated_synthetic_dynacard
card_00913_pump_off.png,pump_off,3,0.631,473.07,6.306,67.67,18287.52,4884.24,3156.0,True,physics_simulated_synthetic_dynacard
card_00914_pump_off.png,pump_off,3,0.768,28513.06,6.132,127.03,30532.11,4615.86,3144.4,True,physics_simulated_synthetic_dynacard
card_00915_pump_off.png,pump_off,3,0.348,7304.15,2.54,77.34,24285.34,5271.67,3209.51,True,physics_simulated_synthetic_dynacard
card_00916_pump_off.png,pump_off,3,0.341,626.08,7.958,92.94,29234.41,5356.21,3162.85,True,physics_simulated_synthetic_dynacard
card_00917_pump_off.png,pump_off,3,0.616,100.12,3.305,96.89,25675.55,4855.84,3153.36,True,physics_simulated_synthetic_dynacard
card_00918_pump_off.png,pump_off,3,0.762,2217.8,3.756,141.86,34275.95,4676.82,3135.74,True,physics_simulated_synthetic_dynacard
card_00919_pump_off.png,pump_off,3,0.921,211.75,4.927,89.78,17145.91,4436.65,3152.88,True,physics_simulated_synthetic_dynacard
card_00920_pump_off.png,pump_off,3,0.671,319.91,3.67,128.45,33215.93,4759.36,3167.81,True,physics_simulated_synthetic_dynacard
card_00921_pump_off.png,pump_off,3,0.754,490.96,4.652,88.05,22110.18,4665.92,3162.68,True,physics_simulated_synthetic_dynacard
card_00922_pump_off.png,pump_off,3,0.474,11757.05,6.617,80.72,23600.8,5098.78,3185.29,True,physics_simulated_synthetic_dynacard
card_00923_pump_off.png,pump_off,3,0.447,228.55,4.233,130.58,38656.85,5138.48,3161.86,True,physics_simulated_synthetic_dynacard
card_00924_pump_off.png,pump_off,3,0.265,348.31,6.476,89.26,28885.39,5415.9,3179.64,True,physics_simulated_synthetic_dynacard
card_00925_pump_off.png,pump_off,3,0.335,12887.42,7.315,120.59,38842.07,5353.1,3156.07,True,physics_simulated_synthetic_dynacard
card_00926_pump_off.png,pump_off,3,0.849,2436.91,5.96,129.15,28829.17,4517.1,3143.09,True,physics_simulated_synthetic_dynacard
card_00927_pump_off.png,pump_off,3,0.632,382.14,2.953,124.09,31826.81,4840.64,3231.89,True,physics_simulated_synthetic_dynacard
card_00928_pump_off.png,pump_off,3,0.295,490.51,5.189,75.96,25245.71,5387.3,3138.54,True,physics_simulated_synthetic_dynacard
card_00929_pump_off.png,pump_off,3,0.63,9724.17,4.941,130.88,34450.51,4822.26,3157.53,True,physics_simulated_synthetic_dynacard
card_00930_pump_off.png,pump_off,3,0.845,602.95,2.61,69.39,15587.62,4576.5,3174.69,True,physics_simulated_synthetic_dynacard
card_00931_pump_off.png,pump_off,3,0.938,893.63,7.372,83.83,15605.59,4407.56,3119.45,True,physics_simulated_synthetic_dynacard
card_00932_pump_off.png,pump_off,3,0.941,1623.87,2.913,71.76,14232.18,4368.71,3126.68,True,physics_simulated_synthetic_dynacard
card_00933_pump_off.png,pump_off,3,0.752,5998.16,7.514,95.2,22806.43,4708.47,3143.23,True,physics_simulated_synthetic_dynacard
card_00934_pump_off.png,pump_off,3,0.888,6040.28,7.086,123.32,27214.7,4516.47,3195.97,True,physics_simulated_synthetic_dynacard
card_00935_pump_off.png,pump_off,3,0.293,5765.17,6.015,108.12,34723.35,5386.99,3117.4,True,physics_simulated_synthetic_dynacard
card_00936_pump_off.png,pump_off,3,0.906,21832.76,3.371,122.11,23203.74,4455.96,3221.72,True,physics_simulated_synthetic_dynacard
card_00937_pump_off.png,pump_off,3,0.964,1089.61,7.149,68.68,12949.19,4341.02,3135.45,True,physics_simulated_synthetic_dynacard
card_00938_pump_off.png,pump_off,3,0.663,94.84,6.475,67.29,17457.82,4871.41,3053.37,True,physics_simulated_synthetic_dynacard
card_00939_pump_off.png,pump_off,3,0.325,487.17,7.761,112.46,35944.51,5355.2,3176.11,True,physics_simulated_synthetic_dynacard
card_00940_pump_off.png,pump_off,3,0.78,187.24,3.981,128.85,30570.85,4661.71,3144.92,True,physics_simulated_synthetic_dynacard
card_00941_pump_off.png,pump_off,3,0.762,598.97,4.908,107.05,25446.19,4671.23,3190.6,True,physics_simulated_synthetic_dynacard
card_00942_pump_off.png,pump_off,3,0.552,3805.69,4.822,78.99,21654.76,4996.57,3181.27,True,physics_simulated_synthetic_dynacard
card_00943_pump_off.png,pump_off,3,0.852,4773.48,3.964,74.34,15714.18,4465.65,3186.28,True,physics_simulated_synthetic_dynacard
card_00944_pump_off.png,pump_off,3,0.261,15712.12,4.955,102.21,33213.94,5481.43,3201.64,True,physics_simulated_synthetic_dynacard
card_00945_pump_off.png,pump_off,3,0.457,73.63,3.971,81.78,22745.23,5107.58,3186.4,True,physics_simulated_synthetic_dynacard
card_00946_pump_off.png,pump_off,3,0.768,1003.1,2.962,143.66,33410.62,4613.46,3203.63,True,physics_simulated_synthetic_dynacard
card_00947_pump_off.png,pump_off,3,0.456,660.03,3.23,79.76,23361.73,5126.66,3111.78,True,physics_simulated_synthetic_dynacard
card_00948_pump_off.png,pump_off,3,0.617,3242.38,5.644,133.26,36108.91,4891.18,3149.16,True,physics_simulated_synthetic_dynacard
card_00949_pump_off.png,pump_off,3,0.693,4888.52,5.292,100.66,26016.53,4737.99,3133.97,True,physics_simulated_synthetic_dynacard
card_00950_pump_off.png,pump_off,3,0.307,934.68,3.867,86.19,27929.89,5357.16,3189.19,True,physics_simulated_synthetic_dynacard
card_00951_pump_off.png,pump_off,3,0.302,10413.86,2.586,94.21,29748.18,5351.64,3134.25,True,physics_simulated_synthetic_dynacard
card_00952_pump_off.png,pump_off,3,0.727,250.09,5.882,76.44,19020.82,4717.88,3172.43,True,physics_simulated_synthetic_dynacard
card_00953_pump_off.png,pump_off,3,0.373,118.09,3.003,120.42,37076.8,5290.3,3185.33,True,physics_simulated_synthetic_dynacard
card_00954_pump_off.png,pump_off,3,0.782,7360.78,3.98,138.58,32919.63,4631.77,3114.56,True,physics_simulated_synthetic_dynacard
card_00955_pump_off.png,pump_off,3,0.766,127.98,3.278,121.72,26185.83,4626.81,3195.93,True,physics_simulated_synthetic_dynacard
card_00956_pump_off.png,pump_off,3,0.338,4004.46,5.976,141.5,46746.92,5343.24,3170.14,True,physics_simulated_synthetic_dynacard
card_00957_pump_off.png,pump_off,3,0.386,252.51,7.275,99.99,30561.33,5276.81,3138.75,True,physics_simulated_synthetic_dynacard
card_00958_pump_off.png,pump_off,3,0.7,828.11,7.685,123.83,31596.48,4768.58,3128.22,True,physics_simulated_synthetic_dynacard
card_00959_pump_off.png,pump_off,3,0.834,62.45,3.084,93.33,20781.63,4583.84,3167.64,True,physics_simulated_synthetic_dynacard
card_00960_pump_off.png,pump_off,3,0.5,1551.87,6.808,74.61,22190.88,5087.67,3171.08,True,physics_simulated_synthetic_dynacard
card_00961_pump_off.png,pump_off,3,0.752,1251.36,6.592,102.97,25062.04,4681.14,3202.98,True,physics_simulated_synthetic_dynacard
card_00962_pump_off.png,pump_off,3,0.67,9107.02,4.645,83.68,21231.26,4797.34,3157.5,True,physics_simulated_synthetic_dynacard
card_00963_pump_off.png,pump_off,3,0.903,2916.49,5.814,80.13,16506.78,4396.93,3147.71,True,physics_simulated_synthetic_dynacard
card_00964_pump_off.png,pump_off,3,0.76,109.28,5.539,65.37,15844.48,4673.08,3170.45,True,physics_simulated_synthetic_dynacard
card_00965_pump_off.png,pump_off,3,0.252,425.06,7.06,67.17,22088.48,5449.5,3191.44,True,physics_simulated_synthetic_dynacard
card_00966_pump_off.png,pump_off,3,0.692,7548.8,2.531,82.55,21068.48,4734.63,3155.71,True,physics_simulated_synthetic_dynacard
card_00967_pump_off.png,pump_off,3,0.313,70.2,5.198,136.18,43677.92,5362.79,3163.29,True,physics_simulated_synthetic_dynacard
card_00968_pump_off.png,pump_off,3,0.285,275.52,3.192,69.56,22747.52,5378.94,3203.08,True,physics_simulated_synthetic_dynacard
card_00969_pump_off.png,pump_off,3,0.603,1778.25,4.677,74.94,19410.95,4941.19,3197.46,True,physics_simulated_synthetic_dynacard
card_00970_pump_off.png,pump_off,3,0.824,64.43,5.02,94.03,20344.7,4580.2,3172.95,True,physics_simulated_synthetic_dynacard
card_00971_pump_off.png,pump_off,3,0.961,1916.71,4.5,72.41,14182.62,4352.93,3201.4,True,physics_simulated_synthetic_dynacard
card_00972_pump_off.png,pump_off,3,0.687,393.4,4.239,96.06,24916.44,4771.94,3152.83,True,physics_simulated_synthetic_dynacard
card_00973_pump_off.png,pump_off,3,0.349,3722.39,3.15,90.0,28684.94,5284.09,3133.44,True,physics_simulated_synthetic_dynacard
card_00974_pump_off.png,pump_off,3,0.609,876.44,2.902,67.17,18512.74,4872.15,3161.68,True,physics_simulated_synthetic_dynacard
card_00975_pump_off.png,pump_off,3,0.471,11103.75,6.514,73.41,23190.72,5127.77,3156.22,True,physics_simulated_synthetic_dynacard
card_00976_pump_off.png,pump_off,3,0.916,2438.5,7.285,140.36,29623.61,4435.69,3152.32,True,physics_simulated_synthetic_dynacard
card_00977_pump_off.png,pump_off,3,0.504,96.91,7.34,92.94,26959.88,5065.09,3182.98,True,physics_simulated_synthetic_dynacard
card_00978_pump_off.png,pump_off,3,0.467,897.36,7.155,143.26,40536.38,5118.52,3159.07,True,physics_simulated_synthetic_dynacard
card_00979_pump_off.png,pump_off,3,0.931,198.24,5.315,115.7,24799.48,4369.8,3161.76,True,physics_simulated_synthetic_dynacard
card_00980_pump_off.png,pump_off,3,0.687,4769.98,5.861,141.76,37170.11,4799.58,3175.53,True,physics_simulated_synthetic_dynacard
card_00981_pump_off.png,pump_off,3,0.982,243.93,6.15,108.15,19752.63,4326.79,3188.18,True,physics_simulated_synthetic_dynacard
card_00982_pump_off.png,pump_off,3,0.594,5109.75,2.619,92.14,25823.42,4936.19,3165.29,True,physics_simulated_synthetic_dynacard
card_00983_pump_off.png,pump_off,3,0.626,631.32,5.277,65.57,17008.76,4863.48,3152.69,True,physics_simulated_synthetic_dynacard
card_00984_pump_off.png,pump_off,3,0.527,372.49,3.09,72.11,20601.51,5044.88,3174.15,True,physics_simulated_synthetic_dynacard
card_00985_pump_off.png,pump_off,3,0.365,9644.1,4.188,85.87,26560.26,5234.28,3183.05,True,physics_simulated_synthetic_dynacard
card_00986_pump_off.png,pump_off,3,0.617,58.67,7.95,117.26,33184.66,4897.77,3109.96,True,physics_simulated_synthetic_dynacard
card_00987_pump_off.png,pump_off,3,0.908,61.59,3.784,118.37,23871.8,4405.26,3197.07,True,physics_simulated_synthetic_dynacard
card_00988_pump_off.png,pump_off,3,0.357,63.6,3.846,70.68,21905.32,5334.64,3214.96,True,physics_simulated_synthetic_dynacard
card_00989_pump_off.png,pump_off,3,0.558,731.72,7.042,96.02,26748.35,4992.35,3135.83,True,physics_simulated_synthetic_dynacard
card_00990_pump_off.png,pump_off,3,0.704,158.37,7.308,83.95,21989.39,4853.39,3172.45,True,physics_simulated_synthetic_dynacard
card_00991_pump_off.png,pump_off,3,0.988,162.79,3.999,73.69,13358.57,4272.92,3098.21,True,physics_simulated_synthetic_dynacard
card_00992_pump_off.png,pump_off,3,0.673,93.05,6.592,127.42,33129.2,4808.14,3137.36,True,physics_simulated_synthetic_dynacard
card_00993_pump_off.png,pump_off,3,0.558,20899.81,3.759,64.56,18201.3,5036.69,3209.92,True,physics_simulated_synthetic_dynacard
card_00994_pump_off.png,pump_off,3,0.848,92.08,4.557,123.96,26941.54,4570.96,3237.01,True,physics_simulated_synthetic_dynacard
card_00995_pump_off.png,pump_off,3,0.715,925.18,2.577,77.74,19255.51,4717.0,3194.67,True,physics_simulated_synthetic_dynacard
card_00996_pump_off.png,pump_off,3,0.278,4914.83,5.566,66.38,21961.62,5442.97,3217.08,True,physics_simulated_synthetic_dynacard
card_00997_pump_off.png,pump_off,3,0.774,2833.71,6.233,133.39,30984.82,4654.8,3210.12,True,physics_simulated_synthetic_dynacard
card_00998_pump_off.png,pump_off,3,0.845,6843.78,6.495,111.65,24975.89,4488.74,3150.72,True,physics_simulated_synthetic_dynacard
card_00999_pump_off.png,pump_off,3,0.464,1003.39,3.303,77.34,21548.74,5147.07,3212.51,True,physics_simulated_synthetic_dynacard
card_01000_pump_off.png,pump_off,3,0.384,2320.36,7.179,98.47,31200.79,5259.71,3188.46,True,physics_simulated_synthetic_dynacard
card_01001_pump_off.png,pump_off,3,0.81,18388.24,3.551,120.48,25705.15,4543.01,3154.44,True,physics_simulated_synthetic_dynacard
card_01002_pump_off.png,pump_off,3,0.725,2571.92,7.21,87.17,21856.52,4694.69,3171.15,True,physics_simulated_synthetic_dynacard
card_01003_pump_off.png,pump_off,3,0.419,370.2,7.43,87.14,26854.17,5220.37,3120.85,True,physics_simulated_synthetic_dynacard
card_01004_pump_off.png,pump_off,3,0.842,115.46,3.247,125.57,27276.63,4476.44,3135.51,True,physics_simulated_synthetic_dynacard
card_01005_pump_off.png,pump_off,3,0.327,1597.28,5.084,117.48,37093.89,5316.57,3170.7,True,physics_simulated_synthetic_dynacard
card_01006_pump_off.png,pump_off,3,0.435,301.63,2.956,128.57,38206.35,5140.96,3218.33,True,physics_simulated_synthetic_dynacard
card_01007_pump_off.png,pump_off,3,0.314,2254.95,5.259,100.4,31661.5,5342.73,3118.26,True,physics_simulated_synthetic_dynacard
card_01008_pump_off.png,pump_off,3,0.271,223.35,6.322,65.81,22030.73,5403.63,3153.93,True,physics_simulated_synthetic_dynacard
card_01009_pump_off.png,pump_off,3,0.736,141.57,5.557,83.74,20387.08,4671.04,3154.7,True,physics_simulated_synthetic_dynacard
card_01010_pump_off.png,pump_off,3,0.657,11676.0,2.506,76.88,20633.18,4782.65,3184.12,True,physics_simulated_synthetic_dynacard
card_01011_pump_off.png,pump_off,3,0.811,1143.31,6.155,84.9,20167.42,4586.83,3134.3,True,physics_simulated_synthetic_dynacard
card_01012_pump_off.png,pump_off,3,0.674,1513.63,4.047,79.41,20281.53,4829.77,3225.16,True,physics_simulated_synthetic_dynacard
card_01013_pump_off.png,pump_off,3,0.976,18355.88,4.633,92.91,16493.53,4375.48,3146.28,True,physics_simulated_synthetic_dynacard
card_01014_pump_off.png,pump_off,3,0.531,12871.72,5.708,65.57,18903.19,5000.65,3126.22,True,physics_simulated_synthetic_dynacard
card_01015_pump_off.png,pump_off,3,0.512,750.95,6.95,137.13,39830.91,5154.49,3120.99,True,physics_simulated_synthetic_dynacard
card_01016_pump_off.png,pump_off,3,0.971,3598.53,4.743,129.52,24223.14,4310.94,3236.19,True,physics_simulated_synthetic_dynacard
card_01017_pump_off.png,pump_off,3,0.461,431.59,7.626,103.0,31061.83,5173.95,3069.47,True,physics_simulated_synthetic_dynacard
card_01018_pump_off.png,pump_off,3,0.695,7548.53,7.319,110.7,29442.89,4804.5,3163.01,True,physics_simulated_synthetic_dynacard
card_01019_pump_off.png,pump_off,3,0.608,16976.09,6.024,124.95,33849.54,4906.99,3182.14,True,physics_simulated_synthetic_dynacard
card_01020_pump_off.png,pump_off,3,0.613,180.76,2.977,121.78,31608.61,4907.24,3211.9,True,physics_simulated_synthetic_dynacard
card_01021_pump_off.png,pump_off,3,0.322,317.12,3.831,85.1,27535.64,5315.65,3124.64,True,physics_simulated_synthetic_dynacard
card_01022_pump_off.png,pump_off,3,0.509,52.32,6.411,81.25,23891.53,5066.08,3151.58,True,physics_simulated_synthetic_dynacard
card_01023_pump_off.png,pump_off,3,0.493,7279.52,7.6,111.35,32183.72,5111.47,3124.62,True,physics_simulated_synthetic_dynacard
card_01024_pump_off.png,pump_off,3,0.804,244.69,7.921,93.34,22555.31,4600.44,3106.04,True,physics_simulated_synthetic_dynacard
card_01025_pump_off.png,pump_off,3,0.939,578.19,3.022,81.54,14656.28,4341.44,3133.44,True,physics_simulated_synthetic_dynacard
card_01026_pump_off.png,pump_off,3,0.92,1748.85,7.742,143.76,30002.69,4380.41,3123.29,True,physics_simulated_synthetic_dynacard
card_01027_pump_off.png,pump_off,3,0.611,577.02,6.313,85.99,23093.49,4912.35,3186.75,True,physics_simulated_synthetic_dynacard
card_01028_pump_off.png,pump_off,3,0.821,405.28,7.082,116.76,27250.84,4559.45,3069.1,True,physics_simulated_synthetic_dynacard
card_01029_pump_off.png,pump_off,3,0.636,269.08,5.973,99.67,26549.22,4835.76,3165.9,True,physics_simulated_synthetic_dynacard
card_01030_pump_off.png,pump_off,3,0.291,187.69,6.498,96.11,31694.68,5411.32,3113.02,True,physics_simulated_synthetic_dynacard
card_01031_pump_off.png,pump_off,3,0.358,13985.33,3.401,114.31,33539.62,5208.63,3205.86,True,physics_simulated_synthetic_dynacard
card_01032_pump_off.png,pump_off,3,0.286,1275.56,3.168,106.84,32966.81,5362.68,3188.84,True,physics_simulated_synthetic_dynacard
card_01033_pump_off.png,pump_off,3,0.645,114.2,5.22,113.64,28323.24,4831.16,3182.93,True,physics_simulated_synthetic_dynacard
card_01034_pump_off.png,pump_off,3,0.75,330.57,5.965,85.89,20660.61,4664.16,3184.15,True,physics_simulated_synthetic_dynacard
card_01035_pump_off.png,pump_off,3,0.987,4268.94,6.383,136.85,25237.53,4256.55,3164.61,True,physics_simulated_synthetic_dynacard
card_01036_pump_off.png,pump_off,3,0.842,14841.1,6.583,92.13,20396.68,4543.13,3095.55,True,physics_simulated_synthetic_dynacard
card_01037_pump_off.png,pump_off,3,0.862,4796.59,4.47,105.98,23786.76,4533.32,3119.37,True,physics_simulated_synthetic_dynacard
card_01038_pump_off.png,pump_off,3,0.73,23583.65,2.562,65.06,15972.09,4697.58,3175.75,True,physics_simulated_synthetic_dynacard
card_01039_pump_off.png,pump_off,3,0.28,939.93,2.764,104.08,34135.96,5385.89,3181.95,True,physics_simulated_synthetic_dynacard
card_01040_other_anomaly.png,other_anomaly,4,0.325,85.78,4.383,64.64,41237.27,8686.74,3153.36,True,physics_simulated_synthetic_dynacard
card_01041_other_anomaly.png,other_anomaly,4,0.748,1937.37,5.826,74.33,48769.02,9048.46,3057.18,True,physics_simulated_synthetic_dynacard
card_01042_other_anomaly.png,other_anomaly,4,0.552,12207.48,4.112,112.4,74102.42,9193.73,3024.9,True,physics_simulated_synthetic_dynacard
card_01043_other_anomaly.png,other_anomaly,4,0.773,109.63,6.38,66.58,61774.23,9671.87,3245.03,True,physics_simulated_synthetic_dynacard
card_01044_other_anomaly.png,other_anomaly,4,0.415,4342.76,6.891,91.54,70510.26,9154.69,3152.16,True,physics_simulated_synthetic_dynacard
card_01045_other_anomaly.png,other_anomaly,4,0.426,27132.95,4.944,76.38,60934.91,9327.58,3203.11,True,physics_simulated_synthetic_dynacard
card_01046_other_anomaly.png,other_anomaly,4,0.352,197.72,4.873,91.73,57384.56,8790.43,3158.94,True,physics_simulated_synthetic_dynacard
card_01047_other_anomaly.png,other_anomaly,4,0.982,104.57,3.072,119.38,94494.62,9398.71,3144.25,True,physics_simulated_synthetic_dynacard
card_01048_other_anomaly.png,other_anomaly,4,0.876,7690.55,7.203,91.96,51912.09,8505.73,3030.36,True,physics_simulated_synthetic_dynacard
card_01049_other_anomaly.png,other_anomaly,4,0.286,1046.42,3.377,67.96,42995.01,8886.85,3104.48,True,physics_simulated_synthetic_dynacard
card_01050_other_anomaly.png,other_anomaly,4,0.882,21021.54,5.809,127.32,121063.65,9461.51,3125.89,True,physics_simulated_synthetic_dynacard
card_01051_other_anomaly.png,other_anomaly,4,0.805,1754.95,5.666,78.87,86522.14,10009.03,3094.84,True,physics_simulated_synthetic_dynacard
card_01052_other_anomaly.png,other_anomaly,4,0.969,4351.23,4.848,69.51,76411.51,9873.29,3184.86,True,physics_simulated_synthetic_dynacard
card_01053_other_anomaly.png,other_anomaly,4,0.432,8521.1,7.408,98.48,68905.75,9528.37,3095.31,True,physics_simulated_synthetic_dynacard
card_01054_other_anomaly.png,other_anomaly,4,0.324,9768.8,7.472,101.94,70516.85,9172.34,3158.88,True,physics_simulated_synthetic_dynacard
card_01055_other_anomaly.png,other_anomaly,4,0.284,17459.12,7.533,67.56,45869.28,9048.95,3125.08,True,physics_simulated_synthetic_dynacard
card_01056_other_anomaly.png,other_anomaly,4,0.472,5391.51,6.907,98.23,106275.05,10435.19,3170.66,True,physics_simulated_synthetic_dynacard
card_01057_other_anomaly.png,other_anomaly,4,0.482,4900.08,6.356,136.82,95243.25,9097.45,3085.47,True,physics_simulated_synthetic_dynacard
card_01058_other_anomaly.png,other_anomaly,4,0.932,467.58,3.761,111.57,97610.7,9893.06,3268.07,True,physics_simulated_synthetic_dynacard
card_01059_other_anomaly.png,other_anomaly,4,0.946,53.24,5.345,85.78,79975.42,9145.91,3129.54,True,physics_simulated_synthetic_dynacard
card_01060_other_anomaly.png,other_anomaly,4,0.76,211.6,5.006,68.05,52542.06,9035.63,3264.4,True,physics_simulated_synthetic_dynacard
card_01061_other_anomaly.png,other_anomaly,4,0.384,121.76,4.975,67.1,52226.74,9104.32,3063.93,True,physics_simulated_synthetic_dynacard
card_01062_other_anomaly.png,other_anomaly,4,0.49,10072.0,5.01,125.36,79964.07,9109.43,3116.48,True,physics_simulated_synthetic_dynacard
card_01063_other_anomaly.png,other_anomaly,4,0.264,1706.99,6.026,103.85,91336.73,9599.0,3150.35,True,physics_simulated_synthetic_dynacard
card_01064_other_anomaly.png,other_anomaly,4,0.699,732.58,5.42,121.36,127242.44,10861.16,3064.03,True,physics_simulated_synthetic_dynacard
card_01065_other_anomaly.png,other_anomaly,4,0.648,437.98,3.401,103.3,108319.89,10123.41,3140.38,True,physics_simulated_synthetic_dynacard
card_01066_other_anomaly.png,other_anomaly,4,0.547,3818.47,7.181,94.58,55063.69,9678.84,2861.85,True,physics_simulated_synthetic_dynacard
card_01067_other_anomaly.png,other_anomaly,4,0.485,183.46,2.797,74.14,55321.85,9248.9,3221.14,True,physics_simulated_synthetic_dynacard
card_01068_other_anomaly.png,other_anomaly,4,0.364,436.54,4.281,68.69,56133.66,9175.93,3222.9,True,physics_simulated_synthetic_dynacard
card_01069_other_anomaly.png,other_anomaly,4,0.304,29766.73,5.848,127.86,117299.53,10061.45,3134.79,True,physics_simulated_synthetic_dynacard
card_01070_other_anomaly.png,other_anomaly,4,0.569,95.38,3.647,88.81,81146.27,10221.86,3124.19,True,physics_simulated_synthetic_dynacard
card_01071_other_anomaly.png,other_anomaly,4,0.585,55.35,5.083,114.53,128389.1,10941.05,3053.36,True,physics_simulated_synthetic_dynacard
card_01072_other_anomaly.png,other_anomaly,4,0.628,101.33,5.876,90.9,67142.62,8824.39,3207.24,True,physics_simulated_synthetic_dynacard
card_01073_other_anomaly.png,other_anomaly,4,0.627,1034.22,7.452,109.51,103820.56,9809.17,3055.09,True,physics_simulated_synthetic_dynacard
card_01074_other_anomaly.png,other_anomaly,4,0.495,8414.21,4.342,86.32,53526.34,8432.79,3192.48,True,physics_simulated_synthetic_dynacard
card_01075_other_anomaly.png,other_anomaly,4,0.926,7750.36,4.549,108.36,129674.22,10681.04,3222.5,True,physics_simulated_synthetic_dynacard
card_01076_other_anomaly.png,other_anomaly,4,0.467,114.62,4.629,64.58,51128.17,9202.75,3215.25,True,physics_simulated_synthetic_dynacard
card_01077_other_anomaly.png,other_anomaly,4,0.54,80.11,6.34,129.67,75552.98,8624.1,3084.4,True,physics_simulated_synthetic_dynacard
card_01078_other_anomaly.png,other_anomaly,4,0.732,166.07,3.309,110.63,97780.58,9621.47,3018.97,True,physics_simulated_synthetic_dynacard
card_01079_other_anomaly.png,other_anomaly,4,0.301,5569.91,3.526,126.97,105315.04,9669.92,3185.89,True,physics_simulated_synthetic_dynacard
card_01080_other_anomaly.png,other_anomaly,4,0.316,5765.36,6.951,97.42,78790.58,9550.97,3071.03,True,physics_simulated_synthetic_dynacard
card_01081_other_anomaly.png,other_anomaly,4,0.289,1548.11,7.901,89.97,73837.05,9346.4,3136.35,True,physics_simulated_synthetic_dynacard
card_01082_other_anomaly.png,other_anomaly,4,0.826,236.22,7.582,134.44,64472.08,8619.2,2762.17,True,physics_simulated_synthetic_dynacard
card_01083_other_anomaly.png,other_anomaly,4,0.617,1599.95,6.928,119.19,88871.77,8837.25,3083.04,True,physics_simulated_synthetic_dynacard
card_01084_other_anomaly.png,other_anomaly,4,0.574,19001.0,2.878,96.45,113837.46,10794.96,3159.74,True,physics_simulated_synthetic_dynacard
card_01085_other_anomaly.png,other_anomaly,4,0.835,458.95,6.237,138.32,9658.97,7198.17,2885.15,True,physics_simulated_synthetic_dynacard
card_01086_other_anomaly.png,other_anomaly,4,0.746,159.88,3.288,134.7,67604.96,9308.43,2906.56,True,physics_simulated_synthetic_dynacard
card_01087_other_anomaly.png,other_anomaly,4,0.438,61.09,5.019,124.77,102924.62,9545.02,3177.13,True,physics_simulated_synthetic_dynacard
card_01088_other_anomaly.png,other_anomaly,4,0.788,94.31,7.149,142.71,163770.33,10553.51,3260.59,True,physics_simulated_synthetic_dynacard
card_01089_other_anomaly.png,other_anomaly,4,0.417,451.13,6.969,136.34,136438.91,10491.43,3209.53,True,physics_simulated_synthetic_dynacard
card_01090_other_anomaly.png,other_anomaly,4,0.66,2023.6,5.276,140.57,150645.17,10199.0,3156.46,True,physics_simulated_synthetic_dynacard
card_01091_other_anomaly.png,other_anomaly,4,0.97,17017.76,5.678,104.11,80583.0,9583.46,2984.01,True,physics_simulated_synthetic_dynacard
card_01092_other_anomaly.png,other_anomaly,4,0.588,305.59,7.892,96.78,61398.2,9156.74,2968.57,True,physics_simulated_synthetic_dynacard
card_01093_other_anomaly.png,other_anomaly,4,0.835,109.79,4.164,127.23,144937.03,10134.24,3171.7,True,physics_simulated_synthetic_dynacard
card_01094_other_anomaly.png,other_anomaly,4,0.861,10815.31,3.025,139.93,174471.87,10823.2,2965.49,True,physics_simulated_synthetic_dynacard
card_01095_other_anomaly.png,other_anomaly,4,0.324,772.55,5.281,94.16,85463.68,9591.75,3202.43,True,physics_simulated_synthetic_dynacard
card_01096_other_anomaly.png,other_anomaly,4,0.949,462.75,5.73,75.36,66400.92,10496.21,3063.71,True,physics_simulated_synthetic_dynacard
card_01097_other_anomaly.png,other_anomaly,4,0.816,27958.15,4.103,66.85,40310.47,9015.41,3099.37,True,physics_simulated_synthetic_dynacard
card_01098_other_anomaly.png,other_anomaly,4,0.284,11786.68,6.974,127.86,107776.45,9578.69,3092.91,True,physics_simulated_synthetic_dynacard
card_01099_other_anomaly.png,other_anomaly,4,0.814,242.93,4.685,97.92,34233.75,7983.46,3032.35,True,physics_simulated_synthetic_dynacard
card_01100_other_anomaly.png,other_anomaly,4,0.636,4808.52,3.68,91.32,69336.95,9639.76,3103.25,True,physics_simulated_synthetic_dynacard
card_01101_other_anomaly.png,other_anomaly,4,0.757,172.3,3.989,106.09,63780.6,8323.42,3064.81,True,physics_simulated_synthetic_dynacard
card_01102_other_anomaly.png,other_anomaly,4,0.524,5926.86,4.588,92.09,96095.42,9932.64,3193.94,True,physics_simulated_synthetic_dynacard
card_01103_other_anomaly.png,other_anomaly,4,0.574,134.42,4.086,133.53,43765.85,7138.53,2998.85,True,physics_simulated_synthetic_dynacard
card_01104_other_anomaly.png,other_anomaly,4,0.433,55.86,4.628,143.9,141088.8,10111.47,3220.38,True,physics_simulated_synthetic_dynacard
card_01105_other_anomaly.png,other_anomaly,4,0.875,1618.98,3.364,130.92,112773.35,9599.02,3169.43,True,physics_simulated_synthetic_dynacard
card_01106_other_anomaly.png,other_anomaly,4,0.586,243.92,6.318,64.43,45162.99,9308.32,3131.64,True,physics_simulated_synthetic_dynacard
card_01107_other_anomaly.png,other_anomaly,4,0.283,897.34,5.445,109.53,89124.53,9546.26,3125.08,True,physics_simulated_synthetic_dynacard
card_01108_other_anomaly.png,other_anomaly,4,0.929,71.45,5.919,131.08,145638.33,10331.15,3186.19,True,physics_simulated_synthetic_dynacard
card_01109_other_anomaly.png,other_anomaly,4,0.349,20122.28,3.949,97.14,86260.59,10021.25,3120.33,True,physics_simulated_synthetic_dynacard
card_01110_other_anomaly.png,other_anomaly,4,0.367,7590.12,7.887,142.13,107825.01,9313.12,3174.4,True,physics_simulated_synthetic_dynacard
card_01111_other_anomaly.png,other_anomaly,4,0.47,402.67,2.631,88.1,60897.01,8740.28,3133.9,True,physics_simulated_synthetic_dynacard
card_01112_other_anomaly.png,other_anomaly,4,0.82,68.55,6.223,92.37,70340.8,8412.8,3147.09,True,physics_simulated_synthetic_dynacard
card_01113_other_anomaly.png,other_anomaly,4,0.48,7370.05,5.266,99.05,65030.21,8786.85,3226.63,True,physics_simulated_synthetic_dynacard
card_01114_other_anomaly.png,other_anomaly,4,0.806,61.0,5.59,100.83,76637.88,9222.55,3103.56,True,physics_simulated_synthetic_dynacard
card_01115_other_anomaly.png,other_anomaly,4,0.41,577.76,7.553,64.1,40791.32,9245.28,3044.34,True,physics_simulated_synthetic_dynacard
card_01116_other_anomaly.png,other_anomaly,4,0.925,15020.94,5.906,102.92,69036.21,8434.52,3307.91,True,physics_simulated_synthetic_dynacard
card_01117_other_anomaly.png,other_anomaly,4,0.569,2670.94,6.827,116.87,92258.72,9057.02,3197.32,True,physics_simulated_synthetic_dynacard
card_01118_other_anomaly.png,other_anomaly,4,0.983,546.94,4.536,109.08,85328.91,8873.29,3133.71,True,physics_simulated_synthetic_dynacard
card_01119_other_anomaly.png,other_anomaly,4,0.786,2776.05,7.853,120.69,85091.44,9232.34,3172.7,True,physics_simulated_synthetic_dynacard
card_01120_other_anomaly.png,other_anomaly,4,0.796,50.79,6.432,120.0,88426.59,9091.22,2989.2,True,physics_simulated_synthetic_dynacard
card_01121_other_anomaly.png,other_anomaly,4,0.994,163.22,7.7,68.36,49595.22,10018.74,2838.98,True,physics_simulated_synthetic_dynacard
card_01122_other_anomaly.png,other_anomaly,4,0.361,243.56,2.879,74.21,63553.3,9683.36,3205.56,True,physics_simulated_synthetic_dynacard
card_01123_other_anomaly.png,other_anomaly,4,0.723,6995.86,5.618,126.53,131117.99,10132.42,3093.98,True,physics_simulated_synthetic_dynacard
card_01124_other_anomaly.png,other_anomaly,4,0.936,28801.14,7.474,105.53,98900.77,10412.52,3269.96,True,physics_simulated_synthetic_dynacard
card_01125_other_anomaly.png,other_anomaly,4,0.463,119.89,5.358,93.62,77385.49,9521.81,3227.92,True,physics_simulated_synthetic_dynacard
card_01126_other_anomaly.png,other_anomaly,4,0.806,7550.42,2.758,124.45,138387.3,10252.97,3258.43,True,physics_simulated_synthetic_dynacard
card_01127_other_anomaly.png,other_anomaly,4,0.442,949.5,5.713,104.24,90276.16,9731.49,3084.84,True,physics_simulated_synthetic_dynacard
card_01128_other_anomaly.png,other_anomaly,4,0.368,676.41,6.521,117.91,94445.24,9206.9,3129.61,True,physics_simulated_synthetic_dynacard
card_01129_other_anomaly.png,other_anomaly,4,0.417,3692.73,6.635,70.28,39828.89,8723.44,3144.88,True,physics_simulated_synthetic_dynacard
card_01130_other_anomaly.png,other_anomaly,4,0.337,12835.34,7.416,89.76,85507.75,9990.31,3185.72,True,physics_simulated_synthetic_dynacard
card_01131_other_anomaly.png,other_anomaly,4,0.776,1730.07,2.937,87.21,42140.93,7479.18,3121.32,True,physics_simulated_synthetic_dynacard
card_01132_other_anomaly.png,other_anomaly,4,0.308,127.45,2.849,138.66,95270.78,8788.08,3037.52,True,physics_simulated_synthetic_dynacard
card_01133_other_anomaly.png,other_anomaly,4,0.563,26413.02,6.695,125.42,116896.16,10369.36,3171.98,True,physics_simulated_synthetic_dynacard
card_01134_other_anomaly.png,other_anomaly,4,0.879,258.27,5.428,71.45,82262.97,11154.58,3100.79,True,physics_simulated_synthetic_dynacard
card_01135_other_anomaly.png,other_anomaly,4,0.786,15631.62,2.731,104.74,107737.63,10742.2,3252.01,True,physics_simulated_synthetic_dynacard
card_01136_other_anomaly.png,other_anomaly,4,0.838,4863.7,4.936,79.28,55867.57,8751.79,3142.48,True,physics_simulated_synthetic_dynacard
card_01137_other_anomaly.png,other_anomaly,4,0.451,18952.7,7.873,103.27,84867.87,9591.49,3064.28,True,physics_simulated_synthetic_dynacard
card_01138_other_anomaly.png,other_anomaly,4,0.43,10621.16,7.655,93.46,64765.35,9126.95,3140.85,True,physics_simulated_synthetic_dynacard
card_01139_other_anomaly.png,other_anomaly,4,0.93,4379.62,3.032,130.47,61616.98,7871.06,3048.44,True,physics_simulated_synthetic_dynacard
card_01140_other_anomaly.png,other_anomaly,4,0.957,19170.35,3.722,102.81,84026.97,9605.97,3249.41,True,physics_simulated_synthetic_dynacard
card_01141_other_anomaly.png,other_anomaly,4,0.269,148.71,2.932,96.81,78816.84,9457.33,3248.75,True,physics_simulated_synthetic_dynacard
card_01142_other_anomaly.png,other_anomaly,4,0.529,15391.29,4.17,124.39,97793.09,8720.85,3222.98,True,physics_simulated_synthetic_dynacard
card_01143_other_anomaly.png,other_anomaly,4,0.881,81.15,5.359,112.57,116815.86,9569.63,3169.28,True,physics_simulated_synthetic_dynacard
card_01144_other_anomaly.png,other_anomaly,4,0.639,51.4,7.406,137.3,97454.71,9880.78,2952.6,True,physics_simulated_synthetic_dynacard
card_01145_other_anomaly.png,other_anomaly,4,0.624,6094.75,4.43,72.97,55150.8,9398.99,3118.37,True,physics_simulated_synthetic_dynacard
card_01146_other_anomaly.png,other_anomaly,4,0.657,1661.55,4.541,92.08,56877.77,8181.79,3076.56,True,physics_simulated_synthetic_dynacard
card_01147_other_anomaly.png,other_anomaly,4,0.968,2658.53,6.668,87.5,109689.47,11309.26,3142.13,True,physics_simulated_synthetic_dynacard
card_01148_other_anomaly.png,other_anomaly,4,0.378,12149.2,7.51,76.66,66865.81,9847.26,3157.69,True,physics_simulated_synthetic_dynacard
card_01149_other_anomaly.png,other_anomaly,4,0.856,1610.39,4.471,103.94,114718.0,10950.2,3189.38,True,physics_simulated_synthetic_dynacard
card_01150_other_anomaly.png,other_anomaly,4,0.535,8383.29,7.958,122.02,51872.45,7710.38,3064.65,True,physics_simulated_synthetic_dynacard
card_01151_other_anomaly.png,other_anomaly,4,0.595,7642.19,4.311,106.19,116060.22,10535.64,3099.31,True,physics_simulated_synthetic_dynacard
card_01152_other_anomaly.png,other_anomaly,4,0.269,2708.28,5.273,139.11,101085.18,8956.12,3111.51,True,physics_simulated_synthetic_dynacard
card_01153_other_anomaly.png,other_anomaly,4,0.956,170.87,5.61,124.75,150774.3,10749.1,3154.7,True,physics_simulated_synthetic_dynacard
card_01154_other_anomaly.png,other_anomaly,4,0.565,945.17,3.318,125.39,82898.35,8794.35,3183.83,True,physics_simulated_synthetic_dynacard
card_01155_other_anomaly.png,other_anomaly,4,0.379,98.45,3.134,68.48,65347.22,9528.28,3203.34,True,physics_simulated_synthetic_dynacard
card_01156_other_anomaly.png,other_anomaly,4,0.632,424.32,4.172,135.43,121632.85,10220.68,3155.98,True,physics_simulated_synthetic_dynacard
card_01157_other_anomaly.png,other_anomaly,4,0.368,8173.83,5.945,68.71,51236.21,8992.02,3132.46,True,physics_simulated_synthetic_dynacard
card_01158_other_anomaly.png,other_anomaly,4,0.869,15861.23,3.433,117.32,26826.78,8187.61,3011.46,True,physics_simulated_synthetic_dynacard
card_01159_other_anomaly.png,other_anomaly,4,0.884,142.92,5.54,120.9,58329.73,7666.55,3195.32,True,physics_simulated_synthetic_dynacard
card_01160_other_anomaly.png,other_anomaly,4,0.369,62.31,5.716,117.86,92171.63,9105.25,3129.71,True,physics_simulated_synthetic_dynacard
card_01161_other_anomaly.png,other_anomaly,4,0.948,186.79,2.755,104.56,75843.66,8933.84,3082.2,True,physics_simulated_synthetic_dynacard
card_01162_other_anomaly.png,other_anomaly,4,0.294,3400.58,5.101,129.1,91332.83,8824.68,3138.25,True,physics_simulated_synthetic_dynacard
card_01163_other_anomaly.png,other_anomaly,4,0.69,311.82,7.403,85.05,83893.9,10393.07,3120.76,True,physics_simulated_synthetic_dynacard
card_01164_other_anomaly.png,other_anomaly,4,0.413,64.43,5.302,85.45,64066.13,8996.95,3255.77,True,physics_simulated_synthetic_dynacard
card_01165_other_anomaly.png,other_anomaly,4,0.758,435.67,6.047,136.38,77868.26,7993.14,3104.34,True,physics_simulated_synthetic_dynacard
card_01166_other_anomaly.png,other_anomaly,4,0.739,743.8,6.067,70.96,74256.74,10756.38,3255.47,True,physics_simulated_synthetic_dynacard
card_01167_other_anomaly.png,other_anomaly,4,0.632,7403.69,4.918,80.1,83925.83,10149.09,3140.51,True,physics_simulated_synthetic_dynacard
card_01168_other_anomaly.png,other_anomaly,4,0.819,656.7,2.53,103.51,61563.39,8206.38,3279.78,True,physics_simulated_synthetic_dynacard
card_01169_other_anomaly.png,other_anomaly,4,0.628,780.06,5.212,81.18,81112.63,9973.97,3196.05,True,physics_simulated_synthetic_dynacard
card_01170_other_anomaly.png,other_anomaly,4,0.823,7395.13,2.543,124.7,93950.22,9144.63,3185.62,True,physics_simulated_synthetic_dynacard
card_01171_other_anomaly.png,other_anomaly,4,0.489,1151.1,5.68,113.67,76011.01,8765.71,3024.68,True,physics_simulated_synthetic_dynacard
card_01172_other_anomaly.png,other_anomaly,4,0.393,10273.79,4.644,69.53,53244.44,9306.95,3191.36,True,physics_simulated_synthetic_dynacard
card_01173_other_anomaly.png,other_anomaly,4,0.494,16271.62,7.755,113.06,97267.82,10433.21,3152.1,True,physics_simulated_synthetic_dynacard
card_01174_other_anomaly.png,other_anomaly,4,0.936,7985.36,5.308,75.5,65381.54,9387.04,3058.1,True,physics_simulated_synthetic_dynacard
card_01175_other_anomaly.png,other_anomaly,4,0.396,11358.73,5.66,80.67,62912.54,9521.87,3087.97,True,physics_simulated_synthetic_dynacard
card_01176_other_anomaly.png,other_anomaly,4,0.912,1454.13,6.007,91.56,134693.52,11732.54,3177.74,True,physics_simulated_synthetic_dynacard
card_01177_other_anomaly.png,other_anomaly,4,0.651,7641.16,4.503,71.13,39133.06,8756.76,3147.83,True,physics_simulated_synthetic_dynacard
card_01178_other_anomaly.png,other_anomaly,4,0.749,10764.59,6.608,117.67,70004.14,8295.58,3217.47,True,physics_simulated_synthetic_dynacard
card_01179_other_anomaly.png,other_anomaly,4,0.615,473.38,6.458,123.3,138123.86,10767.48,3281.57,True,physics_simulated_synthetic_dynacard
card_01180_other_anomaly.png,other_anomaly,4,0.374,1326.73,4.881,83.49,58204.69,8873.57,3200.89,True,physics_simulated_synthetic_dynacard
card_01181_other_anomaly.png,other_anomaly,4,0.266,2734.29,7.216,73.54,57668.49,9261.74,3155.99,True,physics_simulated_synthetic_dynacard
card_01182_other_anomaly.png,other_anomaly,4,0.854,9884.14,5.943,66.85,34604.08,7713.61,3193.36,True,physics_simulated_synthetic_dynacard
card_01183_other_anomaly.png,other_anomaly,4,0.827,248.3,3.901,99.58,63095.27,8684.87,3151.36,True,physics_simulated_synthetic_dynacard
card_01184_other_anomaly.png,other_anomaly,4,0.918,188.46,3.296,100.17,53275.23,7883.31,2912.0,True,physics_simulated_synthetic_dynacard
card_01185_other_anomaly.png,other_anomaly,4,0.899,28884.52,4.79,116.69,78622.33,9048.88,3029.3,True,physics_simulated_synthetic_dynacard
card_01186_other_anomaly.png,other_anomaly,4,0.294,2496.96,5.627,99.41,69559.76,8883.75,3125.61,True,physics_simulated_synthetic_dynacard
card_01187_other_anomaly.png,other_anomaly,4,0.747,1789.66,5.911,67.52,89512.38,12003.77,3055.78,True,physics_simulated_synthetic_dynacard
card_01188_other_anomaly.png,other_anomaly,4,0.34,306.27,4.14,84.44,54117.35,8738.96,3184.11,True,physics_simulated_synthetic_dynacard
card_01189_other_anomaly.png,other_anomaly,4,0.315,188.01,7.096,118.69,103389.42,9914.36,3176.33,True,physics_simulated_synthetic_dynacard
card_01190_other_anomaly.png,other_anomaly,4,0.973,737.35,4.67,134.91,125036.55,9632.57,3033.35,True,physics_simulated_synthetic_dynacard
card_01191_other_anomaly.png,other_anomaly,4,0.596,22587.75,4.531,83.07,93637.19,10120.65,3249.53,True,physics_simulated_synthetic_dynacard
card_01192_other_anomaly.png,other_anomaly,4,0.741,203.98,3.375,68.41,43736.41,9144.12,3150.34,True,physics_simulated_synthetic_dynacard
card_01193_other_anomaly.png,other_anomaly,4,0.284,186.07,5.881,76.44,56230.93,8938.67,3158.67,True,physics_simulated_synthetic_dynacard
card_01194_other_anomaly.png,other_anomaly,4,0.626,19224.79,5.319,68.71,40799.33,8282.09,3183.47,True,physics_simulated_synthetic_dynacard
card_01195_other_anomaly.png,other_anomaly,4,0.44,733.62,7.588,128.47,87581.74,9202.39,3102.29,True,physics_simulated_synthetic_dynacard
card_01196_other_anomaly.png,other_anomaly,4,0.523,3412.03,3.735,110.06,82961.86,9328.16,3187.17,True,physics_simulated_synthetic_dynacard
card_01197_other_anomaly.png,other_anomaly,4,0.368,64.77,6.498,134.6,78439.49,8872.51,3007.91,True,physics_simulated_synthetic_dynacard
card_01198_other_anomaly.png,other_anomaly,4,0.819,143.27,7.859,101.42,80935.29,9819.74,3136.72,True,physics_simulated_synthetic_dynacard
card_01199_other_anomaly.png,other_anomaly,4,0.706,1215.68,3.851,92.19,66114.32,8722.1,3086.66,True,physics_simulated_synthetic_dynacard
card_01200_other_anomaly.png,other_anomaly,4,0.744,5914.15,3.606,72.2,79544.01,10727.52,3289.21,True,physics_simulated_synthetic_dynacard
card_01201_other_anomaly.png,other_anomaly,4,0.791,23235.92,7.2,105.48,142126.36,11315.0,3198.24,True,physics_simulated_synthetic_dynacard
card_01202_other_anomaly.png,other_anomaly,4,0.473,801.63,5.74,94.5,74600.22,9374.31,3241.04,True,physics_simulated_synthetic_dynacard
card_01203_other_anomaly.png,other_anomaly,4,0.378,646.29,2.992,116.63,109878.09,9972.24,3211.2,True,physics_simulated_synthetic_dynacard
card_01204_other_anomaly.png,other_anomaly,4,0.694,7732.04,6.245,120.98,97113.39,9852.52,3077.54,True,physics_simulated_synthetic_dynacard
card_01205_other_anomaly.png,other_anomaly,4,0.562,28488.71,5.431,138.87,75067.43,8002.64,3014.84,True,physics_simulated_synthetic_dynacard
card_01206_other_anomaly.png,other_anomaly,4,0.526,503.72,6.279,109.72,77643.93,9302.18,3043.42,True,physics_simulated_synthetic_dynacard
card_01207_other_anomaly.png,other_anomaly,4,0.334,1864.8,5.83,72.44,71586.64,10113.64,3248.05,True,physics_simulated_synthetic_dynacard
card_01208_other_anomaly.png,other_anomaly,4,0.987,1064.54,7.253,112.77,87502.68,9090.66,3053.0,True,physics_simulated_synthetic_dynacard
card_01209_other_anomaly.png,other_anomaly,4,0.608,1511.36,3.117,129.51,88559.27,8508.81,3152.59,True,physics_simulated_synthetic_dynacard
card_01210_other_anomaly.png,other_anomaly,4,0.542,531.32,6.16,98.82,74100.53,9828.12,3109.17,True,physics_simulated_synthetic_dynacard
card_01211_other_anomaly.png,other_anomaly,4,0.278,1468.34,7.402,105.68,95931.4,9821.82,3151.98,True,physics_simulated_synthetic_dynacard
card_01212_other_anomaly.png,other_anomaly,4,0.717,20487.0,4.482,121.48,118261.47,10325.79,3267.33,True,physics_simulated_synthetic_dynacard
card_01213_other_anomaly.png,other_anomaly,4,0.941,18786.26,6.033,80.32,91966.2,10846.35,3186.51,True,physics_simulated_synthetic_dynacard
card_01214_other_anomaly.png,other_anomaly,4,0.541,55.5,7.882,65.38,50787.35,9667.75,3066.81,True,physics_simulated_synthetic_dynacard
card_01215_other_anomaly.png,other_anomaly,4,0.529,439.04,6.374,128.65,106942.84,9491.25,3196.22,True,physics_simulated_synthetic_dynacard
card_01216_other_anomaly.png,other_anomaly,4,0.716,1683.97,4.79,77.23,62398.02,9413.95,3084.28,True,physics_simulated_synthetic_dynacard
card_01217_other_anomaly.png,other_anomaly,4,0.752,1154.23,2.979,68.92,60997.82,9328.07,3000.34,True,physics_simulated_synthetic_dynacard
card_01218_other_anomaly.png,other_anomaly,4,0.423,2583.65,7.902,142.45,95667.32,9221.49,3109.71,True,physics_simulated_synthetic_dynacard
card_01219_other_anomaly.png,other_anomaly,4,0.591,166.43,7.67,86.53,83910.43,10648.08,3016.81,True,physics_simulated_synthetic_dynacard
card_01220_other_anomaly.png,other_anomaly,4,0.853,29592.81,6.367,75.15,52608.61,8958.02,3353.41,True,physics_simulated_synthetic_dynacard
card_01221_other_anomaly.png,other_anomaly,4,0.878,215.43,7.851,110.47,62404.34,9281.89,2999.2,True,physics_simulated_synthetic_dynacard
card_01222_other_anomaly.png,other_anomaly,4,0.701,268.78,7.909,85.68,58903.09,9457.27,3174.67,True,physics_simulated_synthetic_dynacard
card_01223_other_anomaly.png,other_anomaly,4,0.802,199.95,6.733,135.45,129788.83,9907.55,3121.7,True,physics_simulated_synthetic_dynacard
card_01224_other_anomaly.png,other_anomaly,4,0.52,117.15,5.48,85.53,79404.0,9610.33,3166.07,True,physics_simulated_synthetic_dynacard
card_01225_other_anomaly.png,other_anomaly,4,0.774,872.55,2.747,129.68,186719.19,12916.33,3172.78,True,physics_simulated_synthetic_dynacard
card_01226_other_anomaly.png,other_anomaly,4,0.779,230.5,3.654,85.17,77206.95,9839.49,3081.15,True,physics_simulated_synthetic_dynacard
card_01227_other_anomaly.png,other_anomaly,4,0.41,11679.52,3.108,66.77,47089.27,9479.16,3176.97,True,physics_simulated_synthetic_dynacard
card_01228_other_anomaly.png,other_anomaly,4,0.465,11990.57,6.226,85.41,56819.72,8604.55,3081.08,True,physics_simulated_synthetic_dynacard
card_01229_other_anomaly.png,other_anomaly,4,0.848,5823.46,4.472,125.42,104254.32,9916.98,3107.0,True,physics_simulated_synthetic_dynacard
card_01230_other_anomaly.png,other_anomaly,4,0.893,16843.87,7.926,123.72,113212.75,9631.15,3295.1,True,physics_simulated_synthetic_dynacard
card_01231_other_anomaly.png,other_anomaly,4,0.998,10283.44,7.92,115.74,124681.22,10251.34,2968.18,True,physics_simulated_synthetic_dynacard
card_01232_other_anomaly.png,other_anomaly,4,0.681,713.54,7.958,96.09,77165.62,9629.62,3151.02,True,physics_simulated_synthetic_dynacard
card_01233_other_anomaly.png,other_anomaly,4,0.49,97.88,5.27,140.98,95413.37,9086.82,3164.84,True,physics_simulated_synthetic_dynacard
card_01234_other_anomaly.png,other_anomaly,4,0.959,28250.0,4.01,67.77,58312.59,9789.24,3061.89,True,physics_simulated_synthetic_dynacard
card_01235_other_anomaly.png,other_anomaly,4,0.473,377.17,3.286,81.33,70744.14,9977.76,3218.18,True,physics_simulated_synthetic_dynacard
card_01236_other_anomaly.png,other_anomaly,4,0.619,20142.99,5.413,137.17,93632.61,9500.03,3018.21,True,physics_simulated_synthetic_dynacard
card_01237_other_anomaly.png,other_anomaly,4,0.885,122.76,5.888,116.7,67770.57,8185.87,3092.27,True,physics_simulated_synthetic_dynacard
card_01238_other_anomaly.png,other_anomaly,4,0.817,176.49,3.96,131.3,115472.62,9867.06,3177.27,True,physics_simulated_synthetic_dynacard
card_01239_other_anomaly.png,other_anomaly,4,0.318,1657.09,7.002,110.73,101843.42,9888.35,3175.49,True,physics_simulated_synthetic_dynacard
card_01240_other_anomaly.png,other_anomaly,4,0.647,63.21,7.424,136.29,124263.1,9748.43,3036.95,True,physics_simulated_synthetic_dynacard
card_01241_other_anomaly.png,other_anomaly,4,0.913,139.77,6.438,66.47,19035.06,7089.23,3129.87,True,physics_simulated_synthetic_dynacard
card_01242_other_anomaly.png,other_anomaly,4,0.698,12952.5,6.742,132.76,139707.16,10596.08,3093.06,True,physics_simulated_synthetic_dynacard
card_01243_other_anomaly.png,other_anomaly,4,0.782,8858.34,5.616,103.97,92664.7,9576.14,3125.26,True,physics_simulated_synthetic_dynacard
card_01244_other_anomaly.png,other_anomaly,4,0.465,420.81,4.573,65.5,43522.68,8854.2,3118.74,True,physics_simulated_synthetic_dynacard
card_01245_other_anomaly.png,other_anomaly,4,0.64,6381.24,4.614,68.41,46409.82,9033.63,2938.75,True,physics_simulated_synthetic_dynacard
card_01246_other_anomaly.png,other_anomaly,4,0.477,16782.52,6.278,139.43,105501.57,9317.0,3232.26,True,physics_simulated_synthetic_dynacard
card_01247_other_anomaly.png,other_anomaly,4,0.301,961.84,7.986,127.2,94996.09,9201.83,3090.49,True,physics_simulated_synthetic_dynacard
card_01248_other_anomaly.png,other_anomaly,4,0.535,517.03,5.828,106.09,108033.15,9626.91,2948.47,True,physics_simulated_synthetic_dynacard
card_01249_other_anomaly.png,other_anomaly,4,0.324,720.43,5.408,113.55,102070.73,9509.76,3053.42,True,physics_simulated_synthetic_dynacard
card_01250_other_anomaly.png,other_anomaly,4,0.354,125.19,5.291,137.43,119288.85,9399.36,3174.55,True,physics_simulated_synthetic_dynacard
card_01251_other_anomaly.png,other_anomaly,4,0.866,5662.45,6.166,89.86,104536.73,10977.69,2906.98,True,physics_simulated_synthetic_dynacard
card_01252_other_anomaly.png,other_anomaly,4,0.746,1098.88,5.824,101.67,60204.21,8448.64,2883.35,True,physics_simulated_synthetic_dynacard
card_01253_other_anomaly.png,other_anomaly,4,0.329,2669.38,6.557,64.07,53030.29,9738.8,3147.69,True,physics_simulated_synthetic_dynacard
card_01254_other_anomaly.png,other_anomaly,4,0.422,5944.59,5.589,85.47,57338.31,9096.74,3089.38,True,physics_simulated_synthetic_dynacard
card_01255_other_anomaly.png,other_anomaly,4,0.598,62.76,2.938,94.68,70264.4,9176.85,3175.96,True,physics_simulated_synthetic_dynacard
card_01256_other_anomaly.png,other_anomaly,4,0.255,3574.18,4.54,137.72,120406.73,9642.88,3253.57,True,physics_simulated_synthetic_dynacard
card_01257_other_anomaly.png,other_anomaly,4,1.0,19883.06,4.671,88.56,123764.44,11119.68,3251.4,True,physics_simulated_synthetic_dynacard
card_01258_other_anomaly.png,other_anomaly,4,0.875,7742.38,5.253,97.17,55133.71,8463.46,3092.65,True,physics_simulated_synthetic_dynacard
card_01259_other_anomaly.png,other_anomaly,4,0.576,111.28,6.429,70.25,44797.84,9091.42,3116.68,True,physics_simulated_synthetic_dynacard
card_01260_other_anomaly.png,other_anomaly,4,0.431,5250.13,3.656,76.24,76395.54,10150.03,3073.11,True,physics_simulated_synthetic_dynacard
card_01261_other_anomaly.png,other_anomaly,4,0.538,10417.9,7.537,140.9,113135.65,9236.23,3145.58,True,physics_simulated_synthetic_dynacard
card_01262_other_anomaly.png,other_anomaly,4,0.496,23189.98,6.098,142.34,114942.9,8777.2,3113.61,True,physics_simulated_synthetic_dynacard
card_01263_other_anomaly.png,other_anomaly,4,0.278,963.83,7.854,81.85,60489.37,9074.26,3110.72,True,physics_simulated_synthetic_dynacard
card_01264_other_anomaly.png,other_anomaly,4,0.755,2512.44,7.718,90.95,44646.81,8107.42,2977.7,True,physics_simulated_synthetic_dynacard
card_01265_other_anomaly.png,other_anomaly,4,0.582,5315.37,4.85,64.68,41688.05,9042.33,2989.39,True,physics_simulated_synthetic_dynacard
card_01266_other_anomaly.png,other_anomaly,4,0.307,124.2,4.009,141.9,93442.01,8414.65,3106.64,True,physics_simulated_synthetic_dynacard
card_01267_other_anomaly.png,other_anomaly,4,0.605,3650.19,7.197,124.61,112849.8,10515.21,3006.65,True,physics_simulated_synthetic_dynacard
card_01268_other_anomaly.png,other_anomaly,4,0.83,4431.77,5.379,74.67,38394.68,8993.33,2568.86,True,physics_simulated_synthetic_dynacard
card_01269_other_anomaly.png,other_anomaly,4,0.441,897.49,6.839,120.98,94578.54,9415.69,3107.71,True,physics_simulated_synthetic_dynacard
card_01270_other_anomaly.png,other_anomaly,4,0.735,8492.86,6.879,136.22,84161.34,8951.96,2987.88,True,physics_simulated_synthetic_dynacard
card_01271_other_anomaly.png,other_anomaly,4,0.709,145.86,3.243,91.01,84845.03,10219.09,3206.02,True,physics_simulated_synthetic_dynacard
card_01272_other_anomaly.png,other_anomaly,4,0.437,29199.22,3.95,131.21,114627.97,9768.71,3192.29,True,physics_simulated_synthetic_dynacard
card_01273_other_anomaly.png,other_anomaly,4,0.74,1808.21,5.953,100.52,81009.29,9550.81,3240.19,True,physics_simulated_synthetic_dynacard
card_01274_other_anomaly.png,other_anomaly,4,0.597,7732.19,5.394,137.79,70021.8,9034.06,3133.77,True,physics_simulated_synthetic_dynacard
card_01275_other_anomaly.png,other_anomaly,4,0.38,13854.24,5.112,119.73,75715.89,8672.52,3216.94,True,physics_simulated_synthetic_dynacard
card_01276_other_anomaly.png,other_anomaly,4,0.963,488.89,4.48,115.14,103795.62,10108.65,3132.8,True,physics_simulated_synthetic_dynacard
card_01277_other_anomaly.png,other_anomaly,4,0.682,62.63,4.662,102.82,49783.52,8572.48,3030.55,True,physics_simulated_synthetic_dynacard
card_01278_other_anomaly.png,other_anomaly,4,0.616,118.48,3.07,131.35,83411.04,8973.61,3200.45,True,physics_simulated_synthetic_dynacard
card_01279_other_anomaly.png,other_anomaly,4,0.383,1537.09,4.428,67.86,51503.24,9027.3,3158.75,True,physics_simulated_synthetic_dynacard
card_01280_other_anomaly.png,other_anomaly,4,0.646,7126.41,5.585,121.43,109345.19,9160.48,3154.18,True,physics_simulated_synthetic_dynacard
card_01281_other_anomaly.png,other_anomaly,4,0.684,3171.52,7.902,139.47,121949.34,9760.9,3190.74,True,physics_simulated_synthetic_dynacard
card_01282_other_anomaly.png,other_anomaly,4,0.973,329.21,7.719,114.15,97446.34,9018.1,3333.36,True,physics_simulated_synthetic_dynacard
card_01283_other_anomaly.png,other_anomaly,4,0.398,260.44,6.793,126.5,120954.45,9783.86,3148.1,True,physics_simulated_synthetic_dynacard
card_01284_other_anomaly.png,other_anomaly,4,0.683,1373.29,6.454,100.67,72877.34,9043.01,3060.46,True,physics_simulated_synthetic_dynacard
card_01285_other_anomaly.png,other_anomaly,4,0.889,166.17,7.003,73.38,82263.96,10315.81,3004.24,True,physics_simulated_synthetic_dynacard
card_01286_other_anomaly.png,other_anomaly,4,0.599,1336.35,6.536,122.55,94702.01,9074.16,3151.81,True,physics_simulated_synthetic_dynacard
card_01287_other_anomaly.png,other_anomaly,4,0.346,607.97,2.6,87.99,72522.48,9100.78,3175.65,True,physics_simulated_synthetic_dynacard
card_01288_other_anomaly.png,other_anomaly,4,0.441,6243.96,4.667,69.04,45034.35,8997.12,3034.85,True,physics_simulated_synthetic_dynacard
card_01289_other_anomaly.png,other_anomaly,4,0.518,1783.26,5.821,117.8,81331.67,8974.32,3103.43,True,physics_simulated_synthetic_dynacard
card_01290_other_anomaly.png,other_anomaly,4,0.815,1898.03,4.567,108.04,61125.33,8785.37,2968.91,True,physics_simulated_synthetic_dynacard
card_01291_other_anomaly.png,other_anomaly,4,0.404,103.9,7.148,95.53,92238.64,9982.16,3134.66,True,physics_simulated_synthetic_dynacard
card_01292_other_anomaly.png,other_anomaly,4,0.654,3455.28,7.086,108.58,84906.63,9820.06,3118.93,True,physics_simulated_synthetic_dynacard
card_01293_other_anomaly.png,other_anomaly,4,0.905,555.03,2.98,105.59,63691.43,8616.06,2959.62,True,physics_simulated_synthetic_dynacard
card_01294_other_anomaly.png,other_anomaly,4,0.753,5419.35,7.601,114.12,110443.53,10124.43,3100.63,True,physics_simulated_synthetic_dynacard
card_01295_other_anomaly.png,other_anomaly,4,0.501,9749.01,6.419,140.65,104278.88,9392.89,3141.52,True,physics_simulated_synthetic_dynacard
card_01296_other_anomaly.png,other_anomaly,4,0.807,207.95,4.922,141.16,174457.93,10833.69,3189.61,True,physics_simulated_synthetic_dynacard
card_01297_other_anomaly.png,other_anomaly,4,0.323,1631.16,7.004,116.96,88252.84,9269.46,3084.94,True,physics_simulated_synthetic_dynacard
card_01298_other_anomaly.png,other_anomaly,4,0.439,180.62,7.663,112.64,90426.55,9126.01,3084.67,True,physics_simulated_synthetic_dynacard
card_01299_other_anomaly.png,other_anomaly,4,0.543,103.61,3.575,81.89,58537.81,9183.62,3217.42,True,physics_simulated_synthetic_dynacard
